<?xml version="1.0" encoding="UTF-8"?>
<gpx version="1.1" creator="gpx.studio" xmlns="http://www.topografix.com/GPX/1/1" xmlns:xsi="http://www.w3.org/2001/XMLSchema-instance" xsi:schemaLocation="http://www.topografix.com/GPX/1/1 http://www.topografix.com/GPX/1/1/gpx.xsd http://www.garmin.com/xmlschemas/GpxExtensions/v3 http://www.garmin.com/xmlschemas/GpxExtensionsv3.xsd http://www.garmin.com/xmlschemas/TrackPointExtension/v1 http://www.garmin.com/xmlschemas/TrackPointExtensionv1.xsd http://www.garmin.com/xmlschemas/PowerExtension/v1 http://www.garmin.com/xmlschemas/PowerExtensionv1.xsd http://www.topografix.com/GPX/gpx_style/0/2 http://www.topografix.com/GPX/gpx_style/0/2/gpx_style.xsd" xmlns:gpxtpx="http://www.garmin.com/xmlschemas/TrackPointExtension/v1" xmlns:gpxx="http://www.garmin.com/xmlschemas/GpxExtensions/v3" xmlns:gpxpx="http://www.garmin.com/xmlschemas/PowerExtension/v1" xmlns:gpx_style="http://www.topografix.com/GPX/gpx_style/0/2">
  <metadata>
    <name>Tour des Dents du Midi</name>
    <author>
      <name>gpx.studio</name>
      <link href="https://gpx.studio"/>
    </author>
  </metadata>
  <trk>
    <name>Tour des Dents du Midi</name>
    <trkseg>
      <trkpt lat="46.18631" lon="6.99987">
        <ele>1132.377075</ele>
      </trkpt>
      <trkpt lat="46.18619" lon="6.99965">
        <ele>1134.531982</ele>
      </trkpt>
      <trkpt lat="46.18604" lon="6.9994">
        <ele>1136.533691</ele>
      </trkpt>
      <trkpt lat="46.1859" lon="6.9994">
        <ele>1136.231445</ele>
      </trkpt>
      <trkpt lat="46.18576" lon="6.99937">
        <ele>1134.846558</ele>
      </trkpt>
      <trkpt lat="46.18558" lon="6.99943">
        <ele>1130.810547</ele>
      </trkpt>
      <trkpt lat="46.18541" lon="6.99943">
        <ele>1127.450195</ele>
      </trkpt>
      <trkpt lat="46.1853" lon="6.99953">
        <ele>1124.116211</ele>
      </trkpt>
      <trkpt lat="46.18516" lon="6.99952">
        <ele>1121.4104</ele>
      </trkpt>
      <trkpt lat="46.18499" lon="6.99948">
        <ele>1118.46936</ele>
      </trkpt>
      <trkpt lat="46.18486" lon="6.99943">
        <ele>1115.676758</ele>
      </trkpt>
      <trkpt lat="46.18471" lon="6.99924">
        <ele>1113.786499</ele>
      </trkpt>
      <trkpt lat="46.18457" lon="6.99901">
        <ele>1117.192871</ele>
      </trkpt>
      <trkpt lat="46.18445" lon="6.99888">
        <ele>1118.694214</ele>
      </trkpt>
      <trkpt lat="46.18434" lon="6.99872">
        <ele>1121.406006</ele>
      </trkpt>
      <trkpt lat="46.18423" lon="6.9986">
        <ele>1122.605713</ele>
      </trkpt>
      <trkpt lat="46.18412" lon="6.99847">
        <ele>1123.630127</ele>
      </trkpt>
      <trkpt lat="46.18395" lon="6.99825">
        <ele>1124.40625</ele>
      </trkpt>
      <trkpt lat="46.18377" lon="6.9981">
        <ele>1122.968262</ele>
      </trkpt>
      <trkpt lat="46.18362" lon="6.99791">
        <ele>1122.931885</ele>
      </trkpt>
      <trkpt lat="46.18346" lon="6.99775">
        <ele>1121.560425</ele>
      </trkpt>
      <trkpt lat="46.18329" lon="6.99757">
        <ele>1119.447632</ele>
      </trkpt>
      <trkpt lat="46.1831" lon="6.9974">
        <ele>1116.337158</ele>
      </trkpt>
      <trkpt lat="46.18289" lon="6.99719">
        <ele>1113.670532</ele>
      </trkpt>
      <trkpt lat="46.18279" lon="6.99703">
        <ele>1114.656494</ele>
      </trkpt>
      <trkpt lat="46.18269" lon="6.99686">
        <ele>1115.731689</ele>
      </trkpt>
      <trkpt lat="46.18257" lon="6.99671">
        <ele>1116.383179</ele>
      </trkpt>
      <trkpt lat="46.1824" lon="6.99669">
        <ele>1112.127686</ele>
      </trkpt>
      <trkpt lat="46.18223" lon="6.9966">
        <ele>1111.960083</ele>
      </trkpt>
      <trkpt lat="46.18208" lon="6.99643">
        <ele>1114.234863</ele>
      </trkpt>
      <trkpt lat="46.18191" lon="6.99632">
        <ele>1113.964233</ele>
      </trkpt>
      <trkpt lat="46.18175" lon="6.99618">
        <ele>1114.896362</ele>
      </trkpt>
      <trkpt lat="46.18166" lon="6.99603">
        <ele>1116.720093</ele>
      </trkpt>
      <trkpt lat="46.18151" lon="6.99588">
        <ele>1114.223633</ele>
      </trkpt>
      <trkpt lat="46.18131" lon="6.99569">
        <ele>1111.631348</ele>
      </trkpt>
      <trkpt lat="46.18117" lon="6.99551">
        <ele>1109.981201</ele>
      </trkpt>
      <trkpt lat="46.18112" lon="6.99531">
        <ele>1113.386719</ele>
      </trkpt>
      <trkpt lat="46.18102" lon="6.99506">
        <ele>1115.214111</ele>
      </trkpt>
      <trkpt lat="46.18092" lon="6.99482">
        <ele>1117.858521</ele>
      </trkpt>
      <trkpt lat="46.18084" lon="6.9946">
        <ele>1121.742676</ele>
      </trkpt>
      <trkpt lat="46.18068" lon="6.99439">
        <ele>1116.729126</ele>
      </trkpt>
      <trkpt lat="46.18057" lon="6.99419">
        <ele>1114.091675</ele>
      </trkpt>
      <trkpt lat="46.18051" lon="6.99392">
        <ele>1113.642822</ele>
      </trkpt>
      <trkpt lat="46.18056" lon="6.9937">
        <ele>1123.755005</ele>
      </trkpt>
      <trkpt lat="46.18064" lon="6.99351">
        <ele>1137.04541</ele>
      </trkpt>
      <trkpt lat="46.18067" lon="6.99325">
        <ele>1146.956177</ele>
      </trkpt>
      <trkpt lat="46.18061" lon="6.99296">
        <ele>1143.948975</ele>
      </trkpt>
      <trkpt lat="46.18057" lon="6.99269">
        <ele>1144.10498</ele>
      </trkpt>
      <trkpt lat="46.18057" lon="6.99244">
        <ele>1146.5979</ele>
      </trkpt>
      <trkpt lat="46.18064" lon="6.99221">
        <ele>1148.562988</ele>
      </trkpt>
      <trkpt lat="46.18072" lon="6.99205">
        <ele>1150.07666</ele>
      </trkpt>
      <trkpt lat="46.18081" lon="6.99186">
        <ele>1150.041748</ele>
      </trkpt>
      <trkpt lat="46.18091" lon="6.99171">
        <ele>1153.369141</ele>
      </trkpt>
      <trkpt lat="46.18068" lon="6.99149">
        <ele>1142.491211</ele>
      </trkpt>
      <trkpt lat="46.18049" lon="6.99138">
        <ele>1141.476807</ele>
      </trkpt>
      <trkpt lat="46.18028" lon="6.99137">
        <ele>1138.116089</ele>
      </trkpt>
      <trkpt lat="46.18014" lon="6.99139">
        <ele>1134.675537</ele>
      </trkpt>
      <trkpt lat="46.17991" lon="6.99147">
        <ele>1127.740479</ele>
      </trkpt>
      <trkpt lat="46.17979" lon="6.99166">
        <ele>1117.457031</ele>
      </trkpt>
      <trkpt lat="46.17966" lon="6.99178">
        <ele>1113.183472</ele>
      </trkpt>
      <trkpt lat="46.17949" lon="6.99166">
        <ele>1118.7677</ele>
      </trkpt>
      <trkpt lat="46.17938" lon="6.99149">
        <ele>1127.914185</ele>
      </trkpt>
      <trkpt lat="46.17925" lon="6.99145">
        <ele>1130.473999</ele>
      </trkpt>
      <trkpt lat="46.17906" lon="6.99148">
        <ele>1123.381714</ele>
      </trkpt>
      <trkpt lat="46.17891" lon="6.99143">
        <ele>1117.482544</ele>
      </trkpt>
      <trkpt lat="46.1788" lon="6.9913">
        <ele>1116.852051</ele>
      </trkpt>
      <trkpt lat="46.1787" lon="6.99103">
        <ele>1120.383179</ele>
      </trkpt>
      <trkpt lat="46.17867" lon="6.99075">
        <ele>1127.079468</ele>
      </trkpt>
      <trkpt lat="46.17863" lon="6.99046">
        <ele>1133.062622</ele>
      </trkpt>
      <trkpt lat="46.1786" lon="6.99011">
        <ele>1140.796265</ele>
      </trkpt>
      <trkpt lat="46.17852" lon="6.98988">
        <ele>1140.858154</ele>
      </trkpt>
      <trkpt lat="46.17849" lon="6.98961">
        <ele>1144.526245</ele>
      </trkpt>
      <trkpt lat="46.17846" lon="6.98933">
        <ele>1149.162354</ele>
      </trkpt>
      <trkpt lat="46.17836" lon="6.98908">
        <ele>1148.562378</ele>
      </trkpt>
      <trkpt lat="46.17823" lon="6.98899">
        <ele>1143.979004</ele>
      </trkpt>
      <trkpt lat="46.17806" lon="6.98892">
        <ele>1136.52478</ele>
      </trkpt>
      <trkpt lat="46.17794" lon="6.98872">
        <ele>1139.437988</ele>
      </trkpt>
      <trkpt lat="46.17787" lon="6.98856">
        <ele>1144.2229</ele>
      </trkpt>
      <trkpt lat="46.17779" lon="6.98826">
        <ele>1156.037842</ele>
      </trkpt>
      <trkpt lat="46.17759" lon="6.9881">
        <ele>1154.740479</ele>
      </trkpt>
      <trkpt lat="46.17741" lon="6.98797">
        <ele>1152.356689</ele>
      </trkpt>
      <trkpt lat="46.17725" lon="6.98783">
        <ele>1153.155518</ele>
      </trkpt>
      <trkpt lat="46.17711" lon="6.98763">
        <ele>1156.99292</ele>
      </trkpt>
      <trkpt lat="46.17698" lon="6.98752">
        <ele>1156.633545</ele>
      </trkpt>
      <trkpt lat="46.17685" lon="6.98746">
        <ele>1152.554077</ele>
      </trkpt>
      <trkpt lat="46.17675" lon="6.98731">
        <ele>1154.223633</ele>
      </trkpt>
      <trkpt lat="46.17665" lon="6.9871">
        <ele>1159.028198</ele>
      </trkpt>
      <trkpt lat="46.17654" lon="6.98693">
        <ele>1161.546753</ele>
      </trkpt>
      <trkpt lat="46.17642" lon="6.98677">
        <ele>1163.241089</ele>
      </trkpt>
      <trkpt lat="46.17628" lon="6.98667">
        <ele>1161.145996</ele>
      </trkpt>
      <trkpt lat="46.1761" lon="6.98648">
        <ele>1162.248657</ele>
      </trkpt>
      <trkpt lat="46.17593" lon="6.98636">
        <ele>1160.30835</ele>
      </trkpt>
      <trkpt lat="46.17579" lon="6.98628">
        <ele>1158.831055</ele>
      </trkpt>
      <trkpt lat="46.17565" lon="6.9862">
        <ele>1158.40271</ele>
      </trkpt>
      <trkpt lat="46.17551" lon="6.98608">
        <ele>1160.655029</ele>
      </trkpt>
      <trkpt lat="46.17539" lon="6.98595">
        <ele>1164.091797</ele>
      </trkpt>
      <trkpt lat="46.17525" lon="6.98584">
        <ele>1165.66626</ele>
      </trkpt>
      <trkpt lat="46.17508" lon="6.98582">
        <ele>1161.769531</ele>
      </trkpt>
      <trkpt lat="46.17492" lon="6.98572">
        <ele>1160.621216</ele>
      </trkpt>
      <trkpt lat="46.17479" lon="6.98561">
        <ele>1160.974365</ele>
      </trkpt>
      <trkpt lat="46.17466" lon="6.98554">
        <ele>1160.063721</ele>
      </trkpt>
      <trkpt lat="46.17453" lon="6.98543">
        <ele>1160.096924</ele>
      </trkpt>
      <trkpt lat="46.17443" lon="6.98528">
        <ele>1161.895752</ele>
      </trkpt>
      <trkpt lat="46.17434" lon="6.98512">
        <ele>1164.565552</ele>
      </trkpt>
      <trkpt lat="46.17429" lon="6.98494">
        <ele>1168.491699</ele>
      </trkpt>
      <trkpt lat="46.17425" lon="6.98473">
        <ele>1172.933594</ele>
      </trkpt>
      <trkpt lat="46.1742" lon="6.98454">
        <ele>1176.8479</ele>
      </trkpt>
      <trkpt lat="46.17403" lon="6.98434">
        <ele>1175.041382</ele>
      </trkpt>
      <trkpt lat="46.1739" lon="6.9843">
        <ele>1170.63501</ele>
      </trkpt>
      <trkpt lat="46.17373" lon="6.98423">
        <ele>1165.394043</ele>
      </trkpt>
      <trkpt lat="46.17361" lon="6.9841">
        <ele>1165.504395</ele>
      </trkpt>
      <trkpt lat="46.1735" lon="6.98398">
        <ele>1165.544678</ele>
      </trkpt>
      <trkpt lat="46.17336" lon="6.98384">
        <ele>1165.649292</ele>
      </trkpt>
      <trkpt lat="46.17323" lon="6.98374">
        <ele>1165.442017</ele>
      </trkpt>
      <trkpt lat="46.17313" lon="6.98357">
        <ele>1169.605103</ele>
      </trkpt>
      <trkpt lat="46.17301" lon="6.98349">
        <ele>1168.736572</ele>
      </trkpt>
      <trkpt lat="46.17286" lon="6.98346">
        <ele>1165.506592</ele>
      </trkpt>
      <trkpt lat="46.17273" lon="6.98336">
        <ele>1165.667114</ele>
      </trkpt>
      <trkpt lat="46.17259" lon="6.98331">
        <ele>1164.006104</ele>
      </trkpt>
      <trkpt lat="46.17243" lon="6.98328">
        <ele>1161.845459</ele>
      </trkpt>
      <trkpt lat="46.17238" lon="6.9831">
        <ele>1169.309082</ele>
      </trkpt>
      <trkpt lat="46.17234" lon="6.98291">
        <ele>1176.669556</ele>
      </trkpt>
      <trkpt lat="46.1722" lon="6.98287">
        <ele>1176.008057</ele>
      </trkpt>
      <trkpt lat="46.1721" lon="6.98272">
        <ele>1180.179932</ele>
      </trkpt>
      <trkpt lat="46.172" lon="6.98258">
        <ele>1183.351318</ele>
      </trkpt>
      <trkpt lat="46.17189" lon="6.98244">
        <ele>1185.870728</ele>
      </trkpt>
      <trkpt lat="46.17178" lon="6.98234">
        <ele>1186.888672</ele>
      </trkpt>
      <trkpt lat="46.17166" lon="6.98223">
        <ele>1188.450928</ele>
      </trkpt>
      <trkpt lat="46.17143" lon="6.98222">
        <ele>1187.858643</ele>
      </trkpt>
      <trkpt lat="46.17132" lon="6.98233">
        <ele>1184.488525</ele>
      </trkpt>
      <trkpt lat="46.17118" lon="6.98229">
        <ele>1185.268799</ele>
      </trkpt>
      <trkpt lat="46.17103" lon="6.98245">
        <ele>1182.519531</ele>
      </trkpt>
      <trkpt lat="46.17097" lon="6.98264">
        <ele>1181.734619</ele>
      </trkpt>
      <trkpt lat="46.17087" lon="6.98279">
        <ele>1182.965942</ele>
      </trkpt>
      <trkpt lat="46.17082" lon="6.98303">
        <ele>1184.718994</ele>
      </trkpt>
      <trkpt lat="46.17088" lon="6.98328">
        <ele>1183.176758</ele>
      </trkpt>
      <trkpt lat="46.17086" lon="6.98349">
        <ele>1182.691895</ele>
      </trkpt>
      <trkpt lat="46.17084" lon="6.98376">
        <ele>1182.330444</ele>
      </trkpt>
      <trkpt lat="46.17085" lon="6.98412">
        <ele>1179.645386</ele>
      </trkpt>
      <trkpt lat="46.17072" lon="6.98423">
        <ele>1182.472412</ele>
      </trkpt>
      <trkpt lat="46.17051" lon="6.98437">
        <ele>1187.432861</ele>
      </trkpt>
      <trkpt lat="46.17038" lon="6.98443">
        <ele>1191.171143</ele>
      </trkpt>
      <trkpt lat="46.17025" lon="6.98441">
        <ele>1195.800293</ele>
      </trkpt>
      <trkpt lat="46.17039" lon="6.98439">
        <ele>1191.329712</ele>
      </trkpt>
      <trkpt lat="46.17052" lon="6.98434">
        <ele>1187.440186</ele>
      </trkpt>
      <trkpt lat="46.17063" lon="6.98422">
        <ele>1185.156006</ele>
      </trkpt>
      <trkpt lat="46.17071" lon="6.98406">
        <ele>1184.474609</ele>
      </trkpt>
      <trkpt lat="46.17074" lon="6.98386">
        <ele>1185.202637</ele>
      </trkpt>
      <trkpt lat="46.17076" lon="6.98367">
        <ele>1185.894653</ele>
      </trkpt>
      <trkpt lat="46.17074" lon="6.98347">
        <ele>1188.169312</ele>
      </trkpt>
      <trkpt lat="46.1706" lon="6.98351">
        <ele>1193.58252</ele>
      </trkpt>
      <trkpt lat="46.17046" lon="6.98352">
        <ele>1199.213501</ele>
      </trkpt>
      <trkpt lat="46.17034" lon="6.98341">
        <ele>1205.863647</ele>
      </trkpt>
      <trkpt lat="46.17021" lon="6.98333">
        <ele>1212.598389</ele>
      </trkpt>
      <trkpt lat="46.17008" lon="6.98335">
        <ele>1218.248535</ele>
      </trkpt>
      <trkpt lat="46.16991" lon="6.98339">
        <ele>1224.727539</ele>
      </trkpt>
      <trkpt lat="46.16981" lon="6.98353">
        <ele>1226.726318</ele>
      </trkpt>
      <trkpt lat="46.16975" lon="6.98333">
        <ele>1232.735962</ele>
      </trkpt>
      <trkpt lat="46.16982" lon="6.98315">
        <ele>1232.625732</ele>
      </trkpt>
      <trkpt lat="46.16995" lon="6.9831">
        <ele>1227.578613</ele>
      </trkpt>
      <trkpt lat="46.17008" lon="6.9831">
        <ele>1220.928223</ele>
      </trkpt>
      <trkpt lat="46.17019" lon="6.98297">
        <ele>1217.224487</ele>
      </trkpt>
      <trkpt lat="46.17024" lon="6.98276">
        <ele>1216.431152</ele>
      </trkpt>
      <trkpt lat="46.17025" lon="6.98257">
        <ele>1217.514404</ele>
      </trkpt>
      <trkpt lat="46.17012" lon="6.98253">
        <ele>1225.757812</ele>
      </trkpt>
      <trkpt lat="46.17001" lon="6.98266">
        <ele>1230.368774</ele>
      </trkpt>
      <trkpt lat="46.16988" lon="6.98274">
        <ele>1235.548828</ele>
      </trkpt>
      <trkpt lat="46.16975" lon="6.98269">
        <ele>1242.638428</ele>
      </trkpt>
      <trkpt lat="46.16961" lon="6.98271">
        <ele>1249.140015</ele>
      </trkpt>
      <trkpt lat="46.16949" lon="6.9826">
        <ele>1256.918945</ele>
      </trkpt>
      <trkpt lat="46.16936" lon="6.98255">
        <ele>1264.619507</ele>
      </trkpt>
      <trkpt lat="46.16922" lon="6.98252">
        <ele>1271.98999</ele>
      </trkpt>
      <trkpt lat="46.16908" lon="6.98252">
        <ele>1276.81543</ele>
      </trkpt>
      <trkpt lat="46.16894" lon="6.98258">
        <ele>1279.180664</ele>
      </trkpt>
      <trkpt lat="46.16885" lon="6.98272">
        <ele>1279.759399</ele>
      </trkpt>
      <trkpt lat="46.16889" lon="6.98252">
        <ele>1281.305054</ele>
      </trkpt>
      <trkpt lat="46.16897" lon="6.98236">
        <ele>1282.686279</ele>
      </trkpt>
      <trkpt lat="46.16911" lon="6.9823">
        <ele>1281.175537</ele>
      </trkpt>
      <trkpt lat="46.16925" lon="6.98224">
        <ele>1276.812744</ele>
      </trkpt>
      <trkpt lat="46.16939" lon="6.98221">
        <ele>1269.824341</ele>
      </trkpt>
      <trkpt lat="46.16954" lon="6.98219">
        <ele>1261.813232</ele>
      </trkpt>
      <trkpt lat="46.16962" lon="6.98204">
        <ele>1259.270142</ele>
      </trkpt>
      <trkpt lat="46.16967" lon="6.98185">
        <ele>1259.369141</ele>
      </trkpt>
      <trkpt lat="46.16953" lon="6.98186">
        <ele>1267.718872</ele>
      </trkpt>
      <trkpt lat="46.16941" lon="6.98195">
        <ele>1273.566406</ele>
      </trkpt>
      <trkpt lat="46.16927" lon="6.98191">
        <ele>1282.638184</ele>
      </trkpt>
      <trkpt lat="46.16914" lon="6.98189">
        <ele>1290.014404</ele>
      </trkpt>
      <trkpt lat="46.169" lon="6.98192">
        <ele>1291.407959</ele>
      </trkpt>
      <trkpt lat="46.16889" lon="6.98182">
        <ele>1295.36499</ele>
      </trkpt>
      <trkpt lat="46.1688" lon="6.98167">
        <ele>1299.434082</ele>
      </trkpt>
      <trkpt lat="46.16869" lon="6.98155">
        <ele>1302.94458</ele>
      </trkpt>
      <trkpt lat="46.16857" lon="6.98143">
        <ele>1307.256226</ele>
      </trkpt>
      <trkpt lat="46.16844" lon="6.98136">
        <ele>1311.635376</ele>
      </trkpt>
      <trkpt lat="46.1683" lon="6.98131">
        <ele>1316.512329</ele>
      </trkpt>
      <trkpt lat="46.16815" lon="6.98134">
        <ele>1321.302124</ele>
      </trkpt>
      <trkpt lat="46.16826" lon="6.98122">
        <ele>1320.873535</ele>
      </trkpt>
      <trkpt lat="46.16839" lon="6.98117">
        <ele>1317.731567</ele>
      </trkpt>
      <trkpt lat="46.16853" lon="6.98122">
        <ele>1312.719971</ele>
      </trkpt>
      <trkpt lat="46.16867" lon="6.98124">
        <ele>1308.98877</ele>
      </trkpt>
      <trkpt lat="46.16878" lon="6.98111">
        <ele>1308.101074</ele>
      </trkpt>
      <trkpt lat="46.16886" lon="6.98094">
        <ele>1308.155762</ele>
      </trkpt>
      <trkpt lat="46.1689" lon="6.98074">
        <ele>1306.486328</ele>
      </trkpt>
      <trkpt lat="46.16876" lon="6.98075">
        <ele>1312.036621</ele>
      </trkpt>
      <trkpt lat="46.16861" lon="6.98081">
        <ele>1318.665283</ele>
      </trkpt>
      <trkpt lat="46.16847" lon="6.98083">
        <ele>1323.910156</ele>
      </trkpt>
      <trkpt lat="46.16834" lon="6.98077">
        <ele>1328.662109</ele>
      </trkpt>
      <trkpt lat="46.16823" lon="6.98065">
        <ele>1332.13916</ele>
      </trkpt>
      <trkpt lat="46.16813" lon="6.98051">
        <ele>1335.014648</ele>
      </trkpt>
      <trkpt lat="46.16802" lon="6.9804">
        <ele>1338.676147</ele>
      </trkpt>
      <trkpt lat="46.1679" lon="6.98029">
        <ele>1342.409546</ele>
      </trkpt>
      <trkpt lat="46.16774" lon="6.98026">
        <ele>1347.713013</ele>
      </trkpt>
      <trkpt lat="46.16761" lon="6.98029">
        <ele>1352.657471</ele>
      </trkpt>
      <trkpt lat="46.16748" lon="6.9802">
        <ele>1356.68457</ele>
      </trkpt>
      <trkpt lat="46.16741" lon="6.98002">
        <ele>1358.261963</ele>
      </trkpt>
      <trkpt lat="46.16729" lon="6.97991">
        <ele>1363.256226</ele>
      </trkpt>
      <trkpt lat="46.16715" lon="6.97991">
        <ele>1368.109375</ele>
      </trkpt>
      <trkpt lat="46.16702" lon="6.97999">
        <ele>1371.685303</ele>
      </trkpt>
      <trkpt lat="46.16692" lon="6.98011">
        <ele>1376.084839</ele>
      </trkpt>
      <trkpt lat="46.1668" lon="6.98">
        <ele>1379.253052</ele>
      </trkpt>
      <trkpt lat="46.16683" lon="6.9798">
        <ele>1380.136841</ele>
      </trkpt>
      <trkpt lat="46.16693" lon="6.97966">
        <ele>1378.244507</ele>
      </trkpt>
      <trkpt lat="46.16704" lon="6.97948">
        <ele>1376.438721</ele>
      </trkpt>
      <trkpt lat="46.16714" lon="6.97923">
        <ele>1376.276123</ele>
      </trkpt>
      <trkpt lat="46.16701" lon="6.9793">
        <ele>1379.401733</ele>
      </trkpt>
      <trkpt lat="46.16702" lon="6.97911">
        <ele>1381.483398</ele>
      </trkpt>
      <trkpt lat="46.16714" lon="6.97902">
        <ele>1379.758301</ele>
      </trkpt>
      <trkpt lat="46.16728" lon="6.979">
        <ele>1376.087402</ele>
      </trkpt>
      <trkpt lat="46.16735" lon="6.97883">
        <ele>1377.604492</ele>
      </trkpt>
      <trkpt lat="46.16742" lon="6.97865">
        <ele>1379.85144</ele>
      </trkpt>
      <trkpt lat="46.16749" lon="6.97847">
        <ele>1382.253784</ele>
      </trkpt>
      <trkpt lat="46.16735" lon="6.97849">
        <ele>1385.166382</ele>
      </trkpt>
      <trkpt lat="46.16721" lon="6.97846">
        <ele>1389.124268</ele>
      </trkpt>
      <trkpt lat="46.16706" lon="6.97841">
        <ele>1393.537964</ele>
      </trkpt>
      <trkpt lat="46.16696" lon="6.97827">
        <ele>1397.816772</ele>
      </trkpt>
      <trkpt lat="46.16681" lon="6.9784">
        <ele>1399.677246</ele>
      </trkpt>
      <trkpt lat="46.16669" lon="6.97852">
        <ele>1400.393921</ele>
      </trkpt>
      <trkpt lat="46.16656" lon="6.97855">
        <ele>1406.136597</ele>
      </trkpt>
      <trkpt lat="46.16642" lon="6.97849">
        <ele>1414.036865</ele>
      </trkpt>
      <trkpt lat="46.16638" lon="6.97831">
        <ele>1419.213257</ele>
      </trkpt>
      <trkpt lat="46.16625" lon="6.97824">
        <ele>1426.993896</ele>
      </trkpt>
      <trkpt lat="46.16617" lon="6.97806">
        <ele>1433.662964</ele>
      </trkpt>
      <trkpt lat="46.16608" lon="6.97792">
        <ele>1441.011597</ele>
      </trkpt>
      <trkpt lat="46.16593" lon="6.97793">
        <ele>1448.915649</ele>
      </trkpt>
      <trkpt lat="46.16582" lon="6.97804">
        <ele>1453.00293</ele>
      </trkpt>
      <trkpt lat="46.16583" lon="6.97824">
        <ele>1448.897705</ele>
      </trkpt>
      <trkpt lat="46.16573" lon="6.97838">
        <ele>1451.407715</ele>
      </trkpt>
      <trkpt lat="46.16566" lon="6.97854">
        <ele>1452.25354</ele>
      </trkpt>
      <trkpt lat="46.16561" lon="6.97873">
        <ele>1451.785156</ele>
      </trkpt>
      <trkpt lat="46.16551" lon="6.97887">
        <ele>1455.418945</ele>
      </trkpt>
      <trkpt lat="46.16538" lon="6.97894">
        <ele>1461.968506</ele>
      </trkpt>
      <trkpt lat="46.16527" lon="6.97905">
        <ele>1466.991333</ele>
      </trkpt>
      <trkpt lat="46.16516" lon="6.97918">
        <ele>1472.380859</ele>
      </trkpt>
      <trkpt lat="46.16512" lon="6.97936">
        <ele>1473.69812</ele>
      </trkpt>
      <trkpt lat="46.16518" lon="6.97956">
        <ele>1468.63147</ele>
      </trkpt>
      <trkpt lat="46.16514" lon="6.97975">
        <ele>1469.584961</ele>
      </trkpt>
      <trkpt lat="46.16506" lon="6.9799">
        <ele>1473.918823</ele>
      </trkpt>
      <trkpt lat="46.16503" lon="6.98009">
        <ele>1474.760132</ele>
      </trkpt>
      <trkpt lat="46.165" lon="6.9803">
        <ele>1476.26001</ele>
      </trkpt>
      <trkpt lat="46.16488" lon="6.98019">
        <ele>1483.980469</ele>
      </trkpt>
      <trkpt lat="46.16475" lon="6.98012">
        <ele>1492.548096</ele>
      </trkpt>
      <trkpt lat="46.16463" lon="6.98001">
        <ele>1501.034912</ele>
      </trkpt>
      <trkpt lat="46.16455" lon="6.97984">
        <ele>1507.951172</ele>
      </trkpt>
      <trkpt lat="46.16444" lon="6.97971">
        <ele>1516.440674</ele>
      </trkpt>
      <trkpt lat="46.16435" lon="6.97955">
        <ele>1524.387939</ele>
      </trkpt>
      <trkpt lat="46.16425" lon="6.97942">
        <ele>1532.824097</ele>
      </trkpt>
      <trkpt lat="46.16418" lon="6.97925">
        <ele>1540.075195</ele>
      </trkpt>
      <trkpt lat="46.1642" lon="6.97905">
        <ele>1541.106201</ele>
      </trkpt>
      <trkpt lat="46.16416" lon="6.97886">
        <ele>1546.303589</ele>
      </trkpt>
      <trkpt lat="46.16405" lon="6.97875">
        <ele>1553.057617</ele>
      </trkpt>
      <trkpt lat="46.16396" lon="6.9786">
        <ele>1559.261475</ele>
      </trkpt>
      <trkpt lat="46.16394" lon="6.9784">
        <ele>1562.671143</ele>
      </trkpt>
      <trkpt lat="46.16394" lon="6.9782">
        <ele>1565.487427</ele>
      </trkpt>
      <trkpt lat="46.16382" lon="6.97828">
        <ele>1570.113281</ele>
      </trkpt>
      <trkpt lat="46.16369" lon="6.97837">
        <ele>1574.666992</ele>
      </trkpt>
      <trkpt lat="46.16361" lon="6.97853">
        <ele>1576.657227</ele>
      </trkpt>
      <trkpt lat="46.16353" lon="6.9787">
        <ele>1577.868652</ele>
      </trkpt>
      <trkpt lat="46.16345" lon="6.97885">
        <ele>1579.746582</ele>
      </trkpt>
      <trkpt lat="46.16341" lon="6.97904">
        <ele>1579.203491</ele>
      </trkpt>
      <trkpt lat="46.1633" lon="6.97915">
        <ele>1583.268311</ele>
      </trkpt>
      <trkpt lat="46.16317" lon="6.97923">
        <ele>1589.305054</ele>
      </trkpt>
      <trkpt lat="46.16306" lon="6.97938">
        <ele>1593.186523</ele>
      </trkpt>
      <trkpt lat="46.16293" lon="6.9795">
        <ele>1598.132812</ele>
      </trkpt>
      <trkpt lat="46.16283" lon="6.97963">
        <ele>1601.293945</ele>
      </trkpt>
      <trkpt lat="46.16273" lon="6.97978">
        <ele>1604.000977</ele>
      </trkpt>
      <trkpt lat="46.1626" lon="6.97985">
        <ele>1609.534912</ele>
      </trkpt>
      <trkpt lat="46.16254" lon="6.98003">
        <ele>1609.223877</ele>
      </trkpt>
      <trkpt lat="46.16254" lon="6.98024">
        <ele>1605.529297</ele>
      </trkpt>
      <trkpt lat="46.16243" lon="6.98037">
        <ele>1609.108887</ele>
      </trkpt>
      <trkpt lat="46.16229" lon="6.98036">
        <ele>1617.749146</ele>
      </trkpt>
      <trkpt lat="46.16215" lon="6.98033">
        <ele>1626.347412</ele>
      </trkpt>
      <trkpt lat="46.16207" lon="6.9805">
        <ele>1627.385986</ele>
      </trkpt>
      <trkpt lat="46.16193" lon="6.9805">
        <ele>1635.235596</ele>
      </trkpt>
      <trkpt lat="46.1618" lon="6.98049">
        <ele>1643.268311</ele>
      </trkpt>
      <trkpt lat="46.16166" lon="6.98043">
        <ele>1652.381714</ele>
      </trkpt>
      <trkpt lat="46.16158" lon="6.98059">
        <ele>1652.107178</ele>
      </trkpt>
      <trkpt lat="46.16152" lon="6.98077">
        <ele>1650.54895</ele>
      </trkpt>
      <trkpt lat="46.16145" lon="6.98094">
        <ele>1651.381836</ele>
      </trkpt>
      <trkpt lat="46.16149" lon="6.98114">
        <ele>1648.052246</ele>
      </trkpt>
      <trkpt lat="46.16149" lon="6.98133">
        <ele>1646.462158</ele>
      </trkpt>
      <trkpt lat="46.16141" lon="6.98149">
        <ele>1649.135132</ele>
      </trkpt>
      <trkpt lat="46.16128" lon="6.98155">
        <ele>1655.314697</ele>
      </trkpt>
      <trkpt lat="46.16117" lon="6.98165">
        <ele>1660.063721</ele>
      </trkpt>
      <trkpt lat="46.16104" lon="6.98168">
        <ele>1666.7677</ele>
      </trkpt>
      <trkpt lat="46.16091" lon="6.98175">
        <ele>1673.694824</ele>
      </trkpt>
      <trkpt lat="46.1608" lon="6.98188">
        <ele>1679.534912</ele>
      </trkpt>
      <trkpt lat="46.16067" lon="6.98195">
        <ele>1686.349609</ele>
      </trkpt>
      <trkpt lat="46.16054" lon="6.98204">
        <ele>1692.980469</ele>
      </trkpt>
      <trkpt lat="46.16046" lon="6.9822">
        <ele>1696.378906</ele>
      </trkpt>
      <trkpt lat="46.16046" lon="6.9824">
        <ele>1695.673828</ele>
      </trkpt>
      <trkpt lat="46.1605" lon="6.98259">
        <ele>1694.261597</ele>
      </trkpt>
      <trkpt lat="46.16042" lon="6.98275">
        <ele>1699.167725</ele>
      </trkpt>
      <trkpt lat="46.16034" lon="6.98258">
        <ele>1700.858398</ele>
      </trkpt>
      <trkpt lat="46.16022" lon="6.98247">
        <ele>1705.189087</ele>
      </trkpt>
      <trkpt lat="46.16009" lon="6.98245">
        <ele>1710.997803</ele>
      </trkpt>
      <trkpt lat="46.15996" lon="6.98239">
        <ele>1716.887817</ele>
      </trkpt>
      <trkpt lat="46.15984" lon="6.9823">
        <ele>1722.355713</ele>
      </trkpt>
      <trkpt lat="46.15973" lon="6.98218">
        <ele>1727.640869</ele>
      </trkpt>
      <trkpt lat="46.15959" lon="6.98217">
        <ele>1732.780273</ele>
      </trkpt>
      <trkpt lat="46.15955" lon="6.98236">
        <ele>1732.408691</ele>
      </trkpt>
      <trkpt lat="46.15949" lon="6.98254">
        <ele>1733.204956</ele>
      </trkpt>
      <trkpt lat="46.15943" lon="6.98272">
        <ele>1737.091064</ele>
      </trkpt>
      <trkpt lat="46.1594" lon="6.98291">
        <ele>1739.900879</ele>
      </trkpt>
      <trkpt lat="46.15928" lon="6.98283">
        <ele>1743.702515</ele>
      </trkpt>
      <trkpt lat="46.15921" lon="6.983">
        <ele>1747.627197</ele>
      </trkpt>
      <trkpt lat="46.15908" lon="6.98306">
        <ele>1753.236328</ele>
      </trkpt>
      <trkpt lat="46.15896" lon="6.98296">
        <ele>1756.86499</ele>
      </trkpt>
      <trkpt lat="46.15884" lon="6.98286">
        <ele>1760.684814</ele>
      </trkpt>
      <trkpt lat="46.15874" lon="6.98272">
        <ele>1763.065186</ele>
      </trkpt>
      <trkpt lat="46.15869" lon="6.98254">
        <ele>1763.474731</ele>
      </trkpt>
      <trkpt lat="46.15856" lon="6.98252">
        <ele>1768.626465</ele>
      </trkpt>
      <trkpt lat="46.15847" lon="6.98267">
        <ele>1773.375244</ele>
      </trkpt>
      <trkpt lat="46.15837" lon="6.98283">
        <ele>1778.295044</ele>
      </trkpt>
      <trkpt lat="46.1583" lon="6.98299">
        <ele>1782.288208</ele>
      </trkpt>
      <trkpt lat="46.15818" lon="6.9831">
        <ele>1787.233887</ele>
      </trkpt>
      <trkpt lat="46.15804" lon="6.98306">
        <ele>1791.589478</ele>
      </trkpt>
      <trkpt lat="46.15791" lon="6.98303">
        <ele>1795.818726</ele>
      </trkpt>
      <trkpt lat="46.15777" lon="6.98297">
        <ele>1800.061523</ele>
      </trkpt>
      <trkpt lat="46.15766" lon="6.98287">
        <ele>1803.359497</ele>
      </trkpt>
      <trkpt lat="46.15753" lon="6.98279">
        <ele>1806.922241</ele>
      </trkpt>
      <trkpt lat="46.15739" lon="6.98276">
        <ele>1811.212036</ele>
      </trkpt>
      <trkpt lat="46.15728" lon="6.98287">
        <ele>1815.446167</ele>
      </trkpt>
      <trkpt lat="46.15724" lon="6.98307">
        <ele>1817.538696</ele>
      </trkpt>
      <trkpt lat="46.15714" lon="6.9832">
        <ele>1821.388916</ele>
      </trkpt>
      <trkpt lat="46.157" lon="6.98322">
        <ele>1825.350098</ele>
      </trkpt>
      <trkpt lat="46.1569" lon="6.98309">
        <ele>1827.605957</ele>
      </trkpt>
      <trkpt lat="46.15679" lon="6.9832">
        <ele>1831.202393</ele>
      </trkpt>
      <trkpt lat="46.15665" lon="6.98316">
        <ele>1835.036133</ele>
      </trkpt>
      <trkpt lat="46.15652" lon="6.98325">
        <ele>1839.131104</ele>
      </trkpt>
      <trkpt lat="46.1564" lon="6.98337">
        <ele>1843.496094</ele>
      </trkpt>
      <trkpt lat="46.15631" lon="6.98352">
        <ele>1848.322021</ele>
      </trkpt>
      <trkpt lat="46.1562" lon="6.98363">
        <ele>1852.885498</ele>
      </trkpt>
      <trkpt lat="46.15606" lon="6.98362">
        <ele>1856.429443</ele>
      </trkpt>
      <trkpt lat="46.1559" lon="6.98361">
        <ele>1861.002197</ele>
      </trkpt>
      <trkpt lat="46.15576" lon="6.9836">
        <ele>1866.053589</ele>
      </trkpt>
      <trkpt lat="46.15562" lon="6.98362">
        <ele>1872.377197</ele>
      </trkpt>
      <trkpt lat="46.15552" lon="6.98376">
        <ele>1878.45752</ele>
      </trkpt>
      <trkpt lat="46.15538" lon="6.98376">
        <ele>1885.232666</ele>
      </trkpt>
      <trkpt lat="46.15527" lon="6.98364">
        <ele>1888.404053</ele>
      </trkpt>
      <trkpt lat="46.15518" lon="6.98349">
        <ele>1890.167969</ele>
      </trkpt>
      <trkpt lat="46.15508" lon="6.98363">
        <ele>1896.805542</ele>
      </trkpt>
      <trkpt lat="46.15511" lon="6.98382">
        <ele>1898.746704</ele>
      </trkpt>
      <trkpt lat="46.1551" lon="6.98401">
        <ele>1902.280029</ele>
      </trkpt>
      <trkpt lat="46.15501" lon="6.98387">
        <ele>1904.08667</ele>
      </trkpt>
      <trkpt lat="46.15488" lon="6.98378">
        <ele>1909.595459</ele>
      </trkpt>
      <trkpt lat="46.15477" lon="6.98366">
        <ele>1914.203125</ele>
      </trkpt>
      <trkpt lat="46.15476" lon="6.98386">
        <ele>1918.233398</ele>
      </trkpt>
      <trkpt lat="46.15477" lon="6.98405">
        <ele>1920.832153</ele>
      </trkpt>
      <trkpt lat="46.15481" lon="6.98424">
        <ele>1922.346802</ele>
      </trkpt>
      <trkpt lat="46.15478" lon="6.98444">
        <ele>1927.731201</ele>
      </trkpt>
      <trkpt lat="46.15465" lon="6.98439">
        <ele>1933.554077</ele>
      </trkpt>
      <trkpt lat="46.15459" lon="6.9842">
        <ele>1933.463135</ele>
      </trkpt>
      <trkpt lat="46.15445" lon="6.98416">
        <ele>1940.078613</ele>
      </trkpt>
      <trkpt lat="46.15432" lon="6.98412">
        <ele>1947.094971</ele>
      </trkpt>
      <trkpt lat="46.15418" lon="6.98412">
        <ele>1954.719482</ele>
      </trkpt>
      <trkpt lat="46.15405" lon="6.98403">
        <ele>1960.57251</ele>
      </trkpt>
      <trkpt lat="46.15398" lon="6.98419">
        <ele>1966.296265</ele>
      </trkpt>
      <trkpt lat="46.15401" lon="6.98439">
        <ele>1967.237061</ele>
      </trkpt>
      <trkpt lat="46.15412" lon="6.98449">
        <ele>1962.768066</ele>
      </trkpt>
      <trkpt lat="46.15419" lon="6.98467">
        <ele>1961.842529</ele>
      </trkpt>
      <trkpt lat="46.15409" lon="6.9848">
        <ele>1968.196411</ele>
      </trkpt>
      <trkpt lat="46.15396" lon="6.98487">
        <ele>1974.459961</ele>
      </trkpt>
      <trkpt lat="46.15383" lon="6.9848">
        <ele>1978.976074</ele>
      </trkpt>
      <trkpt lat="46.15369" lon="6.98482">
        <ele>1984.76123</ele>
      </trkpt>
      <trkpt lat="46.15355" lon="6.98487">
        <ele>1990.612793</ele>
      </trkpt>
      <trkpt lat="46.15339" lon="6.98491">
        <ele>1996.875366</ele>
      </trkpt>
      <trkpt lat="46.15326" lon="6.98496">
        <ele>2004.052246</ele>
      </trkpt>
      <trkpt lat="46.15315" lon="6.98485">
        <ele>2012.224976</ele>
      </trkpt>
      <trkpt lat="46.15311" lon="6.98466">
        <ele>2015.834961</ele>
      </trkpt>
      <trkpt lat="46.15301" lon="6.9848">
        <ele>2022.036743</ele>
      </trkpt>
      <trkpt lat="46.15298" lon="6.98461">
        <ele>2025.283203</ele>
      </trkpt>
      <trkpt lat="46.15295" lon="6.98441">
        <ele>2027.695801</ele>
      </trkpt>
      <trkpt lat="46.15285" lon="6.98427">
        <ele>2035.178467</ele>
      </trkpt>
      <trkpt lat="46.15273" lon="6.98436">
        <ele>2043.549927</ele>
      </trkpt>
      <trkpt lat="46.15263" lon="6.98449">
        <ele>2050.369873</ele>
      </trkpt>
      <trkpt lat="46.15255" lon="6.98464">
        <ele>2055.406982</ele>
      </trkpt>
      <trkpt lat="46.15242" lon="6.98472">
        <ele>2065.671631</ele>
      </trkpt>
      <trkpt lat="46.15236" lon="6.98453">
        <ele>2071.290527</ele>
      </trkpt>
      <trkpt lat="46.15242" lon="6.98435">
        <ele>2067.111328</ele>
      </trkpt>
      <trkpt lat="46.15247" lon="6.98417">
        <ele>2063.356934</ele>
      </trkpt>
      <trkpt lat="46.15244" lon="6.98398">
        <ele>2068.980469</ele>
      </trkpt>
      <trkpt lat="46.1524" lon="6.9838">
        <ele>2075.671143</ele>
      </trkpt>
      <trkpt lat="46.15232" lon="6.98364">
        <ele>2085.71167</ele>
      </trkpt>
      <trkpt lat="46.15222" lon="6.98378">
        <ele>2092.125</ele>
      </trkpt>
      <trkpt lat="46.15217" lon="6.98398">
        <ele>2093.496094</ele>
      </trkpt>
      <trkpt lat="46.15205" lon="6.9841">
        <ele>2100.577637</ele>
      </trkpt>
      <trkpt lat="46.15197" lon="6.98393">
        <ele>2112.065918</ele>
      </trkpt>
      <trkpt lat="46.15197" lon="6.98373">
        <ele>2116.546875</ele>
      </trkpt>
      <trkpt lat="46.15187" lon="6.98385">
        <ele>2123.752197</ele>
      </trkpt>
      <trkpt lat="46.1518" lon="6.98402">
        <ele>2124.620361</ele>
      </trkpt>
      <trkpt lat="46.15174" lon="6.9842">
        <ele>2125.325439</ele>
      </trkpt>
      <trkpt lat="46.15168" lon="6.98437">
        <ele>2130.568115</ele>
      </trkpt>
      <trkpt lat="46.15163" lon="6.98455">
        <ele>2133.263428</ele>
      </trkpt>
      <trkpt lat="46.15164" lon="6.98476">
        <ele>2132.113281</ele>
      </trkpt>
      <trkpt lat="46.15167" lon="6.98495">
        <ele>2129.176758</ele>
      </trkpt>
      <trkpt lat="46.15154" lon="6.98501">
        <ele>2138.074707</ele>
      </trkpt>
      <trkpt lat="46.15151" lon="6.98521">
        <ele>2140.607178</ele>
      </trkpt>
      <trkpt lat="46.15151" lon="6.9854">
        <ele>2141.037598</ele>
      </trkpt>
      <trkpt lat="46.15143" lon="6.98556">
        <ele>2146.602295</ele>
      </trkpt>
      <trkpt lat="46.1513" lon="6.98551">
        <ele>2154.915771</ele>
      </trkpt>
      <trkpt lat="46.15127" lon="6.9857">
        <ele>2156.69165</ele>
      </trkpt>
      <trkpt lat="46.1513" lon="6.98589">
        <ele>2154.650146</ele>
      </trkpt>
      <trkpt lat="46.15137" lon="6.98607">
        <ele>2149.265381</ele>
      </trkpt>
      <trkpt lat="46.15124" lon="6.98614">
        <ele>2157.027588</ele>
      </trkpt>
      <trkpt lat="46.15114" lon="6.98629">
        <ele>2163.157471</ele>
      </trkpt>
      <trkpt lat="46.151" lon="6.9862">
        <ele>2172.535645</ele>
      </trkpt>
      <trkpt lat="46.15087" lon="6.98614">
        <ele>2181.180908</ele>
      </trkpt>
      <trkpt lat="46.15075" lon="6.98623">
        <ele>2185.886719</ele>
      </trkpt>
      <trkpt lat="46.15064" lon="6.98612">
        <ele>2188.024414</ele>
      </trkpt>
      <trkpt lat="46.15053" lon="6.98601">
        <ele>2189.644775</ele>
      </trkpt>
      <trkpt lat="46.15045" lon="6.98586">
        <ele>2190.169922</ele>
      </trkpt>
      <trkpt lat="46.15037" lon="6.98568">
        <ele>2190.821533</ele>
      </trkpt>
      <trkpt lat="46.15033" lon="6.98549">
        <ele>2190.679932</ele>
      </trkpt>
      <trkpt lat="46.15027" lon="6.98567">
        <ele>2192.214844</ele>
      </trkpt>
      <trkpt lat="46.15015" lon="6.98575">
        <ele>2194.664307</ele>
      </trkpt>
      <trkpt lat="46.15027" lon="6.98565">
        <ele>2192.128174</ele>
      </trkpt>
      <trkpt lat="46.15018" lon="6.98549">
        <ele>2192.253662</ele>
      </trkpt>
      <trkpt lat="46.15014" lon="6.9853">
        <ele>2191.271484</ele>
      </trkpt>
      <trkpt lat="46.15017" lon="6.98511">
        <ele>2189.588867</ele>
      </trkpt>
      <trkpt lat="46.15023" lon="6.98491">
        <ele>2189.217773</ele>
      </trkpt>
      <trkpt lat="46.15025" lon="6.98471">
        <ele>2190.416016</ele>
      </trkpt>
      <trkpt lat="46.15023" lon="6.98449">
        <ele>2191.646729</ele>
      </trkpt>
      <trkpt lat="46.15014" lon="6.98428">
        <ele>2191.989014</ele>
      </trkpt>
      <trkpt lat="46.14999" lon="6.98414">
        <ele>2190.041992</ele>
      </trkpt>
      <trkpt lat="46.14991" lon="6.98396">
        <ele>2184.844238</ele>
      </trkpt>
      <trkpt lat="46.14981" lon="6.98381">
        <ele>2176.82373</ele>
      </trkpt>
      <trkpt lat="46.14966" lon="6.9838">
        <ele>2165.046143</ele>
      </trkpt>
      <trkpt lat="46.14954" lon="6.98373">
        <ele>2154.989502</ele>
      </trkpt>
      <trkpt lat="46.14954" lon="6.98352">
        <ele>2156.975586</ele>
      </trkpt>
      <trkpt lat="46.14965" lon="6.98335">
        <ele>2166.873047</ele>
      </trkpt>
      <trkpt lat="46.14976" lon="6.98314">
        <ele>2171.362305</ele>
      </trkpt>
      <trkpt lat="46.14981" lon="6.98295">
        <ele>2170.694092</ele>
      </trkpt>
      <trkpt lat="46.14985" lon="6.98275">
        <ele>2169.50293</ele>
      </trkpt>
      <trkpt lat="46.1499" lon="6.98256">
        <ele>2168.854248</ele>
      </trkpt>
      <trkpt lat="46.15" lon="6.98239">
        <ele>2172.082275</ele>
      </trkpt>
      <trkpt lat="46.1501" lon="6.98221">
        <ele>2172.631348</ele>
      </trkpt>
      <trkpt lat="46.15016" lon="6.98203">
        <ele>2171.036865</ele>
      </trkpt>
      <trkpt lat="46.15021" lon="6.98183">
        <ele>2168.40625</ele>
      </trkpt>
      <trkpt lat="46.15024" lon="6.98157">
        <ele>2163.730469</ele>
      </trkpt>
      <trkpt lat="46.15025" lon="6.98131">
        <ele>2158.423828</ele>
      </trkpt>
      <trkpt lat="46.15027" lon="6.98108">
        <ele>2154.828613</ele>
      </trkpt>
      <trkpt lat="46.15027" lon="6.98078">
        <ele>2148.56665</ele>
      </trkpt>
      <trkpt lat="46.15026" lon="6.98053">
        <ele>2143.995117</ele>
      </trkpt>
      <trkpt lat="46.1503" lon="6.98026">
        <ele>2142.269043</ele>
      </trkpt>
      <trkpt lat="46.1503" lon="6.98005">
        <ele>2138.778809</ele>
      </trkpt>
      <trkpt lat="46.15027" lon="6.97984">
        <ele>2138.36792</ele>
      </trkpt>
      <trkpt lat="46.15019" lon="6.97965">
        <ele>2135.038818</ele>
      </trkpt>
      <trkpt lat="46.15013" lon="6.97945">
        <ele>2133.679443</ele>
      </trkpt>
      <trkpt lat="46.15008" lon="6.97922">
        <ele>2132.806396</ele>
      </trkpt>
      <trkpt lat="46.15003" lon="6.97901">
        <ele>2132.138916</ele>
      </trkpt>
      <trkpt lat="46.14988" lon="6.97887">
        <ele>2124.945557</ele>
      </trkpt>
      <trkpt lat="46.14982" lon="6.97866">
        <ele>2124.037109</ele>
      </trkpt>
      <trkpt lat="46.14972" lon="6.97849">
        <ele>2120.356934</ele>
      </trkpt>
      <trkpt lat="46.14962" lon="6.97832">
        <ele>2115.561279</ele>
      </trkpt>
      <trkpt lat="46.14954" lon="6.97815">
        <ele>2111.56543</ele>
      </trkpt>
      <trkpt lat="46.14946" lon="6.97796">
        <ele>2108.14502</ele>
      </trkpt>
      <trkpt lat="46.14941" lon="6.97774">
        <ele>2106.87793</ele>
      </trkpt>
      <trkpt lat="46.1493" lon="6.97747">
        <ele>2100.34668</ele>
      </trkpt>
      <trkpt lat="46.14923" lon="6.9773">
        <ele>2094.748779</ele>
      </trkpt>
      <trkpt lat="46.14917" lon="6.97748">
        <ele>2091.387451</ele>
      </trkpt>
      <trkpt lat="46.1492" lon="6.97768">
        <ele>2092.005371</ele>
      </trkpt>
      <trkpt lat="46.14917" lon="6.97787">
        <ele>2088.364258</ele>
      </trkpt>
      <trkpt lat="46.14917" lon="6.97812">
        <ele>2086.720459</ele>
      </trkpt>
      <trkpt lat="46.14917" lon="6.97834">
        <ele>2085.138184</ele>
      </trkpt>
      <trkpt lat="46.1492" lon="6.97854">
        <ele>2085.279053</ele>
      </trkpt>
      <trkpt lat="46.14919" lon="6.97876">
        <ele>2082.9021</ele>
      </trkpt>
      <trkpt lat="46.14913" lon="6.97857">
        <ele>2080.823975</ele>
      </trkpt>
      <trkpt lat="46.14903" lon="6.97837">
        <ele>2076.302734</ele>
      </trkpt>
      <trkpt lat="46.14896" lon="6.97819">
        <ele>2073.867188</ele>
      </trkpt>
      <trkpt lat="46.14889" lon="6.97796">
        <ele>2071.104736</ele>
      </trkpt>
      <trkpt lat="46.14882" lon="6.97772">
        <ele>2068.217529</ele>
      </trkpt>
      <trkpt lat="46.14878" lon="6.9775">
        <ele>2067.001465</ele>
      </trkpt>
      <trkpt lat="46.14876" lon="6.97727">
        <ele>2064.130615</ele>
      </trkpt>
      <trkpt lat="46.14876" lon="6.97705">
        <ele>2062.940918</ele>
      </trkpt>
      <trkpt lat="46.14875" lon="6.97682">
        <ele>2060.552734</ele>
      </trkpt>
      <trkpt lat="46.14882" lon="6.97662">
        <ele>2065.135254</ele>
      </trkpt>
      <trkpt lat="46.14878" lon="6.97642">
        <ele>2065.626465</ele>
      </trkpt>
      <trkpt lat="46.14874" lon="6.97621">
        <ele>2066.146484</ele>
      </trkpt>
      <trkpt lat="46.14868" lon="6.97598">
        <ele>2064.908203</ele>
      </trkpt>
      <trkpt lat="46.14861" lon="6.9758">
        <ele>2061.724609</ele>
      </trkpt>
      <trkpt lat="46.14846" lon="6.97566">
        <ele>2052.599854</ele>
      </trkpt>
      <trkpt lat="46.14838" lon="6.9755">
        <ele>2048.221436</ele>
      </trkpt>
      <trkpt lat="46.1483" lon="6.97533">
        <ele>2044.801392</ele>
      </trkpt>
      <trkpt lat="46.14822" lon="6.97515">
        <ele>2042.306641</ele>
      </trkpt>
      <trkpt lat="46.14816" lon="6.97491">
        <ele>2041.185669</ele>
      </trkpt>
      <trkpt lat="46.14813" lon="6.9747">
        <ele>2040.489136</ele>
      </trkpt>
      <trkpt lat="46.14806" lon="6.97447">
        <ele>2038.33252</ele>
      </trkpt>
      <trkpt lat="46.14803" lon="6.97423">
        <ele>2038.060303</ele>
      </trkpt>
      <trkpt lat="46.148" lon="6.974">
        <ele>2038.130859</ele>
      </trkpt>
      <trkpt lat="46.14794" lon="6.97381">
        <ele>2035.802124</ele>
      </trkpt>
      <trkpt lat="46.14789" lon="6.97359">
        <ele>2034.297607</ele>
      </trkpt>
      <trkpt lat="46.14786" lon="6.97336">
        <ele>2034.213989</ele>
      </trkpt>
      <trkpt lat="46.14784" lon="6.97314">
        <ele>2033.174072</ele>
      </trkpt>
      <trkpt lat="46.1478" lon="6.97291">
        <ele>2031.248535</ele>
      </trkpt>
      <trkpt lat="46.14776" lon="6.97269">
        <ele>2029.206299</ele>
      </trkpt>
      <trkpt lat="46.14766" lon="6.97252">
        <ele>2024.014526</ele>
      </trkpt>
      <trkpt lat="46.14763" lon="6.9723">
        <ele>2021.105957</ele>
      </trkpt>
      <trkpt lat="46.14766" lon="6.97209">
        <ele>2021.319946</ele>
      </trkpt>
      <trkpt lat="46.14764" lon="6.97182">
        <ele>2018.369751</ele>
      </trkpt>
      <trkpt lat="46.14763" lon="6.9716">
        <ele>2016.337158</ele>
      </trkpt>
      <trkpt lat="46.14766" lon="6.9714">
        <ele>2017.100464</ele>
      </trkpt>
      <trkpt lat="46.14769" lon="6.97121">
        <ele>2017.580078</ele>
      </trkpt>
      <trkpt lat="46.14762" lon="6.97099">
        <ele>2013.870117</ele>
      </trkpt>
      <trkpt lat="46.14749" lon="6.97098">
        <ele>2007.653687</ele>
      </trkpt>
      <trkpt lat="46.14737" lon="6.97107">
        <ele>2001.526123</ele>
      </trkpt>
      <trkpt lat="46.14725" lon="6.97118">
        <ele>1996.036133</ele>
      </trkpt>
      <trkpt lat="46.14719" lon="6.97136">
        <ele>1993.459595</ele>
      </trkpt>
      <trkpt lat="46.1472" lon="6.97162">
        <ele>1994.88916</ele>
      </trkpt>
      <trkpt lat="46.14716" lon="6.97182">
        <ele>1993.9375</ele>
      </trkpt>
      <trkpt lat="46.14721" lon="6.97162">
        <ele>1995.569946</ele>
      </trkpt>
      <trkpt lat="46.14712" lon="6.97147">
        <ele>1990.250732</ele>
      </trkpt>
      <trkpt lat="46.14707" lon="6.97128">
        <ele>1987.157227</ele>
      </trkpt>
      <trkpt lat="46.14705" lon="6.97108">
        <ele>1984.723877</ele>
      </trkpt>
      <trkpt lat="46.14695" lon="6.97123">
        <ele>1980.687134</ele>
      </trkpt>
      <trkpt lat="46.14689" lon="6.97141">
        <ele>1978.405029</ele>
      </trkpt>
      <trkpt lat="46.14681" lon="6.97157">
        <ele>1975.517822</ele>
      </trkpt>
      <trkpt lat="46.14674" lon="6.97174">
        <ele>1972.955811</ele>
      </trkpt>
      <trkpt lat="46.14664" lon="6.97159">
        <ele>1967.520508</ele>
      </trkpt>
      <trkpt lat="46.1466" lon="6.97141">
        <ele>1964.636475</ele>
      </trkpt>
      <trkpt lat="46.14656" lon="6.97121">
        <ele>1961.951782</ele>
      </trkpt>
      <trkpt lat="46.14655" lon="6.97101">
        <ele>1959.867676</ele>
      </trkpt>
      <trkpt lat="46.14651" lon="6.97082">
        <ele>1957.074219</ele>
      </trkpt>
      <trkpt lat="46.14647" lon="6.9706">
        <ele>1954.235229</ele>
      </trkpt>
      <trkpt lat="46.14635" lon="6.97071">
        <ele>1950.523193</ele>
      </trkpt>
      <trkpt lat="46.14625" lon="6.97059">
        <ele>1945.723145</ele>
      </trkpt>
      <trkpt lat="46.14613" lon="6.97069">
        <ele>1941.96167</ele>
      </trkpt>
      <trkpt lat="46.14599" lon="6.97066">
        <ele>1936.523438</ele>
      </trkpt>
      <trkpt lat="46.14575" lon="6.97072">
        <ele>1931.665649</ele>
      </trkpt>
      <trkpt lat="46.14561" lon="6.97069">
        <ele>1932.470703</ele>
      </trkpt>
      <trkpt lat="46.14545" lon="6.97069">
        <ele>1933.57959</ele>
      </trkpt>
      <trkpt lat="46.1453" lon="6.97065">
        <ele>1934.234619</ele>
      </trkpt>
      <trkpt lat="46.14518" lon="6.97058">
        <ele>1934.140869</ele>
      </trkpt>
      <trkpt lat="46.14504" lon="6.97053">
        <ele>1934.409668</ele>
      </trkpt>
      <trkpt lat="46.14493" lon="6.97043">
        <ele>1933.41626</ele>
      </trkpt>
      <trkpt lat="46.1448" lon="6.97038">
        <ele>1933.318237</ele>
      </trkpt>
      <trkpt lat="46.14465" lon="6.97035">
        <ele>1933.497925</ele>
      </trkpt>
      <trkpt lat="46.14452" lon="6.97035">
        <ele>1934.002197</ele>
      </trkpt>
      <trkpt lat="46.14438" lon="6.97039">
        <ele>1935.228027</ele>
      </trkpt>
      <trkpt lat="46.14444" lon="6.97057">
        <ele>1937.689941</ele>
      </trkpt>
      <trkpt lat="46.14455" lon="6.9707">
        <ele>1939.142944</ele>
      </trkpt>
      <trkpt lat="46.14442" lon="6.9707">
        <ele>1939.751587</ele>
      </trkpt>
      <trkpt lat="46.14438" lon="6.9705">
        <ele>1936.915894</ele>
      </trkpt>
      <trkpt lat="46.14443" lon="6.97031">
        <ele>1933.776733</ele>
      </trkpt>
      <trkpt lat="46.14459" lon="6.97019">
        <ele>1931.3479</ele>
      </trkpt>
      <trkpt lat="46.14478" lon="6.97028">
        <ele>1931.879028</ele>
      </trkpt>
      <trkpt lat="46.14492" lon="6.97043">
        <ele>1933.588867</ele>
      </trkpt>
      <trkpt lat="46.14508" lon="6.97057">
        <ele>1934.65686</ele>
      </trkpt>
      <trkpt lat="46.14521" lon="6.97061">
        <ele>1934.325684</ele>
      </trkpt>
      <trkpt lat="46.14535" lon="6.9707">
        <ele>1934.466309</ele>
      </trkpt>
      <trkpt lat="46.14555" lon="6.97075">
        <ele>1933.455322</ele>
      </trkpt>
      <trkpt lat="46.14573" lon="6.97068">
        <ele>1931.508179</ele>
      </trkpt>
      <trkpt lat="46.14593" lon="6.97065">
        <ele>1933.975342</ele>
      </trkpt>
      <trkpt lat="46.14609" lon="6.97054">
        <ele>1939.302734</ele>
      </trkpt>
      <trkpt lat="46.14627" lon="6.97044">
        <ele>1945.242798</ele>
      </trkpt>
      <trkpt lat="46.14634" lon="6.97023">
        <ele>1946.824219</ele>
      </trkpt>
      <trkpt lat="46.14634" lon="6.97003">
        <ele>1945.243164</ele>
      </trkpt>
      <trkpt lat="46.14637" lon="6.9698">
        <ele>1944.495117</ele>
      </trkpt>
      <trkpt lat="46.14637" lon="6.96951">
        <ele>1942.117065</ele>
      </trkpt>
      <trkpt lat="46.14642" lon="6.96928">
        <ele>1941.648926</ele>
      </trkpt>
      <trkpt lat="46.1465" lon="6.96905">
        <ele>1941.764893</ele>
      </trkpt>
      <trkpt lat="46.14654" lon="6.96875">
        <ele>1940.700806</ele>
      </trkpt>
      <trkpt lat="46.14649" lon="6.96845">
        <ele>1937.637939</ele>
      </trkpt>
      <trkpt lat="46.14646" lon="6.96816">
        <ele>1935.593506</ele>
      </trkpt>
      <trkpt lat="46.14642" lon="6.96787">
        <ele>1933.962036</ele>
      </trkpt>
      <trkpt lat="46.14646" lon="6.96767">
        <ele>1933.872559</ele>
      </trkpt>
      <trkpt lat="46.14654" lon="6.96751">
        <ele>1934.324707</ele>
      </trkpt>
      <trkpt lat="46.14665" lon="6.96724">
        <ele>1934.907349</ele>
      </trkpt>
      <trkpt lat="46.14675" lon="6.96703">
        <ele>1938.955566</ele>
      </trkpt>
      <trkpt lat="46.14677" lon="6.96674">
        <ele>1939.004639</ele>
      </trkpt>
      <trkpt lat="46.14679" lon="6.96646">
        <ele>1939.29126</ele>
      </trkpt>
      <trkpt lat="46.14677" lon="6.9662">
        <ele>1937.823975</ele>
      </trkpt>
      <trkpt lat="46.14681" lon="6.96594">
        <ele>1939.448242</ele>
      </trkpt>
      <trkpt lat="46.14679" lon="6.96568">
        <ele>1937.805054</ele>
      </trkpt>
      <trkpt lat="46.14679" lon="6.96541">
        <ele>1937.690674</ele>
      </trkpt>
      <trkpt lat="46.14683" lon="6.96521">
        <ele>1939.938721</ele>
      </trkpt>
      <trkpt lat="46.14686" lon="6.96498">
        <ele>1941.518921</ele>
      </trkpt>
      <trkpt lat="46.14681" lon="6.96473">
        <ele>1939.015137</ele>
      </trkpt>
      <trkpt lat="46.1468" lon="6.96447">
        <ele>1938.762817</ele>
      </trkpt>
      <trkpt lat="46.14677" lon="6.96421">
        <ele>1937.260864</ele>
      </trkpt>
      <trkpt lat="46.1468" lon="6.96399">
        <ele>1939.925293</ele>
      </trkpt>
      <trkpt lat="46.14677" lon="6.96373">
        <ele>1938.442017</ele>
      </trkpt>
      <trkpt lat="46.14678" lon="6.96344">
        <ele>1940.008545</ele>
      </trkpt>
      <trkpt lat="46.14681" lon="6.96321">
        <ele>1942.448364</ele>
      </trkpt>
      <trkpt lat="46.14679" lon="6.96295">
        <ele>1941.211792</ele>
      </trkpt>
      <trkpt lat="46.14679" lon="6.96269">
        <ele>1941.104248</ele>
      </trkpt>
      <trkpt lat="46.14675" lon="6.96246">
        <ele>1938.461304</ele>
      </trkpt>
      <trkpt lat="46.14672" lon="6.96219">
        <ele>1935.491089</ele>
      </trkpt>
      <trkpt lat="46.14681" lon="6.96193">
        <ele>1942.886353</ele>
      </trkpt>
      <trkpt lat="46.14687" lon="6.96165">
        <ele>1948.463135</ele>
      </trkpt>
      <trkpt lat="46.14686" lon="6.96144">
        <ele>1948.665039</ele>
      </trkpt>
      <trkpt lat="46.14681" lon="6.96122">
        <ele>1944.582764</ele>
      </trkpt>
      <trkpt lat="46.14678" lon="6.96097">
        <ele>1941.993896</ele>
      </trkpt>
      <trkpt lat="46.14676" lon="6.96067">
        <ele>1941.341431</ele>
      </trkpt>
      <trkpt lat="46.14669" lon="6.96043">
        <ele>1937.089355</ele>
      </trkpt>
      <trkpt lat="46.14666" lon="6.96014">
        <ele>1936.203735</ele>
      </trkpt>
      <trkpt lat="46.14661" lon="6.95995">
        <ele>1936.245972</ele>
      </trkpt>
      <trkpt lat="46.14655" lon="6.95967">
        <ele>1935.369629</ele>
      </trkpt>
      <trkpt lat="46.14653" lon="6.95939">
        <ele>1935.095703</ele>
      </trkpt>
      <trkpt lat="46.14654" lon="6.95918">
        <ele>1935.240723</ele>
      </trkpt>
      <trkpt lat="46.14654" lon="6.95895">
        <ele>1934.582642</ele>
      </trkpt>
      <trkpt lat="46.1466" lon="6.95869">
        <ele>1934.509033</ele>
      </trkpt>
      <trkpt lat="46.1467" lon="6.95845">
        <ele>1936.150635</ele>
      </trkpt>
      <trkpt lat="46.14664" lon="6.95828">
        <ele>1934.554565</ele>
      </trkpt>
      <trkpt lat="46.14645" lon="6.9583">
        <ele>1932.600098</ele>
      </trkpt>
      <trkpt lat="46.14631" lon="6.95822">
        <ele>1932.393555</ele>
      </trkpt>
      <trkpt lat="46.14618" lon="6.95808">
        <ele>1932.791748</ele>
      </trkpt>
      <trkpt lat="46.14603" lon="6.95795">
        <ele>1932.743164</ele>
      </trkpt>
      <trkpt lat="46.14594" lon="6.95779">
        <ele>1933.516846</ele>
      </trkpt>
      <trkpt lat="46.14581" lon="6.95767">
        <ele>1933.217285</ele>
      </trkpt>
      <trkpt lat="46.14565" lon="6.95752">
        <ele>1932.936523</ele>
      </trkpt>
      <trkpt lat="46.14551" lon="6.95733">
        <ele>1932.757324</ele>
      </trkpt>
      <trkpt lat="46.14535" lon="6.95721">
        <ele>1931.795898</ele>
      </trkpt>
      <trkpt lat="46.1452" lon="6.95716">
        <ele>1930.625854</ele>
      </trkpt>
      <trkpt lat="46.14507" lon="6.95703">
        <ele>1930.117676</ele>
      </trkpt>
      <trkpt lat="46.14501" lon="6.95679">
        <ele>1931.201172</ele>
      </trkpt>
      <trkpt lat="46.14498" lon="6.95654">
        <ele>1932.741699</ele>
      </trkpt>
      <trkpt lat="46.14496" lon="6.95631">
        <ele>1934.068481</ele>
      </trkpt>
      <trkpt lat="46.14492" lon="6.95606">
        <ele>1935.250732</ele>
      </trkpt>
      <trkpt lat="46.14484" lon="6.95587">
        <ele>1935.196899</ele>
      </trkpt>
      <trkpt lat="46.14472" lon="6.95567">
        <ele>1935.132812</ele>
      </trkpt>
      <trkpt lat="46.14457" lon="6.9555">
        <ele>1933.724121</ele>
      </trkpt>
      <trkpt lat="46.14449" lon="6.9553">
        <ele>1933.215332</ele>
      </trkpt>
      <trkpt lat="46.14448" lon="6.95509">
        <ele>1934.461182</ele>
      </trkpt>
      <trkpt lat="46.14445" lon="6.95486">
        <ele>1934.762695</ele>
      </trkpt>
      <trkpt lat="46.14438" lon="6.95469">
        <ele>1933.678223</ele>
      </trkpt>
      <trkpt lat="46.14427" lon="6.95448">
        <ele>1932.313721</ele>
      </trkpt>
      <trkpt lat="46.14419" lon="6.95426">
        <ele>1931.873413</ele>
      </trkpt>
      <trkpt lat="46.14412" lon="6.95404">
        <ele>1933.00061</ele>
      </trkpt>
      <trkpt lat="46.14405" lon="6.95384">
        <ele>1934.432251</ele>
      </trkpt>
      <trkpt lat="46.14401" lon="6.95365">
        <ele>1935.760132</ele>
      </trkpt>
      <trkpt lat="46.14394" lon="6.95348">
        <ele>1936.427002</ele>
      </trkpt>
      <trkpt lat="46.14405" lon="6.95361">
        <ele>1936.902344</ele>
      </trkpt>
      <trkpt lat="46.14415" lon="6.95376">
        <ele>1936.616211</ele>
      </trkpt>
      <trkpt lat="46.14429" lon="6.95378">
        <ele>1937.709473</ele>
      </trkpt>
      <trkpt lat="46.14443" lon="6.95373">
        <ele>1939.341064</ele>
      </trkpt>
      <trkpt lat="46.14458" lon="6.95364">
        <ele>1940.765381</ele>
      </trkpt>
      <trkpt lat="46.14474" lon="6.95356">
        <ele>1941.592285</ele>
      </trkpt>
      <trkpt lat="46.14488" lon="6.95349">
        <ele>1941.835815</ele>
      </trkpt>
      <trkpt lat="46.145" lon="6.95335">
        <ele>1941.149902</ele>
      </trkpt>
      <trkpt lat="46.14514" lon="6.95323">
        <ele>1940.836426</ele>
      </trkpt>
      <trkpt lat="46.14512" lon="6.95303">
        <ele>1940.856812</ele>
      </trkpt>
      <trkpt lat="46.14507" lon="6.95275">
        <ele>1940.911377</ele>
      </trkpt>
      <trkpt lat="46.1451" lon="6.9525">
        <ele>1940.874512</ele>
      </trkpt>
      <trkpt lat="46.14511" lon="6.95225">
        <ele>1940.608887</ele>
      </trkpt>
      <trkpt lat="46.14513" lon="6.95201">
        <ele>1940.349365</ele>
      </trkpt>
      <trkpt lat="46.14518" lon="6.95177">
        <ele>1940.095581</ele>
      </trkpt>
      <trkpt lat="46.14522" lon="6.95153">
        <ele>1940.118652</ele>
      </trkpt>
      <trkpt lat="46.14528" lon="6.95131">
        <ele>1940.290283</ele>
      </trkpt>
      <trkpt lat="46.14534" lon="6.9511">
        <ele>1940.401855</ele>
      </trkpt>
      <trkpt lat="46.14545" lon="6.95094">
        <ele>1940.401978</ele>
      </trkpt>
      <trkpt lat="46.14548" lon="6.95067">
        <ele>1941.081665</ele>
      </trkpt>
      <trkpt lat="46.14552" lon="6.95042">
        <ele>1942.039429</ele>
      </trkpt>
      <trkpt lat="46.14558" lon="6.95019">
        <ele>1942.837036</ele>
      </trkpt>
      <trkpt lat="46.14565" lon="6.95002">
        <ele>1943.384766</ele>
      </trkpt>
      <trkpt lat="46.14576" lon="6.9499">
        <ele>1943.542114</ele>
      </trkpt>
      <trkpt lat="46.14584" lon="6.94974">
        <ele>1943.992798</ele>
      </trkpt>
      <trkpt lat="46.14592" lon="6.94957">
        <ele>1945.012207</ele>
      </trkpt>
      <trkpt lat="46.14599" lon="6.94937">
        <ele>1946.219849</ele>
      </trkpt>
      <trkpt lat="46.14602" lon="6.94917">
        <ele>1947.359497</ele>
      </trkpt>
      <trkpt lat="46.14607" lon="6.94898">
        <ele>1948.444458</ele>
      </trkpt>
      <trkpt lat="46.14613" lon="6.9488">
        <ele>1949.59082</ele>
      </trkpt>
      <trkpt lat="46.14622" lon="6.94865">
        <ele>1950.911499</ele>
      </trkpt>
      <trkpt lat="46.14631" lon="6.94849">
        <ele>1952.306763</ele>
      </trkpt>
      <trkpt lat="46.14638" lon="6.94832">
        <ele>1953.619873</ele>
      </trkpt>
      <trkpt lat="46.14648" lon="6.94819">
        <ele>1954.978638</ele>
      </trkpt>
      <trkpt lat="46.14661" lon="6.94811">
        <ele>1956.347168</ele>
      </trkpt>
      <trkpt lat="46.14673" lon="6.94801">
        <ele>1958.195068</ele>
      </trkpt>
      <trkpt lat="46.14681" lon="6.94785">
        <ele>1960.007324</ele>
      </trkpt>
      <trkpt lat="46.14689" lon="6.94766">
        <ele>1961.724854</ele>
      </trkpt>
      <trkpt lat="46.14695" lon="6.94748">
        <ele>1963.127197</ele>
      </trkpt>
      <trkpt lat="46.14697" lon="6.94728">
        <ele>1964.353027</ele>
      </trkpt>
      <trkpt lat="46.14705" lon="6.94711">
        <ele>1965.919678</ele>
      </trkpt>
      <trkpt lat="46.14717" lon="6.94701">
        <ele>1967.76416</ele>
      </trkpt>
      <trkpt lat="46.1473" lon="6.94695">
        <ele>1969.442383</ele>
      </trkpt>
      <trkpt lat="46.14739" lon="6.9468">
        <ele>1970.739746</ele>
      </trkpt>
      <trkpt lat="46.14747" lon="6.94664">
        <ele>1971.882324</ele>
      </trkpt>
      <trkpt lat="46.14756" lon="6.94648">
        <ele>1973.754517</ele>
      </trkpt>
      <trkpt lat="46.14759" lon="6.94628">
        <ele>1975.344238</ele>
      </trkpt>
      <trkpt lat="46.14767" lon="6.9461">
        <ele>1977.523804</ele>
      </trkpt>
      <trkpt lat="46.14767" lon="6.9459">
        <ele>1978.641113</ele>
      </trkpt>
      <trkpt lat="46.14769" lon="6.94565">
        <ele>1980.782959</ele>
      </trkpt>
      <trkpt lat="46.14773" lon="6.94545">
        <ele>1983.022705</ele>
      </trkpt>
      <trkpt lat="46.14772" lon="6.94525">
        <ele>1984.491455</ele>
      </trkpt>
      <trkpt lat="46.1477" lon="6.94505">
        <ele>1985.535522</ele>
      </trkpt>
      <trkpt lat="46.14775" lon="6.94486">
        <ele>1988.318604</ele>
      </trkpt>
      <trkpt lat="46.1478" lon="6.94468">
        <ele>1991.237305</ele>
      </trkpt>
      <trkpt lat="46.14784" lon="6.94449">
        <ele>1994.028076</ele>
      </trkpt>
      <trkpt lat="46.14779" lon="6.9443">
        <ele>1994.675415</ele>
      </trkpt>
      <trkpt lat="46.14769" lon="6.94416">
        <ele>1994.007202</ele>
      </trkpt>
      <trkpt lat="46.1476" lon="6.94401">
        <ele>1993.85083</ele>
      </trkpt>
      <trkpt lat="46.14758" lon="6.9438">
        <ele>1995.779297</ele>
      </trkpt>
      <trkpt lat="46.1475" lon="6.94364">
        <ele>1996.371948</ele>
      </trkpt>
      <trkpt lat="46.14746" lon="6.94345">
        <ele>1998.829468</ele>
      </trkpt>
      <trkpt lat="46.14738" lon="6.94328">
        <ele>2001.093018</ele>
      </trkpt>
      <trkpt lat="46.14737" lon="6.94308">
        <ele>2003.498901</ele>
      </trkpt>
      <trkpt lat="46.14734" lon="6.94289">
        <ele>2005.85791</ele>
      </trkpt>
      <trkpt lat="46.14735" lon="6.94268">
        <ele>2008.309082</ele>
      </trkpt>
      <trkpt lat="46.14735" lon="6.94248">
        <ele>2010.644409</ele>
      </trkpt>
      <trkpt lat="46.14733" lon="6.94229">
        <ele>2012.876343</ele>
      </trkpt>
      <trkpt lat="46.14728" lon="6.94211">
        <ele>2014.659424</ele>
      </trkpt>
      <trkpt lat="46.14728" lon="6.9419">
        <ele>2016.998169</ele>
      </trkpt>
      <trkpt lat="46.14733" lon="6.94171">
        <ele>2019.604248</ele>
      </trkpt>
      <trkpt lat="46.1474" lon="6.94154">
        <ele>2022.445068</ele>
      </trkpt>
      <trkpt lat="46.14742" lon="6.94134">
        <ele>2025.151978</ele>
      </trkpt>
      <trkpt lat="46.1475" lon="6.94118">
        <ele>2028.383301</ele>
      </trkpt>
      <trkpt lat="46.14752" lon="6.94098">
        <ele>2031.187256</ele>
      </trkpt>
      <trkpt lat="46.14758" lon="6.9408">
        <ele>2034.42627</ele>
      </trkpt>
      <trkpt lat="46.14767" lon="6.94065">
        <ele>2038.381592</ele>
      </trkpt>
      <trkpt lat="46.14776" lon="6.9405">
        <ele>2042.135498</ele>
      </trkpt>
      <trkpt lat="46.14783" lon="6.94034">
        <ele>2045.9729</ele>
      </trkpt>
      <trkpt lat="46.14791" lon="6.94018">
        <ele>2049.646973</ele>
      </trkpt>
      <trkpt lat="46.14796" lon="6.93999">
        <ele>2053.446777</ele>
      </trkpt>
      <trkpt lat="46.14794" lon="6.9398">
        <ele>2057.320312</ele>
      </trkpt>
      <trkpt lat="46.14781" lon="6.93986">
        <ele>2054.880127</ele>
      </trkpt>
      <trkpt lat="46.14773" lon="6.93969">
        <ele>2057.64917</ele>
      </trkpt>
      <trkpt lat="46.14773" lon="6.9395">
        <ele>2061.365967</ele>
      </trkpt>
      <trkpt lat="46.14783" lon="6.93936">
        <ele>2065.188721</ele>
      </trkpt>
      <trkpt lat="46.14784" lon="6.93916">
        <ele>2069.219238</ele>
      </trkpt>
      <trkpt lat="46.14785" lon="6.93896">
        <ele>2073.299561</ele>
      </trkpt>
      <trkpt lat="46.14791" lon="6.93876">
        <ele>2078.433105</ele>
      </trkpt>
      <trkpt lat="46.14797" lon="6.93859">
        <ele>2083.85498</ele>
      </trkpt>
      <trkpt lat="46.148" lon="6.9384">
        <ele>2089.140137</ele>
      </trkpt>
      <trkpt lat="46.14803" lon="6.93821">
        <ele>2094.090088</ele>
      </trkpt>
      <trkpt lat="46.14805" lon="6.93801">
        <ele>2098.131104</ele>
      </trkpt>
      <trkpt lat="46.14801" lon="6.93782">
        <ele>2099.659424</ele>
      </trkpt>
      <trkpt lat="46.14798" lon="6.93762">
        <ele>2101.627441</ele>
      </trkpt>
      <trkpt lat="46.14804" lon="6.93744">
        <ele>2107.498291</ele>
      </trkpt>
      <trkpt lat="46.14818" lon="6.93746">
        <ele>2114.368164</ele>
      </trkpt>
      <trkpt lat="46.1483" lon="6.93736">
        <ele>2122.877686</ele>
      </trkpt>
      <trkpt lat="46.14841" lon="6.93725">
        <ele>2127.114258</ele>
      </trkpt>
      <trkpt lat="46.14836" lon="6.93707">
        <ele>2130.863281</ele>
      </trkpt>
      <trkpt lat="46.14828" lon="6.9369">
        <ele>2130.742432</ele>
      </trkpt>
      <trkpt lat="46.14825" lon="6.93671">
        <ele>2132.69751</ele>
      </trkpt>
      <trkpt lat="46.14839" lon="6.93674">
        <ele>2137.751709</ele>
      </trkpt>
      <trkpt lat="46.14845" lon="6.93656">
        <ele>2140.819824</ele>
      </trkpt>
      <trkpt lat="46.1485" lon="6.93638">
        <ele>2143.582764</ele>
      </trkpt>
      <trkpt lat="46.14854" lon="6.93619">
        <ele>2146.672607</ele>
      </trkpt>
      <trkpt lat="46.14856" lon="6.93599">
        <ele>2149.870361</ele>
      </trkpt>
      <trkpt lat="46.1486" lon="6.93579">
        <ele>2153.692139</ele>
      </trkpt>
      <trkpt lat="46.14871" lon="6.93567">
        <ele>2157.817871</ele>
      </trkpt>
      <trkpt lat="46.14868" lon="6.93547">
        <ele>2159.727783</ele>
      </trkpt>
      <trkpt lat="46.14872" lon="6.93528">
        <ele>2163.384521</ele>
      </trkpt>
      <trkpt lat="46.14873" lon="6.93507">
        <ele>2166.457031</ele>
      </trkpt>
      <trkpt lat="46.14878" lon="6.93489">
        <ele>2171.183594</ele>
      </trkpt>
      <trkpt lat="46.1488" lon="6.93469">
        <ele>2175.738525</ele>
      </trkpt>
      <trkpt lat="46.14886" lon="6.93451">
        <ele>2181.200684</ele>
      </trkpt>
      <trkpt lat="46.14897" lon="6.93439">
        <ele>2186.838135</ele>
      </trkpt>
      <trkpt lat="46.14906" lon="6.93425">
        <ele>2192.394531</ele>
      </trkpt>
      <trkpt lat="46.14895" lon="6.93412">
        <ele>2192.119141</ele>
      </trkpt>
      <trkpt lat="46.14882" lon="6.93403">
        <ele>2191.53125</ele>
      </trkpt>
      <trkpt lat="46.1487" lon="6.93392">
        <ele>2191.623535</ele>
      </trkpt>
      <trkpt lat="46.14857" lon="6.93385">
        <ele>2190.500488</ele>
      </trkpt>
      <trkpt lat="46.14847" lon="6.93371">
        <ele>2192.371094</ele>
      </trkpt>
      <trkpt lat="46.14845" lon="6.93351">
        <ele>2198.473145</ele>
      </trkpt>
      <trkpt lat="46.14842" lon="6.93332">
        <ele>2204.139893</ele>
      </trkpt>
      <trkpt lat="46.14834" lon="6.93315">
        <ele>2209.026855</ele>
      </trkpt>
      <trkpt lat="46.14822" lon="6.93305">
        <ele>2204.783447</ele>
      </trkpt>
      <trkpt lat="46.14814" lon="6.93289">
        <ele>2204.910889</ele>
      </trkpt>
      <trkpt lat="46.14807" lon="6.93272">
        <ele>2206.423828</ele>
      </trkpt>
      <trkpt lat="46.14811" lon="6.93253">
        <ele>2217.471191</ele>
      </trkpt>
      <trkpt lat="46.14803" lon="6.93236">
        <ele>2217.532715</ele>
      </trkpt>
      <trkpt lat="46.14791" lon="6.93224">
        <ele>2212.480957</ele>
      </trkpt>
      <trkpt lat="46.14786" lon="6.93206">
        <ele>2215.108154</ele>
      </trkpt>
      <trkpt lat="46.14777" lon="6.9319">
        <ele>2214.155518</ele>
      </trkpt>
      <trkpt lat="46.14784" lon="6.93173">
        <ele>2226.113525</ele>
      </trkpt>
      <trkpt lat="46.1479" lon="6.93155">
        <ele>2235.580566</ele>
      </trkpt>
      <trkpt lat="46.14791" lon="6.93135">
        <ele>2241.362549</ele>
      </trkpt>
      <trkpt lat="46.14786" lon="6.93117">
        <ele>2241.447754</ele>
      </trkpt>
      <trkpt lat="46.14785" lon="6.93097">
        <ele>2245.668213</ele>
      </trkpt>
      <trkpt lat="46.14784" lon="6.93077">
        <ele>2248.776611</ele>
      </trkpt>
      <trkpt lat="46.14779" lon="6.93059">
        <ele>2248.062256</ele>
      </trkpt>
      <trkpt lat="46.1477" lon="6.93044">
        <ele>2244.611328</ele>
      </trkpt>
      <trkpt lat="46.1477" lon="6.93024">
        <ele>2248.105957</ele>
      </trkpt>
      <trkpt lat="46.14768" lon="6.93005">
        <ele>2250.976562</ele>
      </trkpt>
      <trkpt lat="46.14771" lon="6.92984">
        <ele>2253.663086</ele>
      </trkpt>
      <trkpt lat="46.14775" lon="6.92965">
        <ele>2255.659912</ele>
      </trkpt>
      <trkpt lat="46.14775" lon="6.92945">
        <ele>2255.428467</ele>
      </trkpt>
      <trkpt lat="46.14778" lon="6.92926">
        <ele>2256.929199</ele>
      </trkpt>
      <trkpt lat="46.14775" lon="6.92906">
        <ele>2254.447754</ele>
      </trkpt>
      <trkpt lat="46.1478" lon="6.92887">
        <ele>2258.296875</ele>
      </trkpt>
      <trkpt lat="46.14788" lon="6.92871">
        <ele>2264.203613</ele>
      </trkpt>
      <trkpt lat="46.14789" lon="6.92851">
        <ele>2265.112061</ele>
      </trkpt>
      <trkpt lat="46.14792" lon="6.92832">
        <ele>2267.066895</ele>
      </trkpt>
      <trkpt lat="46.14801" lon="6.92816">
        <ele>2271.252686</ele>
      </trkpt>
      <trkpt lat="46.14804" lon="6.92797">
        <ele>2271.97998</ele>
      </trkpt>
      <trkpt lat="46.148" lon="6.92778">
        <ele>2268.101074</ele>
      </trkpt>
      <trkpt lat="46.14809" lon="6.92763">
        <ele>2273.129395</ele>
      </trkpt>
      <trkpt lat="46.14812" lon="6.92744">
        <ele>2273.47583</ele>
      </trkpt>
      <trkpt lat="46.1482" lon="6.92727">
        <ele>2277.338867</ele>
      </trkpt>
      <trkpt lat="46.14829" lon="6.92709">
        <ele>2282.063232</ele>
      </trkpt>
      <trkpt lat="46.14835" lon="6.92691">
        <ele>2284.722656</ele>
      </trkpt>
      <trkpt lat="46.14842" lon="6.92674">
        <ele>2287.818848</ele>
      </trkpt>
      <trkpt lat="46.1485" lon="6.92658">
        <ele>2294.000488</ele>
      </trkpt>
      <trkpt lat="46.14848" lon="6.92639">
        <ele>2294.620361</ele>
      </trkpt>
      <trkpt lat="46.1485" lon="6.92619">
        <ele>2298.776611</ele>
      </trkpt>
      <trkpt lat="46.14843" lon="6.92602">
        <ele>2296.494629</ele>
      </trkpt>
      <trkpt lat="46.1485" lon="6.92585">
        <ele>2302.875977</ele>
      </trkpt>
      <trkpt lat="46.14858" lon="6.92569">
        <ele>2310.702393</ele>
      </trkpt>
      <trkpt lat="46.14866" lon="6.92552">
        <ele>2319.031006</ele>
      </trkpt>
      <trkpt lat="46.14872" lon="6.92534">
        <ele>2326.593506</ele>
      </trkpt>
      <trkpt lat="46.1487" lon="6.92514">
        <ele>2329.449219</ele>
      </trkpt>
      <trkpt lat="46.14869" lon="6.92493">
        <ele>2335.327148</ele>
      </trkpt>
      <trkpt lat="46.1487" lon="6.92474">
        <ele>2345.242188</ele>
      </trkpt>
      <trkpt lat="46.14873" lon="6.92454">
        <ele>2356.396729</ele>
      </trkpt>
      <trkpt lat="46.14876" lon="6.92435">
        <ele>2367.094727</ele>
      </trkpt>
      <trkpt lat="46.1487" lon="6.92418">
        <ele>2372.009766</ele>
      </trkpt>
      <trkpt lat="46.14864" lon="6.924">
        <ele>2376.909912</ele>
      </trkpt>
      <trkpt lat="46.14851" lon="6.92395">
        <ele>2373.849365</ele>
      </trkpt>
      <trkpt lat="46.1485" lon="6.92375">
        <ele>2383.555176</ele>
      </trkpt>
      <trkpt lat="46.14836" lon="6.92372">
        <ele>2380.039307</ele>
      </trkpt>
      <trkpt lat="46.14825" lon="6.92361">
        <ele>2383.046387</ele>
      </trkpt>
      <trkpt lat="46.14815" lon="6.92374">
        <ele>2372.822754</ele>
      </trkpt>
      <trkpt lat="46.14805" lon="6.92361">
        <ele>2376.867188</ele>
      </trkpt>
      <trkpt lat="46.14791" lon="6.92358">
        <ele>2374.672119</ele>
      </trkpt>
      <trkpt lat="46.14792" lon="6.92338">
        <ele>2385.525391</ele>
      </trkpt>
      <trkpt lat="46.14794" lon="6.92319">
        <ele>2394.43042</ele>
      </trkpt>
      <trkpt lat="46.1479" lon="6.923">
        <ele>2400.394531</ele>
      </trkpt>
      <trkpt lat="46.14792" lon="6.92279">
        <ele>2408.819336</ele>
      </trkpt>
      <trkpt lat="46.14789" lon="6.9226">
        <ele>2415.484375</ele>
      </trkpt>
      <trkpt lat="46.14797" lon="6.92244">
        <ele>2423.405273</ele>
      </trkpt>
      <trkpt lat="46.14796" lon="6.92224">
        <ele>2430.043945</ele>
      </trkpt>
      <trkpt lat="46.14807" lon="6.9221">
        <ele>2436.783691</ele>
      </trkpt>
      <trkpt lat="46.14804" lon="6.92191">
        <ele>2442.709473</ele>
      </trkpt>
      <trkpt lat="46.14807" lon="6.92172">
        <ele>2449.664307</ele>
      </trkpt>
      <trkpt lat="46.14821" lon="6.92171">
        <ele>2451.84668</ele>
      </trkpt>
      <trkpt lat="46.14832" lon="6.92161">
        <ele>2456.755127</ele>
      </trkpt>
      <trkpt lat="46.14845" lon="6.92151">
        <ele>2464.247803</ele>
      </trkpt>
      <trkpt lat="46.14857" lon="6.92142">
        <ele>2471.259277</ele>
      </trkpt>
      <trkpt lat="46.1487" lon="6.92133">
        <ele>2478.214355</ele>
      </trkpt>
      <trkpt lat="46.14882" lon="6.92125">
        <ele>2484.680176</ele>
      </trkpt>
      <trkpt lat="46.14892" lon="6.9211">
        <ele>2491.546875</ele>
      </trkpt>
      <trkpt lat="46.14902" lon="6.92099">
        <ele>2497.943848</ele>
      </trkpt>
      <trkpt lat="46.14913" lon="6.92087">
        <ele>2504.126709</ele>
      </trkpt>
      <trkpt lat="46.14907" lon="6.92069">
        <ele>2503.349854</ele>
      </trkpt>
      <trkpt lat="46.14896" lon="6.92051">
        <ele>2501.134766</ele>
      </trkpt>
      <trkpt lat="46.14882" lon="6.92047">
        <ele>2498.57666</ele>
      </trkpt>
      <trkpt lat="46.14869" lon="6.92041">
        <ele>2496.484375</ele>
      </trkpt>
      <trkpt lat="46.14855" lon="6.92037">
        <ele>2494.368896</ele>
      </trkpt>
      <trkpt lat="46.14845" lon="6.92023">
        <ele>2494.663086</ele>
      </trkpt>
      <trkpt lat="46.1484" lon="6.92004">
        <ele>2497.041992</ele>
      </trkpt>
      <trkpt lat="46.14836" lon="6.91983">
        <ele>2492.20459</ele>
      </trkpt>
      <trkpt lat="46.14829" lon="6.91965">
        <ele>2487.561523</ele>
      </trkpt>
      <trkpt lat="46.14836" lon="6.91948">
        <ele>2481.663818</ele>
      </trkpt>
      <trkpt lat="46.14838" lon="6.91928">
        <ele>2475.748535</ele>
      </trkpt>
      <trkpt lat="46.14839" lon="6.91908">
        <ele>2469.552002</ele>
      </trkpt>
      <trkpt lat="46.14841" lon="6.91888">
        <ele>2462.891357</ele>
      </trkpt>
      <trkpt lat="46.14829" lon="6.91878">
        <ele>2459.959961</ele>
      </trkpt>
      <trkpt lat="46.1483" lon="6.91859">
        <ele>2453.187256</ele>
      </trkpt>
      <trkpt lat="46.14843" lon="6.91853">
        <ele>2450.820801</ele>
      </trkpt>
      <trkpt lat="46.14849" lon="6.91834">
        <ele>2444.078613</ele>
      </trkpt>
      <trkpt lat="46.14852" lon="6.91813">
        <ele>2438.065918</ele>
      </trkpt>
      <trkpt lat="46.14864" lon="6.91802">
        <ele>2435.244629</ele>
      </trkpt>
      <trkpt lat="46.14877" lon="6.91799">
        <ele>2434.601074</ele>
      </trkpt>
      <trkpt lat="46.14889" lon="6.91787">
        <ele>2431.655762</ele>
      </trkpt>
      <trkpt lat="46.149" lon="6.91776">
        <ele>2428.967041</ele>
      </trkpt>
      <trkpt lat="46.14911" lon="6.91763">
        <ele>2426.072021</ele>
      </trkpt>
      <trkpt lat="46.14909" lon="6.91743">
        <ele>2422.244141</ele>
      </trkpt>
      <trkpt lat="46.14902" lon="6.91727">
        <ele>2420.584961</ele>
      </trkpt>
      <trkpt lat="46.14896" lon="6.91703">
        <ele>2418.151367</ele>
      </trkpt>
      <trkpt lat="46.14889" lon="6.91685">
        <ele>2415.398682</ele>
      </trkpt>
      <trkpt lat="46.1488" lon="6.91671">
        <ele>2412.296875</ele>
      </trkpt>
      <trkpt lat="46.14874" lon="6.91652">
        <ele>2410.269531</ele>
      </trkpt>
      <trkpt lat="46.14868" lon="6.91634">
        <ele>2408.48584</ele>
      </trkpt>
      <trkpt lat="46.14857" lon="6.91622">
        <ele>2405.981689</ele>
      </trkpt>
      <trkpt lat="46.14849" lon="6.91602">
        <ele>2403.598389</ele>
      </trkpt>
      <trkpt lat="46.14845" lon="6.91583">
        <ele>2402.13623</ele>
      </trkpt>
      <trkpt lat="46.14841" lon="6.91562">
        <ele>2400.056396</ele>
      </trkpt>
      <trkpt lat="46.14833" lon="6.91544">
        <ele>2397.625732</ele>
      </trkpt>
      <trkpt lat="46.14825" lon="6.91529">
        <ele>2394.769043</ele>
      </trkpt>
      <trkpt lat="46.14818" lon="6.91511">
        <ele>2392.043457</ele>
      </trkpt>
      <trkpt lat="46.14799" lon="6.91471">
        <ele>2380.258789</ele>
      </trkpt>
      <trkpt lat="46.14785" lon="6.91464">
        <ele>2375.361084</ele>
      </trkpt>
      <trkpt lat="46.14772" lon="6.9146">
        <ele>2371.165039</ele>
      </trkpt>
      <trkpt lat="46.14758" lon="6.91463">
        <ele>2368.403809</ele>
      </trkpt>
      <trkpt lat="46.14744" lon="6.91456">
        <ele>2364.035156</ele>
      </trkpt>
      <trkpt lat="46.14737" lon="6.9144">
        <ele>2359.296143</ele>
      </trkpt>
      <trkpt lat="46.1473" lon="6.91422">
        <ele>2354.620117</ele>
      </trkpt>
      <trkpt lat="46.14723" lon="6.91404">
        <ele>2351.405273</ele>
      </trkpt>
      <trkpt lat="46.14714" lon="6.91389">
        <ele>2348.813965</ele>
      </trkpt>
      <trkpt lat="46.14711" lon="6.91368">
        <ele>2346.42334</ele>
      </trkpt>
      <trkpt lat="46.14704" lon="6.91351">
        <ele>2344.447998</ele>
      </trkpt>
      <trkpt lat="46.14693" lon="6.91336">
        <ele>2342.853027</ele>
      </trkpt>
      <trkpt lat="46.14684" lon="6.91321">
        <ele>2341.062256</ele>
      </trkpt>
      <trkpt lat="46.14682" lon="6.91301">
        <ele>2338.800049</ele>
      </trkpt>
      <trkpt lat="46.14676" lon="6.91281">
        <ele>2336.739258</ele>
      </trkpt>
      <trkpt lat="46.14666" lon="6.91268">
        <ele>2335.585938</ele>
      </trkpt>
      <trkpt lat="46.14657" lon="6.91252">
        <ele>2332.950439</ele>
      </trkpt>
      <trkpt lat="46.14649" lon="6.91236">
        <ele>2329.457275</ele>
      </trkpt>
      <trkpt lat="46.14638" lon="6.91223">
        <ele>2326.308594</ele>
      </trkpt>
      <trkpt lat="46.14629" lon="6.91207">
        <ele>2323.17627</ele>
      </trkpt>
      <trkpt lat="46.14623" lon="6.91189">
        <ele>2320.22876</ele>
      </trkpt>
      <trkpt lat="46.14625" lon="6.91168">
        <ele>2317.604492</ele>
      </trkpt>
      <trkpt lat="46.14614" lon="6.91155">
        <ele>2315.67041</ele>
      </trkpt>
      <trkpt lat="46.14614" lon="6.91136">
        <ele>2313.530273</ele>
      </trkpt>
      <trkpt lat="46.14609" lon="6.91117">
        <ele>2310.706543</ele>
      </trkpt>
      <trkpt lat="46.14607" lon="6.91097">
        <ele>2308.025391</ele>
      </trkpt>
      <trkpt lat="46.14598" lon="6.91082">
        <ele>2304.436523</ele>
      </trkpt>
      <trkpt lat="46.14596" lon="6.91063">
        <ele>2304.551758</ele>
      </trkpt>
      <trkpt lat="46.14585" lon="6.9105">
        <ele>2302.188721</ele>
      </trkpt>
      <trkpt lat="46.14578" lon="6.91033">
        <ele>2301.219971</ele>
      </trkpt>
      <trkpt lat="46.1457" lon="6.91017">
        <ele>2299.825439</ele>
      </trkpt>
      <trkpt lat="46.14563" lon="6.90997">
        <ele>2298.268066</ele>
      </trkpt>
      <trkpt lat="46.14553" lon="6.90978">
        <ele>2297.128906</ele>
      </trkpt>
      <trkpt lat="46.14549" lon="6.90957">
        <ele>2297.174316</ele>
      </trkpt>
      <trkpt lat="46.14539" lon="6.90935">
        <ele>2295.23877</ele>
      </trkpt>
      <trkpt lat="46.14529" lon="6.90919">
        <ele>2292.756592</ele>
      </trkpt>
      <trkpt lat="46.1452" lon="6.90904">
        <ele>2290.834473</ele>
      </trkpt>
      <trkpt lat="46.14508" lon="6.90895">
        <ele>2287.603027</ele>
      </trkpt>
      <trkpt lat="46.14509" lon="6.90874">
        <ele>2289.522217</ele>
      </trkpt>
      <trkpt lat="46.14496" lon="6.90863">
        <ele>2286.334717</ele>
      </trkpt>
      <trkpt lat="46.14487" lon="6.90847">
        <ele>2284.71167</ele>
      </trkpt>
      <trkpt lat="46.14481" lon="6.90828">
        <ele>2284.349609</ele>
      </trkpt>
      <trkpt lat="46.14473" lon="6.90812">
        <ele>2282.995117</ele>
      </trkpt>
      <trkpt lat="46.14462" lon="6.908">
        <ele>2280.383789</ele>
      </trkpt>
      <trkpt lat="46.14449" lon="6.9079">
        <ele>2277.354248</ele>
      </trkpt>
      <trkpt lat="46.14439" lon="6.90776">
        <ele>2275.458008</ele>
      </trkpt>
      <trkpt lat="46.14428" lon="6.90766">
        <ele>2272.759766</ele>
      </trkpt>
      <trkpt lat="46.14419" lon="6.90751">
        <ele>2271.569336</ele>
      </trkpt>
      <trkpt lat="46.14409" lon="6.90736">
        <ele>2267.862793</ele>
      </trkpt>
      <trkpt lat="46.14406" lon="6.90717">
        <ele>2266.383545</ele>
      </trkpt>
      <trkpt lat="46.144" lon="6.90698">
        <ele>2264.16333</ele>
      </trkpt>
      <trkpt lat="46.14404" lon="6.90679">
        <ele>2265.501221</ele>
      </trkpt>
      <trkpt lat="46.14409" lon="6.90661">
        <ele>2267.081055</ele>
      </trkpt>
      <trkpt lat="46.14402" lon="6.90645">
        <ele>2263.48877</ele>
      </trkpt>
      <trkpt lat="46.14396" lon="6.90626">
        <ele>2260.419922</ele>
      </trkpt>
      <trkpt lat="46.1439" lon="6.90609">
        <ele>2256.759277</ele>
      </trkpt>
      <trkpt lat="46.14384" lon="6.90588">
        <ele>2252.80127</ele>
      </trkpt>
      <trkpt lat="46.14388" lon="6.90568">
        <ele>2253.869141</ele>
      </trkpt>
      <trkpt lat="46.1439" lon="6.90548">
        <ele>2254.171631</ele>
      </trkpt>
      <trkpt lat="46.14383" lon="6.90531">
        <ele>2251.439941</ele>
      </trkpt>
      <trkpt lat="46.14376" lon="6.90513">
        <ele>2248.787598</ele>
      </trkpt>
      <trkpt lat="46.14363" lon="6.905">
        <ele>2244.70874</ele>
      </trkpt>
      <trkpt lat="46.14352" lon="6.90489">
        <ele>2241.611328</ele>
      </trkpt>
      <trkpt lat="46.14342" lon="6.90475">
        <ele>2239.383301</ele>
      </trkpt>
      <trkpt lat="46.14332" lon="6.9046">
        <ele>2236.96582</ele>
      </trkpt>
      <trkpt lat="46.14322" lon="6.90446">
        <ele>2234.109619</ele>
      </trkpt>
      <trkpt lat="46.14313" lon="6.9043">
        <ele>2231.374512</ele>
      </trkpt>
      <trkpt lat="46.14306" lon="6.90413">
        <ele>2229.542969</ele>
      </trkpt>
      <trkpt lat="46.14296" lon="6.90399">
        <ele>2225.342529</ele>
      </trkpt>
      <trkpt lat="46.14292" lon="6.9038">
        <ele>2223.198975</ele>
      </trkpt>
      <trkpt lat="46.14286" lon="6.90361">
        <ele>2219.754639</ele>
      </trkpt>
      <trkpt lat="46.14276" lon="6.90347">
        <ele>2215.004639</ele>
      </trkpt>
      <trkpt lat="46.14262" lon="6.90347">
        <ele>2208.465332</ele>
      </trkpt>
      <trkpt lat="46.14264" lon="6.90327">
        <ele>2208.263184</ele>
      </trkpt>
      <trkpt lat="46.14251" lon="6.90321">
        <ele>2201.603516</ele>
      </trkpt>
      <trkpt lat="46.14239" lon="6.90312">
        <ele>2195.953125</ele>
      </trkpt>
      <trkpt lat="46.14226" lon="6.90308">
        <ele>2190.599854</ele>
      </trkpt>
      <trkpt lat="46.14215" lon="6.90296">
        <ele>2185.461914</ele>
      </trkpt>
      <trkpt lat="46.14208" lon="6.90279">
        <ele>2181.480957</ele>
      </trkpt>
      <trkpt lat="46.142" lon="6.90262">
        <ele>2177.374512</ele>
      </trkpt>
      <trkpt lat="46.14194" lon="6.90245">
        <ele>2173.893555</ele>
      </trkpt>
      <trkpt lat="46.14184" lon="6.9023">
        <ele>2169.714844</ele>
      </trkpt>
      <trkpt lat="46.14183" lon="6.90211">
        <ele>2168.754639</ele>
      </trkpt>
      <trkpt lat="46.14177" lon="6.90193">
        <ele>2166.094727</ele>
      </trkpt>
      <trkpt lat="46.14173" lon="6.90174">
        <ele>2163.655762</ele>
      </trkpt>
      <trkpt lat="46.14166" lon="6.90157">
        <ele>2160.887451</ele>
      </trkpt>
      <trkpt lat="46.14154" lon="6.90147">
        <ele>2157.742432</ele>
      </trkpt>
      <trkpt lat="46.14141" lon="6.90137">
        <ele>2154.295166</ele>
      </trkpt>
      <trkpt lat="46.14129" lon="6.90126">
        <ele>2150.875</ele>
      </trkpt>
      <trkpt lat="46.14126" lon="6.90107">
        <ele>2149.681641</ele>
      </trkpt>
      <trkpt lat="46.14117" lon="6.90092">
        <ele>2146.742188</ele>
      </trkpt>
      <trkpt lat="46.1411" lon="6.90075">
        <ele>2144.599609</ele>
      </trkpt>
      <trkpt lat="46.14102" lon="6.90058">
        <ele>2142.692139</ele>
      </trkpt>
      <trkpt lat="46.14095" lon="6.90041">
        <ele>2140.848145</ele>
      </trkpt>
      <trkpt lat="46.14088" lon="6.90024">
        <ele>2139.009277</ele>
      </trkpt>
      <trkpt lat="46.14077" lon="6.90012">
        <ele>2136.658691</ele>
      </trkpt>
      <trkpt lat="46.14068" lon="6.89997">
        <ele>2135.578125</ele>
      </trkpt>
      <trkpt lat="46.14057" lon="6.89984">
        <ele>2133.944336</ele>
      </trkpt>
      <trkpt lat="46.14046" lon="6.89971">
        <ele>2132.082031</ele>
      </trkpt>
      <trkpt lat="46.14039" lon="6.89953">
        <ele>2130.783936</ele>
      </trkpt>
      <trkpt lat="46.14027" lon="6.89945">
        <ele>2128.289062</ele>
      </trkpt>
      <trkpt lat="46.14015" lon="6.89936">
        <ele>2125.68335</ele>
      </trkpt>
      <trkpt lat="46.14004" lon="6.89923">
        <ele>2123.104004</ele>
      </trkpt>
      <trkpt lat="46.13991" lon="6.89916">
        <ele>2118.757812</ele>
      </trkpt>
      <trkpt lat="46.13981" lon="6.89902">
        <ele>2114.720459</ele>
      </trkpt>
      <trkpt lat="46.13973" lon="6.89886">
        <ele>2111.318359</ele>
      </trkpt>
      <trkpt lat="46.13964" lon="6.89872">
        <ele>2107.618652</ele>
      </trkpt>
      <trkpt lat="46.13952" lon="6.8986">
        <ele>2103.459961</ele>
      </trkpt>
      <trkpt lat="46.13947" lon="6.89841">
        <ele>2101.018555</ele>
      </trkpt>
      <trkpt lat="46.1394" lon="6.89824">
        <ele>2097.914307</ele>
      </trkpt>
      <trkpt lat="46.13947" lon="6.89806">
        <ele>2098.958984</ele>
      </trkpt>
      <trkpt lat="46.13939" lon="6.89821">
        <ele>2097.370117</ele>
      </trkpt>
      <trkpt lat="46.13931" lon="6.89805">
        <ele>2093.813965</ele>
      </trkpt>
      <trkpt lat="46.13945" lon="6.89806">
        <ele>2098.290283</ele>
      </trkpt>
      <trkpt lat="46.13931" lon="6.898">
        <ele>2093.604492</ele>
      </trkpt>
      <trkpt lat="46.13935" lon="6.89781">
        <ele>2093.394531</ele>
      </trkpt>
      <trkpt lat="46.13942" lon="6.89765">
        <ele>2094.59668</ele>
      </trkpt>
      <trkpt lat="46.13932" lon="6.89749">
        <ele>2090.649902</ele>
      </trkpt>
      <trkpt lat="46.13926" lon="6.89731">
        <ele>2087.830322</ele>
      </trkpt>
      <trkpt lat="46.13917" lon="6.89714">
        <ele>2084.341309</ele>
      </trkpt>
      <trkpt lat="46.13911" lon="6.89696">
        <ele>2083.090088</ele>
      </trkpt>
      <trkpt lat="46.13907" lon="6.89677">
        <ele>2081.866211</ele>
      </trkpt>
      <trkpt lat="46.13902" lon="6.89658">
        <ele>2080.371826</ele>
      </trkpt>
      <trkpt lat="46.13893" lon="6.89642">
        <ele>2078.631104</ele>
      </trkpt>
      <trkpt lat="46.13892" lon="6.8962">
        <ele>2077.083008</ele>
      </trkpt>
      <trkpt lat="46.13886" lon="6.89602">
        <ele>2075.362793</ele>
      </trkpt>
      <trkpt lat="46.13881" lon="6.89583">
        <ele>2073.53418</ele>
      </trkpt>
      <trkpt lat="46.13876" lon="6.89564">
        <ele>2071.598389</ele>
      </trkpt>
      <trkpt lat="46.13867" lon="6.8955">
        <ele>2069.460449</ele>
      </trkpt>
      <trkpt lat="46.13855" lon="6.8954">
        <ele>2067.316162</ele>
      </trkpt>
      <trkpt lat="46.13852" lon="6.89521">
        <ele>2065.263672</ele>
      </trkpt>
      <trkpt lat="46.13855" lon="6.89501">
        <ele>2063.940674</ele>
      </trkpt>
      <trkpt lat="46.13854" lon="6.89482">
        <ele>2062.409424</ele>
      </trkpt>
      <trkpt lat="46.13848" lon="6.89464">
        <ele>2060.087402</ele>
      </trkpt>
      <trkpt lat="46.13842" lon="6.89446">
        <ele>2057.803711</ele>
      </trkpt>
      <trkpt lat="46.13835" lon="6.89428">
        <ele>2055.249023</ele>
      </trkpt>
      <trkpt lat="46.13822" lon="6.89428">
        <ele>2054.220947</ele>
      </trkpt>
      <trkpt lat="46.13808" lon="6.89423">
        <ele>2052.873291</ele>
      </trkpt>
      <trkpt lat="46.13801" lon="6.89406">
        <ele>2050.541016</ele>
      </trkpt>
      <trkpt lat="46.13793" lon="6.8939">
        <ele>2047.918945</ele>
      </trkpt>
      <trkpt lat="46.1378" lon="6.89382">
        <ele>2045.66394</ele>
      </trkpt>
      <trkpt lat="46.13773" lon="6.89365">
        <ele>2042.604858</ele>
      </trkpt>
      <trkpt lat="46.13763" lon="6.89352">
        <ele>2039.521118</ele>
      </trkpt>
      <trkpt lat="46.13762" lon="6.89331">
        <ele>2036.310425</ele>
      </trkpt>
      <trkpt lat="46.13759" lon="6.89311">
        <ele>2032.782959</ele>
      </trkpt>
      <trkpt lat="46.13753" lon="6.89294">
        <ele>2028.897339</ele>
      </trkpt>
      <trkpt lat="46.13753" lon="6.89274">
        <ele>2025.638062</ele>
      </trkpt>
      <trkpt lat="46.13751" lon="6.89254">
        <ele>2021.77124</ele>
      </trkpt>
      <trkpt lat="46.13747" lon="6.89235">
        <ele>2018.419678</ele>
      </trkpt>
      <trkpt lat="46.1374" lon="6.89217">
        <ele>2014.381836</ele>
      </trkpt>
      <trkpt lat="46.1374" lon="6.89197">
        <ele>2011.876831</ele>
      </trkpt>
      <trkpt lat="46.13737" lon="6.89177">
        <ele>2008.436035</ele>
      </trkpt>
      <trkpt lat="46.13729" lon="6.89161">
        <ele>2004.299561</ele>
      </trkpt>
      <trkpt lat="46.13723" lon="6.89142">
        <ele>2000.980957</ele>
      </trkpt>
      <trkpt lat="46.13724" lon="6.89123">
        <ele>1999.438232</ele>
      </trkpt>
      <trkpt lat="46.13722" lon="6.89102">
        <ele>1996.532349</ele>
      </trkpt>
      <trkpt lat="46.13715" lon="6.89085">
        <ele>1992.38208</ele>
      </trkpt>
      <trkpt lat="46.1371" lon="6.89066">
        <ele>1988.72876</ele>
      </trkpt>
      <trkpt lat="46.13704" lon="6.89045">
        <ele>1984.406494</ele>
      </trkpt>
      <trkpt lat="46.13697" lon="6.89029">
        <ele>1979.476074</ele>
      </trkpt>
      <trkpt lat="46.1369" lon="6.88993">
        <ele>1972.705322</ele>
      </trkpt>
      <trkpt lat="46.13677" lon="6.88987">
        <ele>1966.545532</ele>
      </trkpt>
      <trkpt lat="46.13669" lon="6.8897">
        <ele>1960.79248</ele>
      </trkpt>
      <trkpt lat="46.13676" lon="6.88986">
        <ele>1966.126099</ele>
      </trkpt>
      <trkpt lat="46.1369" lon="6.88984">
        <ele>1971.55835</ele>
      </trkpt>
      <trkpt lat="46.13692" lon="6.88958">
        <ele>1969.702148</ele>
      </trkpt>
      <trkpt lat="46.13691" lon="6.88939">
        <ele>1967.115479</ele>
      </trkpt>
      <trkpt lat="46.13685" lon="6.88921">
        <ele>1962.270996</ele>
      </trkpt>
      <trkpt lat="46.13682" lon="6.88902">
        <ele>1958.215942</ele>
      </trkpt>
      <trkpt lat="46.13674" lon="6.88884">
        <ele>1951.740967</ele>
      </trkpt>
      <trkpt lat="46.13678" lon="6.88865">
        <ele>1951.06958</ele>
      </trkpt>
      <trkpt lat="46.13667" lon="6.88847">
        <ele>1943.009399</ele>
      </trkpt>
      <trkpt lat="46.13668" lon="6.88823">
        <ele>1940.23584</ele>
      </trkpt>
      <trkpt lat="46.13666" lon="6.88803">
        <ele>1936.998657</ele>
      </trkpt>
      <trkpt lat="46.13662" lon="6.88784">
        <ele>1934.50415</ele>
      </trkpt>
      <trkpt lat="46.13661" lon="6.88763">
        <ele>1931.934082</ele>
      </trkpt>
      <trkpt lat="46.13662" lon="6.88742">
        <ele>1929.041626</ele>
      </trkpt>
      <trkpt lat="46.13662" lon="6.88722">
        <ele>1926.279419</ele>
      </trkpt>
      <trkpt lat="46.1366" lon="6.88702">
        <ele>1923.467285</ele>
      </trkpt>
      <trkpt lat="46.13656" lon="6.88683">
        <ele>1921.168091</ele>
      </trkpt>
      <trkpt lat="46.13668" lon="6.88673">
        <ele>1919.557251</ele>
      </trkpt>
      <trkpt lat="46.13675" lon="6.88656">
        <ele>1920.320068</ele>
      </trkpt>
      <trkpt lat="46.13679" lon="6.88636">
        <ele>1919.356445</ele>
      </trkpt>
      <trkpt lat="46.13693" lon="6.88634">
        <ele>1924.549072</ele>
      </trkpt>
      <trkpt lat="46.13703" lon="6.8862">
        <ele>1925.614136</ele>
      </trkpt>
      <trkpt lat="46.13714" lon="6.88608">
        <ele>1926.54541</ele>
      </trkpt>
      <trkpt lat="46.13725" lon="6.88595">
        <ele>1926.47583</ele>
      </trkpt>
      <trkpt lat="46.1373" lon="6.88577">
        <ele>1922.523926</ele>
      </trkpt>
      <trkpt lat="46.13739" lon="6.8856">
        <ele>1918.862305</ele>
      </trkpt>
      <trkpt lat="46.13751" lon="6.88553">
        <ele>1918.888306</ele>
      </trkpt>
      <trkpt lat="46.13762" lon="6.8854">
        <ele>1916.334839</ele>
      </trkpt>
      <trkpt lat="46.13752" lon="6.88525">
        <ele>1907.990967</ele>
      </trkpt>
      <trkpt lat="46.13742" lon="6.88513">
        <ele>1902.54126</ele>
      </trkpt>
      <trkpt lat="46.13728" lon="6.8851">
        <ele>1901.300171</ele>
      </trkpt>
      <trkpt lat="46.13721" lon="6.88493">
        <ele>1897.735107</ele>
      </trkpt>
      <trkpt lat="46.13735" lon="6.8849">
        <ele>1897.351562</ele>
      </trkpt>
      <trkpt lat="46.13748" lon="6.88482">
        <ele>1896.519165</ele>
      </trkpt>
      <trkpt lat="46.13752" lon="6.88463">
        <ele>1894.890747</ele>
      </trkpt>
      <trkpt lat="46.13765" lon="6.88457">
        <ele>1894.016357</ele>
      </trkpt>
      <trkpt lat="46.13777" lon="6.88446">
        <ele>1892.391846</ele>
      </trkpt>
      <trkpt lat="46.13788" lon="6.88435">
        <ele>1890.586426</ele>
      </trkpt>
      <trkpt lat="46.13797" lon="6.88419">
        <ele>1888.019287</ele>
      </trkpt>
      <trkpt lat="46.1381" lon="6.88414">
        <ele>1886.244141</ele>
      </trkpt>
      <trkpt lat="46.1381" lon="6.88394">
        <ele>1883.630371</ele>
      </trkpt>
      <trkpt lat="46.13818" lon="6.88378">
        <ele>1880.588623</ele>
      </trkpt>
      <trkpt lat="46.13827" lon="6.88363">
        <ele>1877.371704</ele>
      </trkpt>
      <trkpt lat="46.13835" lon="6.88347">
        <ele>1874.233765</ele>
      </trkpt>
      <trkpt lat="46.13845" lon="6.88331">
        <ele>1872.364014</ele>
      </trkpt>
      <trkpt lat="46.13853" lon="6.88313">
        <ele>1869.575684</ele>
      </trkpt>
      <trkpt lat="46.1386" lon="6.88296">
        <ele>1866.307129</ele>
      </trkpt>
      <trkpt lat="46.13866" lon="6.88278">
        <ele>1862.623047</ele>
      </trkpt>
      <trkpt lat="46.13872" lon="6.8826">
        <ele>1858.452393</ele>
      </trkpt>
      <trkpt lat="46.13887" lon="6.88249">
        <ele>1854.606689</ele>
      </trkpt>
      <trkpt lat="46.13899" lon="6.88242">
        <ele>1851.539307</ele>
      </trkpt>
      <trkpt lat="46.13909" lon="6.88226">
        <ele>1846.236206</ele>
      </trkpt>
      <trkpt lat="46.13912" lon="6.88206">
        <ele>1840.19519</ele>
      </trkpt>
      <trkpt lat="46.13924" lon="6.88198">
        <ele>1838.029907</ele>
      </trkpt>
      <trkpt lat="46.13935" lon="6.88184">
        <ele>1834.179688</ele>
      </trkpt>
      <trkpt lat="46.13947" lon="6.88174">
        <ele>1830.531982</ele>
      </trkpt>
      <trkpt lat="46.13961" lon="6.88173">
        <ele>1829.862305</ele>
      </trkpt>
      <trkpt lat="46.13972" lon="6.88161">
        <ele>1827.06958</ele>
      </trkpt>
      <trkpt lat="46.13973" lon="6.88141">
        <ele>1828.329102</ele>
      </trkpt>
      <trkpt lat="46.13975" lon="6.88122">
        <ele>1829.259644</ele>
      </trkpt>
      <trkpt lat="46.13988" lon="6.88118">
        <ele>1826.733154</ele>
      </trkpt>
      <trkpt lat="46.13997" lon="6.88103">
        <ele>1824.584351</ele>
      </trkpt>
      <trkpt lat="46.1401" lon="6.88105">
        <ele>1818.405396</ele>
      </trkpt>
      <trkpt lat="46.14024" lon="6.88104">
        <ele>1810.604492</ele>
      </trkpt>
      <trkpt lat="46.14035" lon="6.8809">
        <ele>1800.360352</ele>
      </trkpt>
      <trkpt lat="46.14048" lon="6.88085">
        <ele>1789.363525</ele>
      </trkpt>
      <trkpt lat="46.14062" lon="6.88084">
        <ele>1779.29834</ele>
      </trkpt>
      <trkpt lat="46.14072" lon="6.8807">
        <ele>1783.745483</ele>
      </trkpt>
      <trkpt lat="46.14084" lon="6.8806">
        <ele>1784.268433</ele>
      </trkpt>
      <trkpt lat="46.14097" lon="6.8805">
        <ele>1778.767212</ele>
      </trkpt>
      <trkpt lat="46.1411" lon="6.88044">
        <ele>1768.935791</ele>
      </trkpt>
      <trkpt lat="46.14122" lon="6.88035">
        <ele>1762.451538</ele>
      </trkpt>
      <trkpt lat="46.14135" lon="6.88026">
        <ele>1754.737061</ele>
      </trkpt>
      <trkpt lat="46.14146" lon="6.88015">
        <ele>1749.853027</ele>
      </trkpt>
      <trkpt lat="46.14155" lon="6.88">
        <ele>1749.07959</ele>
      </trkpt>
      <trkpt lat="46.14169" lon="6.87997">
        <ele>1733.056274</ele>
      </trkpt>
      <trkpt lat="46.14176" lon="6.8798">
        <ele>1728.414673</ele>
      </trkpt>
      <trkpt lat="46.14177" lon="6.87961">
        <ele>1735.160522</ele>
      </trkpt>
      <trkpt lat="46.14185" lon="6.87943">
        <ele>1729.157715</ele>
      </trkpt>
      <trkpt lat="46.1419" lon="6.87925">
        <ele>1729.605713</ele>
      </trkpt>
      <trkpt lat="46.14191" lon="6.87905">
        <ele>1732.289062</ele>
      </trkpt>
      <trkpt lat="46.1419" lon="6.87884">
        <ele>1732.877563</ele>
      </trkpt>
      <trkpt lat="46.14196" lon="6.87866">
        <ele>1723.72937</ele>
      </trkpt>
      <trkpt lat="46.14195" lon="6.87846">
        <ele>1725.973633</ele>
      </trkpt>
      <trkpt lat="46.14206" lon="6.87832">
        <ele>1712.110107</ele>
      </trkpt>
      <trkpt lat="46.14216" lon="6.87819">
        <ele>1698.236816</ele>
      </trkpt>
      <trkpt lat="46.14228" lon="6.87811">
        <ele>1680.921143</ele>
      </trkpt>
      <trkpt lat="46.14222" lon="6.87793">
        <ele>1692.063721</ele>
      </trkpt>
      <trkpt lat="46.14218" lon="6.87773">
        <ele>1700.169922</ele>
      </trkpt>
      <trkpt lat="46.14218" lon="6.87753">
        <ele>1701.214478</ele>
      </trkpt>
      <trkpt lat="46.14216" lon="6.87728">
        <ele>1705.811401</ele>
      </trkpt>
      <trkpt lat="46.14216" lon="6.87709">
        <ele>1706.412842</ele>
      </trkpt>
      <trkpt lat="46.1422" lon="6.8769">
        <ele>1701.064941</ele>
      </trkpt>
      <trkpt lat="46.14222" lon="6.87671">
        <ele>1699.72998</ele>
      </trkpt>
      <trkpt lat="46.14228" lon="6.87648">
        <ele>1692.370239</ele>
      </trkpt>
      <trkpt lat="46.14229" lon="6.87626">
        <ele>1690.32251</ele>
      </trkpt>
      <trkpt lat="46.1423" lon="6.87605">
        <ele>1689.92334</ele>
      </trkpt>
      <trkpt lat="46.1423" lon="6.87585">
        <ele>1689.280151</ele>
      </trkpt>
      <trkpt lat="46.14226" lon="6.87566">
        <ele>1692.492676</ele>
      </trkpt>
      <trkpt lat="46.14228" lon="6.87545">
        <ele>1687.626953</ele>
      </trkpt>
      <trkpt lat="46.14227" lon="6.87526">
        <ele>1685.734253</ele>
      </trkpt>
      <trkpt lat="46.14217" lon="6.87511">
        <ele>1701.743164</ele>
      </trkpt>
      <trkpt lat="46.14206" lon="6.8749">
        <ele>1721.046753</ele>
      </trkpt>
      <trkpt lat="46.14197" lon="6.87475">
        <ele>1738.322266</ele>
      </trkpt>
      <trkpt lat="46.14195" lon="6.87447">
        <ele>1744.900879</ele>
      </trkpt>
      <trkpt lat="46.14202" lon="6.87429">
        <ele>1731.779663</ele>
      </trkpt>
      <trkpt lat="46.14206" lon="6.87409">
        <ele>1721.281494</ele>
      </trkpt>
      <trkpt lat="46.14213" lon="6.87391">
        <ele>1702.024536</ele>
      </trkpt>
      <trkpt lat="46.14215" lon="6.87372">
        <ele>1697.910767</ele>
      </trkpt>
      <trkpt lat="46.14221" lon="6.87352">
        <ele>1681.957031</ele>
      </trkpt>
      <trkpt lat="46.14234" lon="6.87344">
        <ele>1653.843506</ele>
      </trkpt>
      <trkpt lat="46.14236" lon="6.87324">
        <ele>1653.55542</ele>
      </trkpt>
      <trkpt lat="46.14246" lon="6.8731">
        <ele>1637.67334</ele>
      </trkpt>
      <trkpt lat="46.14248" lon="6.8729">
        <ele>1640.307007</ele>
      </trkpt>
      <trkpt lat="46.14252" lon="6.87271">
        <ele>1639.848999</ele>
      </trkpt>
      <trkpt lat="46.14262" lon="6.87256">
        <ele>1634.294067</ele>
      </trkpt>
      <trkpt lat="46.14273" lon="6.87244">
        <ele>1626.714111</ele>
      </trkpt>
      <trkpt lat="46.14278" lon="6.87225">
        <ele>1630.18335</ele>
      </trkpt>
      <trkpt lat="46.14291" lon="6.8722">
        <ele>1616.293701</ele>
      </trkpt>
      <trkpt lat="46.143" lon="6.87205">
        <ele>1613.081543</ele>
      </trkpt>
      <trkpt lat="46.14307" lon="6.87187">
        <ele>1613.364868</ele>
      </trkpt>
      <trkpt lat="46.1431" lon="6.87168">
        <ele>1618.245239</ele>
      </trkpt>
      <trkpt lat="46.14319" lon="6.87153">
        <ele>1612.512451</ele>
      </trkpt>
      <trkpt lat="46.14322" lon="6.87131">
        <ele>1617.196289</ele>
      </trkpt>
      <trkpt lat="46.14321" lon="6.87111">
        <ele>1626.371094</ele>
      </trkpt>
      <trkpt lat="46.14324" lon="6.87091">
        <ele>1629.566895</ele>
      </trkpt>
      <trkpt lat="46.14334" lon="6.87071">
        <ele>1621.897705</ele>
      </trkpt>
      <trkpt lat="46.14338" lon="6.87052">
        <ele>1625.845093</ele>
      </trkpt>
      <trkpt lat="46.14352" lon="6.87026">
        <ele>1622.438354</ele>
      </trkpt>
      <trkpt lat="46.14369" lon="6.87011">
        <ele>1611.162354</ele>
      </trkpt>
      <trkpt lat="46.14382" lon="6.86985">
        <ele>1604.735596</ele>
      </trkpt>
      <trkpt lat="46.14392" lon="6.86965">
        <ele>1599.611084</ele>
      </trkpt>
      <trkpt lat="46.14407" lon="6.8695">
        <ele>1587.235352</ele>
      </trkpt>
      <trkpt lat="46.14415" lon="6.86966">
        <ele>1575.504883</ele>
      </trkpt>
      <trkpt lat="46.14412" lon="6.86989">
        <ele>1573.498047</ele>
      </trkpt>
      <trkpt lat="46.14425" lon="6.86982">
        <ele>1567.208252</ele>
      </trkpt>
      <trkpt lat="46.1443" lon="6.87001">
        <ele>1560.823608</ele>
      </trkpt>
      <trkpt lat="46.14431" lon="6.87021">
        <ele>1556.047852</ele>
      </trkpt>
      <trkpt lat="46.14444" lon="6.87019">
        <ele>1551.371338</ele>
      </trkpt>
      <trkpt lat="46.14458" lon="6.87018">
        <ele>1546.291748</ele>
      </trkpt>
      <trkpt lat="46.14467" lon="6.87002">
        <ele>1547.57959</ele>
      </trkpt>
      <trkpt lat="46.14474" lon="6.87018">
        <ele>1539.777832</ele>
      </trkpt>
      <trkpt lat="46.14487" lon="6.87025">
        <ele>1532.472534</ele>
      </trkpt>
      <trkpt lat="46.14474" lon="6.87023">
        <ele>1538.482422</ele>
      </trkpt>
      <trkpt lat="46.14467" lon="6.87041">
        <ele>1536.055908</ele>
      </trkpt>
      <trkpt lat="46.14456" lon="6.8706">
        <ele>1535.61499</ele>
      </trkpt>
      <trkpt lat="46.14443" lon="6.87074">
        <ele>1538.295776</ele>
      </trkpt>
      <trkpt lat="46.14439" lon="6.87093">
        <ele>1534.719482</ele>
      </trkpt>
      <trkpt lat="46.14429" lon="6.87107">
        <ele>1535.73584</ele>
      </trkpt>
      <trkpt lat="46.14421" lon="6.87124">
        <ele>1534.616577</ele>
      </trkpt>
      <trkpt lat="46.14416" lon="6.87143">
        <ele>1532.04834</ele>
      </trkpt>
      <trkpt lat="46.14428" lon="6.87154">
        <ele>1521.952271</ele>
      </trkpt>
      <trkpt lat="46.14418" lon="6.8717">
        <ele>1523.261108</ele>
      </trkpt>
      <trkpt lat="46.14429" lon="6.87181">
        <ele>1513.158203</ele>
      </trkpt>
      <trkpt lat="46.14429" lon="6.87201">
        <ele>1508.334473</ele>
      </trkpt>
      <trkpt lat="46.1443" lon="6.87221">
        <ele>1502.234985</ele>
      </trkpt>
      <trkpt lat="46.14437" lon="6.8724">
        <ele>1492.860352</ele>
      </trkpt>
      <trkpt lat="46.14428" lon="6.87257">
        <ele>1493.567139</ele>
      </trkpt>
      <trkpt lat="46.14423" lon="6.87277">
        <ele>1490.202759</ele>
      </trkpt>
      <trkpt lat="46.1442" lon="6.87296">
        <ele>1486.048828</ele>
      </trkpt>
      <trkpt lat="46.14408" lon="6.87308">
        <ele>1489.161499</ele>
      </trkpt>
      <trkpt lat="46.14399" lon="6.87327">
        <ele>1488.540771</ele>
      </trkpt>
      <trkpt lat="46.14395" lon="6.87346">
        <ele>1486.854858</ele>
      </trkpt>
      <trkpt lat="46.14392" lon="6.87366">
        <ele>1485.480469</ele>
      </trkpt>
      <trkpt lat="46.14394" lon="6.87388">
        <ele>1481.055664</ele>
      </trkpt>
      <trkpt lat="46.14397" lon="6.87407">
        <ele>1475.593872</ele>
      </trkpt>
      <trkpt lat="46.14398" lon="6.87427">
        <ele>1473.051758</ele>
      </trkpt>
      <trkpt lat="46.14388" lon="6.87445">
        <ele>1479.364136</ele>
      </trkpt>
      <trkpt lat="46.14386" lon="6.87465">
        <ele>1480.053101</ele>
      </trkpt>
      <trkpt lat="46.14379" lon="6.87483">
        <ele>1484.772461</ele>
      </trkpt>
      <trkpt lat="46.14377" lon="6.87502">
        <ele>1486.287842</ele>
      </trkpt>
      <trkpt lat="46.14378" lon="6.87522">
        <ele>1487.49292</ele>
      </trkpt>
      <trkpt lat="46.1438" lon="6.87543">
        <ele>1487.542847</ele>
      </trkpt>
      <trkpt lat="46.14387" lon="6.8757">
        <ele>1485.139404</ele>
      </trkpt>
      <trkpt lat="46.14389" lon="6.8759">
        <ele>1485.471436</ele>
      </trkpt>
      <trkpt lat="46.14391" lon="6.87611">
        <ele>1484.829712</ele>
      </trkpt>
      <trkpt lat="46.14395" lon="6.87636">
        <ele>1483.178955</ele>
      </trkpt>
      <trkpt lat="46.14396" lon="6.87655">
        <ele>1482.928345</ele>
      </trkpt>
      <trkpt lat="46.14394" lon="6.87677">
        <ele>1483.467041</ele>
      </trkpt>
      <trkpt lat="46.14398" lon="6.8771">
        <ele>1476.55835</ele>
      </trkpt>
      <trkpt lat="46.14386" lon="6.87721">
        <ele>1484.338989</ele>
      </trkpt>
      <trkpt lat="46.14377" lon="6.87737">
        <ele>1490.144165</ele>
      </trkpt>
      <trkpt lat="46.14374" lon="6.87756">
        <ele>1490.546875</ele>
      </trkpt>
      <trkpt lat="46.14374" lon="6.87776">
        <ele>1487.626221</ele>
      </trkpt>
      <trkpt lat="46.14367" lon="6.87793">
        <ele>1491.596436</ele>
      </trkpt>
      <trkpt lat="46.14364" lon="6.87813">
        <ele>1490.644043</ele>
      </trkpt>
      <trkpt lat="46.14358" lon="6.87831">
        <ele>1494.096191</ele>
      </trkpt>
      <trkpt lat="46.14352" lon="6.87848">
        <ele>1499.840088</ele>
      </trkpt>
      <trkpt lat="46.14352" lon="6.87867">
        <ele>1499.883423</ele>
      </trkpt>
      <trkpt lat="46.14365" lon="6.87876">
        <ele>1492.113525</ele>
      </trkpt>
      <trkpt lat="46.14378" lon="6.87888">
        <ele>1486.703125</ele>
      </trkpt>
      <trkpt lat="46.14393" lon="6.87898">
        <ele>1481.983032</ele>
      </trkpt>
      <trkpt lat="46.14395" lon="6.87918">
        <ele>1487.279663</ele>
      </trkpt>
      <trkpt lat="46.14394" lon="6.87941">
        <ele>1496.755737</ele>
      </trkpt>
      <trkpt lat="46.14399" lon="6.8796">
        <ele>1501.822021</ele>
      </trkpt>
      <trkpt lat="46.14408" lon="6.87977">
        <ele>1503.20752</ele>
      </trkpt>
      <trkpt lat="46.1442" lon="6.87987">
        <ele>1500.483765</ele>
      </trkpt>
      <trkpt lat="46.14431" lon="6.88002">
        <ele>1501.960938</ele>
      </trkpt>
      <trkpt lat="46.14441" lon="6.88017">
        <ele>1505.037598</ele>
      </trkpt>
      <trkpt lat="46.14462" lon="6.88027">
        <ele>1501.710938</ele>
      </trkpt>
      <trkpt lat="46.1448" lon="6.88042">
        <ele>1502.878418</ele>
      </trkpt>
      <trkpt lat="46.14494" lon="6.88045">
        <ele>1498.924561</ele>
      </trkpt>
      <trkpt lat="46.14508" lon="6.88043">
        <ele>1495.868286</ele>
      </trkpt>
      <trkpt lat="46.14527" lon="6.88031">
        <ele>1490.114624</ele>
      </trkpt>
      <trkpt lat="46.14541" lon="6.88032">
        <ele>1490.348145</ele>
      </trkpt>
      <trkpt lat="46.14559" lon="6.88042">
        <ele>1494.531738</ele>
      </trkpt>
      <trkpt lat="46.14572" lon="6.88056">
        <ele>1500.939697</ele>
      </trkpt>
      <trkpt lat="46.14583" lon="6.88043">
        <ele>1494.807373</ele>
      </trkpt>
      <trkpt lat="46.14597" lon="6.88042">
        <ele>1494.399902</ele>
      </trkpt>
      <trkpt lat="46.1461" lon="6.88047">
        <ele>1496.65271</ele>
      </trkpt>
      <trkpt lat="46.14621" lon="6.88034">
        <ele>1490.885742</ele>
      </trkpt>
      <trkpt lat="46.14634" lon="6.88024">
        <ele>1486.32251</ele>
      </trkpt>
      <trkpt lat="46.14644" lon="6.88011">
        <ele>1480.58374</ele>
      </trkpt>
      <trkpt lat="46.14655" lon="6.87999">
        <ele>1475.492798</ele>
      </trkpt>
      <trkpt lat="46.14665" lon="6.87986">
        <ele>1470.319336</ele>
      </trkpt>
      <trkpt lat="46.14678" lon="6.87979">
        <ele>1468.661255</ele>
      </trkpt>
      <trkpt lat="46.14692" lon="6.8798">
        <ele>1470.875366</ele>
      </trkpt>
      <trkpt lat="46.14706" lon="6.87984">
        <ele>1474.143066</ele>
      </trkpt>
      <trkpt lat="46.1472" lon="6.87983">
        <ele>1475.368408</ele>
      </trkpt>
      <trkpt lat="46.14733" lon="6.87977">
        <ele>1474.928345</ele>
      </trkpt>
      <trkpt lat="46.14747" lon="6.87976">
        <ele>1475.906494</ele>
      </trkpt>
      <trkpt lat="46.14762" lon="6.87984">
        <ele>1482.441162</ele>
      </trkpt>
      <trkpt lat="46.14773" lon="6.87971">
        <ele>1479.80127</ele>
      </trkpt>
      <trkpt lat="46.14786" lon="6.87969">
        <ele>1482.198486</ele>
      </trkpt>
      <trkpt lat="46.14795" lon="6.87983">
        <ele>1490.175293</ele>
      </trkpt>
      <trkpt lat="46.14811" lon="6.87985">
        <ele>1494.356201</ele>
      </trkpt>
      <trkpt lat="46.14825" lon="6.87981">
        <ele>1496.197998</ele>
      </trkpt>
      <trkpt lat="46.14838" lon="6.8798">
        <ele>1499.401367</ele>
      </trkpt>
      <trkpt lat="46.14849" lon="6.87967">
        <ele>1497.508057</ele>
      </trkpt>
      <trkpt lat="46.14863" lon="6.8796">
        <ele>1499.062378</ele>
      </trkpt>
      <trkpt lat="46.14877" lon="6.87959">
        <ele>1503.245361</ele>
      </trkpt>
      <trkpt lat="46.14892" lon="6.87962">
        <ele>1509.068848</ele>
      </trkpt>
      <trkpt lat="46.14905" lon="6.87957">
        <ele>1511.233154</ele>
      </trkpt>
      <trkpt lat="46.14918" lon="6.8795">
        <ele>1513.222046</ele>
      </trkpt>
      <trkpt lat="46.14931" lon="6.87943">
        <ele>1517.241211</ele>
      </trkpt>
      <trkpt lat="46.1494" lon="6.87927">
        <ele>1516.766113</ele>
      </trkpt>
      <trkpt lat="46.14947" lon="6.87944">
        <ele>1525.253296</ele>
      </trkpt>
      <trkpt lat="46.14961" lon="6.87943">
        <ele>1531.63501</ele>
      </trkpt>
      <trkpt lat="46.14971" lon="6.87955">
        <ele>1540.362671</ele>
      </trkpt>
      <trkpt lat="46.14979" lon="6.87971">
        <ele>1548.785645</ele>
      </trkpt>
      <trkpt lat="46.1499" lon="6.87958">
        <ele>1550.154907</ele>
      </trkpt>
      <trkpt lat="46.14999" lon="6.87944">
        <ele>1550.46106</ele>
      </trkpt>
      <trkpt lat="46.15009" lon="6.87929">
        <ele>1550.291626</ele>
      </trkpt>
      <trkpt lat="46.15022" lon="6.87922">
        <ele>1553.386475</ele>
      </trkpt>
      <trkpt lat="46.15032" lon="6.87909">
        <ele>1553.703247</ele>
      </trkpt>
      <trkpt lat="46.15042" lon="6.87922">
        <ele>1561.522705</ele>
      </trkpt>
      <trkpt lat="46.15037" lon="6.87942">
        <ele>1565.698975</ele>
      </trkpt>
      <trkpt lat="46.15051" lon="6.87938">
        <ele>1570.211304</ele>
      </trkpt>
      <trkpt lat="46.1506" lon="6.87923">
        <ele>1568.923218</ele>
      </trkpt>
      <trkpt lat="46.15072" lon="6.87911">
        <ele>1569.780273</ele>
      </trkpt>
      <trkpt lat="46.15084" lon="6.87904">
        <ele>1572.276367</ele>
      </trkpt>
      <trkpt lat="46.15098" lon="6.87903">
        <ele>1571.894775</ele>
      </trkpt>
      <trkpt lat="46.15106" lon="6.87919">
        <ele>1577.692505</ele>
      </trkpt>
      <trkpt lat="46.1511" lon="6.87937">
        <ele>1586.083618</ele>
      </trkpt>
      <trkpt lat="46.15123" lon="6.8794">
        <ele>1588.530518</ele>
      </trkpt>
      <trkpt lat="46.15137" lon="6.87941">
        <ele>1590.145752</ele>
      </trkpt>
      <trkpt lat="46.15128" lon="6.87955">
        <ele>1596.3302</ele>
      </trkpt>
      <trkpt lat="46.15117" lon="6.87967">
        <ele>1600.213257</ele>
      </trkpt>
      <trkpt lat="46.1513" lon="6.87974">
        <ele>1606.134766</ele>
      </trkpt>
      <trkpt lat="46.15131" lon="6.87994">
        <ele>1616.225464</ele>
      </trkpt>
      <trkpt lat="46.15145" lon="6.87992">
        <ele>1618.093262</ele>
      </trkpt>
      <trkpt lat="46.1516" lon="6.87991">
        <ele>1620.930664</ele>
      </trkpt>
      <trkpt lat="46.15173" lon="6.87992">
        <ele>1619.878662</ele>
      </trkpt>
      <trkpt lat="46.15183" lon="6.88007">
        <ele>1622.019287</ele>
      </trkpt>
      <trkpt lat="46.15187" lon="6.88025">
        <ele>1626.072388</ele>
      </trkpt>
      <trkpt lat="46.15197" lon="6.88039">
        <ele>1626.008057</ele>
      </trkpt>
      <trkpt lat="46.15205" lon="6.88056">
        <ele>1627.431519</ele>
      </trkpt>
      <trkpt lat="46.15213" lon="6.88072">
        <ele>1629.188965</ele>
      </trkpt>
      <trkpt lat="46.15221" lon="6.88087">
        <ele>1630.023682</ele>
      </trkpt>
      <trkpt lat="46.15226" lon="6.88105">
        <ele>1631.327637</ele>
      </trkpt>
      <trkpt lat="46.15221" lon="6.88124">
        <ele>1638.036865</ele>
      </trkpt>
      <trkpt lat="46.15212" lon="6.88139">
        <ele>1645.814575</ele>
      </trkpt>
      <trkpt lat="46.15215" lon="6.88159">
        <ele>1648.894043</ele>
      </trkpt>
      <trkpt lat="46.15213" lon="6.88179">
        <ele>1654.288574</ele>
      </trkpt>
      <trkpt lat="46.15214" lon="6.88198">
        <ele>1658.456055</ele>
      </trkpt>
      <trkpt lat="46.15215" lon="6.88219">
        <ele>1662.751343</ele>
      </trkpt>
      <trkpt lat="46.15218" lon="6.88238">
        <ele>1665.841553</ele>
      </trkpt>
      <trkpt lat="46.15226" lon="6.8826">
        <ele>1667.049561</ele>
      </trkpt>
      <trkpt lat="46.15228" lon="6.8828">
        <ele>1670.788086</ele>
      </trkpt>
      <trkpt lat="46.15233" lon="6.88298">
        <ele>1673.092407</ele>
      </trkpt>
      <trkpt lat="46.15247" lon="6.88309">
        <ele>1668.185059</ele>
      </trkpt>
      <trkpt lat="46.1525" lon="6.88328">
        <ele>1671.675293</ele>
      </trkpt>
      <trkpt lat="46.15257" lon="6.88347">
        <ele>1671.975098</ele>
      </trkpt>
      <trkpt lat="46.15259" lon="6.88367">
        <ele>1675.896118</ele>
      </trkpt>
      <trkpt lat="46.15268" lon="6.88381">
        <ele>1674.119385</ele>
      </trkpt>
      <trkpt lat="46.15273" lon="6.884">
        <ele>1677.230713</ele>
      </trkpt>
      <trkpt lat="46.15277" lon="6.88419">
        <ele>1680.700806</ele>
      </trkpt>
      <trkpt lat="46.15285" lon="6.88435">
        <ele>1681.464844</ele>
      </trkpt>
      <trkpt lat="46.15293" lon="6.88452">
        <ele>1683.582764</ele>
      </trkpt>
      <trkpt lat="46.15291" lon="6.88472">
        <ele>1691.736572</ele>
      </trkpt>
      <trkpt lat="46.15292" lon="6.88491">
        <ele>1698.231201</ele>
      </trkpt>
      <trkpt lat="46.15306" lon="6.88488">
        <ele>1691.750244</ele>
      </trkpt>
      <trkpt lat="46.1532" lon="6.88485">
        <ele>1684.704712</ele>
      </trkpt>
      <trkpt lat="46.15339" lon="6.88484">
        <ele>1678.488525</ele>
      </trkpt>
      <trkpt lat="46.15355" lon="6.88489">
        <ele>1680.301147</ele>
      </trkpt>
      <trkpt lat="46.15369" lon="6.88492">
        <ele>1681.555908</ele>
      </trkpt>
      <trkpt lat="46.1538" lon="6.88504">
        <ele>1685.960449</ele>
      </trkpt>
      <trkpt lat="46.15393" lon="6.88496">
        <ele>1682.261475</ele>
      </trkpt>
      <trkpt lat="46.15398" lon="6.88477">
        <ele>1674.707764</ele>
      </trkpt>
      <trkpt lat="46.15405" lon="6.8846">
        <ele>1668.134766</ele>
      </trkpt>
      <trkpt lat="46.15418" lon="6.88464">
        <ele>1670.33728</ele>
      </trkpt>
      <trkpt lat="46.15431" lon="6.88453">
        <ele>1672.58252</ele>
      </trkpt>
      <trkpt lat="46.15438" lon="6.88436">
        <ele>1670.758301</ele>
      </trkpt>
      <trkpt lat="46.15445" lon="6.88418">
        <ele>1668.024658</ele>
      </trkpt>
      <trkpt lat="46.15454" lon="6.88403">
        <ele>1668.688477</ele>
      </trkpt>
      <trkpt lat="46.15465" lon="6.88389">
        <ele>1671.474365</ele>
      </trkpt>
      <trkpt lat="46.15477" lon="6.88379">
        <ele>1675.421143</ele>
      </trkpt>
      <trkpt lat="46.15487" lon="6.88366">
        <ele>1678.460571</ele>
      </trkpt>
      <trkpt lat="46.15492" lon="6.88346">
        <ele>1676.51709</ele>
      </trkpt>
      <trkpt lat="46.15499" lon="6.88327">
        <ele>1676.318604</ele>
      </trkpt>
      <trkpt lat="46.15505" lon="6.88307">
        <ele>1677.845337</ele>
      </trkpt>
      <trkpt lat="46.15501" lon="6.88284">
        <ele>1671.85083</ele>
      </trkpt>
      <trkpt lat="46.15496" lon="6.88254">
        <ele>1664.507935</ele>
      </trkpt>
      <trkpt lat="46.155" lon="6.88235">
        <ele>1662.866089</ele>
      </trkpt>
      <trkpt lat="46.15507" lon="6.88215">
        <ele>1659.879761</ele>
      </trkpt>
      <trkpt lat="46.15517" lon="6.88201">
        <ele>1658.765381</ele>
      </trkpt>
      <trkpt lat="46.15503" lon="6.88197">
        <ele>1652.765137</ele>
      </trkpt>
      <trkpt lat="46.15517" lon="6.88196">
        <ele>1657.044434</ele>
      </trkpt>
      <trkpt lat="46.1553" lon="6.88203">
        <ele>1664.458252</ele>
      </trkpt>
      <trkpt lat="46.15543" lon="6.88209">
        <ele>1671.740967</ele>
      </trkpt>
      <trkpt lat="46.15557" lon="6.88212">
        <ele>1678.832031</ele>
      </trkpt>
      <trkpt lat="46.15569" lon="6.88221">
        <ele>1688.670166</ele>
      </trkpt>
      <trkpt lat="46.15583" lon="6.88222">
        <ele>1695.757324</ele>
      </trkpt>
      <trkpt lat="46.15597" lon="6.8822">
        <ele>1698.653931</ele>
      </trkpt>
      <trkpt lat="46.1561" lon="6.88228">
        <ele>1708.074951</ele>
      </trkpt>
      <trkpt lat="46.15624" lon="6.88231">
        <ele>1714.923584</ele>
      </trkpt>
      <trkpt lat="46.15638" lon="6.88233">
        <ele>1720.630859</ele>
      </trkpt>
      <trkpt lat="46.15652" lon="6.88231">
        <ele>1724.31543</ele>
      </trkpt>
      <trkpt lat="46.15666" lon="6.8823">
        <ele>1727.713135</ele>
      </trkpt>
      <trkpt lat="46.1568" lon="6.88227">
        <ele>1727.363281</ele>
      </trkpt>
      <trkpt lat="46.15694" lon="6.88222">
        <ele>1726.050537</ele>
      </trkpt>
      <trkpt lat="46.15706" lon="6.88215">
        <ele>1723.023804</ele>
      </trkpt>
      <trkpt lat="46.1572" lon="6.88205">
        <ele>1719.618652</ele>
      </trkpt>
      <trkpt lat="46.15734" lon="6.88201">
        <ele>1720.019653</ele>
      </trkpt>
      <trkpt lat="46.15747" lon="6.88203">
        <ele>1723.192749</ele>
      </trkpt>
      <trkpt lat="46.15761" lon="6.88201">
        <ele>1727.314575</ele>
      </trkpt>
      <trkpt lat="46.15777" lon="6.88195">
        <ele>1730.348633</ele>
      </trkpt>
      <trkpt lat="46.15787" lon="6.88181">
        <ele>1727.630615</ele>
      </trkpt>
      <trkpt lat="46.15799" lon="6.88173">
        <ele>1728.84375</ele>
      </trkpt>
      <trkpt lat="46.15813" lon="6.8817">
        <ele>1733.333618</ele>
      </trkpt>
      <trkpt lat="46.15826" lon="6.88162">
        <ele>1735.140137</ele>
      </trkpt>
      <trkpt lat="46.15839" lon="6.88157">
        <ele>1735.335815</ele>
      </trkpt>
      <trkpt lat="46.1585" lon="6.88146">
        <ele>1728.827881</ele>
      </trkpt>
      <trkpt lat="46.15864" lon="6.8815">
        <ele>1727.622803</ele>
      </trkpt>
      <trkpt lat="46.15878" lon="6.88152">
        <ele>1725.784668</ele>
      </trkpt>
      <trkpt lat="46.15884" lon="6.8817">
        <ele>1732.786255</ele>
      </trkpt>
      <trkpt lat="46.1588" lon="6.8819">
        <ele>1744.138184</ele>
      </trkpt>
      <trkpt lat="46.15887" lon="6.88206">
        <ele>1752.186768</ele>
      </trkpt>
      <trkpt lat="46.15894" lon="6.88223">
        <ele>1761.29248</ele>
      </trkpt>
      <trkpt lat="46.15908" lon="6.88225">
        <ele>1762.084351</ele>
      </trkpt>
      <trkpt lat="46.15923" lon="6.8823">
        <ele>1761.459961</ele>
      </trkpt>
      <trkpt lat="46.15936" lon="6.88222">
        <ele>1750.959473</ele>
      </trkpt>
      <trkpt lat="46.1595" lon="6.88229">
        <ele>1748.66748</ele>
      </trkpt>
      <trkpt lat="46.15961" lon="6.88241">
        <ele>1751.247314</ele>
      </trkpt>
      <trkpt lat="46.15973" lon="6.88251">
        <ele>1752.189209</ele>
      </trkpt>
      <trkpt lat="46.15983" lon="6.88269">
        <ele>1757.92981</ele>
      </trkpt>
      <trkpt lat="46.15993" lon="6.88284">
        <ele>1763.062256</ele>
      </trkpt>
      <trkpt lat="46.16002" lon="6.88299">
        <ele>1768.926758</ele>
      </trkpt>
      <trkpt lat="46.16013" lon="6.8831">
        <ele>1773.75769</ele>
      </trkpt>
      <trkpt lat="46.1602" lon="6.88328">
        <ele>1782.91687</ele>
      </trkpt>
      <trkpt lat="46.16023" lon="6.88347">
        <ele>1792.923828</ele>
      </trkpt>
      <trkpt lat="46.16039" lon="6.88342">
        <ele>1787.321777</ele>
      </trkpt>
      <trkpt lat="46.16054" lon="6.88336">
        <ele>1780.953613</ele>
      </trkpt>
      <trkpt lat="46.1607" lon="6.88343">
        <ele>1781.794067</ele>
      </trkpt>
      <trkpt lat="46.16084" lon="6.88342">
        <ele>1778.632568</ele>
      </trkpt>
      <trkpt lat="46.16103" lon="6.88341">
        <ele>1779.689453</ele>
      </trkpt>
      <trkpt lat="46.16118" lon="6.88343">
        <ele>1781.324951</ele>
      </trkpt>
      <trkpt lat="46.16134" lon="6.88336">
        <ele>1780.743652</ele>
      </trkpt>
      <trkpt lat="46.16146" lon="6.88325">
        <ele>1779.457764</ele>
      </trkpt>
      <trkpt lat="46.16156" lon="6.88313">
        <ele>1778.239502</ele>
      </trkpt>
      <trkpt lat="46.16167" lon="6.88298">
        <ele>1777.626465</ele>
      </trkpt>
      <trkpt lat="46.16175" lon="6.88282">
        <ele>1771.065552</ele>
      </trkpt>
      <trkpt lat="46.16182" lon="6.88265">
        <ele>1766.03064</ele>
      </trkpt>
      <trkpt lat="46.16177" lon="6.88284">
        <ele>1770.232544</ele>
      </trkpt>
      <trkpt lat="46.16175" lon="6.88311">
        <ele>1774.684326</ele>
      </trkpt>
      <trkpt lat="46.16169" lon="6.88329">
        <ele>1781.440186</ele>
      </trkpt>
      <trkpt lat="46.16158" lon="6.88341">
        <ele>1783.730835</ele>
      </trkpt>
      <trkpt lat="46.16148" lon="6.88354">
        <ele>1785.119019</ele>
      </trkpt>
      <trkpt lat="46.16135" lon="6.8836">
        <ele>1786.510986</ele>
      </trkpt>
      <trkpt lat="46.16123" lon="6.88369">
        <ele>1789.784424</ele>
      </trkpt>
      <trkpt lat="46.16113" lon="6.88384">
        <ele>1796.321045</ele>
      </trkpt>
      <trkpt lat="46.16127" lon="6.88384">
        <ele>1793.730713</ele>
      </trkpt>
      <trkpt lat="46.16138" lon="6.88396">
        <ele>1794.317017</ele>
      </trkpt>
      <trkpt lat="46.16152" lon="6.88395">
        <ele>1790.735596</ele>
      </trkpt>
      <trkpt lat="46.16145" lon="6.88413">
        <ele>1795.608154</ele>
      </trkpt>
      <trkpt lat="46.16143" lon="6.88434">
        <ele>1799.600098</ele>
      </trkpt>
      <trkpt lat="46.16143" lon="6.88454">
        <ele>1802.270996</ele>
      </trkpt>
      <trkpt lat="46.16143" lon="6.88477">
        <ele>1805.881104</ele>
      </trkpt>
      <trkpt lat="46.16138" lon="6.88497">
        <ele>1811.88855</ele>
      </trkpt>
      <trkpt lat="46.16137" lon="6.88516">
        <ele>1815.100342</ele>
      </trkpt>
      <trkpt lat="46.16135" lon="6.88538">
        <ele>1818.320923</ele>
      </trkpt>
      <trkpt lat="46.16135" lon="6.88559">
        <ele>1820.246338</ele>
      </trkpt>
      <trkpt lat="46.16132" lon="6.88578">
        <ele>1824.020996</ele>
      </trkpt>
      <trkpt lat="46.16131" lon="6.88598">
        <ele>1829.466064</ele>
      </trkpt>
      <trkpt lat="46.16131" lon="6.88618">
        <ele>1835.313232</ele>
      </trkpt>
      <trkpt lat="46.16136" lon="6.88638">
        <ele>1839.128906</ele>
      </trkpt>
      <trkpt lat="46.1615" lon="6.88644">
        <ele>1835.448486</ele>
      </trkpt>
      <trkpt lat="46.16163" lon="6.88649">
        <ele>1832.13916</ele>
      </trkpt>
      <trkpt lat="46.16172" lon="6.88664">
        <ele>1836.347778</ele>
      </trkpt>
      <trkpt lat="46.16183" lon="6.88678">
        <ele>1841.24939</ele>
      </trkpt>
      <trkpt lat="46.16194" lon="6.88689">
        <ele>1845.138794</ele>
      </trkpt>
      <trkpt lat="46.16205" lon="6.88702">
        <ele>1849.86792</ele>
      </trkpt>
      <trkpt lat="46.16218" lon="6.88708">
        <ele>1851.566284</ele>
      </trkpt>
      <trkpt lat="46.16231" lon="6.88717">
        <ele>1854.432129</ele>
      </trkpt>
      <trkpt lat="46.16243" lon="6.88725">
        <ele>1857.272583</ele>
      </trkpt>
      <trkpt lat="46.16256" lon="6.88735">
        <ele>1859.411987</ele>
      </trkpt>
      <trkpt lat="46.16264" lon="6.88751">
        <ele>1863.648682</ele>
      </trkpt>
      <trkpt lat="46.16275" lon="6.88763">
        <ele>1865.139404</ele>
      </trkpt>
      <trkpt lat="46.16286" lon="6.88775">
        <ele>1867.159668</ele>
      </trkpt>
      <trkpt lat="46.16297" lon="6.88791">
        <ele>1870.952881</ele>
      </trkpt>
      <trkpt lat="46.16309" lon="6.88801">
        <ele>1871.435547</ele>
      </trkpt>
      <trkpt lat="46.16321" lon="6.8881">
        <ele>1871.419189</ele>
      </trkpt>
      <trkpt lat="46.16329" lon="6.88827">
        <ele>1877.180786</ele>
      </trkpt>
      <trkpt lat="46.16341" lon="6.88839">
        <ele>1879.378296</ele>
      </trkpt>
      <trkpt lat="46.16351" lon="6.88853">
        <ele>1882.980713</ele>
      </trkpt>
      <trkpt lat="46.16364" lon="6.8886">
        <ele>1881.724365</ele>
      </trkpt>
      <trkpt lat="46.16374" lon="6.88872">
        <ele>1884.108643</ele>
      </trkpt>
      <trkpt lat="46.16387" lon="6.88881">
        <ele>1884.015991</ele>
      </trkpt>
      <trkpt lat="46.16398" lon="6.88893">
        <ele>1885.49353</ele>
      </trkpt>
      <trkpt lat="46.1641" lon="6.88902">
        <ele>1885.17749</ele>
      </trkpt>
      <trkpt lat="46.16422" lon="6.88912">
        <ele>1886.82019</ele>
      </trkpt>
      <trkpt lat="46.16435" lon="6.88918">
        <ele>1887.975708</ele>
      </trkpt>
      <trkpt lat="46.16448" lon="6.88926">
        <ele>1890.157715</ele>
      </trkpt>
      <trkpt lat="46.16461" lon="6.88934">
        <ele>1892.255859</ele>
      </trkpt>
      <trkpt lat="46.16474" lon="6.88938">
        <ele>1892.335938</ele>
      </trkpt>
      <trkpt lat="46.16488" lon="6.88947">
        <ele>1894.195923</ele>
      </trkpt>
      <trkpt lat="46.16501" lon="6.88951">
        <ele>1893.901489</ele>
      </trkpt>
      <trkpt lat="46.16514" lon="6.88959">
        <ele>1896.429443</ele>
      </trkpt>
      <trkpt lat="46.16527" lon="6.88963">
        <ele>1896.624756</ele>
      </trkpt>
      <trkpt lat="46.1654" lon="6.8897">
        <ele>1898.117432</ele>
      </trkpt>
      <trkpt lat="46.16552" lon="6.88981">
        <ele>1901.529907</ele>
      </trkpt>
      <trkpt lat="46.16567" lon="6.88983">
        <ele>1900.297485</ele>
      </trkpt>
      <trkpt lat="46.16579" lon="6.88994">
        <ele>1903.246704</ele>
      </trkpt>
      <trkpt lat="46.16589" lon="6.89007">
        <ele>1905.779053</ele>
      </trkpt>
      <trkpt lat="46.16602" lon="6.89014">
        <ele>1904.46936</ele>
      </trkpt>
      <trkpt lat="46.16614" lon="6.89025">
        <ele>1903.702271</ele>
      </trkpt>
      <trkpt lat="46.16623" lon="6.89039">
        <ele>1904.682129</ele>
      </trkpt>
      <trkpt lat="46.16632" lon="6.89055">
        <ele>1905.858887</ele>
      </trkpt>
      <trkpt lat="46.16636" lon="6.89074">
        <ele>1909.408447</ele>
      </trkpt>
      <trkpt lat="46.16638" lon="6.89093">
        <ele>1910.769043</ele>
      </trkpt>
      <trkpt lat="46.16642" lon="6.89113">
        <ele>1908.167725</ele>
      </trkpt>
      <trkpt lat="46.16645" lon="6.89131">
        <ele>1904.527832</ele>
      </trkpt>
      <trkpt lat="46.1664" lon="6.8915">
        <ele>1907.759766</ele>
      </trkpt>
      <trkpt lat="46.16635" lon="6.8917">
        <ele>1911.283936</ele>
      </trkpt>
      <trkpt lat="46.16626" lon="6.89185">
        <ele>1916.481689</ele>
      </trkpt>
      <trkpt lat="46.16617" lon="6.89201">
        <ele>1921.276855</ele>
      </trkpt>
      <trkpt lat="46.16614" lon="6.8922">
        <ele>1920.569824</ele>
      </trkpt>
      <trkpt lat="46.16613" lon="6.89241">
        <ele>1917.93457</ele>
      </trkpt>
      <trkpt lat="46.16613" lon="6.89261">
        <ele>1915.775391</ele>
      </trkpt>
      <trkpt lat="46.16613" lon="6.89281">
        <ele>1916.207764</ele>
      </trkpt>
      <trkpt lat="46.16609" lon="6.893">
        <ele>1920.133057</ele>
      </trkpt>
      <trkpt lat="46.16606" lon="6.89319">
        <ele>1923.005615</ele>
      </trkpt>
      <trkpt lat="46.16597" lon="6.89335">
        <ele>1929.57666</ele>
      </trkpt>
      <trkpt lat="46.16584" lon="6.89336">
        <ele>1939.977051</ele>
      </trkpt>
      <trkpt lat="46.16585" lon="6.89356">
        <ele>1940.717285</ele>
      </trkpt>
      <trkpt lat="46.16582" lon="6.89376">
        <ele>1944.114014</ele>
      </trkpt>
      <trkpt lat="46.1658" lon="6.89396">
        <ele>1947.10498</ele>
      </trkpt>
      <trkpt lat="46.16581" lon="6.89416">
        <ele>1948.317993</ele>
      </trkpt>
      <trkpt lat="46.16581" lon="6.89435">
        <ele>1948.983521</ele>
      </trkpt>
      <trkpt lat="46.16572" lon="6.8945">
        <ele>1953.963013</ele>
      </trkpt>
      <trkpt lat="46.16561" lon="6.89463">
        <ele>1959.850342</ele>
      </trkpt>
      <trkpt lat="46.16551" lon="6.89475">
        <ele>1965.503418</ele>
      </trkpt>
      <trkpt lat="46.1654" lon="6.89488">
        <ele>1971.497803</ele>
      </trkpt>
      <trkpt lat="46.16534" lon="6.89506">
        <ele>1975.372314</ele>
      </trkpt>
      <trkpt lat="46.16529" lon="6.89525">
        <ele>1979.86377</ele>
      </trkpt>
      <trkpt lat="46.16526" lon="6.89544">
        <ele>1984.041504</ele>
      </trkpt>
      <trkpt lat="46.16521" lon="6.89562">
        <ele>1989.268433</ele>
      </trkpt>
      <trkpt lat="46.16517" lon="6.89581">
        <ele>1994.253052</ele>
      </trkpt>
      <trkpt lat="46.16513" lon="6.896">
        <ele>2001.431152</ele>
      </trkpt>
      <trkpt lat="46.16516" lon="6.89619">
        <ele>2004.598633</ele>
      </trkpt>
      <trkpt lat="46.16523" lon="6.89637">
        <ele>2003.972656</ele>
      </trkpt>
      <trkpt lat="46.16529" lon="6.89654">
        <ele>2003.398193</ele>
      </trkpt>
      <trkpt lat="46.16539" lon="6.89668">
        <ele>1997.991333</ele>
      </trkpt>
      <trkpt lat="46.16529" lon="6.89682">
        <ele>2002.55249</ele>
      </trkpt>
      <trkpt lat="46.16519" lon="6.89695">
        <ele>2007.222412</ele>
      </trkpt>
      <trkpt lat="46.16508" lon="6.89707">
        <ele>2012.084717</ele>
      </trkpt>
      <trkpt lat="46.165" lon="6.89724">
        <ele>2013.283936</ele>
      </trkpt>
      <trkpt lat="46.16487" lon="6.89735">
        <ele>2017.947266</ele>
      </trkpt>
      <trkpt lat="46.16479" lon="6.89751">
        <ele>2019.380859</ele>
      </trkpt>
      <trkpt lat="46.16473" lon="6.89769">
        <ele>2019.492676</ele>
      </trkpt>
      <trkpt lat="46.16472" lon="6.89789">
        <ele>2016.900146</ele>
      </trkpt>
      <trkpt lat="46.16472" lon="6.89809">
        <ele>2012.806152</ele>
      </trkpt>
      <trkpt lat="46.16469" lon="6.89828">
        <ele>2011.540771</ele>
      </trkpt>
      <trkpt lat="46.16464" lon="6.89847">
        <ele>2013.387451</ele>
      </trkpt>
      <trkpt lat="46.1646" lon="6.89866">
        <ele>2016.017212</ele>
      </trkpt>
      <trkpt lat="46.16454" lon="6.89885">
        <ele>2019.470215</ele>
      </trkpt>
      <trkpt lat="46.16459" lon="6.89905">
        <ele>2015.779053</ele>
      </trkpt>
      <trkpt lat="46.16454" lon="6.89924">
        <ele>2018.188965</ele>
      </trkpt>
      <trkpt lat="46.16448" lon="6.89941">
        <ele>2021.106689</ele>
      </trkpt>
      <trkpt lat="46.16444" lon="6.8996">
        <ele>2022.292969</ele>
      </trkpt>
      <trkpt lat="46.16448" lon="6.8998">
        <ele>2019.459351</ele>
      </trkpt>
      <trkpt lat="46.16448" lon="6.90003">
        <ele>2019.10083</ele>
      </trkpt>
      <trkpt lat="46.16443" lon="6.90021">
        <ele>2022.97876</ele>
      </trkpt>
      <trkpt lat="46.16436" lon="6.90039">
        <ele>2026.712524</ele>
      </trkpt>
      <trkpt lat="46.16427" lon="6.90057">
        <ele>2031.175049</ele>
      </trkpt>
      <trkpt lat="46.16417" lon="6.90085">
        <ele>2034.874023</ele>
      </trkpt>
      <trkpt lat="46.16414" lon="6.90108">
        <ele>2034.599731</ele>
      </trkpt>
      <trkpt lat="46.16405" lon="6.90177">
        <ele>2034.356445</ele>
      </trkpt>
      <trkpt lat="46.16407" lon="6.90202">
        <ele>2034.604126</ele>
      </trkpt>
      <trkpt lat="46.16409" lon="6.90223">
        <ele>2034.656128</ele>
      </trkpt>
      <trkpt lat="46.16413" lon="6.90244">
        <ele>2034.407104</ele>
      </trkpt>
      <trkpt lat="46.16424" lon="6.90261">
        <ele>2033.567383</ele>
      </trkpt>
      <trkpt lat="46.16432" lon="6.90283">
        <ele>2033.729248</ele>
      </trkpt>
      <trkpt lat="46.16445" lon="6.90283">
        <ele>2032.06604</ele>
      </trkpt>
      <trkpt lat="46.16456" lon="6.90295">
        <ele>2031.42627</ele>
      </trkpt>
      <trkpt lat="46.16463" lon="6.90314">
        <ele>2031.771729</ele>
      </trkpt>
      <trkpt lat="46.16477" lon="6.90332">
        <ele>2031.428223</ele>
      </trkpt>
      <trkpt lat="46.16495" lon="6.90344">
        <ele>2030.02417</ele>
      </trkpt>
      <trkpt lat="46.16512" lon="6.90365">
        <ele>2027.054321</ele>
      </trkpt>
      <trkpt lat="46.1652" lon="6.90382">
        <ele>2026.718262</ele>
      </trkpt>
      <trkpt lat="46.16527" lon="6.90403">
        <ele>2027.879272</ele>
      </trkpt>
      <trkpt lat="46.16532" lon="6.90423">
        <ele>2030.269043</ele>
      </trkpt>
      <trkpt lat="46.16545" lon="6.90427">
        <ele>2029.703125</ele>
      </trkpt>
      <trkpt lat="46.16558" lon="6.90415">
        <ele>2025.587158</ele>
      </trkpt>
      <trkpt lat="46.16573" lon="6.90412">
        <ele>2023.004883</ele>
      </trkpt>
      <trkpt lat="46.16582" lon="6.90427">
        <ele>2025.713623</ele>
      </trkpt>
      <trkpt lat="46.16554" lon="6.90449">
        <ele>2033.38623</ele>
      </trkpt>
      <trkpt lat="46.16562" lon="6.90465">
        <ele>2036.224365</ele>
      </trkpt>
      <trkpt lat="46.16568" lon="6.90483">
        <ele>2040.075195</ele>
      </trkpt>
      <trkpt lat="46.16578" lon="6.90498">
        <ele>2043.472168</ele>
      </trkpt>
      <trkpt lat="46.16581" lon="6.90517">
        <ele>2048.387451</ele>
      </trkpt>
      <trkpt lat="46.16594" lon="6.90527">
        <ele>2048.494873</ele>
      </trkpt>
      <trkpt lat="46.16606" lon="6.90535">
        <ele>2048.004883</ele>
      </trkpt>
      <trkpt lat="46.16619" lon="6.90544">
        <ele>2047.595581</ele>
      </trkpt>
      <trkpt lat="46.16632" lon="6.9055">
        <ele>2047.080566</ele>
      </trkpt>
      <trkpt lat="46.16643" lon="6.90565">
        <ele>2050.187988</ele>
      </trkpt>
      <trkpt lat="46.16652" lon="6.90581">
        <ele>2054.171143</ele>
      </trkpt>
      <trkpt lat="46.16665" lon="6.90592">
        <ele>2055.449707</ele>
      </trkpt>
      <trkpt lat="46.16676" lon="6.90604">
        <ele>2057.397705</ele>
      </trkpt>
      <trkpt lat="46.16688" lon="6.90611">
        <ele>2058.266602</ele>
      </trkpt>
      <trkpt lat="46.16704" lon="6.90617">
        <ele>2058.808594</ele>
      </trkpt>
      <trkpt lat="46.16715" lon="6.90633">
        <ele>2063.503418</ele>
      </trkpt>
      <trkpt lat="46.16728" lon="6.90638">
        <ele>2064.694824</ele>
      </trkpt>
      <trkpt lat="46.16742" lon="6.9063">
        <ele>2060.932617</ele>
      </trkpt>
      <trkpt lat="46.16759" lon="6.90623">
        <ele>2057.175537</ele>
      </trkpt>
      <trkpt lat="46.16774" lon="6.90617">
        <ele>2053.239746</ele>
      </trkpt>
      <trkpt lat="46.16787" lon="6.90621">
        <ele>2054.226562</ele>
      </trkpt>
      <trkpt lat="46.16802" lon="6.90619">
        <ele>2052.414795</ele>
      </trkpt>
      <trkpt lat="46.16816" lon="6.90626">
        <ele>2054.736572</ele>
      </trkpt>
      <trkpt lat="46.16825" lon="6.90643">
        <ele>2062.492676</ele>
      </trkpt>
      <trkpt lat="46.16839" lon="6.90637">
        <ele>2060.665039</ele>
      </trkpt>
      <trkpt lat="46.16849" lon="6.90625">
        <ele>2057.45752</ele>
      </trkpt>
      <trkpt lat="46.16866" lon="6.90611">
        <ele>2055.546143</ele>
      </trkpt>
      <trkpt lat="46.16882" lon="6.90597">
        <ele>2054.019043</ele>
      </trkpt>
      <trkpt lat="46.16891" lon="6.90582">
        <ele>2050.33252</ele>
      </trkpt>
      <trkpt lat="46.16904" lon="6.90572">
        <ele>2049.334961</ele>
      </trkpt>
      <trkpt lat="46.16914" lon="6.90558">
        <ele>2046.957642</ele>
      </trkpt>
      <trkpt lat="46.16926" lon="6.90541">
        <ele>2042.619019</ele>
      </trkpt>
      <trkpt lat="46.16937" lon="6.90523">
        <ele>2037.570679</ele>
      </trkpt>
      <trkpt lat="46.16945" lon="6.90505">
        <ele>2031.87915</ele>
      </trkpt>
      <trkpt lat="46.16959" lon="6.90505">
        <ele>2035.163452</ele>
      </trkpt>
      <trkpt lat="46.16974" lon="6.90503">
        <ele>2038.640869</ele>
      </trkpt>
      <trkpt lat="46.16985" lon="6.9049">
        <ele>2035.163452</ele>
      </trkpt>
      <trkpt lat="46.16997" lon="6.90474">
        <ele>2031.181152</ele>
      </trkpt>
      <trkpt lat="46.17014" lon="6.90457">
        <ele>2029.899658</ele>
      </trkpt>
      <trkpt lat="46.17026" lon="6.90439">
        <ele>2026.752441</ele>
      </trkpt>
      <trkpt lat="46.17036" lon="6.90426">
        <ele>2024.489136</ele>
      </trkpt>
      <trkpt lat="46.17047" lon="6.90414">
        <ele>2023.725464</ele>
      </trkpt>
      <trkpt lat="46.1706" lon="6.90397">
        <ele>2020.763184</ele>
      </trkpt>
      <trkpt lat="46.17076" lon="6.9038">
        <ele>2019.59436</ele>
      </trkpt>
      <trkpt lat="46.1709" lon="6.90365">
        <ele>2016.850952</ele>
      </trkpt>
      <trkpt lat="46.17107" lon="6.90355">
        <ele>2016.298584</ele>
      </trkpt>
      <trkpt lat="46.17122" lon="6.90345">
        <ele>2015.047363</ele>
      </trkpt>
      <trkpt lat="46.17138" lon="6.90332">
        <ele>2013.178955</ele>
      </trkpt>
      <trkpt lat="46.17148" lon="6.90317">
        <ele>2008.543335</ele>
      </trkpt>
      <trkpt lat="46.17161" lon="6.903">
        <ele>2003.731201</ele>
      </trkpt>
      <trkpt lat="46.17171" lon="6.90286">
        <ele>1998.891846</ele>
      </trkpt>
      <trkpt lat="46.17184" lon="6.90284">
        <ele>1997.724365</ele>
      </trkpt>
      <trkpt lat="46.17203" lon="6.90276">
        <ele>1994.431396</ele>
      </trkpt>
      <trkpt lat="46.17215" lon="6.90264">
        <ele>1990.470337</ele>
      </trkpt>
      <trkpt lat="46.17226" lon="6.9025">
        <ele>1986.364136</ele>
      </trkpt>
      <trkpt lat="46.17242" lon="6.90242">
        <ele>1984.610107</ele>
      </trkpt>
      <trkpt lat="46.17254" lon="6.90229">
        <ele>1978.615723</ele>
      </trkpt>
      <trkpt lat="46.17266" lon="6.90218">
        <ele>1968.772217</ele>
      </trkpt>
      <trkpt lat="46.1728" lon="6.90218">
        <ele>1961.574097</ele>
      </trkpt>
      <trkpt lat="46.17285" lon="6.90238">
        <ele>1963.018555</ele>
      </trkpt>
      <trkpt lat="46.17288" lon="6.90265">
        <ele>1965.685303</ele>
      </trkpt>
      <trkpt lat="46.17297" lon="6.90284">
        <ele>1961.830811</ele>
      </trkpt>
      <trkpt lat="46.173" lon="6.90307">
        <ele>1961.290283</ele>
      </trkpt>
      <trkpt lat="46.17301" lon="6.90329">
        <ele>1962.452881</ele>
      </trkpt>
      <trkpt lat="46.17301" lon="6.90351">
        <ele>1961.977783</ele>
      </trkpt>
      <trkpt lat="46.17296" lon="6.90376">
        <ele>1963.869629</ele>
      </trkpt>
      <trkpt lat="46.17293" lon="6.90399">
        <ele>1965.398438</ele>
      </trkpt>
      <trkpt lat="46.17287" lon="6.90418">
        <ele>1969.876465</ele>
      </trkpt>
      <trkpt lat="46.17283" lon="6.90438">
        <ele>1971.77002</ele>
      </trkpt>
      <trkpt lat="46.17283" lon="6.90466">
        <ele>1968.996338</ele>
      </trkpt>
      <trkpt lat="46.17281" lon="6.9049">
        <ele>1968.068848</ele>
      </trkpt>
      <trkpt lat="46.17282" lon="6.90516">
        <ele>1966.518799</ele>
      </trkpt>
      <trkpt lat="46.17287" lon="6.9054">
        <ele>1960.684326</ele>
      </trkpt>
      <trkpt lat="46.17288" lon="6.90562">
        <ele>1960.072754</ele>
      </trkpt>
      <trkpt lat="46.17286" lon="6.90586">
        <ele>1962.174561</ele>
      </trkpt>
      <trkpt lat="46.1729" lon="6.90614">
        <ele>1956.925415</ele>
      </trkpt>
      <trkpt lat="46.17291" lon="6.90636">
        <ele>1954.755127</ele>
      </trkpt>
      <trkpt lat="46.1729" lon="6.90658">
        <ele>1955.322998</ele>
      </trkpt>
      <trkpt lat="46.17285" lon="6.90678">
        <ele>1959.839844</ele>
      </trkpt>
      <trkpt lat="46.17289" lon="6.90699">
        <ele>1955.624023</ele>
      </trkpt>
      <trkpt lat="46.17296" lon="6.90718">
        <ele>1948.457153</ele>
      </trkpt>
      <trkpt lat="46.173" lon="6.90742">
        <ele>1944.092041</ele>
      </trkpt>
      <trkpt lat="46.17303" lon="6.90761">
        <ele>1938.972412</ele>
      </trkpt>
      <trkpt lat="46.17301" lon="6.90782">
        <ele>1937.94165</ele>
      </trkpt>
      <trkpt lat="46.17304" lon="6.90804">
        <ele>1931.353271</ele>
      </trkpt>
      <trkpt lat="46.17315" lon="6.90791">
        <ele>1921.957031</ele>
      </trkpt>
      <trkpt lat="46.1732" lon="6.9081">
        <ele>1914.271851</ele>
      </trkpt>
      <trkpt lat="46.17315" lon="6.90829">
        <ele>1916.379395</ele>
      </trkpt>
      <trkpt lat="46.17315" lon="6.9085">
        <ele>1912.471069</ele>
      </trkpt>
      <trkpt lat="46.17303" lon="6.9087">
        <ele>1919.515381</ele>
      </trkpt>
      <trkpt lat="46.17303" lon="6.9089">
        <ele>1914.593506</ele>
      </trkpt>
      <trkpt lat="46.17298" lon="6.90908">
        <ele>1916.00293</ele>
      </trkpt>
      <trkpt lat="46.17288" lon="6.90923">
        <ele>1922.761841</ele>
      </trkpt>
      <trkpt lat="46.17293" lon="6.90941">
        <ele>1915.865479</ele>
      </trkpt>
      <trkpt lat="46.17299" lon="6.90961">
        <ele>1907.912598</ele>
      </trkpt>
      <trkpt lat="46.17303" lon="6.9098">
        <ele>1902.452515</ele>
      </trkpt>
      <trkpt lat="46.17307" lon="6.91001">
        <ele>1897.247803</ele>
      </trkpt>
      <trkpt lat="46.17303" lon="6.91024">
        <ele>1901.619263</ele>
      </trkpt>
      <trkpt lat="46.17312" lon="6.91039">
        <ele>1895.098755</ele>
      </trkpt>
      <trkpt lat="46.17323" lon="6.91056">
        <ele>1888.009644</ele>
      </trkpt>
      <trkpt lat="46.17321" lon="6.91078">
        <ele>1890.568359</ele>
      </trkpt>
      <trkpt lat="46.17316" lon="6.911">
        <ele>1895.335938</ele>
      </trkpt>
      <trkpt lat="46.17309" lon="6.91117">
        <ele>1901.456787</ele>
      </trkpt>
      <trkpt lat="46.17301" lon="6.91132">
        <ele>1907.749023</ele>
      </trkpt>
      <trkpt lat="46.17301" lon="6.91153">
        <ele>1908.664673</ele>
      </trkpt>
      <trkpt lat="46.17313" lon="6.91163">
        <ele>1903.112549</ele>
      </trkpt>
      <trkpt lat="46.17325" lon="6.91174">
        <ele>1899.527466</ele>
      </trkpt>
      <trkpt lat="46.17338" lon="6.91189">
        <ele>1897.100464</ele>
      </trkpt>
      <trkpt lat="46.17347" lon="6.91206">
        <ele>1897.819702</ele>
      </trkpt>
      <trkpt lat="46.17356" lon="6.9122">
        <ele>1897.354492</ele>
      </trkpt>
      <trkpt lat="46.17364" lon="6.91244">
        <ele>1900.181274</ele>
      </trkpt>
      <trkpt lat="46.17366" lon="6.91267">
        <ele>1906.378906</ele>
      </trkpt>
      <trkpt lat="46.17379" lon="6.91282">
        <ele>1904.257202</ele>
      </trkpt>
      <trkpt lat="46.17394" lon="6.91291">
        <ele>1899.413086</ele>
      </trkpt>
      <trkpt lat="46.17409" lon="6.91305">
        <ele>1896.389404</ele>
      </trkpt>
      <trkpt lat="46.17419" lon="6.91322">
        <ele>1897.352173</ele>
      </trkpt>
      <trkpt lat="46.17428" lon="6.9134">
        <ele>1902.878662</ele>
      </trkpt>
      <trkpt lat="46.17442" lon="6.9134">
        <ele>1901.417358</ele>
      </trkpt>
      <trkpt lat="46.17462" lon="6.91344">
        <ele>1900.28894</ele>
      </trkpt>
      <trkpt lat="46.17477" lon="6.9135">
        <ele>1900.897949</ele>
      </trkpt>
      <trkpt lat="46.17486" lon="6.91373">
        <ele>1908.62439</ele>
      </trkpt>
      <trkpt lat="46.17498" lon="6.91356">
        <ele>1900.038208</ele>
      </trkpt>
      <trkpt lat="46.17512" lon="6.91352">
        <ele>1895.950684</ele>
      </trkpt>
      <trkpt lat="46.17524" lon="6.91363">
        <ele>1899.051025</ele>
      </trkpt>
      <trkpt lat="46.17537" lon="6.91371">
        <ele>1901.148315</ele>
      </trkpt>
      <trkpt lat="46.17551" lon="6.91369">
        <ele>1898.91626</ele>
      </trkpt>
      <trkpt lat="46.17564" lon="6.91373">
        <ele>1899.301758</ele>
      </trkpt>
      <trkpt lat="46.17578" lon="6.91377">
        <ele>1900.759277</ele>
      </trkpt>
      <trkpt lat="46.17595" lon="6.91379">
        <ele>1898.280273</ele>
      </trkpt>
      <trkpt lat="46.17609" lon="6.91382">
        <ele>1896.529785</ele>
      </trkpt>
      <trkpt lat="46.17623" lon="6.91387">
        <ele>1895.269775</ele>
      </trkpt>
      <trkpt lat="46.17636" lon="6.91392">
        <ele>1893.988159</ele>
      </trkpt>
      <trkpt lat="46.17645" lon="6.91406">
        <ele>1897.678833</ele>
      </trkpt>
      <trkpt lat="46.17653" lon="6.91422">
        <ele>1900.41394</ele>
      </trkpt>
      <trkpt lat="46.17658" lon="6.91444">
        <ele>1901.572144</ele>
      </trkpt>
      <trkpt lat="46.17657" lon="6.91465">
        <ele>1905.278931</ele>
      </trkpt>
      <trkpt lat="46.17656" lon="6.91485">
        <ele>1908.736206</ele>
      </trkpt>
      <trkpt lat="46.17655" lon="6.91505">
        <ele>1912.341919</ele>
      </trkpt>
      <trkpt lat="46.17655" lon="6.91524">
        <ele>1913.979126</ele>
      </trkpt>
      <trkpt lat="46.17662" lon="6.91543">
        <ele>1908.531372</ele>
      </trkpt>
      <trkpt lat="46.1766" lon="6.91565">
        <ele>1912.299927</ele>
      </trkpt>
      <trkpt lat="46.17662" lon="6.91586">
        <ele>1911.603394</ele>
      </trkpt>
      <trkpt lat="46.17675" lon="6.91604">
        <ele>1906.575684</ele>
      </trkpt>
      <trkpt lat="46.17683" lon="6.91621">
        <ele>1907.385376</ele>
      </trkpt>
      <trkpt lat="46.17692" lon="6.91636">
        <ele>1906.977783</ele>
      </trkpt>
      <trkpt lat="46.17699" lon="6.91654">
        <ele>1909.082642</ele>
      </trkpt>
      <trkpt lat="46.17701" lon="6.91674">
        <ele>1914.445801</ele>
      </trkpt>
      <trkpt lat="46.17704" lon="6.91693">
        <ele>1919.230957</ele>
      </trkpt>
      <trkpt lat="46.17708" lon="6.91713">
        <ele>1923.675049</ele>
      </trkpt>
      <trkpt lat="46.17709" lon="6.91732">
        <ele>1929.682983</ele>
      </trkpt>
      <trkpt lat="46.17719" lon="6.91747">
        <ele>1930.815796</ele>
      </trkpt>
      <trkpt lat="46.17732" lon="6.91753">
        <ele>1928.135376</ele>
      </trkpt>
      <trkpt lat="46.17746" lon="6.91754">
        <ele>1923.099365</ele>
      </trkpt>
      <trkpt lat="46.17759" lon="6.9175">
        <ele>1918.145264</ele>
      </trkpt>
      <trkpt lat="46.17776" lon="6.91746">
        <ele>1913.394287</ele>
      </trkpt>
      <trkpt lat="46.17791" lon="6.91737">
        <ele>1906.324707</ele>
      </trkpt>
      <trkpt lat="46.17805" lon="6.9174">
        <ele>1905.272217</ele>
      </trkpt>
      <trkpt lat="46.17816" lon="6.91754">
        <ele>1909.293335</ele>
      </trkpt>
      <trkpt lat="46.17817" lon="6.91777">
        <ele>1915.372314</ele>
      </trkpt>
      <trkpt lat="46.17823" lon="6.91797">
        <ele>1919.108887</ele>
      </trkpt>
      <trkpt lat="46.17829" lon="6.91815">
        <ele>1921.921631</ele>
      </trkpt>
      <trkpt lat="46.1784" lon="6.91835">
        <ele>1923.987549</ele>
      </trkpt>
      <trkpt lat="46.1785" lon="6.91849">
        <ele>1927.231812</ele>
      </trkpt>
      <trkpt lat="46.17865" lon="6.9185">
        <ele>1924.003174</ele>
      </trkpt>
      <trkpt lat="46.17881" lon="6.91852">
        <ele>1921.186279</ele>
      </trkpt>
      <trkpt lat="46.179" lon="6.91852">
        <ele>1916.3396</ele>
      </trkpt>
      <trkpt lat="46.17916" lon="6.91849">
        <ele>1910.753418</ele>
      </trkpt>
      <trkpt lat="46.17928" lon="6.91862">
        <ele>1918.523071</ele>
      </trkpt>
      <trkpt lat="46.17945" lon="6.91866">
        <ele>1921.548218</ele>
      </trkpt>
      <trkpt lat="46.17959" lon="6.91862">
        <ele>1919.454834</ele>
      </trkpt>
      <trkpt lat="46.17973" lon="6.91858">
        <ele>1917.612305</ele>
      </trkpt>
      <trkpt lat="46.17989" lon="6.91856">
        <ele>1916.442505</ele>
      </trkpt>
      <trkpt lat="46.18009" lon="6.91852">
        <ele>1915.914185</ele>
      </trkpt>
      <trkpt lat="46.18021" lon="6.91845">
        <ele>1913.222168</ele>
      </trkpt>
      <trkpt lat="46.18035" lon="6.91835">
        <ele>1909.446899</ele>
      </trkpt>
      <trkpt lat="46.18051" lon="6.91825">
        <ele>1906.802002</ele>
      </trkpt>
      <trkpt lat="46.18068" lon="6.91823">
        <ele>1909.088745</ele>
      </trkpt>
      <trkpt lat="46.18084" lon="6.91813">
        <ele>1907.279541</ele>
      </trkpt>
      <trkpt lat="46.181" lon="6.91808">
        <ele>1907.681641</ele>
      </trkpt>
      <trkpt lat="46.18118" lon="6.91802">
        <ele>1907.9104</ele>
      </trkpt>
      <trkpt lat="46.18135" lon="6.91789">
        <ele>1904.473999</ele>
      </trkpt>
      <trkpt lat="46.18148" lon="6.91779">
        <ele>1901.396973</ele>
      </trkpt>
      <trkpt lat="46.18162" lon="6.91764">
        <ele>1895.899414</ele>
      </trkpt>
      <trkpt lat="46.18176" lon="6.91762">
        <ele>1896.363037</ele>
      </trkpt>
      <trkpt lat="46.1819" lon="6.91762">
        <ele>1897.389893</ele>
      </trkpt>
      <trkpt lat="46.18205" lon="6.91761">
        <ele>1898.210693</ele>
      </trkpt>
      <trkpt lat="46.1822" lon="6.91763">
        <ele>1900.467041</ele>
      </trkpt>
      <trkpt lat="46.18236" lon="6.91768">
        <ele>1904.309814</ele>
      </trkpt>
      <trkpt lat="46.18249" lon="6.91765">
        <ele>1903.857544</ele>
      </trkpt>
      <trkpt lat="46.18268" lon="6.91759">
        <ele>1906.52832</ele>
      </trkpt>
      <trkpt lat="46.18282" lon="6.91757">
        <ele>1910.450806</ele>
      </trkpt>
      <trkpt lat="46.18298" lon="6.91745">
        <ele>1910.009277</ele>
      </trkpt>
      <trkpt lat="46.18312" lon="6.91739">
        <ele>1912.338013</ele>
      </trkpt>
      <trkpt lat="46.18323" lon="6.91726">
        <ele>1909.971802</ele>
      </trkpt>
      <trkpt lat="46.18337" lon="6.91717">
        <ele>1910.389404</ele>
      </trkpt>
      <trkpt lat="46.18351" lon="6.91706">
        <ele>1909.37561</ele>
      </trkpt>
      <trkpt lat="46.18366" lon="6.91701">
        <ele>1911.166504</ele>
      </trkpt>
      <trkpt lat="46.18379" lon="6.91695">
        <ele>1911.829102</ele>
      </trkpt>
      <trkpt lat="46.18396" lon="6.91697">
        <ele>1917.63269</ele>
      </trkpt>
      <trkpt lat="46.18411" lon="6.91692">
        <ele>1919.97644</ele>
      </trkpt>
      <trkpt lat="46.18425" lon="6.91682">
        <ele>1920.93811</ele>
      </trkpt>
      <trkpt lat="46.18441" lon="6.91672">
        <ele>1923.917236</ele>
      </trkpt>
      <trkpt lat="46.18453" lon="6.91661">
        <ele>1925.840088</ele>
      </trkpt>
      <trkpt lat="46.18462" lon="6.91642">
        <ele>1924.910522</ele>
      </trkpt>
      <trkpt lat="46.18473" lon="6.91624">
        <ele>1925.763428</ele>
      </trkpt>
      <trkpt lat="46.18483" lon="6.91605">
        <ele>1926.254761</ele>
      </trkpt>
      <trkpt lat="46.18488" lon="6.91587">
        <ele>1924.686157</ele>
      </trkpt>
      <trkpt lat="46.18475" lon="6.91581">
        <ele>1916.612183</ele>
      </trkpt>
      <trkpt lat="46.18489" lon="6.91586">
        <ele>1924.822754</ele>
      </trkpt>
      <trkpt lat="46.18502" lon="6.9158">
        <ele>1929.953735</ele>
      </trkpt>
      <trkpt lat="46.18509" lon="6.91563">
        <ele>1928.470093</ele>
      </trkpt>
      <trkpt lat="46.1852" lon="6.91549">
        <ele>1929.561523</ele>
      </trkpt>
      <trkpt lat="46.18531" lon="6.91537">
        <ele>1930.639648</ele>
      </trkpt>
      <trkpt lat="46.18543" lon="6.91521">
        <ele>1930.091919</ele>
      </trkpt>
      <trkpt lat="46.18554" lon="6.91508">
        <ele>1929.440186</ele>
      </trkpt>
      <trkpt lat="46.18566" lon="6.91495">
        <ele>1929.044312</ele>
      </trkpt>
      <trkpt lat="46.18579" lon="6.91491">
        <ele>1933.046387</ele>
      </trkpt>
      <trkpt lat="46.18596" lon="6.91491">
        <ele>1940.047729</ele>
      </trkpt>
      <trkpt lat="46.1861" lon="6.91481">
        <ele>1942.354492</ele>
      </trkpt>
      <trkpt lat="46.18601" lon="6.91497">
        <ele>1945.266602</ele>
      </trkpt>
      <trkpt lat="46.18587" lon="6.91505">
        <ele>1942.863281</ele>
      </trkpt>
      <trkpt lat="46.18579" lon="6.9152">
        <ele>1946.569458</ele>
      </trkpt>
      <trkpt lat="46.18573" lon="6.91539">
        <ele>1952.69812</ele>
      </trkpt>
      <trkpt lat="46.18566" lon="6.91557">
        <ele>1956.968872</ele>
      </trkpt>
      <trkpt lat="46.18558" lon="6.91572">
        <ele>1959.123047</ele>
      </trkpt>
      <trkpt lat="46.18549" lon="6.91588">
        <ele>1960.19519</ele>
      </trkpt>
      <trkpt lat="46.18545" lon="6.91607">
        <ele>1963.548828</ele>
      </trkpt>
      <trkpt lat="46.18545" lon="6.91628">
        <ele>1969.539551</ele>
      </trkpt>
      <trkpt lat="46.18545" lon="6.91648">
        <ele>1975.547119</ele>
      </trkpt>
      <trkpt lat="46.18543" lon="6.91668">
        <ele>1979.734863</ele>
      </trkpt>
      <trkpt lat="46.18536" lon="6.91685">
        <ele>1977.559814</ele>
      </trkpt>
      <trkpt lat="46.18535" lon="6.91704">
        <ele>1981.44043</ele>
      </trkpt>
      <trkpt lat="46.18531" lon="6.91723">
        <ele>1982.626587</ele>
      </trkpt>
      <trkpt lat="46.18534" lon="6.91743">
        <ele>1988.590576</ele>
      </trkpt>
      <trkpt lat="46.18526" lon="6.91759">
        <ele>1985.653687</ele>
      </trkpt>
      <trkpt lat="46.18525" lon="6.91779">
        <ele>1985.853271</ele>
      </trkpt>
      <trkpt lat="46.18518" lon="6.91796">
        <ele>1985.234131</ele>
      </trkpt>
      <trkpt lat="46.18506" lon="6.91806">
        <ele>1985.175781</ele>
      </trkpt>
      <trkpt lat="46.18496" lon="6.91819">
        <ele>1987.400635</ele>
      </trkpt>
      <trkpt lat="46.18483" lon="6.91828">
        <ele>1989.276123</ele>
      </trkpt>
      <trkpt lat="46.18472" lon="6.91839">
        <ele>1989.728027</ele>
      </trkpt>
      <trkpt lat="46.18458" lon="6.9184">
        <ele>1990.175659</ele>
      </trkpt>
      <trkpt lat="46.18444" lon="6.91843">
        <ele>1990.894043</ele>
      </trkpt>
      <trkpt lat="46.18433" lon="6.91854">
        <ele>1992.622437</ele>
      </trkpt>
      <trkpt lat="46.18424" lon="6.91871">
        <ele>1996.460205</ele>
      </trkpt>
      <trkpt lat="46.18414" lon="6.91885">
        <ele>2001.264648</ele>
      </trkpt>
      <trkpt lat="46.18401" lon="6.91896">
        <ele>2003.757568</ele>
      </trkpt>
      <trkpt lat="46.18391" lon="6.91909">
        <ele>2008.461182</ele>
      </trkpt>
      <trkpt lat="46.1838" lon="6.9192">
        <ele>2011.833862</ele>
      </trkpt>
      <trkpt lat="46.18367" lon="6.91914">
        <ele>2012.754272</ele>
      </trkpt>
      <trkpt lat="46.18354" lon="6.91919">
        <ele>2015.513672</ele>
      </trkpt>
      <trkpt lat="46.18346" lon="6.91935">
        <ele>2016.992188</ele>
      </trkpt>
      <trkpt lat="46.18337" lon="6.91952">
        <ele>2020.188232</ele>
      </trkpt>
      <trkpt lat="46.18328" lon="6.91967">
        <ele>2023.156738</ele>
      </trkpt>
      <trkpt lat="46.18309" lon="6.91977">
        <ele>2026.628906</ele>
      </trkpt>
      <trkpt lat="46.18295" lon="6.91976">
        <ele>2028.228027</ele>
      </trkpt>
      <trkpt lat="46.18281" lon="6.91973">
        <ele>2028.432373</ele>
      </trkpt>
      <trkpt lat="46.18267" lon="6.91973">
        <ele>2030.03833</ele>
      </trkpt>
      <trkpt lat="46.18254" lon="6.9198">
        <ele>2035.479126</ele>
      </trkpt>
      <trkpt lat="46.1824" lon="6.91994">
        <ele>2042.345215</ele>
      </trkpt>
      <trkpt lat="46.18227" lon="6.92002">
        <ele>2043.801025</ele>
      </trkpt>
      <trkpt lat="46.18214" lon="6.92011">
        <ele>2041.577393</ele>
      </trkpt>
      <trkpt lat="46.18202" lon="6.9202">
        <ele>2040.26416</ele>
      </trkpt>
      <trkpt lat="46.1819" lon="6.92028">
        <ele>2039.637939</ele>
      </trkpt>
      <trkpt lat="46.18178" lon="6.92038">
        <ele>2039.97522</ele>
      </trkpt>
      <trkpt lat="46.18164" lon="6.92048">
        <ele>2041.437378</ele>
      </trkpt>
      <trkpt lat="46.18152" lon="6.92057">
        <ele>2045.23877</ele>
      </trkpt>
      <trkpt lat="46.18138" lon="6.9206">
        <ele>2048.46875</ele>
      </trkpt>
      <trkpt lat="46.18125" lon="6.92055">
        <ele>2049.125</ele>
      </trkpt>
      <trkpt lat="46.18113" lon="6.92065">
        <ele>2055.557617</ele>
      </trkpt>
      <trkpt lat="46.18101" lon="6.92074">
        <ele>2063.453857</ele>
      </trkpt>
      <trkpt lat="46.18092" lon="6.92089">
        <ele>2072.382324</ele>
      </trkpt>
      <trkpt lat="46.18083" lon="6.92104">
        <ele>2078.702393</ele>
      </trkpt>
      <trkpt lat="46.18073" lon="6.92118">
        <ele>2080.839355</ele>
      </trkpt>
      <trkpt lat="46.18061" lon="6.92128">
        <ele>2082.896729</ele>
      </trkpt>
      <trkpt lat="46.18048" lon="6.92136">
        <ele>2085.117676</ele>
      </trkpt>
      <trkpt lat="46.18037" lon="6.92145">
        <ele>2088.71875</ele>
      </trkpt>
      <trkpt lat="46.18026" lon="6.92157">
        <ele>2094.362305</ele>
      </trkpt>
      <trkpt lat="46.18015" lon="6.9217">
        <ele>2100.53418</ele>
      </trkpt>
      <trkpt lat="46.18001" lon="6.92176">
        <ele>2104.502197</ele>
      </trkpt>
      <trkpt lat="46.17988" lon="6.92181">
        <ele>2107.486084</ele>
      </trkpt>
      <trkpt lat="46.17975" lon="6.92188">
        <ele>2111.275391</ele>
      </trkpt>
      <trkpt lat="46.17961" lon="6.92188">
        <ele>2112.269043</ele>
      </trkpt>
      <trkpt lat="46.17947" lon="6.92186">
        <ele>2112.305176</ele>
      </trkpt>
      <trkpt lat="46.17934" lon="6.92184">
        <ele>2112.22998</ele>
      </trkpt>
      <trkpt lat="46.1792" lon="6.92184">
        <ele>2113.178223</ele>
      </trkpt>
      <trkpt lat="46.17907" lon="6.92181">
        <ele>2112.00293</ele>
      </trkpt>
      <trkpt lat="46.17893" lon="6.92178">
        <ele>2111.015625</ele>
      </trkpt>
      <trkpt lat="46.1788" lon="6.92183">
        <ele>2114.164795</ele>
      </trkpt>
      <trkpt lat="46.17866" lon="6.92188">
        <ele>2117.09375</ele>
      </trkpt>
      <trkpt lat="46.17853" lon="6.92191">
        <ele>2119.59082</ele>
      </trkpt>
      <trkpt lat="46.17839" lon="6.92188">
        <ele>2118.587402</ele>
      </trkpt>
      <trkpt lat="46.17825" lon="6.92184">
        <ele>2118.172119</ele>
      </trkpt>
      <trkpt lat="46.17812" lon="6.92183">
        <ele>2120.427979</ele>
      </trkpt>
      <trkpt lat="46.17798" lon="6.92178">
        <ele>2120.483398</ele>
      </trkpt>
      <trkpt lat="46.17785" lon="6.92172">
        <ele>2120.095703</ele>
      </trkpt>
      <trkpt lat="46.17771" lon="6.92172">
        <ele>2123.060059</ele>
      </trkpt>
      <trkpt lat="46.17757" lon="6.92176">
        <ele>2128.068604</ele>
      </trkpt>
      <trkpt lat="46.17744" lon="6.92181">
        <ele>2132.935059</ele>
      </trkpt>
      <trkpt lat="46.1773" lon="6.92185">
        <ele>2135.335693</ele>
      </trkpt>
      <trkpt lat="46.17718" lon="6.92192">
        <ele>2138.918945</ele>
      </trkpt>
      <trkpt lat="46.17703" lon="6.92193">
        <ele>2139.553223</ele>
      </trkpt>
      <trkpt lat="46.1769" lon="6.92192">
        <ele>2139.365479</ele>
      </trkpt>
      <trkpt lat="46.17676" lon="6.92196">
        <ele>2141.058105</ele>
      </trkpt>
      <trkpt lat="46.17663" lon="6.92204">
        <ele>2143.666504</ele>
      </trkpt>
      <trkpt lat="46.17653" lon="6.92217">
        <ele>2148.067871</ele>
      </trkpt>
      <trkpt lat="46.17639" lon="6.92221">
        <ele>2150.380859</ele>
      </trkpt>
      <trkpt lat="46.17629" lon="6.92234">
        <ele>2154.791504</ele>
      </trkpt>
      <trkpt lat="46.17618" lon="6.92247">
        <ele>2159.296875</ele>
      </trkpt>
      <trkpt lat="46.17622" lon="6.92266">
        <ele>2164.04126</ele>
      </trkpt>
      <trkpt lat="46.17634" lon="6.92277">
        <ele>2166.258789</ele>
      </trkpt>
      <trkpt lat="46.17624" lon="6.9229">
        <ele>2170.700195</ele>
      </trkpt>
      <trkpt lat="46.17629" lon="6.92309">
        <ele>2175.345215</ele>
      </trkpt>
      <trkpt lat="46.17637" lon="6.92327">
        <ele>2179.884277</ele>
      </trkpt>
      <trkpt lat="46.1764" lon="6.92346">
        <ele>2185.052246</ele>
      </trkpt>
      <trkpt lat="46.17642" lon="6.92366">
        <ele>2190.523438</ele>
      </trkpt>
      <trkpt lat="46.17638" lon="6.92386">
        <ele>2195.654541</ele>
      </trkpt>
      <trkpt lat="46.17625" lon="6.92392">
        <ele>2196.630371</ele>
      </trkpt>
      <trkpt lat="46.17611" lon="6.92396">
        <ele>2196.539307</ele>
      </trkpt>
      <trkpt lat="46.17603" lon="6.92412">
        <ele>2199.209473</ele>
      </trkpt>
      <trkpt lat="46.17598" lon="6.9243">
        <ele>2205.485352</ele>
      </trkpt>
      <trkpt lat="46.17586" lon="6.92441">
        <ele>2209.44165</ele>
      </trkpt>
      <trkpt lat="46.17574" lon="6.92448">
        <ele>2211.556396</ele>
      </trkpt>
      <trkpt lat="46.17562" lon="6.92457">
        <ele>2214.152588</ele>
      </trkpt>
      <trkpt lat="46.1755" lon="6.92469">
        <ele>2218.126953</ele>
      </trkpt>
      <trkpt lat="46.1754" lon="6.92483">
        <ele>2222.384033</ele>
      </trkpt>
      <trkpt lat="46.1753" lon="6.92497">
        <ele>2226.060791</ele>
      </trkpt>
      <trkpt lat="46.17518" lon="6.92509">
        <ele>2228.126465</ele>
      </trkpt>
      <trkpt lat="46.17504" lon="6.92512">
        <ele>2226.625977</ele>
      </trkpt>
      <trkpt lat="46.17492" lon="6.92523">
        <ele>2231.258789</ele>
      </trkpt>
      <trkpt lat="46.17481" lon="6.92534">
        <ele>2237.514648</ele>
      </trkpt>
      <trkpt lat="46.17467" lon="6.92533">
        <ele>2240.307129</ele>
      </trkpt>
      <trkpt lat="46.17461" lon="6.92515">
        <ele>2236.779297</ele>
      </trkpt>
      <trkpt lat="46.17447" lon="6.92514">
        <ele>2239.686768</ele>
      </trkpt>
      <trkpt lat="46.17431" lon="6.9251">
        <ele>2242.827881</ele>
      </trkpt>
      <trkpt lat="46.17419" lon="6.925">
        <ele>2243.325439</ele>
      </trkpt>
      <trkpt lat="46.17411" lon="6.92485">
        <ele>2245.828857</ele>
      </trkpt>
      <trkpt lat="46.17407" lon="6.92462">
        <ele>2244.75708</ele>
      </trkpt>
      <trkpt lat="46.17406" lon="6.92442">
        <ele>2242.89917</ele>
      </trkpt>
      <trkpt lat="46.17392" lon="6.92442">
        <ele>2249.252197</ele>
      </trkpt>
      <trkpt lat="46.17385" lon="6.92424">
        <ele>2248.72583</ele>
      </trkpt>
      <trkpt lat="46.17374" lon="6.92413">
        <ele>2251.183594</ele>
      </trkpt>
      <trkpt lat="46.17361" lon="6.92404">
        <ele>2254.964111</ele>
      </trkpt>
      <trkpt lat="46.1735" lon="6.9239">
        <ele>2257.184814</ele>
      </trkpt>
      <trkpt lat="46.1734" lon="6.92377">
        <ele>2258.630615</ele>
      </trkpt>
      <trkpt lat="46.17333" lon="6.9236">
        <ele>2258.199707</ele>
      </trkpt>
      <trkpt lat="46.17332" lon="6.9234">
        <ele>2255.390869</ele>
      </trkpt>
      <trkpt lat="46.17339" lon="6.92322">
        <ele>2253.322754</ele>
      </trkpt>
      <trkpt lat="46.17371" lon="6.92291">
        <ele>2247.461426</ele>
      </trkpt>
      <trkpt lat="46.17386" lon="6.92297">
        <ele>2243.730957</ele>
      </trkpt>
      <trkpt lat="46.17403" lon="6.92312">
        <ele>2239.095215</ele>
      </trkpt>
      <trkpt lat="46.1741" lon="6.92341">
        <ele>2236.625244</ele>
      </trkpt>
      <trkpt lat="46.17414" lon="6.92361">
        <ele>2235.723877</ele>
      </trkpt>
      <trkpt lat="46.1741" lon="6.9238">
        <ele>2237.224121</ele>
      </trkpt>
      <trkpt lat="46.17413" lon="6.924">
        <ele>2236.177246</ele>
      </trkpt>
      <trkpt lat="46.17408" lon="6.9242">
        <ele>2238.696533</ele>
      </trkpt>
      <trkpt lat="46.174" lon="6.92439">
        <ele>2245.195557</ele>
      </trkpt>
      <trkpt lat="46.17407" lon="6.92456">
        <ele>2244.117188</ele>
      </trkpt>
      <trkpt lat="46.17411" lon="6.92476">
        <ele>2244.663574</ele>
      </trkpt>
      <trkpt lat="46.17415" lon="6.92495">
        <ele>2244.47168</ele>
      </trkpt>
      <trkpt lat="46.17425" lon="6.92511">
        <ele>2244.661621</ele>
      </trkpt>
      <trkpt lat="46.17438" lon="6.92517">
        <ele>2243.050049</ele>
      </trkpt>
      <trkpt lat="46.17455" lon="6.92516">
        <ele>2238.510986</ele>
      </trkpt>
      <trkpt lat="46.17468" lon="6.9252">
        <ele>2236.295166</ele>
      </trkpt>
      <trkpt lat="46.17478" lon="6.92533">
        <ele>2237.892334</ele>
      </trkpt>
      <trkpt lat="46.17491" lon="6.92529">
        <ele>2233.281738</ele>
      </trkpt>
      <trkpt lat="46.17503" lon="6.92516">
        <ele>2227.64209</ele>
      </trkpt>
      <trkpt lat="46.17511" lon="6.925">
        <ele>2223.723389</ele>
      </trkpt>
      <trkpt lat="46.17522" lon="6.92488">
        <ele>2221.650146</ele>
      </trkpt>
      <trkpt lat="46.17533" lon="6.92476">
        <ele>2218.525879</ele>
      </trkpt>
      <trkpt lat="46.17546" lon="6.9247">
        <ele>2218.054199</ele>
      </trkpt>
      <trkpt lat="46.17552" lon="6.92452">
        <ele>2211.553711</ele>
      </trkpt>
      <trkpt lat="46.17565" lon="6.92444">
        <ele>2209.162842</ele>
      </trkpt>
      <trkpt lat="46.17579" lon="6.9244">
        <ele>2208.14917</ele>
      </trkpt>
      <trkpt lat="46.17592" lon="6.92431">
        <ele>2205.443604</ele>
      </trkpt>
      <trkpt lat="46.17601" lon="6.92416">
        <ele>2199.702393</ele>
      </trkpt>
      <trkpt lat="46.1761" lon="6.92396">
        <ele>2196.602295</ele>
      </trkpt>
      <trkpt lat="46.17623" lon="6.92389">
        <ele>2195.846191</ele>
      </trkpt>
      <trkpt lat="46.17638" lon="6.92383">
        <ele>2194.788574</ele>
      </trkpt>
      <trkpt lat="46.17648" lon="6.92366">
        <ele>2190.505859</ele>
      </trkpt>
      <trkpt lat="46.17642" lon="6.92342">
        <ele>2183.962891</ele>
      </trkpt>
      <trkpt lat="46.17634" lon="6.92321">
        <ele>2178.470703</ele>
      </trkpt>
      <trkpt lat="46.17631" lon="6.92301">
        <ele>2173.27002</ele>
      </trkpt>
      <trkpt lat="46.1762" lon="6.92289">
        <ele>2170.610107</ele>
      </trkpt>
      <trkpt lat="46.17634" lon="6.92288">
        <ele>2169.406006</ele>
      </trkpt>
      <trkpt lat="46.17629" lon="6.9227">
        <ele>2164.721191</ele>
      </trkpt>
      <trkpt lat="46.17617" lon="6.92253">
        <ele>2160.906494</ele>
      </trkpt>
      <trkpt lat="46.17609" lon="6.92237">
        <ele>2157.205566</ele>
      </trkpt>
      <trkpt lat="46.17623" lon="6.92236">
        <ele>2155.738525</ele>
      </trkpt>
      <trkpt lat="46.17635" lon="6.92226">
        <ele>2152.029785</ele>
      </trkpt>
      <trkpt lat="46.17646" lon="6.92213">
        <ele>2147.439453</ele>
      </trkpt>
      <trkpt lat="46.17659" lon="6.92209">
        <ele>2145.197998</ele>
      </trkpt>
      <trkpt lat="46.17671" lon="6.92196">
        <ele>2141.070801</ele>
      </trkpt>
      <trkpt lat="46.17685" lon="6.92192">
        <ele>2139.411377</ele>
      </trkpt>
      <trkpt lat="46.17702" lon="6.92196">
        <ele>2140.642822</ele>
      </trkpt>
      <trkpt lat="46.17716" lon="6.92193">
        <ele>2139.44043</ele>
      </trkpt>
      <trkpt lat="46.1773" lon="6.92182">
        <ele>2133.854492</ele>
      </trkpt>
      <trkpt lat="46.17749" lon="6.92177">
        <ele>2130.368652</ele>
      </trkpt>
      <trkpt lat="46.17764" lon="6.9217">
        <ele>2123.487305</ele>
      </trkpt>
      <trkpt lat="46.17778" lon="6.92173">
        <ele>2122.192627</ele>
      </trkpt>
      <trkpt lat="46.17793" lon="6.92178">
        <ele>2121.479248</ele>
      </trkpt>
      <trkpt lat="46.17809" lon="6.92184">
        <ele>2121.445312</ele>
      </trkpt>
      <trkpt lat="46.17827" lon="6.92185">
        <ele>2118.546875</ele>
      </trkpt>
      <trkpt lat="46.17842" lon="6.92192">
        <ele>2120.672607</ele>
      </trkpt>
      <trkpt lat="46.17858" lon="6.92191">
        <ele>2119.395508</ele>
      </trkpt>
      <trkpt lat="46.17877" lon="6.92185">
        <ele>2115.132568</ele>
      </trkpt>
      <trkpt lat="46.17892" lon="6.92184">
        <ele>2114.109619</ele>
      </trkpt>
      <trkpt lat="46.17907" lon="6.92185">
        <ele>2114.392334</ele>
      </trkpt>
      <trkpt lat="46.17922" lon="6.92188">
        <ele>2114.992188</ele>
      </trkpt>
      <trkpt lat="46.17936" lon="6.92188">
        <ele>2113.744385</ele>
      </trkpt>
      <trkpt lat="46.17951" lon="6.92189">
        <ele>2113.265869</ele>
      </trkpt>
      <trkpt lat="46.17966" lon="6.92189">
        <ele>2112.049316</ele>
      </trkpt>
      <trkpt lat="46.1798" lon="6.92186">
        <ele>2110.027344</ele>
      </trkpt>
      <trkpt lat="46.17994" lon="6.92178">
        <ele>2105.744629</ele>
      </trkpt>
      <trkpt lat="46.18007" lon="6.92175">
        <ele>2103.006104</ele>
      </trkpt>
      <trkpt lat="46.1802" lon="6.92164">
        <ele>2097.839355</ele>
      </trkpt>
      <trkpt lat="46.18032" lon="6.9215">
        <ele>2090.716797</ele>
      </trkpt>
      <trkpt lat="46.18043" lon="6.92137">
        <ele>2085.467529</ele>
      </trkpt>
      <trkpt lat="46.18056" lon="6.92127">
        <ele>2082.294189</ele>
      </trkpt>
      <trkpt lat="46.18068" lon="6.92118">
        <ele>2080.507812</ele>
      </trkpt>
      <trkpt lat="46.1808" lon="6.92106">
        <ele>2078.625977</ele>
      </trkpt>
      <trkpt lat="46.18089" lon="6.92091">
        <ele>2073.800293</ele>
      </trkpt>
      <trkpt lat="46.18097" lon="6.92076">
        <ele>2065.05249</ele>
      </trkpt>
      <trkpt lat="46.1811" lon="6.92065">
        <ele>2056.104004</ele>
      </trkpt>
      <trkpt lat="46.18123" lon="6.92057">
        <ele>2050.27124</ele>
      </trkpt>
      <trkpt lat="46.18136" lon="6.92061">
        <ele>2049.040039</ele>
      </trkpt>
      <trkpt lat="46.1815" lon="6.92057">
        <ele>2045.505737</ele>
      </trkpt>
      <trkpt lat="46.18163" lon="6.92049">
        <ele>2041.731445</ele>
      </trkpt>
      <trkpt lat="46.18179" lon="6.92042">
        <ele>2040.500244</ele>
      </trkpt>
      <trkpt lat="46.18189" lon="6.92029">
        <ele>2039.67627</ele>
      </trkpt>
      <trkpt lat="46.18202" lon="6.92023">
        <ele>2040.435547</ele>
      </trkpt>
      <trkpt lat="46.18216" lon="6.92011">
        <ele>2041.808105</ele>
      </trkpt>
      <trkpt lat="46.1823" lon="6.92005">
        <ele>2044.094482</ele>
      </trkpt>
      <trkpt lat="46.18242" lon="6.91997">
        <ele>2044.455811</ele>
      </trkpt>
      <trkpt lat="46.18256" lon="6.91985">
        <ele>2037.812866</ele>
      </trkpt>
      <trkpt lat="46.18267" lon="6.91972">
        <ele>2029.342041</ele>
      </trkpt>
      <trkpt lat="46.1828" lon="6.91975">
        <ele>2029.445068</ele>
      </trkpt>
      <trkpt lat="46.18294" lon="6.91976">
        <ele>2028.404297</ele>
      </trkpt>
      <trkpt lat="46.18307" lon="6.91981">
        <ele>2027.886963</ele>
      </trkpt>
      <trkpt lat="46.18318" lon="6.91967">
        <ele>2023.719727</ele>
      </trkpt>
      <trkpt lat="46.18329" lon="6.91952">
        <ele>2021.247437</ele>
      </trkpt>
      <trkpt lat="46.18337" lon="6.91933">
        <ele>2018.772827</ele>
      </trkpt>
      <trkpt lat="46.18349" lon="6.91919">
        <ele>2016.103271</ele>
      </trkpt>
      <trkpt lat="46.18362" lon="6.91913">
        <ele>2012.642822</ele>
      </trkpt>
      <trkpt lat="46.18376" lon="6.91914">
        <ele>2011.832031</ele>
      </trkpt>
      <trkpt lat="46.1839" lon="6.91916">
        <ele>2010.859375</ele>
      </trkpt>
      <trkpt lat="46.18398" lon="6.91899">
        <ele>2004.675049</ele>
      </trkpt>
      <trkpt lat="46.18409" lon="6.91887">
        <ele>2001.572632</ele>
      </trkpt>
      <trkpt lat="46.18419" lon="6.91873">
        <ele>1998.436523</ele>
      </trkpt>
      <trkpt lat="46.18428" lon="6.91859">
        <ele>1993.915405</ele>
      </trkpt>
      <trkpt lat="46.18439" lon="6.91847">
        <ele>1991.38916</ele>
      </trkpt>
      <trkpt lat="46.18453" lon="6.91845">
        <ele>1990.091553</ele>
      </trkpt>
      <trkpt lat="46.18465" lon="6.91834">
        <ele>1990.904053</ele>
      </trkpt>
      <trkpt lat="46.18478" lon="6.91832">
        <ele>1990.477905</ele>
      </trkpt>
      <trkpt lat="46.18491" lon="6.91827">
        <ele>1989.235229</ele>
      </trkpt>
      <trkpt lat="46.18505" lon="6.91824">
        <ele>1988.484863</ele>
      </trkpt>
      <trkpt lat="46.18519" lon="6.91819">
        <ele>1987.053833</ele>
      </trkpt>
      <trkpt lat="46.18529" lon="6.91806">
        <ele>1986.726318</ele>
      </trkpt>
      <trkpt lat="46.18539" lon="6.91791">
        <ele>1988.812988</ele>
      </trkpt>
      <trkpt lat="46.18553" lon="6.9177">
        <ele>1995.636963</ele>
      </trkpt>
      <trkpt lat="46.18567" lon="6.91768">
        <ele>2001.578003</ele>
      </trkpt>
      <trkpt lat="46.18581" lon="6.9178">
        <ele>2001.528687</ele>
      </trkpt>
      <trkpt lat="46.18593" lon="6.91789">
        <ele>1998.801636</ele>
      </trkpt>
      <trkpt lat="46.18606" lon="6.91794">
        <ele>1997.466309</ele>
      </trkpt>
      <trkpt lat="46.18623" lon="6.91796">
        <ele>1997.889893</ele>
      </trkpt>
      <trkpt lat="46.18642" lon="6.91793">
        <ele>2000.525513</ele>
      </trkpt>
      <trkpt lat="46.18659" lon="6.91799">
        <ele>1998.817261</ele>
      </trkpt>
      <trkpt lat="46.18675" lon="6.91803">
        <ele>1995.867432</ele>
      </trkpt>
      <trkpt lat="46.18689" lon="6.91807">
        <ele>1990.996826</ele>
      </trkpt>
      <trkpt lat="46.18703" lon="6.91811">
        <ele>1986.845703</ele>
      </trkpt>
      <trkpt lat="46.18715" lon="6.91823">
        <ele>1980.212402</ele>
      </trkpt>
      <trkpt lat="46.18727" lon="6.9184">
        <ele>1972.65271</ele>
      </trkpt>
      <trkpt lat="46.18742" lon="6.91861">
        <ele>1964.425781</ele>
      </trkpt>
      <trkpt lat="46.18751" lon="6.91876">
        <ele>1958.872314</ele>
      </trkpt>
      <trkpt lat="46.18763" lon="6.91864">
        <ele>1955.2229</ele>
      </trkpt>
      <trkpt lat="46.18758" lon="6.91882">
        <ele>1952.673462</ele>
      </trkpt>
      <trkpt lat="46.18749" lon="6.91897">
        <ele>1953.595825</ele>
      </trkpt>
      <trkpt lat="46.18734" lon="6.91912">
        <ele>1948.34436</ele>
      </trkpt>
      <trkpt lat="46.18741" lon="6.9193">
        <ele>1943.246704</ele>
      </trkpt>
      <trkpt lat="46.18758" lon="6.91941">
        <ele>1936.183716</ele>
      </trkpt>
      <trkpt lat="46.18775" lon="6.91946">
        <ele>1924.221436</ele>
      </trkpt>
      <trkpt lat="46.18771" lon="6.91927">
        <ele>1931.571167</ele>
      </trkpt>
      <trkpt lat="46.18773" lon="6.91947">
        <ele>1925.140991</ele>
      </trkpt>
      <trkpt lat="46.18759" lon="6.91948">
        <ele>1933.432373</ele>
      </trkpt>
      <trkpt lat="46.18745" lon="6.91946">
        <ele>1938.883545</ele>
      </trkpt>
      <trkpt lat="46.18731" lon="6.91942">
        <ele>1937.916748</ele>
      </trkpt>
      <trkpt lat="46.18717" lon="6.91939">
        <ele>1937.130005</ele>
      </trkpt>
      <trkpt lat="46.18698" lon="6.91929">
        <ele>1938.755859</ele>
      </trkpt>
      <trkpt lat="46.18682" lon="6.91918">
        <ele>1941.561035</ele>
      </trkpt>
      <trkpt lat="46.18666" lon="6.91911">
        <ele>1943.838379</ele>
      </trkpt>
      <trkpt lat="46.18652" lon="6.9191">
        <ele>1943.087891</ele>
      </trkpt>
      <trkpt lat="46.18634" lon="6.91913">
        <ele>1939.560059</ele>
      </trkpt>
      <trkpt lat="46.18617" lon="6.91915">
        <ele>1937.170288</ele>
      </trkpt>
      <trkpt lat="46.186" lon="6.91915">
        <ele>1935.572388</ele>
      </trkpt>
      <trkpt lat="46.18583" lon="6.91922">
        <ele>1931.061523</ele>
      </trkpt>
      <trkpt lat="46.18567" lon="6.91931">
        <ele>1931.138794</ele>
      </trkpt>
      <trkpt lat="46.18552" lon="6.91938">
        <ele>1932.330322</ele>
      </trkpt>
      <trkpt lat="46.18539" lon="6.91948">
        <ele>1932.106201</ele>
      </trkpt>
      <trkpt lat="46.18525" lon="6.9197">
        <ele>1927.544556</ele>
      </trkpt>
      <trkpt lat="46.18513" lon="6.9199">
        <ele>1923.730469</ele>
      </trkpt>
      <trkpt lat="46.18503" lon="6.92007">
        <ele>1921.075562</ele>
      </trkpt>
      <trkpt lat="46.18495" lon="6.92025">
        <ele>1919.895874</ele>
      </trkpt>
      <trkpt lat="46.18487" lon="6.92048">
        <ele>1918.877686</ele>
      </trkpt>
      <trkpt lat="46.18475" lon="6.92076">
        <ele>1918.024658</ele>
      </trkpt>
      <trkpt lat="46.18464" lon="6.92101">
        <ele>1918.266113</ele>
      </trkpt>
      <trkpt lat="46.18461" lon="6.92124">
        <ele>1914.275635</ele>
      </trkpt>
      <trkpt lat="46.18452" lon="6.92147">
        <ele>1914.891846</ele>
      </trkpt>
      <trkpt lat="46.18444" lon="6.92165">
        <ele>1916.24939</ele>
      </trkpt>
      <trkpt lat="46.18444" lon="6.92185">
        <ele>1911.748779</ele>
      </trkpt>
      <trkpt lat="46.18441" lon="6.92206">
        <ele>1908.899902</ele>
      </trkpt>
      <trkpt lat="46.18437" lon="6.92227">
        <ele>1907.386719</ele>
      </trkpt>
      <trkpt lat="46.18437" lon="6.92252">
        <ele>1901.5802</ele>
      </trkpt>
      <trkpt lat="46.18432" lon="6.92277">
        <ele>1899.580322</ele>
      </trkpt>
      <trkpt lat="46.18424" lon="6.92303">
        <ele>1899.55835</ele>
      </trkpt>
      <trkpt lat="46.18424" lon="6.92325">
        <ele>1894.393188</ele>
      </trkpt>
      <trkpt lat="46.18419" lon="6.92356">
        <ele>1891.848755</ele>
      </trkpt>
      <trkpt lat="46.18414" lon="6.92381">
        <ele>1888.970215</ele>
      </trkpt>
      <trkpt lat="46.18414" lon="6.92407">
        <ele>1883.657227</ele>
      </trkpt>
      <trkpt lat="46.18401" lon="6.92427">
        <ele>1881.126709</ele>
      </trkpt>
      <trkpt lat="46.18384" lon="6.92439">
        <ele>1880.866455</ele>
      </trkpt>
      <trkpt lat="46.18367" lon="6.92426">
        <ele>1887.52002</ele>
      </trkpt>
      <trkpt lat="46.18352" lon="6.9242">
        <ele>1892.303101</ele>
      </trkpt>
      <trkpt lat="46.18337" lon="6.9243">
        <ele>1891.763306</ele>
      </trkpt>
      <trkpt lat="46.18322" lon="6.92436">
        <ele>1893.220703</ele>
      </trkpt>
      <trkpt lat="46.18304" lon="6.92447">
        <ele>1894.197754</ele>
      </trkpt>
      <trkpt lat="46.18295" lon="6.92464">
        <ele>1891.470703</ele>
      </trkpt>
      <trkpt lat="46.18284" lon="6.92488">
        <ele>1887.373901</ele>
      </trkpt>
      <trkpt lat="46.18276" lon="6.92512">
        <ele>1884.455078</ele>
      </trkpt>
      <trkpt lat="46.1827" lon="6.92539">
        <ele>1882.039062</ele>
      </trkpt>
      <trkpt lat="46.18267" lon="6.92563">
        <ele>1879.28772</ele>
      </trkpt>
      <trkpt lat="46.18264" lon="6.92584">
        <ele>1876.953369</ele>
      </trkpt>
      <trkpt lat="46.18265" lon="6.92605">
        <ele>1873.474609</ele>
      </trkpt>
      <trkpt lat="46.18262" lon="6.92631">
        <ele>1870.406982</ele>
      </trkpt>
      <trkpt lat="46.18259" lon="6.9265">
        <ele>1868.305054</ele>
      </trkpt>
      <trkpt lat="46.18265" lon="6.92675">
        <ele>1861.768066</ele>
      </trkpt>
      <trkpt lat="46.1826" lon="6.92701">
        <ele>1857.626831</ele>
      </trkpt>
      <trkpt lat="46.18241" lon="6.92717">
        <ele>1860.503296</ele>
      </trkpt>
      <trkpt lat="46.18228" lon="6.92729">
        <ele>1863.022705</ele>
      </trkpt>
      <trkpt lat="46.18213" lon="6.92738">
        <ele>1867.596436</ele>
      </trkpt>
      <trkpt lat="46.18226" lon="6.92748">
        <ele>1860.517822</ele>
      </trkpt>
      <trkpt lat="46.18236" lon="6.92762">
        <ele>1854.59021</ele>
      </trkpt>
      <trkpt lat="46.1824" lon="6.92782">
        <ele>1850.882935</ele>
      </trkpt>
      <trkpt lat="46.18241" lon="6.92802">
        <ele>1848.759399</ele>
      </trkpt>
      <trkpt lat="46.18236" lon="6.92822">
        <ele>1849.456787</ele>
      </trkpt>
      <trkpt lat="46.18224" lon="6.92849">
        <ele>1854.208984</ele>
      </trkpt>
      <trkpt lat="46.18233" lon="6.92864">
        <ele>1850.023682</ele>
      </trkpt>
      <trkpt lat="46.1824" lon="6.92883">
        <ele>1846.872559</ele>
      </trkpt>
      <trkpt lat="46.18251" lon="6.92895">
        <ele>1841.56189</ele>
      </trkpt>
      <trkpt lat="46.18262" lon="6.92913">
        <ele>1837.004272</ele>
      </trkpt>
      <trkpt lat="46.18252" lon="6.92928">
        <ele>1841.882446</ele>
      </trkpt>
      <trkpt lat="46.18258" lon="6.92947">
        <ele>1840.05481</ele>
      </trkpt>
      <trkpt lat="46.18272" lon="6.9296">
        <ele>1834.944336</ele>
      </trkpt>
      <trkpt lat="46.18285" lon="6.92979">
        <ele>1830.635986</ele>
      </trkpt>
      <trkpt lat="46.18285" lon="6.93">
        <ele>1831.729736</ele>
      </trkpt>
      <trkpt lat="46.18298" lon="6.93029">
        <ele>1827.584473</ele>
      </trkpt>
      <trkpt lat="46.18308" lon="6.93052">
        <ele>1824.488159</ele>
      </trkpt>
      <trkpt lat="46.18306" lon="6.9308">
        <ele>1826.398926</ele>
      </trkpt>
      <trkpt lat="46.18307" lon="6.93103">
        <ele>1826.517822</ele>
      </trkpt>
      <trkpt lat="46.18314" lon="6.93123">
        <ele>1823.69751</ele>
      </trkpt>
      <trkpt lat="46.18323" lon="6.93139">
        <ele>1820.513306</ele>
      </trkpt>
      <trkpt lat="46.18325" lon="6.93162">
        <ele>1820.328857</ele>
      </trkpt>
      <trkpt lat="46.18325" lon="6.93182">
        <ele>1822.260498</ele>
      </trkpt>
      <trkpt lat="46.18339" lon="6.93186">
        <ele>1817.535156</ele>
      </trkpt>
      <trkpt lat="46.18356" lon="6.93199">
        <ele>1813.185913</ele>
      </trkpt>
      <trkpt lat="46.18367" lon="6.9322">
        <ele>1811.821289</ele>
      </trkpt>
      <trkpt lat="46.18372" lon="6.93238">
        <ele>1812.218506</ele>
      </trkpt>
      <trkpt lat="46.18381" lon="6.93252">
        <ele>1810.267578</ele>
      </trkpt>
      <trkpt lat="46.18393" lon="6.93261">
        <ele>1806.718262</ele>
      </trkpt>
      <trkpt lat="46.18405" lon="6.93277">
        <ele>1804.023682</ele>
      </trkpt>
      <trkpt lat="46.18416" lon="6.93305">
        <ele>1802.537231</ele>
      </trkpt>
      <trkpt lat="46.18419" lon="6.93324">
        <ele>1803.189941</ele>
      </trkpt>
      <trkpt lat="46.18431" lon="6.93337">
        <ele>1800.141968</ele>
      </trkpt>
      <trkpt lat="46.18443" lon="6.93352">
        <ele>1797.02124</ele>
      </trkpt>
      <trkpt lat="46.1845" lon="6.9337">
        <ele>1796.031494</ele>
      </trkpt>
      <trkpt lat="46.18456" lon="6.93387">
        <ele>1795.380127</ele>
      </trkpt>
      <trkpt lat="46.1846" lon="6.93406">
        <ele>1795.243408</ele>
      </trkpt>
      <trkpt lat="46.18465" lon="6.93425">
        <ele>1795.460938</ele>
      </trkpt>
      <trkpt lat="46.18472" lon="6.93442">
        <ele>1794.404297</ele>
      </trkpt>
      <trkpt lat="46.18482" lon="6.93458">
        <ele>1792.089844</ele>
      </trkpt>
      <trkpt lat="46.18489" lon="6.93485">
        <ele>1791.72998</ele>
      </trkpt>
      <trkpt lat="46.18494" lon="6.93513">
        <ele>1793.21875</ele>
      </trkpt>
      <trkpt lat="46.18491" lon="6.93533">
        <ele>1796.766602</ele>
      </trkpt>
      <trkpt lat="46.1849" lon="6.93554">
        <ele>1800.112061</ele>
      </trkpt>
      <trkpt lat="46.18503" lon="6.93564">
        <ele>1797.931396</ele>
      </trkpt>
      <trkpt lat="46.18505" lon="6.93586">
        <ele>1801.329346</ele>
      </trkpt>
      <trkpt lat="46.18519" lon="6.93584">
        <ele>1799.748169</ele>
      </trkpt>
      <trkpt lat="46.18533" lon="6.93583">
        <ele>1798.571411</ele>
      </trkpt>
      <trkpt lat="46.1854" lon="6.93604">
        <ele>1805.78833</ele>
      </trkpt>
      <trkpt lat="46.18552" lon="6.93595">
        <ele>1802.046387</ele>
      </trkpt>
      <trkpt lat="46.18566" lon="6.93589">
        <ele>1798.755737</ele>
      </trkpt>
      <trkpt lat="46.18581" lon="6.93589">
        <ele>1797.755127</ele>
      </trkpt>
      <trkpt lat="46.18595" lon="6.93583">
        <ele>1795.796997</ele>
      </trkpt>
      <trkpt lat="46.18614" lon="6.93577">
        <ele>1795.297607</ele>
      </trkpt>
      <trkpt lat="46.18629" lon="6.93568">
        <ele>1792.720947</ele>
      </trkpt>
      <trkpt lat="46.18643" lon="6.93571">
        <ele>1795.034668</ele>
      </trkpt>
      <trkpt lat="46.18657" lon="6.93555">
        <ele>1788.766846</ele>
      </trkpt>
      <trkpt lat="46.18673" lon="6.93561">
        <ele>1793.119141</ele>
      </trkpt>
      <trkpt lat="46.1869" lon="6.93552">
        <ele>1791.764038</ele>
      </trkpt>
      <trkpt lat="46.18703" lon="6.93549">
        <ele>1791.696045</ele>
      </trkpt>
      <trkpt lat="46.18718" lon="6.93546">
        <ele>1792.306641</ele>
      </trkpt>
      <trkpt lat="46.18733" lon="6.93543">
        <ele>1792.42041</ele>
      </trkpt>
      <trkpt lat="46.18747" lon="6.93536">
        <ele>1789.882935</ele>
      </trkpt>
      <trkpt lat="46.18765" lon="6.93534">
        <ele>1792.990356</ele>
      </trkpt>
      <trkpt lat="46.18779" lon="6.93528">
        <ele>1792.690674</ele>
      </trkpt>
      <trkpt lat="46.18792" lon="6.9352">
        <ele>1790.991455</ele>
      </trkpt>
      <trkpt lat="46.18811" lon="6.93518">
        <ele>1794.255127</ele>
      </trkpt>
      <trkpt lat="46.18824" lon="6.9351">
        <ele>1792.532471</ele>
      </trkpt>
      <trkpt lat="46.18837" lon="6.93502">
        <ele>1790.639038</ele>
      </trkpt>
      <trkpt lat="46.18851" lon="6.93497">
        <ele>1792.526611</ele>
      </trkpt>
      <trkpt lat="46.18864" lon="6.93487">
        <ele>1792.250732</ele>
      </trkpt>
      <trkpt lat="46.18876" lon="6.93476">
        <ele>1791.432373</ele>
      </trkpt>
      <trkpt lat="46.18894" lon="6.93472">
        <ele>1795.800293</ele>
      </trkpt>
      <trkpt lat="46.18911" lon="6.93463">
        <ele>1797.425293</ele>
      </trkpt>
      <trkpt lat="46.18913" lon="6.93443">
        <ele>1789.555542</ele>
      </trkpt>
      <trkpt lat="46.18923" lon="6.93428">
        <ele>1785.676392</ele>
      </trkpt>
      <trkpt lat="46.18935" lon="6.93419">
        <ele>1785.04541</ele>
      </trkpt>
      <trkpt lat="46.18947" lon="6.93409">
        <ele>1781.301514</ele>
      </trkpt>
      <trkpt lat="46.18969" lon="6.93405">
        <ele>1785.205688</ele>
      </trkpt>
      <trkpt lat="46.18982" lon="6.93395">
        <ele>1781.71582</ele>
      </trkpt>
      <trkpt lat="46.18996" lon="6.93389">
        <ele>1781.904175</ele>
      </trkpt>
      <trkpt lat="46.19016" lon="6.93388">
        <ele>1784.504761</ele>
      </trkpt>
      <trkpt lat="46.19039" lon="6.93385">
        <ele>1786.126709</ele>
      </trkpt>
      <trkpt lat="46.19052" lon="6.93381">
        <ele>1785.306641</ele>
      </trkpt>
      <trkpt lat="46.19067" lon="6.9338">
        <ele>1786.445068</ele>
      </trkpt>
      <trkpt lat="46.19083" lon="6.93368">
        <ele>1780.834351</ele>
      </trkpt>
      <trkpt lat="46.19095" lon="6.93356">
        <ele>1779.89624</ele>
      </trkpt>
      <trkpt lat="46.19109" lon="6.93354">
        <ele>1786.297974</ele>
      </trkpt>
      <trkpt lat="46.19124" lon="6.93361">
        <ele>1798.286377</ele>
      </trkpt>
      <trkpt lat="46.19133" lon="6.93346">
        <ele>1795.324463</ele>
      </trkpt>
      <trkpt lat="46.19145" lon="6.93328">
        <ele>1792.807861</ele>
      </trkpt>
      <trkpt lat="46.19151" lon="6.93308">
        <ele>1783.510132</ele>
      </trkpt>
      <trkpt lat="46.19162" lon="6.93297">
        <ele>1782.44104</ele>
      </trkpt>
      <trkpt lat="46.1917" lon="6.93282">
        <ele>1777.590698</ele>
      </trkpt>
      <trkpt lat="46.19184" lon="6.93274">
        <ele>1783.08667</ele>
      </trkpt>
      <trkpt lat="46.19197" lon="6.93258">
        <ele>1783.260376</ele>
      </trkpt>
      <trkpt lat="46.192" lon="6.93239">
        <ele>1774.974609</ele>
      </trkpt>
      <trkpt lat="46.19208" lon="6.93218">
        <ele>1768.829102</ele>
      </trkpt>
      <trkpt lat="46.1921" lon="6.93193">
        <ele>1755.412964</ele>
      </trkpt>
      <trkpt lat="46.1922" lon="6.9318">
        <ele>1753.327515</ele>
      </trkpt>
      <trkpt lat="46.19234" lon="6.9318">
        <ele>1761.33252</ele>
      </trkpt>
      <trkpt lat="46.19248" lon="6.9318">
        <ele>1768.772339</ele>
      </trkpt>
      <trkpt lat="46.19261" lon="6.93175">
        <ele>1769.678223</ele>
      </trkpt>
      <trkpt lat="46.19275" lon="6.93177">
        <ele>1774.915405</ele>
      </trkpt>
      <trkpt lat="46.19292" lon="6.93175">
        <ele>1778.612427</ele>
      </trkpt>
      <trkpt lat="46.19305" lon="6.93167">
        <ele>1776.4375</ele>
      </trkpt>
      <trkpt lat="46.19317" lon="6.93157">
        <ele>1774.701904</ele>
      </trkpt>
      <trkpt lat="46.1933" lon="6.93165">
        <ele>1782.9552</ele>
      </trkpt>
      <trkpt lat="46.19344" lon="6.93163">
        <ele>1786.724487</ele>
      </trkpt>
      <trkpt lat="46.19356" lon="6.93152">
        <ele>1784.727661</ele>
      </trkpt>
      <trkpt lat="46.19367" lon="6.93141">
        <ele>1782.452148</ele>
      </trkpt>
      <trkpt lat="46.19382" lon="6.93138">
        <ele>1786.301514</ele>
      </trkpt>
      <trkpt lat="46.19396" lon="6.93138">
        <ele>1790.676514</ele>
      </trkpt>
      <trkpt lat="46.1941" lon="6.93141">
        <ele>1797.623169</ele>
      </trkpt>
      <trkpt lat="46.19423" lon="6.93134">
        <ele>1795.890381</ele>
      </trkpt>
      <trkpt lat="46.19437" lon="6.93132">
        <ele>1795.178955</ele>
      </trkpt>
      <trkpt lat="46.19451" lon="6.93136">
        <ele>1798.049316</ele>
      </trkpt>
      <trkpt lat="46.19465" lon="6.93138">
        <ele>1800.187012</ele>
      </trkpt>
      <trkpt lat="46.19478" lon="6.93147">
        <ele>1806.030273</ele>
      </trkpt>
      <trkpt lat="46.19492" lon="6.93147">
        <ele>1806.365356</ele>
      </trkpt>
      <trkpt lat="46.19502" lon="6.93162">
        <ele>1815.831543</ele>
      </trkpt>
      <trkpt lat="46.19516" lon="6.93166">
        <ele>1823.121094</ele>
      </trkpt>
      <trkpt lat="46.19532" lon="6.9316">
        <ele>1825.26062</ele>
      </trkpt>
      <trkpt lat="46.19536" lon="6.9314">
        <ele>1815.301514</ele>
      </trkpt>
      <trkpt lat="46.19547" lon="6.93127">
        <ele>1812.293945</ele>
      </trkpt>
      <trkpt lat="46.19562" lon="6.93124">
        <ele>1815.421753</ele>
      </trkpt>
      <trkpt lat="46.19574" lon="6.93116">
        <ele>1816.031494</ele>
      </trkpt>
      <trkpt lat="46.19588" lon="6.93113">
        <ele>1819.19043</ele>
      </trkpt>
      <trkpt lat="46.19602" lon="6.93108">
        <ele>1820.227051</ele>
      </trkpt>
      <trkpt lat="46.19616" lon="6.93105">
        <ele>1821.973633</ele>
      </trkpt>
      <trkpt lat="46.19633" lon="6.93091">
        <ele>1818.347656</ele>
      </trkpt>
      <trkpt lat="46.19652" lon="6.93087">
        <ele>1821.032959</ele>
      </trkpt>
      <trkpt lat="46.19667" lon="6.93089">
        <ele>1825.879028</ele>
      </trkpt>
      <trkpt lat="46.19685" lon="6.93083">
        <ele>1823.155762</ele>
      </trkpt>
      <trkpt lat="46.19697" lon="6.93072">
        <ele>1817.118408</ele>
      </trkpt>
      <trkpt lat="46.19711" lon="6.93076">
        <ele>1820.315063</ele>
      </trkpt>
      <trkpt lat="46.19723" lon="6.93084">
        <ele>1826.197998</ele>
      </trkpt>
      <trkpt lat="46.19731" lon="6.93101">
        <ele>1838.574463</ele>
      </trkpt>
      <trkpt lat="46.19746" lon="6.93102">
        <ele>1840.417114</ele>
      </trkpt>
      <trkpt lat="46.1976" lon="6.93104">
        <ele>1845.963257</ele>
      </trkpt>
      <trkpt lat="46.19768" lon="6.93088">
        <ele>1839.003784</ele>
      </trkpt>
      <trkpt lat="46.19775" lon="6.93071">
        <ele>1830.594238</ele>
      </trkpt>
      <trkpt lat="46.19789" lon="6.93066">
        <ele>1833.530029</ele>
      </trkpt>
      <trkpt lat="46.19801" lon="6.93054">
        <ele>1830.405029</ele>
      </trkpt>
      <trkpt lat="46.1981" lon="6.9304">
        <ele>1824.868774</ele>
      </trkpt>
      <trkpt lat="46.19818" lon="6.93022">
        <ele>1816.664551</ele>
      </trkpt>
      <trkpt lat="46.19831" lon="6.93032">
        <ele>1828.999023</ele>
      </trkpt>
      <trkpt lat="46.19844" lon="6.9304">
        <ele>1836.982178</ele>
      </trkpt>
      <trkpt lat="46.19857" lon="6.93048">
        <ele>1844.239868</ele>
      </trkpt>
      <trkpt lat="46.19876" lon="6.93058">
        <ele>1852.563232</ele>
      </trkpt>
      <trkpt lat="46.19887" lon="6.93048">
        <ele>1848.593262</ele>
      </trkpt>
      <trkpt lat="46.199" lon="6.93039">
        <ele>1846.242065</ele>
      </trkpt>
      <trkpt lat="46.19909" lon="6.93019">
        <ele>1837.961182</ele>
      </trkpt>
      <trkpt lat="46.19923" lon="6.93014">
        <ele>1837.581909</ele>
      </trkpt>
      <trkpt lat="46.19936" lon="6.93017">
        <ele>1838.504028</ele>
      </trkpt>
      <trkpt lat="46.19948" lon="6.93033">
        <ele>1845.532715</ele>
      </trkpt>
      <trkpt lat="46.19961" lon="6.93038">
        <ele>1847.648438</ele>
      </trkpt>
      <trkpt lat="46.19975" lon="6.93045">
        <ele>1850.480225</ele>
      </trkpt>
      <trkpt lat="46.19989" lon="6.93047">
        <ele>1851.0979</ele>
      </trkpt>
      <trkpt lat="46.20005" lon="6.93057">
        <ele>1854.671631</ele>
      </trkpt>
      <trkpt lat="46.20018" lon="6.93066">
        <ele>1856.429932</ele>
      </trkpt>
      <trkpt lat="46.20031" lon="6.93075">
        <ele>1857.666992</ele>
      </trkpt>
      <trkpt lat="46.20044" lon="6.93072">
        <ele>1854.138184</ele>
      </trkpt>
      <trkpt lat="46.20058" lon="6.93059">
        <ele>1847.616211</ele>
      </trkpt>
      <trkpt lat="46.20072" lon="6.93063">
        <ele>1846.486328</ele>
      </trkpt>
      <trkpt lat="46.20086" lon="6.93064">
        <ele>1843.688354</ele>
      </trkpt>
      <trkpt lat="46.201" lon="6.93067">
        <ele>1838.315552</ele>
      </trkpt>
      <trkpt lat="46.20105" lon="6.93085">
        <ele>1838.756592</ele>
      </trkpt>
      <trkpt lat="46.20113" lon="6.93104">
        <ele>1834.763306</ele>
      </trkpt>
      <trkpt lat="46.20113" lon="6.9313">
        <ele>1836.03125</ele>
      </trkpt>
      <trkpt lat="46.20111" lon="6.93149">
        <ele>1837.699829</ele>
      </trkpt>
      <trkpt lat="46.20106" lon="6.93175">
        <ele>1842.317871</ele>
      </trkpt>
      <trkpt lat="46.20106" lon="6.93197">
        <ele>1842.348633</ele>
      </trkpt>
      <trkpt lat="46.20106" lon="6.9322">
        <ele>1841.594971</ele>
      </trkpt>
      <trkpt lat="46.20102" lon="6.93244">
        <ele>1844.357056</ele>
      </trkpt>
      <trkpt lat="46.20103" lon="6.93267">
        <ele>1844.489868</ele>
      </trkpt>
      <trkpt lat="46.20107" lon="6.93292">
        <ele>1844.275391</ele>
      </trkpt>
      <trkpt lat="46.20107" lon="6.93318">
        <ele>1846.395874</ele>
      </trkpt>
      <trkpt lat="46.20114" lon="6.93339">
        <ele>1842.894043</ele>
      </trkpt>
      <trkpt lat="46.20117" lon="6.93359">
        <ele>1841.668335</ele>
      </trkpt>
      <trkpt lat="46.20122" lon="6.93383">
        <ele>1838.804688</ele>
      </trkpt>
      <trkpt lat="46.20126" lon="6.93404">
        <ele>1836.349487</ele>
      </trkpt>
      <trkpt lat="46.20129" lon="6.93431">
        <ele>1832.595703</ele>
      </trkpt>
      <trkpt lat="46.20132" lon="6.93451">
        <ele>1827.566406</ele>
      </trkpt>
      <trkpt lat="46.20128" lon="6.93471">
        <ele>1827.888428</ele>
      </trkpt>
      <trkpt lat="46.20126" lon="6.93494">
        <ele>1825.888672</ele>
      </trkpt>
      <trkpt lat="46.20119" lon="6.93513">
        <ele>1827.167725</ele>
      </trkpt>
      <trkpt lat="46.20116" lon="6.93533">
        <ele>1824.425537</ele>
      </trkpt>
      <trkpt lat="46.20109" lon="6.93551">
        <ele>1825.070679</ele>
      </trkpt>
      <trkpt lat="46.20098" lon="6.93566">
        <ele>1828.838379</ele>
      </trkpt>
      <trkpt lat="46.20094" lon="6.93587">
        <ele>1826.131226</ele>
      </trkpt>
      <trkpt lat="46.20092" lon="6.93608">
        <ele>1823.102051</ele>
      </trkpt>
      <trkpt lat="46.20089" lon="6.93629">
        <ele>1819.829102</ele>
      </trkpt>
      <trkpt lat="46.20084" lon="6.93648">
        <ele>1819.069458</ele>
      </trkpt>
      <trkpt lat="46.20083" lon="6.93668">
        <ele>1814.90918</ele>
      </trkpt>
      <trkpt lat="46.20094" lon="6.93655">
        <ele>1811.460083</ele>
      </trkpt>
      <trkpt lat="46.20105" lon="6.93644">
        <ele>1806.870117</ele>
      </trkpt>
      <trkpt lat="46.20116" lon="6.93629">
        <ele>1803.31543</ele>
      </trkpt>
      <trkpt lat="46.20125" lon="6.93614">
        <ele>1800.506348</ele>
      </trkpt>
      <trkpt lat="46.2013" lon="6.93632">
        <ele>1794.203369</ele>
      </trkpt>
      <trkpt lat="46.20131" lon="6.93651">
        <ele>1790.206421</ele>
      </trkpt>
      <trkpt lat="46.20132" lon="6.93671">
        <ele>1786.817871</ele>
      </trkpt>
      <trkpt lat="46.20134" lon="6.93691">
        <ele>1785.085938</ele>
      </trkpt>
      <trkpt lat="46.20139" lon="6.9371">
        <ele>1781.433594</ele>
      </trkpt>
      <trkpt lat="46.20145" lon="6.9373">
        <ele>1777.645996</ele>
      </trkpt>
      <trkpt lat="46.20146" lon="6.93752">
        <ele>1776.693604</ele>
      </trkpt>
      <trkpt lat="46.20153" lon="6.9377">
        <ele>1775.343994</ele>
      </trkpt>
      <trkpt lat="46.20159" lon="6.93793">
        <ele>1774.730347</ele>
      </trkpt>
      <trkpt lat="46.20172" lon="6.938">
        <ele>1770.833008</ele>
      </trkpt>
      <trkpt lat="46.20184" lon="6.93815">
        <ele>1770.379883</ele>
      </trkpt>
      <trkpt lat="46.20199" lon="6.93816">
        <ele>1767.681885</ele>
      </trkpt>
      <trkpt lat="46.20216" lon="6.93814">
        <ele>1763.989014</ele>
      </trkpt>
      <trkpt lat="46.20236" lon="6.93811">
        <ele>1759.160889</ele>
      </trkpt>
      <trkpt lat="46.20251" lon="6.93816">
        <ele>1757.560425</ele>
      </trkpt>
      <trkpt lat="46.20268" lon="6.93821">
        <ele>1757.030029</ele>
      </trkpt>
      <trkpt lat="46.20285" lon="6.93822">
        <ele>1755.227783</ele>
      </trkpt>
      <trkpt lat="46.20302" lon="6.93831">
        <ele>1756.95166</ele>
      </trkpt>
      <trkpt lat="46.20316" lon="6.93846">
        <ele>1760.628174</ele>
      </trkpt>
      <trkpt lat="46.20332" lon="6.93846">
        <ele>1758.811523</ele>
      </trkpt>
      <trkpt lat="46.20345" lon="6.93853">
        <ele>1760.994263</ele>
      </trkpt>
      <trkpt lat="46.20359" lon="6.93851">
        <ele>1760.720215</ele>
      </trkpt>
      <trkpt lat="46.20374" lon="6.93848">
        <ele>1759.959229</ele>
      </trkpt>
      <trkpt lat="46.20391" lon="6.93838">
        <ele>1756.718506</ele>
      </trkpt>
      <trkpt lat="46.20405" lon="6.93836">
        <ele>1756.052856</ele>
      </trkpt>
      <trkpt lat="46.20423" lon="6.93832">
        <ele>1754.902222</ele>
      </trkpt>
      <trkpt lat="46.20439" lon="6.93826">
        <ele>1753.998901</ele>
      </trkpt>
      <trkpt lat="46.20455" lon="6.93815">
        <ele>1750.949219</ele>
      </trkpt>
      <trkpt lat="46.20469" lon="6.93808">
        <ele>1749.987305</ele>
      </trkpt>
      <trkpt lat="46.20489" lon="6.93797">
        <ele>1747.811646</ele>
      </trkpt>
      <trkpt lat="46.20506" lon="6.93787">
        <ele>1746.822998</ele>
      </trkpt>
      <trkpt lat="46.20522" lon="6.93774">
        <ele>1745.895142</ele>
      </trkpt>
      <trkpt lat="46.20533" lon="6.9376">
        <ele>1743.137207</ele>
      </trkpt>
      <trkpt lat="46.20548" lon="6.93756">
        <ele>1746.130493</ele>
      </trkpt>
      <trkpt lat="46.20561" lon="6.93749">
        <ele>1747.643066</ele>
      </trkpt>
      <trkpt lat="46.20573" lon="6.93738">
        <ele>1744.799805</ele>
      </trkpt>
      <trkpt lat="46.20586" lon="6.93731">
        <ele>1745.120239</ele>
      </trkpt>
      <trkpt lat="46.206" lon="6.93722">
        <ele>1744.15332</ele>
      </trkpt>
      <trkpt lat="46.20613" lon="6.93715">
        <ele>1744.357422</ele>
      </trkpt>
      <trkpt lat="46.20626" lon="6.93708">
        <ele>1745.094482</ele>
      </trkpt>
      <trkpt lat="46.20639" lon="6.93699">
        <ele>1745.207275</ele>
      </trkpt>
      <trkpt lat="46.20653" lon="6.93699">
        <ele>1750.194458</ele>
      </trkpt>
      <trkpt lat="46.20667" lon="6.93698">
        <ele>1754.675537</ele>
      </trkpt>
      <trkpt lat="46.2068" lon="6.93687">
        <ele>1752.592407</ele>
      </trkpt>
      <trkpt lat="46.20694" lon="6.93681">
        <ele>1753.54126</ele>
      </trkpt>
      <trkpt lat="46.20715" lon="6.93672">
        <ele>1754.282471</ele>
      </trkpt>
      <trkpt lat="46.20728" lon="6.93678">
        <ele>1759.604736</ele>
      </trkpt>
      <trkpt lat="46.20743" lon="6.93678">
        <ele>1763.196411</ele>
      </trkpt>
      <trkpt lat="46.20759" lon="6.93671">
        <ele>1762.275146</ele>
      </trkpt>
      <trkpt lat="46.20776" lon="6.93661">
        <ele>1757.650513</ele>
      </trkpt>
      <trkpt lat="46.20791" lon="6.93652">
        <ele>1753.722168</ele>
      </trkpt>
      <trkpt lat="46.20805" lon="6.93643">
        <ele>1750.496826</ele>
      </trkpt>
      <trkpt lat="46.20818" lon="6.93635">
        <ele>1748.473145</ele>
      </trkpt>
      <trkpt lat="46.20838" lon="6.93623">
        <ele>1745.601196</ele>
      </trkpt>
      <trkpt lat="46.2085" lon="6.93611">
        <ele>1739.583008</ele>
      </trkpt>
      <trkpt lat="46.20862" lon="6.93601">
        <ele>1735.665771</ele>
      </trkpt>
      <trkpt lat="46.20876" lon="6.93589">
        <ele>1732.386353</ele>
      </trkpt>
      <trkpt lat="46.20899" lon="6.93582">
        <ele>1731.733398</ele>
      </trkpt>
      <trkpt lat="46.20912" lon="6.93583">
        <ele>1732.667114</ele>
      </trkpt>
      <trkpt lat="46.20922" lon="6.93599">
        <ele>1730.770996</ele>
      </trkpt>
      <trkpt lat="46.20931" lon="6.93618">
        <ele>1725.362427</ele>
      </trkpt>
      <trkpt lat="46.20934" lon="6.93639">
        <ele>1723.351562</ele>
      </trkpt>
      <trkpt lat="46.20938" lon="6.93658">
        <ele>1720.670166</ele>
      </trkpt>
      <trkpt lat="46.2093" lon="6.93685">
        <ele>1723.725586</ele>
      </trkpt>
      <trkpt lat="46.20921" lon="6.93718">
        <ele>1724.724854</ele>
      </trkpt>
      <trkpt lat="46.20915" lon="6.93746">
        <ele>1724.845093</ele>
      </trkpt>
      <trkpt lat="46.20908" lon="6.9377">
        <ele>1728.347534</ele>
      </trkpt>
      <trkpt lat="46.20905" lon="6.93791">
        <ele>1729.18396</ele>
      </trkpt>
      <trkpt lat="46.20903" lon="6.9382">
        <ele>1729.575195</ele>
      </trkpt>
      <trkpt lat="46.20903" lon="6.93843">
        <ele>1728.757324</ele>
      </trkpt>
      <trkpt lat="46.20907" lon="6.93865">
        <ele>1726.255859</ele>
      </trkpt>
      <trkpt lat="46.20909" lon="6.93885">
        <ele>1724.573364</ele>
      </trkpt>
      <trkpt lat="46.20907" lon="6.93904">
        <ele>1726.04187</ele>
      </trkpt>
      <trkpt lat="46.20909" lon="6.93925">
        <ele>1725.071289</ele>
      </trkpt>
      <trkpt lat="46.20911" lon="6.93947">
        <ele>1724.469482</ele>
      </trkpt>
      <trkpt lat="46.20911" lon="6.93968">
        <ele>1725.452637</ele>
      </trkpt>
      <trkpt lat="46.20916" lon="6.93994">
        <ele>1723.233643</ele>
      </trkpt>
      <trkpt lat="46.20921" lon="6.94015">
        <ele>1721.456909</ele>
      </trkpt>
      <trkpt lat="46.2093" lon="6.94039">
        <ele>1718.224854</ele>
      </trkpt>
      <trkpt lat="46.2093" lon="6.94059">
        <ele>1720.050659</ele>
      </trkpt>
      <trkpt lat="46.20934" lon="6.94089">
        <ele>1720.423584</ele>
      </trkpt>
      <trkpt lat="46.20937" lon="6.94114">
        <ele>1721.819824</ele>
      </trkpt>
      <trkpt lat="46.20945" lon="6.94139">
        <ele>1720.657471</ele>
      </trkpt>
      <trkpt lat="46.20958" lon="6.94157">
        <ele>1716.612793</ele>
      </trkpt>
      <trkpt lat="46.20967" lon="6.94175">
        <ele>1714.308838</ele>
      </trkpt>
      <trkpt lat="46.20977" lon="6.94196">
        <ele>1712.033569</ele>
      </trkpt>
      <trkpt lat="46.20987" lon="6.9422">
        <ele>1709.904785</ele>
      </trkpt>
      <trkpt lat="46.20995" lon="6.94241">
        <ele>1708.481323</ele>
      </trkpt>
      <trkpt lat="46.20997" lon="6.94269">
        <ele>1711.911499</ele>
      </trkpt>
      <trkpt lat="46.21005" lon="6.94291">
        <ele>1712.663818</ele>
      </trkpt>
      <trkpt lat="46.21014" lon="6.94319">
        <ele>1714.270386</ele>
      </trkpt>
      <trkpt lat="46.2102" lon="6.94342">
        <ele>1716.603638</ele>
      </trkpt>
      <trkpt lat="46.21033" lon="6.9436">
        <ele>1715.664307</ele>
      </trkpt>
      <trkpt lat="46.21047" lon="6.94381">
        <ele>1714.898926</ele>
      </trkpt>
      <trkpt lat="46.21062" lon="6.94398">
        <ele>1711.79834</ele>
      </trkpt>
      <trkpt lat="46.21072" lon="6.94416">
        <ele>1711.150269</ele>
      </trkpt>
      <trkpt lat="46.21089" lon="6.9442">
        <ele>1705.069214</ele>
      </trkpt>
      <trkpt lat="46.21101" lon="6.9443">
        <ele>1703.565674</ele>
      </trkpt>
      <trkpt lat="46.21121" lon="6.94443">
        <ele>1699.690552</ele>
      </trkpt>
      <trkpt lat="46.21135" lon="6.94457">
        <ele>1697.347168</ele>
      </trkpt>
      <trkpt lat="46.2114" lon="6.94479">
        <ele>1699.380615</ele>
      </trkpt>
      <trkpt lat="46.21141" lon="6.94501">
        <ele>1702.761475</ele>
      </trkpt>
      <trkpt lat="46.21146" lon="6.94522">
        <ele>1703.984863</ele>
      </trkpt>
      <trkpt lat="46.21156" lon="6.94542">
        <ele>1702.817261</ele>
      </trkpt>
      <trkpt lat="46.21169" lon="6.94561">
        <ele>1700.55249</ele>
      </trkpt>
      <trkpt lat="46.21186" lon="6.94568">
        <ele>1697.29895</ele>
      </trkpt>
      <trkpt lat="46.212" lon="6.94574">
        <ele>1694.906494</ele>
      </trkpt>
      <trkpt lat="46.21214" lon="6.94582">
        <ele>1693.324951</ele>
      </trkpt>
      <trkpt lat="46.21226" lon="6.94593">
        <ele>1694.043579</ele>
      </trkpt>
      <trkpt lat="46.21237" lon="6.94604">
        <ele>1694.908325</ele>
      </trkpt>
      <trkpt lat="46.21247" lon="6.94618">
        <ele>1696.383301</ele>
      </trkpt>
      <trkpt lat="46.21258" lon="6.94631">
        <ele>1696.982422</ele>
      </trkpt>
      <trkpt lat="46.21269" lon="6.94642">
        <ele>1697.0896</ele>
      </trkpt>
      <trkpt lat="46.21284" lon="6.94657">
        <ele>1696.817627</ele>
      </trkpt>
      <trkpt lat="46.21305" lon="6.94666">
        <ele>1693.12085</ele>
      </trkpt>
      <trkpt lat="46.21322" lon="6.94684">
        <ele>1693.221069</ele>
      </trkpt>
      <trkpt lat="46.21337" lon="6.94699">
        <ele>1691.490479</ele>
      </trkpt>
      <trkpt lat="46.21351" lon="6.94721">
        <ele>1692.093384</ele>
      </trkpt>
      <trkpt lat="46.21363" lon="6.94738">
        <ele>1691.708496</ele>
      </trkpt>
      <trkpt lat="46.21381" lon="6.94753">
        <ele>1688.50708</ele>
      </trkpt>
      <trkpt lat="46.21397" lon="6.94771">
        <ele>1685.36853</ele>
      </trkpt>
      <trkpt lat="46.21414" lon="6.94788">
        <ele>1681.437378</ele>
      </trkpt>
      <trkpt lat="46.21427" lon="6.94797">
        <ele>1678.350098</ele>
      </trkpt>
      <trkpt lat="46.21441" lon="6.94808">
        <ele>1675.049561</ele>
      </trkpt>
      <trkpt lat="46.21453" lon="6.94818">
        <ele>1672.613525</ele>
      </trkpt>
      <trkpt lat="46.21466" lon="6.9483">
        <ele>1669.89978</ele>
      </trkpt>
      <trkpt lat="46.2148" lon="6.9484">
        <ele>1666.359375</ele>
      </trkpt>
      <trkpt lat="46.21493" lon="6.94848">
        <ele>1662.757568</ele>
      </trkpt>
      <trkpt lat="46.21506" lon="6.94855">
        <ele>1659.513184</ele>
      </trkpt>
      <trkpt lat="46.21521" lon="6.94869">
        <ele>1656.501587</ele>
      </trkpt>
      <trkpt lat="46.21527" lon="6.94887">
        <ele>1656.388794</ele>
      </trkpt>
      <trkpt lat="46.21528" lon="6.9491">
        <ele>1657.727783</ele>
      </trkpt>
      <trkpt lat="46.21539" lon="6.94921">
        <ele>1654.331055</ele>
      </trkpt>
      <trkpt lat="46.21551" lon="6.94945">
        <ele>1648.556763</ele>
      </trkpt>
      <trkpt lat="46.21559" lon="6.94961">
        <ele>1644.822754</ele>
      </trkpt>
      <trkpt lat="46.21565" lon="6.94985">
        <ele>1641.302246</ele>
      </trkpt>
      <trkpt lat="46.2156" lon="6.95006">
        <ele>1640.886108</ele>
      </trkpt>
      <trkpt lat="46.21554" lon="6.9503">
        <ele>1639.498413</ele>
      </trkpt>
      <trkpt lat="46.21553" lon="6.95055">
        <ele>1636.502808</ele>
      </trkpt>
      <trkpt lat="46.21557" lon="6.95075">
        <ele>1633.459961</ele>
      </trkpt>
      <trkpt lat="46.21555" lon="6.951">
        <ele>1629.962402</ele>
      </trkpt>
      <trkpt lat="46.21546" lon="6.95125">
        <ele>1626.298828</ele>
      </trkpt>
      <trkpt lat="46.21537" lon="6.9514">
        <ele>1624.178345</ele>
      </trkpt>
      <trkpt lat="46.21526" lon="6.95154">
        <ele>1621.638184</ele>
      </trkpt>
      <trkpt lat="46.21515" lon="6.95169">
        <ele>1618.046875</ele>
      </trkpt>
      <trkpt lat="46.21504" lon="6.95183">
        <ele>1613.532593</ele>
      </trkpt>
      <trkpt lat="46.21491" lon="6.95187">
        <ele>1613.453613</ele>
      </trkpt>
      <trkpt lat="46.21478" lon="6.95195">
        <ele>1612.969116</ele>
      </trkpt>
      <trkpt lat="46.21465" lon="6.952">
        <ele>1613.468018</ele>
      </trkpt>
      <trkpt lat="46.21453" lon="6.9521">
        <ele>1612.385742</ele>
      </trkpt>
      <trkpt lat="46.21447" lon="6.95228">
        <ele>1608.106323</ele>
      </trkpt>
      <trkpt lat="46.21455" lon="6.95251">
        <ele>1600.034668</ele>
      </trkpt>
      <trkpt lat="46.21454" lon="6.95232">
        <ele>1605.808838</ele>
      </trkpt>
      <trkpt lat="46.21443" lon="6.95245">
        <ele>1604.08606</ele>
      </trkpt>
      <trkpt lat="46.21431" lon="6.95261">
        <ele>1603.329468</ele>
      </trkpt>
      <trkpt lat="46.21426" lon="6.95285">
        <ele>1600.709595</ele>
      </trkpt>
      <trkpt lat="46.21424" lon="6.95305">
        <ele>1598.103516</ele>
      </trkpt>
      <trkpt lat="46.21416" lon="6.95327">
        <ele>1597.283691</ele>
      </trkpt>
      <trkpt lat="46.21406" lon="6.95345">
        <ele>1598.695068</ele>
      </trkpt>
      <trkpt lat="46.21403" lon="6.95365">
        <ele>1598.512085</ele>
      </trkpt>
      <trkpt lat="46.21401" lon="6.95388">
        <ele>1597.576782</ele>
      </trkpt>
      <trkpt lat="46.21404" lon="6.95407">
        <ele>1594.862671</ele>
      </trkpt>
      <trkpt lat="46.2141" lon="6.95429">
        <ele>1591.439941</ele>
      </trkpt>
      <trkpt lat="46.21418" lon="6.95449">
        <ele>1587.641968</ele>
      </trkpt>
      <trkpt lat="46.21409" lon="6.95478">
        <ele>1590.910156</ele>
      </trkpt>
      <trkpt lat="46.2141" lon="6.95503">
        <ele>1590.076904</ele>
      </trkpt>
      <trkpt lat="46.21411" lon="6.95523">
        <ele>1588.803345</ele>
      </trkpt>
      <trkpt lat="46.21412" lon="6.95544">
        <ele>1587.660645</ele>
      </trkpt>
      <trkpt lat="46.21418" lon="6.95571">
        <ele>1583.604858</ele>
      </trkpt>
      <trkpt lat="46.21426" lon="6.9559">
        <ele>1579.606689</ele>
      </trkpt>
      <trkpt lat="46.21434" lon="6.95608">
        <ele>1575.24585</ele>
      </trkpt>
      <trkpt lat="46.21434" lon="6.95629">
        <ele>1575.923706</ele>
      </trkpt>
      <trkpt lat="46.2144" lon="6.95649">
        <ele>1572.806641</ele>
      </trkpt>
      <trkpt lat="46.21442" lon="6.95671">
        <ele>1572.108154</ele>
      </trkpt>
      <trkpt lat="46.21444" lon="6.95695">
        <ele>1572.260254</ele>
      </trkpt>
      <trkpt lat="46.21435" lon="6.95725">
        <ele>1579.273193</ele>
      </trkpt>
      <trkpt lat="46.21436" lon="6.95747">
        <ele>1579.562866</ele>
      </trkpt>
      <trkpt lat="46.21435" lon="6.95768">
        <ele>1582.409058</ele>
      </trkpt>
      <trkpt lat="46.21438" lon="6.95788">
        <ele>1583.0625</ele>
      </trkpt>
      <trkpt lat="46.21444" lon="6.95816">
        <ele>1582.27124</ele>
      </trkpt>
      <trkpt lat="46.21453" lon="6.95838">
        <ele>1578.942139</ele>
      </trkpt>
      <trkpt lat="46.21461" lon="6.9586">
        <ele>1576.619141</ele>
      </trkpt>
      <trkpt lat="46.21465" lon="6.95882">
        <ele>1576.765869</ele>
      </trkpt>
      <trkpt lat="46.21472" lon="6.95903">
        <ele>1575.608887</ele>
      </trkpt>
      <trkpt lat="46.2148" lon="6.95928">
        <ele>1574.167358</ele>
      </trkpt>
      <trkpt lat="46.21491" lon="6.95942">
        <ele>1569.74646</ele>
      </trkpt>
      <trkpt lat="46.21504" lon="6.95958">
        <ele>1565.796021</ele>
      </trkpt>
      <trkpt lat="46.21514" lon="6.95973">
        <ele>1563.344482</ele>
      </trkpt>
      <trkpt lat="46.21522" lon="6.95989">
        <ele>1562.177612</ele>
      </trkpt>
      <trkpt lat="46.21529" lon="6.96006">
        <ele>1560.890381</ele>
      </trkpt>
      <trkpt lat="46.21535" lon="6.96031">
        <ele>1559.636475</ele>
      </trkpt>
      <trkpt lat="46.21545" lon="6.96051">
        <ele>1556.428711</ele>
      </trkpt>
      <trkpt lat="46.21549" lon="6.96072">
        <ele>1555.744629</ele>
      </trkpt>
      <trkpt lat="46.21552" lon="6.96102">
        <ele>1553.555176</ele>
      </trkpt>
      <trkpt lat="46.2155" lon="6.96138">
        <ele>1552.177124</ele>
      </trkpt>
      <trkpt lat="46.21543" lon="6.96159">
        <ele>1553.178223</ele>
      </trkpt>
      <trkpt lat="46.21538" lon="6.96179">
        <ele>1552.365845</ele>
      </trkpt>
      <trkpt lat="46.21537" lon="6.96201">
        <ele>1549.521729</ele>
      </trkpt>
      <trkpt lat="46.21542" lon="6.96219">
        <ele>1545.601318</ele>
      </trkpt>
      <trkpt lat="46.21531" lon="6.9623">
        <ele>1546.86377</ele>
      </trkpt>
      <trkpt lat="46.21517" lon="6.96224">
        <ele>1550.922119</ele>
      </trkpt>
      <trkpt lat="46.21503" lon="6.96223">
        <ele>1554.433228</ele>
      </trkpt>
      <trkpt lat="46.21489" lon="6.96224">
        <ele>1554.851929</ele>
      </trkpt>
      <trkpt lat="46.21475" lon="6.96226">
        <ele>1554.173096</ele>
      </trkpt>
      <trkpt lat="46.21456" lon="6.96228">
        <ele>1553.306396</ele>
      </trkpt>
      <trkpt lat="46.21438" lon="6.96229">
        <ele>1552.566406</ele>
      </trkpt>
      <trkpt lat="46.2142" lon="6.96231">
        <ele>1551.540771</ele>
      </trkpt>
      <trkpt lat="46.21406" lon="6.96232">
        <ele>1548.740356</ele>
      </trkpt>
      <trkpt lat="46.21392" lon="6.96232">
        <ele>1545.240479</ele>
      </trkpt>
      <trkpt lat="46.21379" lon="6.96229">
        <ele>1543.375</ele>
      </trkpt>
      <trkpt lat="46.21365" lon="6.96224">
        <ele>1542.229248</ele>
      </trkpt>
      <trkpt lat="46.2135" lon="6.9622">
        <ele>1540.518066</ele>
      </trkpt>
      <trkpt lat="46.21338" lon="6.96208">
        <ele>1543.590454</ele>
      </trkpt>
      <trkpt lat="46.21318" lon="6.96203">
        <ele>1540.318726</ele>
      </trkpt>
      <trkpt lat="46.21306" lon="6.96192">
        <ele>1541.376221</ele>
      </trkpt>
      <trkpt lat="46.21296" lon="6.96178">
        <ele>1544.162476</ele>
      </trkpt>
      <trkpt lat="46.21281" lon="6.96178">
        <ele>1539.799805</ele>
      </trkpt>
      <trkpt lat="46.21264" lon="6.96168">
        <ele>1538.254639</ele>
      </trkpt>
      <trkpt lat="46.21248" lon="6.96169">
        <ele>1533.173462</ele>
      </trkpt>
      <trkpt lat="46.21229" lon="6.96169">
        <ele>1534.833496</ele>
      </trkpt>
      <trkpt lat="46.21214" lon="6.9617">
        <ele>1535.679688</ele>
      </trkpt>
      <trkpt lat="46.212" lon="6.96171">
        <ele>1536.652832</ele>
      </trkpt>
      <trkpt lat="46.21186" lon="6.96183">
        <ele>1533.893555</ele>
      </trkpt>
      <trkpt lat="46.2117" lon="6.96196">
        <ele>1531.260132</ele>
      </trkpt>
      <trkpt lat="46.21163" lon="6.96212">
        <ele>1527.571533</ele>
      </trkpt>
      <trkpt lat="46.21149" lon="6.9622">
        <ele>1528.686035</ele>
      </trkpt>
      <trkpt lat="46.21138" lon="6.96231">
        <ele>1528.343018</ele>
      </trkpt>
      <trkpt lat="46.21123" lon="6.96242">
        <ele>1528.293213</ele>
      </trkpt>
      <trkpt lat="46.21109" lon="6.96254">
        <ele>1527.990845</ele>
      </trkpt>
      <trkpt lat="46.21098" lon="6.96269">
        <ele>1525.772461</ele>
      </trkpt>
      <trkpt lat="46.21082" lon="6.96288">
        <ele>1523.342651</ele>
      </trkpt>
      <trkpt lat="46.21064" lon="6.96297">
        <ele>1524.148926</ele>
      </trkpt>
      <trkpt lat="46.21047" lon="6.96305">
        <ele>1525.232422</ele>
      </trkpt>
      <trkpt lat="46.21036" lon="6.96316">
        <ele>1524.18396</ele>
      </trkpt>
      <trkpt lat="46.21022" lon="6.96317">
        <ele>1527.101807</ele>
      </trkpt>
      <trkpt lat="46.21011" lon="6.96329">
        <ele>1525.829712</ele>
      </trkpt>
      <trkpt lat="46.20995" lon="6.96344">
        <ele>1524.205933</ele>
      </trkpt>
      <trkpt lat="46.20983" lon="6.96352">
        <ele>1522.925293</ele>
      </trkpt>
      <trkpt lat="46.20967" lon="6.96358">
        <ele>1522.444824</ele>
      </trkpt>
      <trkpt lat="46.20952" lon="6.96361">
        <ele>1522.412598</ele>
      </trkpt>
      <trkpt lat="46.20939" lon="6.96355">
        <ele>1525.21875</ele>
      </trkpt>
      <trkpt lat="46.20925" lon="6.96361">
        <ele>1524.580933</ele>
      </trkpt>
      <trkpt lat="46.20911" lon="6.96359">
        <ele>1525.47229</ele>
      </trkpt>
      <trkpt lat="46.20894" lon="6.96359">
        <ele>1524.769287</ele>
      </trkpt>
      <trkpt lat="46.2088" lon="6.96355">
        <ele>1525.788696</ele>
      </trkpt>
      <trkpt lat="46.20865" lon="6.96341">
        <ele>1529.840088</ele>
      </trkpt>
      <trkpt lat="46.2085" lon="6.96337">
        <ele>1531.069824</ele>
      </trkpt>
      <trkpt lat="46.20836" lon="6.9634">
        <ele>1529.794922</ele>
      </trkpt>
      <trkpt lat="46.20823" lon="6.96338">
        <ele>1530.754883</ele>
      </trkpt>
      <trkpt lat="46.20809" lon="6.96338">
        <ele>1530.883423</ele>
      </trkpt>
      <trkpt lat="46.20796" lon="6.96329">
        <ele>1534.57019</ele>
      </trkpt>
      <trkpt lat="46.2078" lon="6.96331">
        <ele>1534.271973</ele>
      </trkpt>
      <trkpt lat="46.20766" lon="6.96328">
        <ele>1535.568115</ele>
      </trkpt>
      <trkpt lat="46.20752" lon="6.96327">
        <ele>1536.234619</ele>
      </trkpt>
      <trkpt lat="46.20733" lon="6.96342">
        <ele>1531.245239</ele>
      </trkpt>
      <trkpt lat="46.20722" lon="6.96353">
        <ele>1527.681396</ele>
      </trkpt>
      <trkpt lat="46.20704" lon="6.96351">
        <ele>1528.492065</ele>
      </trkpt>
      <trkpt lat="46.2069" lon="6.96348">
        <ele>1529.671631</ele>
      </trkpt>
      <trkpt lat="46.20668" lon="6.96347">
        <ele>1530.397705</ele>
      </trkpt>
      <trkpt lat="46.20649" lon="6.96345">
        <ele>1530.414795</ele>
      </trkpt>
      <trkpt lat="46.20632" lon="6.96347">
        <ele>1528.982056</ele>
      </trkpt>
      <trkpt lat="46.20619" lon="6.96341">
        <ele>1530.179932</ele>
      </trkpt>
      <trkpt lat="46.20605" lon="6.96331">
        <ele>1533.041992</ele>
      </trkpt>
      <trkpt lat="46.20591" lon="6.96326">
        <ele>1533.965454</ele>
      </trkpt>
      <trkpt lat="46.20578" lon="6.96319">
        <ele>1535.512817</ele>
      </trkpt>
      <trkpt lat="46.20565" lon="6.96314">
        <ele>1534.790771</ele>
      </trkpt>
      <trkpt lat="46.20551" lon="6.96317">
        <ele>1531.336426</ele>
      </trkpt>
      <trkpt lat="46.20539" lon="6.96305">
        <ele>1533.359985</ele>
      </trkpt>
      <trkpt lat="46.20522" lon="6.963">
        <ele>1532.171021</ele>
      </trkpt>
      <trkpt lat="46.20504" lon="6.96293">
        <ele>1531.378662</ele>
      </trkpt>
      <trkpt lat="46.20493" lon="6.96279">
        <ele>1532.641846</ele>
      </trkpt>
      <trkpt lat="46.20488" lon="6.9626">
        <ele>1537.548218</ele>
      </trkpt>
      <trkpt lat="46.20479" lon="6.96245">
        <ele>1539.838013</ele>
      </trkpt>
      <trkpt lat="46.20466" lon="6.96239">
        <ele>1537.217285</ele>
      </trkpt>
      <trkpt lat="46.20454" lon="6.96229">
        <ele>1536.028809</ele>
      </trkpt>
      <trkpt lat="46.20436" lon="6.96216">
        <ele>1533.72168</ele>
      </trkpt>
      <trkpt lat="46.20428" lon="6.96198">
        <ele>1536.439575</ele>
      </trkpt>
      <trkpt lat="46.20418" lon="6.96183">
        <ele>1537.824829</ele>
      </trkpt>
      <trkpt lat="46.20409" lon="6.96168">
        <ele>1538.610229</ele>
      </trkpt>
      <trkpt lat="46.20401" lon="6.96149">
        <ele>1540.004028</ele>
      </trkpt>
      <trkpt lat="46.20393" lon="6.96134">
        <ele>1539.84729</ele>
      </trkpt>
      <trkpt lat="46.20383" lon="6.96118">
        <ele>1538.918091</ele>
      </trkpt>
      <trkpt lat="46.20372" lon="6.96101">
        <ele>1538.152832</ele>
      </trkpt>
      <trkpt lat="46.20365" lon="6.96082">
        <ele>1539.753906</ele>
      </trkpt>
      <trkpt lat="46.20357" lon="6.96058">
        <ele>1540.920532</ele>
      </trkpt>
      <trkpt lat="46.20348" lon="6.96042">
        <ele>1540.278076</ele>
      </trkpt>
      <trkpt lat="46.20338" lon="6.96027">
        <ele>1539.255737</ele>
      </trkpt>
      <trkpt lat="46.20332" lon="6.96009">
        <ele>1541.489258</ele>
      </trkpt>
      <trkpt lat="46.20325" lon="6.9599">
        <ele>1545.505005</ele>
      </trkpt>
      <trkpt lat="46.20315" lon="6.95977">
        <ele>1547.536011</ele>
      </trkpt>
      <trkpt lat="46.20298" lon="6.95967">
        <ele>1547.524658</ele>
      </trkpt>
      <trkpt lat="46.20285" lon="6.95965">
        <ele>1545.471313</ele>
      </trkpt>
      <trkpt lat="46.20271" lon="6.95959">
        <ele>1544.914917</ele>
      </trkpt>
      <trkpt lat="46.20258" lon="6.95955">
        <ele>1543.678955</ele>
      </trkpt>
      <trkpt lat="46.20244" lon="6.95954">
        <ele>1541.342285</ele>
      </trkpt>
      <trkpt lat="46.20234" lon="6.95939">
        <ele>1546.5979</ele>
      </trkpt>
      <trkpt lat="46.2022" lon="6.95943">
        <ele>1543.062988</ele>
      </trkpt>
      <trkpt lat="46.20207" lon="6.95945">
        <ele>1539.885986</ele>
      </trkpt>
      <trkpt lat="46.20189" lon="6.95948">
        <ele>1535.812744</ele>
      </trkpt>
      <trkpt lat="46.2017" lon="6.95944">
        <ele>1534.679321</ele>
      </trkpt>
      <trkpt lat="46.20152" lon="6.95944">
        <ele>1532.138062</ele>
      </trkpt>
      <trkpt lat="46.20139" lon="6.95943">
        <ele>1531.055298</ele>
      </trkpt>
      <trkpt lat="46.20122" lon="6.95941">
        <ele>1529.763794</ele>
      </trkpt>
      <trkpt lat="46.20103" lon="6.95941">
        <ele>1527.097656</ele>
      </trkpt>
      <trkpt lat="46.2009" lon="6.95946">
        <ele>1522.973511</ele>
      </trkpt>
      <trkpt lat="46.20072" lon="6.95959">
        <ele>1514.003174</ele>
      </trkpt>
      <trkpt lat="46.20058" lon="6.95958">
        <ele>1511.811768</ele>
      </trkpt>
      <trkpt lat="46.20049" lon="6.95942">
        <ele>1517.116211</ele>
      </trkpt>
      <trkpt lat="46.20029" lon="6.95931">
        <ele>1517.439453</ele>
      </trkpt>
      <trkpt lat="46.20014" lon="6.95926">
        <ele>1515.995239</ele>
      </trkpt>
      <trkpt lat="46.20004" lon="6.95913">
        <ele>1517.252441</ele>
      </trkpt>
      <trkpt lat="46.19986" lon="6.95899">
        <ele>1510.952026</ele>
      </trkpt>
      <trkpt lat="46.19974" lon="6.95879">
        <ele>1505.708862</ele>
      </trkpt>
      <trkpt lat="46.19968" lon="6.95857">
        <ele>1502.331055</ele>
      </trkpt>
      <trkpt lat="46.19972" lon="6.95838">
        <ele>1505.629395</ele>
      </trkpt>
      <trkpt lat="46.1997" lon="6.95816">
        <ele>1502.419922</ele>
      </trkpt>
      <trkpt lat="46.19973" lon="6.95797">
        <ele>1502.02124</ele>
      </trkpt>
      <trkpt lat="46.19977" lon="6.95777">
        <ele>1502.488647</ele>
      </trkpt>
      <trkpt lat="46.19977" lon="6.95756">
        <ele>1499.768555</ele>
      </trkpt>
      <trkpt lat="46.19975" lon="6.95736">
        <ele>1495.651489</ele>
      </trkpt>
      <trkpt lat="46.1998" lon="6.95717">
        <ele>1496.401489</ele>
      </trkpt>
      <trkpt lat="46.19986" lon="6.95699">
        <ele>1498.627197</ele>
      </trkpt>
      <trkpt lat="46.19992" lon="6.95679">
        <ele>1500.180786</ele>
      </trkpt>
      <trkpt lat="46.19985" lon="6.95663">
        <ele>1492.938477</ele>
      </trkpt>
      <trkpt lat="46.19975" lon="6.95638">
        <ele>1487.135742</ele>
      </trkpt>
      <trkpt lat="46.19962" lon="6.95599">
        <ele>1480.118164</ele>
      </trkpt>
      <trkpt lat="46.19953" lon="6.95615">
        <ele>1471.901611</ele>
      </trkpt>
      <trkpt lat="46.19947" lon="6.95633">
        <ele>1466.639893</ele>
      </trkpt>
      <trkpt lat="46.19935" lon="6.95622">
        <ele>1458.169678</ele>
      </trkpt>
      <trkpt lat="46.19934" lon="6.95602">
        <ele>1458.802368</ele>
      </trkpt>
      <trkpt lat="46.19936" lon="6.95583">
        <ele>1460.432007</ele>
      </trkpt>
      <trkpt lat="46.19925" lon="6.95595">
        <ele>1451.551147</ele>
      </trkpt>
      <trkpt lat="46.19919" lon="6.95634">
        <ele>1445.86731</ele>
      </trkpt>
      <trkpt lat="46.19909" lon="6.95647">
        <ele>1439.099609</ele>
      </trkpt>
      <trkpt lat="46.19895" lon="6.95645">
        <ele>1430.730225</ele>
      </trkpt>
      <trkpt lat="46.19896" lon="6.95625">
        <ele>1432.455322</ele>
      </trkpt>
      <trkpt lat="46.19897" lon="6.95605">
        <ele>1433.874756</ele>
      </trkpt>
      <trkpt lat="46.19892" lon="6.95585">
        <ele>1432.730103</ele>
      </trkpt>
      <trkpt lat="46.19895" lon="6.95565">
        <ele>1434.61145</ele>
      </trkpt>
      <trkpt lat="46.19882" lon="6.95574">
        <ele>1428.127441</ele>
      </trkpt>
      <trkpt lat="46.19874" lon="6.95589">
        <ele>1422.20752</ele>
      </trkpt>
      <trkpt lat="46.1987" lon="6.95608">
        <ele>1418.506104</ele>
      </trkpt>
      <trkpt lat="46.1986" lon="6.95623">
        <ele>1411.636108</ele>
      </trkpt>
      <trkpt lat="46.19855" lon="6.95603">
        <ele>1410.897705</ele>
      </trkpt>
      <trkpt lat="46.19852" lon="6.95582">
        <ele>1411.408936</ele>
      </trkpt>
      <trkpt lat="46.19838" lon="6.95579">
        <ele>1404.5802</ele>
      </trkpt>
      <trkpt lat="46.19826" lon="6.9559">
        <ele>1400.003052</ele>
      </trkpt>
      <trkpt lat="46.19811" lon="6.95591">
        <ele>1399.385498</ele>
      </trkpt>
      <trkpt lat="46.19798" lon="6.95592">
        <ele>1398.95874</ele>
      </trkpt>
      <trkpt lat="46.19787" lon="6.95605">
        <ele>1394.902832</ele>
      </trkpt>
      <trkpt lat="46.19773" lon="6.95608">
        <ele>1392.970337</ele>
      </trkpt>
      <trkpt lat="46.19761" lon="6.95618">
        <ele>1388.710571</ele>
      </trkpt>
      <trkpt lat="46.19748" lon="6.95626">
        <ele>1384.519287</ele>
      </trkpt>
      <trkpt lat="46.19737" lon="6.95639">
        <ele>1382.341675</ele>
      </trkpt>
      <trkpt lat="46.19726" lon="6.95654">
        <ele>1379.721069</ele>
      </trkpt>
      <trkpt lat="46.19704" lon="6.95679">
        <ele>1376.248413</ele>
      </trkpt>
      <trkpt lat="46.1969" lon="6.95692">
        <ele>1375.243164</ele>
      </trkpt>
      <trkpt lat="46.19674" lon="6.95699">
        <ele>1376.418457</ele>
      </trkpt>
      <trkpt lat="46.1966" lon="6.95709">
        <ele>1376.734863</ele>
      </trkpt>
      <trkpt lat="46.19646" lon="6.95721">
        <ele>1377.016602</ele>
      </trkpt>
      <trkpt lat="46.19635" lon="6.95734">
        <ele>1376.27417</ele>
      </trkpt>
      <trkpt lat="46.19621" lon="6.95739">
        <ele>1379.61499</ele>
      </trkpt>
      <trkpt lat="46.19607" lon="6.95742">
        <ele>1383.327026</ele>
      </trkpt>
      <trkpt lat="46.19597" lon="6.95755">
        <ele>1382.31665</ele>
      </trkpt>
      <trkpt lat="46.19598" lon="6.95798">
        <ele>1367.304199</ele>
      </trkpt>
      <trkpt lat="46.19589" lon="6.9582">
        <ele>1363.445801</ele>
      </trkpt>
      <trkpt lat="46.19576" lon="6.95823">
        <ele>1365.373291</ele>
      </trkpt>
      <trkpt lat="46.19556" lon="6.95819">
        <ele>1366.388184</ele>
      </trkpt>
      <trkpt lat="46.19543" lon="6.95816">
        <ele>1367.275635</ele>
      </trkpt>
      <trkpt lat="46.19527" lon="6.95803">
        <ele>1371.27832</ele>
      </trkpt>
      <trkpt lat="46.19534" lon="6.95821">
        <ele>1365.524902</ele>
      </trkpt>
      <trkpt lat="46.19541" lon="6.95839">
        <ele>1359.717285</ele>
      </trkpt>
      <trkpt lat="46.19541" lon="6.95861">
        <ele>1352.452881</ele>
      </trkpt>
      <trkpt lat="46.19539" lon="6.95881">
        <ele>1346.15625</ele>
      </trkpt>
      <trkpt lat="46.19539" lon="6.95901">
        <ele>1339.633911</ele>
      </trkpt>
      <trkpt lat="46.19542" lon="6.9592">
        <ele>1333.281616</ele>
      </trkpt>
      <trkpt lat="46.19545" lon="6.95939">
        <ele>1326.054688</ele>
      </trkpt>
      <trkpt lat="46.19552" lon="6.95956">
        <ele>1319.957153</ele>
      </trkpt>
      <trkpt lat="46.19563" lon="6.95968">
        <ele>1316.141846</ele>
      </trkpt>
      <trkpt lat="46.19575" lon="6.9598">
        <ele>1312.62207</ele>
      </trkpt>
      <trkpt lat="46.19586" lon="6.95993">
        <ele>1307.311768</ele>
      </trkpt>
      <trkpt lat="46.19596" lon="6.96006">
        <ele>1298.304565</ele>
      </trkpt>
      <trkpt lat="46.19582" lon="6.96007">
        <ele>1303.286987</ele>
      </trkpt>
      <trkpt lat="46.19569" lon="6.96002">
        <ele>1304.424316</ele>
      </trkpt>
      <trkpt lat="46.19557" lon="6.95989">
        <ele>1308.178345</ele>
      </trkpt>
      <trkpt lat="46.19544" lon="6.95993">
        <ele>1306.013428</ele>
      </trkpt>
      <trkpt lat="46.19532" lon="6.96008">
        <ele>1299.518799</ele>
      </trkpt>
      <trkpt lat="46.19519" lon="6.96001">
        <ele>1300.910156</ele>
      </trkpt>
      <trkpt lat="46.19505" lon="6.96002">
        <ele>1299.829712</ele>
      </trkpt>
      <trkpt lat="46.19484" lon="6.96009">
        <ele>1295.307495</ele>
      </trkpt>
      <trkpt lat="46.1947" lon="6.96017">
        <ele>1291.605225</ele>
      </trkpt>
      <trkpt lat="46.19457" lon="6.96024">
        <ele>1288.065186</ele>
      </trkpt>
      <trkpt lat="46.19441" lon="6.9603">
        <ele>1284.426636</ele>
      </trkpt>
      <trkpt lat="46.1942" lon="6.96032">
        <ele>1281.803467</ele>
      </trkpt>
      <trkpt lat="46.194" lon="6.9603">
        <ele>1279.311768</ele>
      </trkpt>
      <trkpt lat="46.19385" lon="6.96019">
        <ele>1279.700073</ele>
      </trkpt>
      <trkpt lat="46.19374" lon="6.96007">
        <ele>1280.68811</ele>
      </trkpt>
      <trkpt lat="46.19362" lon="6.95996">
        <ele>1281.180786</ele>
      </trkpt>
      <trkpt lat="46.19352" lon="6.9598">
        <ele>1282.517578</ele>
      </trkpt>
      <trkpt lat="46.19341" lon="6.95967">
        <ele>1282.549194</ele>
      </trkpt>
      <trkpt lat="46.19327" lon="6.95972">
        <ele>1279.965088</ele>
      </trkpt>
      <trkpt lat="46.1932" lon="6.95988">
        <ele>1276.615723</ele>
      </trkpt>
      <trkpt lat="46.1931" lon="6.96002">
        <ele>1273.512695</ele>
      </trkpt>
      <trkpt lat="46.19299" lon="6.96019">
        <ele>1269.80603</ele>
      </trkpt>
      <trkpt lat="46.19285" lon="6.96024">
        <ele>1268.524658</ele>
      </trkpt>
      <trkpt lat="46.19277" lon="6.96042">
        <ele>1264.360596</ele>
      </trkpt>
      <trkpt lat="46.1926" lon="6.9605">
        <ele>1262.189331</ele>
      </trkpt>
      <trkpt lat="46.19248" lon="6.9606">
        <ele>1259.6521</ele>
      </trkpt>
      <trkpt lat="46.19241" lon="6.96079">
        <ele>1254.712891</ele>
      </trkpt>
      <trkpt lat="46.19235" lon="6.961">
        <ele>1250.637939</ele>
      </trkpt>
      <trkpt lat="46.19236" lon="6.9612">
        <ele>1247.395386</ele>
      </trkpt>
      <trkpt lat="46.19239" lon="6.96141">
        <ele>1244.036743</ele>
      </trkpt>
      <trkpt lat="46.19242" lon="6.96161">
        <ele>1240.784912</ele>
      </trkpt>
      <trkpt lat="46.19244" lon="6.96182">
        <ele>1237.175903</ele>
      </trkpt>
      <trkpt lat="46.19249" lon="6.96201">
        <ele>1233.838379</ele>
      </trkpt>
      <trkpt lat="46.1925" lon="6.96221">
        <ele>1230.14917</ele>
      </trkpt>
      <trkpt lat="46.19249" lon="6.96241">
        <ele>1226.632568</ele>
      </trkpt>
      <trkpt lat="46.19245" lon="6.9626">
        <ele>1223.179077</ele>
      </trkpt>
      <trkpt lat="46.1925" lon="6.96279">
        <ele>1219.076538</ele>
      </trkpt>
      <trkpt lat="46.19252" lon="6.96299">
        <ele>1215.074463</ele>
      </trkpt>
      <trkpt lat="46.19265" lon="6.96304">
        <ele>1215.091675</ele>
      </trkpt>
      <trkpt lat="46.1928" lon="6.96321">
        <ele>1212.866943</ele>
      </trkpt>
      <trkpt lat="46.19287" lon="6.96342">
        <ele>1209.482422</ele>
      </trkpt>
      <trkpt lat="46.19299" lon="6.9635">
        <ele>1208.965698</ele>
      </trkpt>
      <trkpt lat="46.19312" lon="6.96366">
        <ele>1206.75647</ele>
      </trkpt>
      <trkpt lat="46.19322" lon="6.9638">
        <ele>1204.512939</ele>
      </trkpt>
      <trkpt lat="46.19334" lon="6.96388">
        <ele>1203.149658</ele>
      </trkpt>
      <trkpt lat="46.1935" lon="6.96394">
        <ele>1201.774658</ele>
      </trkpt>
      <trkpt lat="46.19366" lon="6.96408">
        <ele>1198.952393</ele>
      </trkpt>
      <trkpt lat="46.19377" lon="6.96422">
        <ele>1196.292969</ele>
      </trkpt>
      <trkpt lat="46.1939" lon="6.96437">
        <ele>1193.616089</ele>
      </trkpt>
      <trkpt lat="46.19406" lon="6.96447">
        <ele>1192.186523</ele>
      </trkpt>
      <trkpt lat="46.19417" lon="6.9646">
        <ele>1190.054443</ele>
      </trkpt>
      <trkpt lat="46.1943" lon="6.96474">
        <ele>1186.100586</ele>
      </trkpt>
      <trkpt lat="46.1944" lon="6.9649">
        <ele>1182.358154</ele>
      </trkpt>
      <trkpt lat="46.19447" lon="6.96508">
        <ele>1178.628662</ele>
      </trkpt>
      <trkpt lat="46.19457" lon="6.9652">
        <ele>1175.664307</ele>
      </trkpt>
      <trkpt lat="46.19475" lon="6.96527">
        <ele>1173.562012</ele>
      </trkpt>
      <trkpt lat="46.19488" lon="6.9654">
        <ele>1171.107178</ele>
      </trkpt>
      <trkpt lat="46.19505" lon="6.9655">
        <ele>1167.446289</ele>
      </trkpt>
      <trkpt lat="46.19515" lon="6.96564">
        <ele>1161.782715</ele>
      </trkpt>
      <trkpt lat="46.19527" lon="6.96552">
        <ele>1158.25708</ele>
      </trkpt>
      <trkpt lat="46.19538" lon="6.96539">
        <ele>1154.859131</ele>
      </trkpt>
      <trkpt lat="46.19543" lon="6.96521">
        <ele>1154.566772</ele>
      </trkpt>
      <trkpt lat="46.19534" lon="6.96504">
        <ele>1160.33728</ele>
      </trkpt>
      <trkpt lat="46.19524" lon="6.96475">
        <ele>1167.702271</ele>
      </trkpt>
      <trkpt lat="46.19536" lon="6.96487">
        <ele>1161.507568</ele>
      </trkpt>
      <trkpt lat="46.19569" lon="6.96485">
        <ele>1148.54187</ele>
      </trkpt>
      <trkpt lat="46.19578" lon="6.96501">
        <ele>1142.320068</ele>
      </trkpt>
      <trkpt lat="46.19591" lon="6.96508">
        <ele>1141.03894</ele>
      </trkpt>
      <trkpt lat="46.19604" lon="6.96515">
        <ele>1143.296631</ele>
      </trkpt>
      <trkpt lat="46.19613" lon="6.96537">
        <ele>1142.275513</ele>
      </trkpt>
      <trkpt lat="46.1962" lon="6.96561">
        <ele>1140.109985</ele>
      </trkpt>
      <trkpt lat="46.19628" lon="6.96582">
        <ele>1138.283203</ele>
      </trkpt>
      <trkpt lat="46.19637" lon="6.96599">
        <ele>1137.080566</ele>
      </trkpt>
      <trkpt lat="46.19643" lon="6.96617">
        <ele>1134.98291</ele>
      </trkpt>
      <trkpt lat="46.19648" lon="6.96636">
        <ele>1132.458008</ele>
      </trkpt>
      <trkpt lat="46.19656" lon="6.96651">
        <ele>1130.364624</ele>
      </trkpt>
      <trkpt lat="46.19669" lon="6.9666">
        <ele>1129.683594</ele>
      </trkpt>
      <trkpt lat="46.19686" lon="6.9667">
        <ele>1130.852173</ele>
      </trkpt>
      <trkpt lat="46.19697" lon="6.96682">
        <ele>1130.628296</ele>
      </trkpt>
      <trkpt lat="46.19711" lon="6.96681">
        <ele>1133.811035</ele>
      </trkpt>
      <trkpt lat="46.19724" lon="6.96691">
        <ele>1134.719482</ele>
      </trkpt>
      <trkpt lat="46.19734" lon="6.96725">
        <ele>1131.393433</ele>
      </trkpt>
      <trkpt lat="46.19744" lon="6.96758">
        <ele>1128.313599</ele>
      </trkpt>
      <trkpt lat="46.1976" lon="6.96774">
        <ele>1130.327393</ele>
      </trkpt>
      <trkpt lat="46.19773" lon="6.96778">
        <ele>1135.217407</ele>
      </trkpt>
      <trkpt lat="46.19782" lon="6.96796">
        <ele>1134.581055</ele>
      </trkpt>
      <trkpt lat="46.19787" lon="6.9682">
        <ele>1130.186646</ele>
      </trkpt>
      <trkpt lat="46.19792" lon="6.96847">
        <ele>1124.135498</ele>
      </trkpt>
      <trkpt lat="46.19801" lon="6.96866">
        <ele>1122.126709</ele>
      </trkpt>
      <trkpt lat="46.1981" lon="6.96881">
        <ele>1121.056274</ele>
      </trkpt>
      <trkpt lat="46.19823" lon="6.96895">
        <ele>1122.686035</ele>
      </trkpt>
      <trkpt lat="46.19834" lon="6.96926">
        <ele>1118.510376</ele>
      </trkpt>
      <trkpt lat="46.19843" lon="6.96952">
        <ele>1112.834595</ele>
      </trkpt>
      <trkpt lat="46.19855" lon="6.96976">
        <ele>1108.601196</ele>
      </trkpt>
      <trkpt lat="46.1986" lon="6.96996">
        <ele>1104.082153</ele>
      </trkpt>
      <trkpt lat="46.19867" lon="6.97016">
        <ele>1099.399292</ele>
      </trkpt>
      <trkpt lat="46.19876" lon="6.97032">
        <ele>1096.755859</ele>
      </trkpt>
      <trkpt lat="46.1989" lon="6.97047">
        <ele>1096.244751</ele>
      </trkpt>
      <trkpt lat="46.19904" lon="6.97064">
        <ele>1095.467651</ele>
      </trkpt>
      <trkpt lat="46.19915" lon="6.9705">
        <ele>1103.355225</ele>
      </trkpt>
      <trkpt lat="46.19928" lon="6.97046">
        <ele>1108.464844</ele>
      </trkpt>
      <trkpt lat="46.19935" lon="6.97063">
        <ele>1104.727173</ele>
      </trkpt>
      <trkpt lat="46.19943" lon="6.97085">
        <ele>1099.267944</ele>
      </trkpt>
      <trkpt lat="46.19953" lon="6.971">
        <ele>1094.830811</ele>
      </trkpt>
      <trkpt lat="46.19969" lon="6.97116">
        <ele>1091.983398</ele>
      </trkpt>
      <trkpt lat="46.19988" lon="6.97126">
        <ele>1091.942139</ele>
      </trkpt>
      <trkpt lat="46.20008" lon="6.97132">
        <ele>1094.90625</ele>
      </trkpt>
      <trkpt lat="46.2002" lon="6.9715">
        <ele>1091.843628</ele>
      </trkpt>
      <trkpt lat="46.20031" lon="6.97165">
        <ele>1089.352539</ele>
      </trkpt>
      <trkpt lat="46.20019" lon="6.97177">
        <ele>1079.974365</ele>
      </trkpt>
      <trkpt lat="46.20008" lon="6.97164">
        <ele>1081.031372</ele>
      </trkpt>
      <trkpt lat="46.19996" lon="6.97154">
        <ele>1081.394043</ele>
      </trkpt>
      <trkpt lat="46.19982" lon="6.9716">
        <ele>1076.004028</ele>
      </trkpt>
      <trkpt lat="46.19969" lon="6.97158">
        <ele>1073.633789</ele>
      </trkpt>
      <trkpt lat="46.19951" lon="6.97157">
        <ele>1069.998413</ele>
      </trkpt>
      <trkpt lat="46.19938" lon="6.9715">
        <ele>1069.989258</ele>
      </trkpt>
      <trkpt lat="46.19931" lon="6.97134">
        <ele>1075.519165</ele>
      </trkpt>
      <trkpt lat="46.19915" lon="6.97125">
        <ele>1075.53418</ele>
      </trkpt>
      <trkpt lat="46.19898" lon="6.97138">
        <ele>1065.575806</ele>
      </trkpt>
      <trkpt lat="46.19881" lon="6.97142">
        <ele>1059.599609</ele>
      </trkpt>
      <trkpt lat="46.19866" lon="6.97142">
        <ele>1055.722534</ele>
      </trkpt>
      <trkpt lat="46.19851" lon="6.97126">
        <ele>1057.204834</ele>
      </trkpt>
      <trkpt lat="46.19838" lon="6.97119">
        <ele>1055.590332</ele>
      </trkpt>
      <trkpt lat="46.19827" lon="6.97106">
        <ele>1058.21167</ele>
      </trkpt>
      <trkpt lat="46.19817" lon="6.97088">
        <ele>1062.015625</ele>
      </trkpt>
      <trkpt lat="46.19788" lon="6.97091">
        <ele>1058.914062</ele>
      </trkpt>
      <trkpt lat="46.19774" lon="6.97102">
        <ele>1057.534546</ele>
      </trkpt>
      <trkpt lat="46.1976" lon="6.97101">
        <ele>1057.050049</ele>
      </trkpt>
      <trkpt lat="46.19747" lon="6.97105">
        <ele>1058.2677</ele>
      </trkpt>
      <trkpt lat="46.1975" lon="6.97124">
        <ele>1059.074829</ele>
      </trkpt>
      <trkpt lat="46.19761" lon="6.97135">
        <ele>1058.560791</ele>
      </trkpt>
      <trkpt lat="46.19771" lon="6.97151">
        <ele>1057.289917</ele>
      </trkpt>
      <trkpt lat="46.19774" lon="6.97172">
        <ele>1057.608521</ele>
      </trkpt>
      <trkpt lat="46.19779" lon="6.97198">
        <ele>1060.816895</ele>
      </trkpt>
      <trkpt lat="46.1978" lon="6.97218">
        <ele>1063.876465</ele>
      </trkpt>
      <trkpt lat="46.19789" lon="6.97233">
        <ele>1061.317627</ele>
      </trkpt>
      <trkpt lat="46.198" lon="6.97253">
        <ele>1057.808594</ele>
      </trkpt>
      <trkpt lat="46.19808" lon="6.97271">
        <ele>1059.79834</ele>
      </trkpt>
      <trkpt lat="46.19817" lon="6.97293">
        <ele>1063.535278</ele>
      </trkpt>
      <trkpt lat="46.19827" lon="6.97307">
        <ele>1062.973145</ele>
      </trkpt>
      <trkpt lat="46.19838" lon="6.97319">
        <ele>1060.962769</ele>
      </trkpt>
      <trkpt lat="46.19847" lon="6.97335">
        <ele>1061.632324</ele>
      </trkpt>
      <trkpt lat="46.19862" lon="6.97356">
        <ele>1059.053589</ele>
      </trkpt>
      <trkpt lat="46.1987" lon="6.97382">
        <ele>1061.282471</ele>
      </trkpt>
      <trkpt lat="46.19871" lon="6.97401">
        <ele>1065.473145</ele>
      </trkpt>
      <trkpt lat="46.19871" lon="6.97421">
        <ele>1070.718384</ele>
      </trkpt>
      <trkpt lat="46.1987" lon="6.97444">
        <ele>1075.755859</ele>
      </trkpt>
      <trkpt lat="46.19873" lon="6.97468">
        <ele>1078.015747</ele>
      </trkpt>
      <trkpt lat="46.1988" lon="6.97485">
        <ele>1075.054688</ele>
      </trkpt>
      <trkpt lat="46.19886" lon="6.97502">
        <ele>1073.473267</ele>
      </trkpt>
      <trkpt lat="46.19886" lon="6.97523">
        <ele>1074.811646</ele>
      </trkpt>
      <trkpt lat="46.19884" lon="6.97544">
        <ele>1077.482422</ele>
      </trkpt>
      <trkpt lat="46.19882" lon="6.97565">
        <ele>1080.495117</ele>
      </trkpt>
      <trkpt lat="46.19886" lon="6.97587">
        <ele>1079.726562</ele>
      </trkpt>
      <trkpt lat="46.19895" lon="6.97605">
        <ele>1074.458496</ele>
      </trkpt>
      <trkpt lat="46.19897" lon="6.97626">
        <ele>1076.064209</ele>
      </trkpt>
      <trkpt lat="46.19893" lon="6.97645">
        <ele>1083.065186</ele>
      </trkpt>
      <trkpt lat="46.19901" lon="6.97666">
        <ele>1078.620117</ele>
      </trkpt>
      <trkpt lat="46.19904" lon="6.97686">
        <ele>1078.112183</ele>
      </trkpt>
      <trkpt lat="46.19906" lon="6.97707">
        <ele>1078.54895</ele>
      </trkpt>
      <trkpt lat="46.19899" lon="6.97733">
        <ele>1088.966797</ele>
      </trkpt>
      <trkpt lat="46.19893" lon="6.97752">
        <ele>1097.16394</ele>
      </trkpt>
      <trkpt lat="46.19886" lon="6.97769">
        <ele>1104.483276</ele>
      </trkpt>
      <trkpt lat="46.19885" lon="6.97789">
        <ele>1105.303589</ele>
      </trkpt>
      <trkpt lat="46.19884" lon="6.97809">
        <ele>1106.877319</ele>
      </trkpt>
      <trkpt lat="46.19883" lon="6.97829">
        <ele>1108.759155</ele>
      </trkpt>
      <trkpt lat="46.1989" lon="6.97847">
        <ele>1100.67749</ele>
      </trkpt>
      <trkpt lat="46.19892" lon="6.9787">
        <ele>1098.230957</ele>
      </trkpt>
      <trkpt lat="46.19883" lon="6.97895">
        <ele>1108.664185</ele>
      </trkpt>
      <trkpt lat="46.19877" lon="6.97913">
        <ele>1115.820312</ele>
      </trkpt>
      <trkpt lat="46.19884" lon="6.9793">
        <ele>1108.531738</ele>
      </trkpt>
      <trkpt lat="46.19889" lon="6.9795">
        <ele>1106.423096</ele>
      </trkpt>
      <trkpt lat="46.19887" lon="6.9797">
        <ele>1111.791626</ele>
      </trkpt>
      <trkpt lat="46.19881" lon="6.97988">
        <ele>1120.621826</ele>
      </trkpt>
      <trkpt lat="46.19876" lon="6.98007">
        <ele>1128.488403</ele>
      </trkpt>
      <trkpt lat="46.19881" lon="6.98026">
        <ele>1125.495361</ele>
      </trkpt>
      <trkpt lat="46.19889" lon="6.98046">
        <ele>1119.336548</ele>
      </trkpt>
      <trkpt lat="46.19888" lon="6.98066">
        <ele>1122.30835</ele>
      </trkpt>
      <trkpt lat="46.1988" lon="6.98082">
        <ele>1130.807007</ele>
      </trkpt>
      <trkpt lat="46.19872" lon="6.98099">
        <ele>1134.801514</ele>
      </trkpt>
      <trkpt lat="46.19861" lon="6.98112">
        <ele>1142.577026</ele>
      </trkpt>
      <trkpt lat="46.19857" lon="6.98138">
        <ele>1142.062988</ele>
      </trkpt>
      <trkpt lat="46.1987" lon="6.98142">
        <ele>1130.430786</ele>
      </trkpt>
      <trkpt lat="46.19866" lon="6.98168">
        <ele>1130.18689</ele>
      </trkpt>
      <trkpt lat="46.19861" lon="6.9819">
        <ele>1135.44104</ele>
      </trkpt>
      <trkpt lat="46.19858" lon="6.98214">
        <ele>1140.687866</ele>
      </trkpt>
      <trkpt lat="46.19859" lon="6.98235">
        <ele>1141.92395</ele>
      </trkpt>
      <trkpt lat="46.19861" lon="6.98254">
        <ele>1141.012329</ele>
      </trkpt>
      <trkpt lat="46.19862" lon="6.98274">
        <ele>1140.11792</ele>
      </trkpt>
      <trkpt lat="46.19855" lon="6.98291">
        <ele>1148.209717</ele>
      </trkpt>
      <trkpt lat="46.1986" lon="6.98309">
        <ele>1142.529053</ele>
      </trkpt>
      <trkpt lat="46.1986" lon="6.98329">
        <ele>1142.915771</ele>
      </trkpt>
      <trkpt lat="46.19855" lon="6.98348">
        <ele>1146.406128</ele>
      </trkpt>
      <trkpt lat="46.19841" lon="6.98353">
        <ele>1161.25293</ele>
      </trkpt>
      <trkpt lat="46.19828" lon="6.98348">
        <ele>1177.065186</ele>
      </trkpt>
      <trkpt lat="46.19816" lon="6.98358">
        <ele>1188.384033</ele>
      </trkpt>
      <trkpt lat="46.19818" lon="6.98379">
        <ele>1182.997437</ele>
      </trkpt>
      <trkpt lat="46.19816" lon="6.98398">
        <ele>1181.812012</ele>
      </trkpt>
      <trkpt lat="46.19805" lon="6.98412">
        <ele>1190.272461</ele>
      </trkpt>
      <trkpt lat="46.19794" lon="6.98423">
        <ele>1200.636719</ele>
      </trkpt>
      <trkpt lat="46.19782" lon="6.98434">
        <ele>1211.895996</ele>
      </trkpt>
      <trkpt lat="46.19768" lon="6.98439">
        <ele>1225.498901</ele>
      </trkpt>
      <trkpt lat="46.19762" lon="6.98458">
        <ele>1228.45459</ele>
      </trkpt>
      <trkpt lat="46.19768" lon="6.98482">
        <ele>1217.747437</ele>
      </trkpt>
      <trkpt lat="46.19776" lon="6.985">
        <ele>1207.651489</ele>
      </trkpt>
      <trkpt lat="46.19778" lon="6.98522">
        <ele>1210.321777</ele>
      </trkpt>
      <trkpt lat="46.19779" lon="6.98542">
        <ele>1213.605713</ele>
      </trkpt>
      <trkpt lat="46.19782" lon="6.98563">
        <ele>1215.590332</ele>
      </trkpt>
      <trkpt lat="46.19781" lon="6.98585">
        <ele>1221.226807</ele>
      </trkpt>
      <trkpt lat="46.19789" lon="6.98603">
        <ele>1216.104736</ele>
      </trkpt>
      <trkpt lat="46.19798" lon="6.98619">
        <ele>1209.950928</ele>
      </trkpt>
      <trkpt lat="46.19802" lon="6.98638">
        <ele>1208.070557</ele>
      </trkpt>
      <trkpt lat="46.198" lon="6.98659">
        <ele>1212.214722</ele>
      </trkpt>
      <trkpt lat="46.19799" lon="6.98681">
        <ele>1210.887451</ele>
      </trkpt>
      <trkpt lat="46.19798" lon="6.98705">
        <ele>1208.189331</ele>
      </trkpt>
      <trkpt lat="46.19785" lon="6.98726">
        <ele>1216.013306</ele>
      </trkpt>
      <trkpt lat="46.19778" lon="6.98752">
        <ele>1217.835693</ele>
      </trkpt>
      <trkpt lat="46.19776" lon="6.98783">
        <ele>1211.898804</ele>
      </trkpt>
      <trkpt lat="46.19763" lon="6.98792">
        <ele>1220.998657</ele>
      </trkpt>
      <trkpt lat="46.19767" lon="6.98811">
        <ele>1213.069336</ele>
      </trkpt>
      <trkpt lat="46.19758" lon="6.98825">
        <ele>1218.157104</ele>
      </trkpt>
      <trkpt lat="46.19748" lon="6.98811">
        <ele>1229.790771</ele>
      </trkpt>
      <trkpt lat="46.19736" lon="6.98801">
        <ele>1242.871094</ele>
      </trkpt>
      <trkpt lat="46.19736" lon="6.98821">
        <ele>1238.65918</ele>
      </trkpt>
      <trkpt lat="46.19734" lon="6.98841">
        <ele>1234.745117</ele>
      </trkpt>
      <trkpt lat="46.19727" lon="6.98859">
        <ele>1234.30542</ele>
      </trkpt>
      <trkpt lat="46.19721" lon="6.9889">
        <ele>1226.895752</ele>
      </trkpt>
      <trkpt lat="46.19719" lon="6.98912">
        <ele>1219.591675</ele>
      </trkpt>
      <trkpt lat="46.1971" lon="6.98928">
        <ele>1220.793213</ele>
      </trkpt>
      <trkpt lat="46.19705" lon="6.98948">
        <ele>1217.460693</ele>
      </trkpt>
      <trkpt lat="46.1969" lon="6.9897">
        <ele>1219.795532</ele>
      </trkpt>
      <trkpt lat="46.19692" lon="6.99">
        <ele>1207.484009</ele>
      </trkpt>
      <trkpt lat="46.19688" lon="6.99019">
        <ele>1202.444824</ele>
      </trkpt>
      <trkpt lat="46.19675" lon="6.99036">
        <ele>1203.963745</ele>
      </trkpt>
      <trkpt lat="46.1966" lon="6.9904">
        <ele>1211.085571</ele>
      </trkpt>
      <trkpt lat="46.19641" lon="6.99048">
        <ele>1215.560547</ele>
      </trkpt>
      <trkpt lat="46.1963" lon="6.99063">
        <ele>1213.961426</ele>
      </trkpt>
      <trkpt lat="46.19615" lon="6.99075">
        <ele>1214.614868</ele>
      </trkpt>
      <trkpt lat="46.196" lon="6.99072">
        <ele>1221.807739</ele>
      </trkpt>
      <trkpt lat="46.19586" lon="6.99075">
        <ele>1225.973511</ele>
      </trkpt>
      <trkpt lat="46.19575" lon="6.99088">
        <ele>1226.654541</ele>
      </trkpt>
      <trkpt lat="46.19562" lon="6.99095">
        <ele>1231.562256</ele>
      </trkpt>
      <trkpt lat="46.19547" lon="6.99117">
        <ele>1232.151245</ele>
      </trkpt>
      <trkpt lat="46.19531" lon="6.99135">
        <ele>1234.376587</ele>
      </trkpt>
      <trkpt lat="46.19522" lon="6.99153">
        <ele>1232.550171</ele>
      </trkpt>
      <trkpt lat="46.1951" lon="6.99178">
        <ele>1230.313477</ele>
      </trkpt>
      <trkpt lat="46.19497" lon="6.99192">
        <ele>1233.24585</ele>
      </trkpt>
      <trkpt lat="46.19488" lon="6.99211">
        <ele>1233.189941</ele>
      </trkpt>
      <trkpt lat="46.19484" lon="6.9923">
        <ele>1229.826538</ele>
      </trkpt>
      <trkpt lat="46.19469" lon="6.9925">
        <ele>1231.689331</ele>
      </trkpt>
      <trkpt lat="46.19466" lon="6.99272">
        <ele>1226.735962</ele>
      </trkpt>
      <trkpt lat="46.19473" lon="6.99294">
        <ele>1216.952148</ele>
      </trkpt>
      <trkpt lat="46.19464" lon="6.99311">
        <ele>1216.915771</ele>
      </trkpt>
      <trkpt lat="46.1945" lon="6.99319">
        <ele>1221.547363</ele>
      </trkpt>
      <trkpt lat="46.19437" lon="6.99327">
        <ele>1225.92749</ele>
      </trkpt>
      <trkpt lat="46.19422" lon="6.99336">
        <ele>1231.011597</ele>
      </trkpt>
      <trkpt lat="46.19412" lon="6.99352">
        <ele>1229.450317</ele>
      </trkpt>
      <trkpt lat="46.19404" lon="6.99372">
        <ele>1224.473633</ele>
      </trkpt>
      <trkpt lat="46.19393" lon="6.99383">
        <ele>1224.374023</ele>
      </trkpt>
      <trkpt lat="46.19382" lon="6.99398">
        <ele>1222.428467</ele>
      </trkpt>
      <trkpt lat="46.19369" lon="6.99405">
        <ele>1224.224365</ele>
      </trkpt>
      <trkpt lat="46.19357" lon="6.99417">
        <ele>1223.876465</ele>
      </trkpt>
      <trkpt lat="46.19341" lon="6.99424">
        <ele>1225.853394</ele>
      </trkpt>
      <trkpt lat="46.19332" lon="6.99439">
        <ele>1220.647217</ele>
      </trkpt>
      <trkpt lat="46.19319" lon="6.99459">
        <ele>1214.914673</ele>
      </trkpt>
      <trkpt lat="46.19303" lon="6.99472">
        <ele>1214.754272</ele>
      </trkpt>
      <trkpt lat="46.19291" lon="6.99485">
        <ele>1212.68042</ele>
      </trkpt>
      <trkpt lat="46.19279" lon="6.99503">
        <ele>1208.219482</ele>
      </trkpt>
      <trkpt lat="46.19267" lon="6.99516">
        <ele>1205.985229</ele>
      </trkpt>
      <trkpt lat="46.19254" lon="6.99523">
        <ele>1208.040894</ele>
      </trkpt>
      <trkpt lat="46.19241" lon="6.99534">
        <ele>1207.369629</ele>
      </trkpt>
      <trkpt lat="46.19227" lon="6.99546">
        <ele>1205.717041</ele>
      </trkpt>
      <trkpt lat="46.19217" lon="6.99565">
        <ele>1197.889893</ele>
      </trkpt>
      <trkpt lat="46.1921" lon="6.99583">
        <ele>1190.03772</ele>
      </trkpt>
      <trkpt lat="46.19196" lon="6.99586">
        <ele>1192.671143</ele>
      </trkpt>
      <trkpt lat="46.19184" lon="6.99596">
        <ele>1191.289062</ele>
      </trkpt>
      <trkpt lat="46.1917" lon="6.99601">
        <ele>1193.438721</ele>
      </trkpt>
      <trkpt lat="46.19154" lon="6.9961">
        <ele>1194.382935</ele>
      </trkpt>
      <trkpt lat="46.19143" lon="6.99625">
        <ele>1190.111694</ele>
      </trkpt>
      <trkpt lat="46.19133" lon="6.99644">
        <ele>1182.460449</ele>
      </trkpt>
      <trkpt lat="46.19122" lon="6.99658">
        <ele>1177.879517</ele>
      </trkpt>
      <trkpt lat="46.1911" lon="6.99667">
        <ele>1176.228271</ele>
      </trkpt>
      <trkpt lat="46.19098" lon="6.99678">
        <ele>1174.380005</ele>
      </trkpt>
      <trkpt lat="46.19084" lon="6.99681">
        <ele>1177.263672</ele>
      </trkpt>
      <trkpt lat="46.19064" lon="6.99699">
        <ele>1174.831787</ele>
      </trkpt>
      <trkpt lat="46.19045" lon="6.99709">
        <ele>1176.060669</ele>
      </trkpt>
      <trkpt lat="46.19029" lon="6.99719">
        <ele>1175.911133</ele>
      </trkpt>
      <trkpt lat="46.19013" lon="6.9973">
        <ele>1174.753052</ele>
      </trkpt>
      <trkpt lat="46.19001" lon="6.99741">
        <ele>1171.124512</ele>
      </trkpt>
      <trkpt lat="46.18991" lon="6.99754">
        <ele>1166.165405</ele>
      </trkpt>
      <trkpt lat="46.18977" lon="6.99771">
        <ele>1161.601318</ele>
      </trkpt>
      <trkpt lat="46.18959" lon="6.99783">
        <ele>1160.132324</ele>
      </trkpt>
      <trkpt lat="46.18945" lon="6.99792">
        <ele>1159.273926</ele>
      </trkpt>
      <trkpt lat="46.1893" lon="6.99793">
        <ele>1162.744507</ele>
      </trkpt>
      <trkpt lat="46.18911" lon="6.99802">
        <ele>1163.259277</ele>
      </trkpt>
      <trkpt lat="46.18896" lon="6.99825">
        <ele>1155.880737</ele>
      </trkpt>
      <trkpt lat="46.18878" lon="6.99836">
        <ele>1154.966064</ele>
      </trkpt>
      <trkpt lat="46.18863" lon="6.99848">
        <ele>1153.124756</ele>
      </trkpt>
      <trkpt lat="46.1885" lon="6.99854">
        <ele>1153.504395</ele>
      </trkpt>
      <trkpt lat="46.18833" lon="6.99858">
        <ele>1154.664307</ele>
      </trkpt>
      <trkpt lat="46.18816" lon="6.99863">
        <ele>1153.937012</ele>
      </trkpt>
      <trkpt lat="46.18801" lon="6.99868">
        <ele>1153.651855</ele>
      </trkpt>
      <trkpt lat="46.18786" lon="6.99863">
        <ele>1157.006104</ele>
      </trkpt>
      <trkpt lat="46.18772" lon="6.99863">
        <ele>1158.275879</ele>
      </trkpt>
      <trkpt lat="46.18758" lon="6.99864">
        <ele>1159.217529</ele>
      </trkpt>
      <trkpt lat="46.18745" lon="6.99871">
        <ele>1156.78064</ele>
      </trkpt>
      <trkpt lat="46.18724" lon="6.99873">
        <ele>1155.813599</ele>
      </trkpt>
      <trkpt lat="46.18709" lon="6.99887">
        <ele>1150.591797</ele>
      </trkpt>
      <trkpt lat="46.18695" lon="6.99894">
        <ele>1147.874268</ele>
      </trkpt>
      <trkpt lat="46.1868" lon="6.99905">
        <ele>1144.576294</ele>
      </trkpt>
      <trkpt lat="46.18667" lon="6.99913">
        <ele>1142.302246</ele>
      </trkpt>
      <trkpt lat="46.1865" lon="6.99916">
        <ele>1140.614502</ele>
      </trkpt>
      <trkpt lat="46.1863" lon="6.9993">
        <ele>1138.313477</ele>
      </trkpt>
      <trkpt lat="46.18615" lon="6.99932">
        <ele>1137.707031</ele>
      </trkpt>
      <trkpt lat="46.18605" lon="6.99945">
        <ele>1136.156372</ele>
      </trkpt>
      <trkpt lat="46.18614" lon="6.99959">
        <ele>1134.999268</ele>
      </trkpt>
      <trkpt lat="46.18626" lon="6.99971">
        <ele>1133.980103</ele>
      </trkpt>
      <trkpt lat="46.18641" lon="6.9998">
        <ele>1133.202148</ele>
      </trkpt>
    </trkseg>
  </trk>
</gpx>
