<?xml version="1.0" encoding="UTF-8"?>
<gpx version="1.1" creator="gpx.studio" xmlns="http://www.topografix.com/GPX/1/1" xmlns:xsi="http://www.w3.org/2001/XMLSchema-instance" xsi:schemaLocation="http://www.topografix.com/GPX/1/1 http://www.topografix.com/GPX/1/1/gpx.xsd http://www.garmin.com/xmlschemas/GpxExtensions/v3 http://www.garmin.com/xmlschemas/GpxExtensionsv3.xsd http://www.garmin.com/xmlschemas/TrackPointExtension/v1 http://www.garmin.com/xmlschemas/TrackPointExtensionv1.xsd http://www.garmin.com/xmlschemas/PowerExtension/v1 http://www.garmin.com/xmlschemas/PowerExtensionv1.xsd http://www.topografix.com/GPX/gpx_style/0/2 http://www.topografix.com/GPX/gpx_style/0/2/gpx_style.xsd" xmlns:gpxtpx="http://www.garmin.com/xmlschemas/TrackPointExtension/v1" xmlns:gpxx="http://www.garmin.com/xmlschemas/GpxExtensions/v3" xmlns:gpxpx="http://www.garmin.com/xmlschemas/PowerExtension/v1" xmlns:gpx_style="http://www.topografix.com/GPX/gpx_style/0/2">
  <metadata>
    <name>Haute Cime par le Val d&apos;en Haut et Lac de Salanfe</name>
    <author>
      <name>gpx.studio</name>
      <link href="https://gpx.studio"/>
    </author>
  </metadata>
  <trk>
    <name>Haute Cime par le Val d&apos;en Haut et Lac de Salanfe</name>
    <trkseg>
      <trkpt lat="46.14048" lon="6.99303">
        <ele>1380.59375</ele>
      </trkpt>
      <trkpt lat="46.14045" lon="6.99306">
        <ele>1382.71875</ele>
      </trkpt>
      <trkpt lat="46.14053" lon="6.99303">
        <ele>1380.84375</ele>
      </trkpt>
      <trkpt lat="46.14049" lon="6.99307">
        <ele>1384.96875</ele>
      </trkpt>
      <trkpt lat="46.14049" lon="6.99307">
        <ele>1384.96875</ele>
      </trkpt>
      <trkpt lat="46.14041" lon="6.99304">
        <ele>1387.3125</ele>
      </trkpt>
      <trkpt lat="46.14034" lon="6.99304">
        <ele>1387.78125</ele>
      </trkpt>
      <trkpt lat="46.14031" lon="6.993">
        <ele>1388</ele>
      </trkpt>
      <trkpt lat="46.14024" lon="6.993">
        <ele>1388.71875</ele>
      </trkpt>
      <trkpt lat="46.14029" lon="6.99296">
        <ele>1389.90625</ele>
      </trkpt>
      <trkpt lat="46.14032" lon="6.99299">
        <ele>1390.625</ele>
      </trkpt>
      <trkpt lat="46.14027" lon="6.99296">
        <ele>1390.84375</ele>
      </trkpt>
      <trkpt lat="46.14039" lon="6.99307">
        <ele>1392.09375</ele>
      </trkpt>
      <trkpt lat="46.14036" lon="6.99305">
        <ele>1392.8125</ele>
      </trkpt>
      <trkpt lat="46.14038" lon="6.99307">
        <ele>1392.9375</ele>
      </trkpt>
      <trkpt lat="46.14037" lon="6.99302">
        <ele>1394.8125</ele>
      </trkpt>
      <trkpt lat="46.14042" lon="6.99312">
        <ele>1394.96875</ele>
      </trkpt>
      <trkpt lat="46.14041" lon="6.99309">
        <ele>1396.0625</ele>
      </trkpt>
      <trkpt lat="46.1404" lon="6.99315">
        <ele>1398.59375</ele>
      </trkpt>
      <trkpt lat="46.14045" lon="6.99304">
        <ele>1398.9375</ele>
      </trkpt>
      <trkpt lat="46.14053" lon="6.99297">
        <ele>1399.53125</ele>
      </trkpt>
      <trkpt lat="46.14037" lon="6.99273">
        <ele>1399.71875</ele>
      </trkpt>
      <trkpt lat="46.14035" lon="6.99276">
        <ele>1399.59375</ele>
      </trkpt>
      <trkpt lat="46.14043" lon="6.99285">
        <ele>1399.875</ele>
      </trkpt>
      <trkpt lat="46.14054" lon="6.99281">
        <ele>1400.09375</ele>
      </trkpt>
      <trkpt lat="46.14062" lon="6.99268">
        <ele>1401.15625</ele>
      </trkpt>
      <trkpt lat="46.14067" lon="6.99242">
        <ele>1404.4375</ele>
      </trkpt>
      <trkpt lat="46.14099" lon="6.99219">
        <ele>1415</ele>
      </trkpt>
      <trkpt lat="46.14119" lon="6.9919">
        <ele>1422.96875</ele>
      </trkpt>
      <trkpt lat="46.1412" lon="6.99141">
        <ele>1426.5625</ele>
      </trkpt>
      <trkpt lat="46.14124" lon="6.9914">
        <ele>1427.6875</ele>
      </trkpt>
      <trkpt lat="46.14126" lon="6.99108">
        <ele>1423</ele>
      </trkpt>
      <trkpt lat="46.14124" lon="6.99088">
        <ele>1422.1875</ele>
      </trkpt>
      <trkpt lat="46.14126" lon="6.99073">
        <ele>1423.375</ele>
      </trkpt>
      <trkpt lat="46.14122" lon="6.99058">
        <ele>1424.59375</ele>
      </trkpt>
      <trkpt lat="46.14117" lon="6.99052">
        <ele>1425.5</ele>
      </trkpt>
      <trkpt lat="46.14104" lon="6.9905">
        <ele>1427.125</ele>
      </trkpt>
      <trkpt lat="46.14096" lon="6.99038">
        <ele>1429.9375</ele>
      </trkpt>
      <trkpt lat="46.14096" lon="6.99008">
        <ele>1432.25</ele>
      </trkpt>
      <trkpt lat="46.141" lon="6.9899">
        <ele>1433.34375</ele>
      </trkpt>
      <trkpt lat="46.14108" lon="6.98991">
        <ele>1435.375</ele>
      </trkpt>
      <trkpt lat="46.14127" lon="6.99007">
        <ele>1437.0625</ele>
      </trkpt>
      <trkpt lat="46.14153" lon="6.98983">
        <ele>1441.03125</ele>
      </trkpt>
      <trkpt lat="46.14156" lon="6.98984">
        <ele>1443</ele>
      </trkpt>
      <trkpt lat="46.14165" lon="6.98974">
        <ele>1445.78125</ele>
      </trkpt>
      <trkpt lat="46.14191" lon="6.98921">
        <ele>1455.125</ele>
      </trkpt>
      <trkpt lat="46.14196" lon="6.98918">
        <ele>1455.96875</ele>
      </trkpt>
      <trkpt lat="46.14201" lon="6.98895">
        <ele>1457.46875</ele>
      </trkpt>
      <trkpt lat="46.14199" lon="6.98886">
        <ele>1457.75</ele>
      </trkpt>
      <trkpt lat="46.14217" lon="6.98886">
        <ele>1457.375</ele>
      </trkpt>
      <trkpt lat="46.14223" lon="6.98876">
        <ele>1457.875</ele>
      </trkpt>
      <trkpt lat="46.14227" lon="6.98876">
        <ele>1458.21875</ele>
      </trkpt>
      <trkpt lat="46.14239" lon="6.98842">
        <ele>1460.34375</ele>
      </trkpt>
      <trkpt lat="46.14243" lon="6.98846">
        <ele>1460.53125</ele>
      </trkpt>
      <trkpt lat="46.14248" lon="6.98837">
        <ele>1460.4375</ele>
      </trkpt>
      <trkpt lat="46.14245" lon="6.98828">
        <ele>1460.3125</ele>
      </trkpt>
      <trkpt lat="46.14254" lon="6.98811">
        <ele>1460.3125</ele>
      </trkpt>
      <trkpt lat="46.14253" lon="6.98755">
        <ele>1462.0625</ele>
      </trkpt>
      <trkpt lat="46.14246" lon="6.98751">
        <ele>1462.3125</ele>
      </trkpt>
      <trkpt lat="46.14244" lon="6.98738">
        <ele>1464.15625</ele>
      </trkpt>
      <trkpt lat="46.14261" lon="6.98709">
        <ele>1467.5625</ele>
      </trkpt>
      <trkpt lat="46.1426" lon="6.98694">
        <ele>1469.78125</ele>
      </trkpt>
      <trkpt lat="46.14271" lon="6.98675">
        <ele>1472.75</ele>
      </trkpt>
      <trkpt lat="46.1427" lon="6.98652">
        <ele>1475.84375</ele>
      </trkpt>
      <trkpt lat="46.14274" lon="6.98651">
        <ele>1476.21875</ele>
      </trkpt>
      <trkpt lat="46.14278" lon="6.98635">
        <ele>1478.09375</ele>
      </trkpt>
      <trkpt lat="46.14275" lon="6.98618">
        <ele>1479.96875</ele>
      </trkpt>
      <trkpt lat="46.1429" lon="6.98596">
        <ele>1481.65625</ele>
      </trkpt>
      <trkpt lat="46.14288" lon="6.98594">
        <ele>1483.96875</ele>
      </trkpt>
      <trkpt lat="46.1429" lon="6.9858">
        <ele>1485.96875</ele>
      </trkpt>
      <trkpt lat="46.14283" lon="6.98563">
        <ele>1487.90625</ele>
      </trkpt>
      <trkpt lat="46.14296" lon="6.98561">
        <ele>1489.53125</ele>
      </trkpt>
      <trkpt lat="46.14301" lon="6.98573">
        <ele>1489.1875</ele>
      </trkpt>
      <trkpt lat="46.1432" lon="6.98574">
        <ele>1492.34375</ele>
      </trkpt>
      <trkpt lat="46.14311" lon="6.98564">
        <ele>1495.09375</ele>
      </trkpt>
      <trkpt lat="46.14308" lon="6.98545">
        <ele>1496.59375</ele>
      </trkpt>
      <trkpt lat="46.14321" lon="6.9853">
        <ele>1499.1875</ele>
      </trkpt>
      <trkpt lat="46.1432" lon="6.98517">
        <ele>1500.28125</ele>
      </trkpt>
      <trkpt lat="46.14312" lon="6.98506">
        <ele>1501.375</ele>
      </trkpt>
      <trkpt lat="46.14341" lon="6.98522">
        <ele>1502.09375</ele>
      </trkpt>
      <trkpt lat="46.14357" lon="6.98506">
        <ele>1504.65625</ele>
      </trkpt>
      <trkpt lat="46.14345" lon="6.98484">
        <ele>1507.8125</ele>
      </trkpt>
      <trkpt lat="46.14347" lon="6.98471">
        <ele>1510.09375</ele>
      </trkpt>
      <trkpt lat="46.1436" lon="6.98454">
        <ele>1513.59375</ele>
      </trkpt>
      <trkpt lat="46.14356" lon="6.98449">
        <ele>1515.09375</ele>
      </trkpt>
      <trkpt lat="46.14363" lon="6.98444">
        <ele>1515.40625</ele>
      </trkpt>
      <trkpt lat="46.14357" lon="6.98434">
        <ele>1517.875</ele>
      </trkpt>
      <trkpt lat="46.14358" lon="6.9843">
        <ele>1518.5</ele>
      </trkpt>
      <trkpt lat="46.14365" lon="6.98429">
        <ele>1519.1875</ele>
      </trkpt>
      <trkpt lat="46.14364" lon="6.9841">
        <ele>1522.34375</ele>
      </trkpt>
      <trkpt lat="46.14366" lon="6.98415">
        <ele>1523.53125</ele>
      </trkpt>
      <trkpt lat="46.14351" lon="6.98386">
        <ele>1527.65625</ele>
      </trkpt>
      <trkpt lat="46.14363" lon="6.98383">
        <ele>1529.65625</ele>
      </trkpt>
      <trkpt lat="46.14366" lon="6.98389">
        <ele>1531.5625</ele>
      </trkpt>
      <trkpt lat="46.14368" lon="6.98383">
        <ele>1532.8125</ele>
      </trkpt>
      <trkpt lat="46.14366" lon="6.98383">
        <ele>1533.125</ele>
      </trkpt>
      <trkpt lat="46.14374" lon="6.98381">
        <ele>1533.8125</ele>
      </trkpt>
      <trkpt lat="46.14375" lon="6.9837">
        <ele>1534.84375</ele>
      </trkpt>
      <trkpt lat="46.14374" lon="6.98373">
        <ele>1535.15625</ele>
      </trkpt>
      <trkpt lat="46.14358" lon="6.98365">
        <ele>1539</ele>
      </trkpt>
      <trkpt lat="46.14373" lon="6.98353">
        <ele>1541.03125</ele>
      </trkpt>
      <trkpt lat="46.14373" lon="6.98356">
        <ele>1541.5</ele>
      </trkpt>
      <trkpt lat="46.14366" lon="6.98344">
        <ele>1542.3125</ele>
      </trkpt>
      <trkpt lat="46.14371" lon="6.9833">
        <ele>1543.59375</ele>
      </trkpt>
      <trkpt lat="46.14364" lon="6.98339">
        <ele>1547.34375</ele>
      </trkpt>
      <trkpt lat="46.14358" lon="6.98331">
        <ele>1549.375</ele>
      </trkpt>
      <trkpt lat="46.1435" lon="6.98338">
        <ele>1551.5</ele>
      </trkpt>
      <trkpt lat="46.14344" lon="6.98334">
        <ele>1551.28125</ele>
      </trkpt>
      <trkpt lat="46.14364" lon="6.9831">
        <ele>1560.46875</ele>
      </trkpt>
      <trkpt lat="46.14359" lon="6.98299">
        <ele>1566.09375</ele>
      </trkpt>
      <trkpt lat="46.14349" lon="6.98317">
        <ele>1569.28125</ele>
      </trkpt>
      <trkpt lat="46.14344" lon="6.98306">
        <ele>1571.15625</ele>
      </trkpt>
      <trkpt lat="46.1435" lon="6.98291">
        <ele>1573.8125</ele>
      </trkpt>
      <trkpt lat="46.14341" lon="6.98271">
        <ele>1579.8125</ele>
      </trkpt>
      <trkpt lat="46.14344" lon="6.98265">
        <ele>1581.53125</ele>
      </trkpt>
      <trkpt lat="46.14342" lon="6.98263">
        <ele>1582</ele>
      </trkpt>
      <trkpt lat="46.14346" lon="6.98263">
        <ele>1583.71875</ele>
      </trkpt>
      <trkpt lat="46.14334" lon="6.98244">
        <ele>1589.90625</ele>
      </trkpt>
      <trkpt lat="46.14329" lon="6.98247">
        <ele>1591.59375</ele>
      </trkpt>
      <trkpt lat="46.14323" lon="6.98239">
        <ele>1592.40625</ele>
      </trkpt>
      <trkpt lat="46.1432" lon="6.98222">
        <ele>1594.34375</ele>
      </trkpt>
      <trkpt lat="46.14313" lon="6.98216">
        <ele>1595.25</ele>
      </trkpt>
      <trkpt lat="46.14313" lon="6.9822">
        <ele>1595.1875</ele>
      </trkpt>
      <trkpt lat="46.14308" lon="6.98221">
        <ele>1595.5625</ele>
      </trkpt>
      <trkpt lat="46.14307" lon="6.98216">
        <ele>1595.9375</ele>
      </trkpt>
      <trkpt lat="46.143" lon="6.98217">
        <ele>1596.78125</ele>
      </trkpt>
      <trkpt lat="46.14303" lon="6.98209">
        <ele>1596.875</ele>
      </trkpt>
      <trkpt lat="46.14311" lon="6.98206">
        <ele>1598.875</ele>
      </trkpt>
      <trkpt lat="46.14303" lon="6.98187">
        <ele>1599.78125</ele>
      </trkpt>
      <trkpt lat="46.14317" lon="6.98179">
        <ele>1603.625</ele>
      </trkpt>
      <trkpt lat="46.14329" lon="6.98181">
        <ele>1604.6875</ele>
      </trkpt>
      <trkpt lat="46.14347" lon="6.98175">
        <ele>1606.15625</ele>
      </trkpt>
      <trkpt lat="46.14346" lon="6.98163">
        <ele>1609.0625</ele>
      </trkpt>
      <trkpt lat="46.14353" lon="6.98165">
        <ele>1611.40625</ele>
      </trkpt>
      <trkpt lat="46.14356" lon="6.98158">
        <ele>1611.625</ele>
      </trkpt>
      <trkpt lat="46.14349" lon="6.98155">
        <ele>1611.90625</ele>
      </trkpt>
      <trkpt lat="46.14351" lon="6.98148">
        <ele>1612.0625</ele>
      </trkpt>
      <trkpt lat="46.14327" lon="6.98125">
        <ele>1614.4375</ele>
      </trkpt>
      <trkpt lat="46.14342" lon="6.98125">
        <ele>1621.4375</ele>
      </trkpt>
      <trkpt lat="46.14341" lon="6.98088">
        <ele>1625.03125</ele>
      </trkpt>
      <trkpt lat="46.14349" lon="6.98088">
        <ele>1625.59375</ele>
      </trkpt>
      <trkpt lat="46.1435" lon="6.98091">
        <ele>1626.28125</ele>
      </trkpt>
      <trkpt lat="46.14354" lon="6.98076">
        <ele>1630.5</ele>
      </trkpt>
      <trkpt lat="46.14361" lon="6.98079">
        <ele>1631.5</ele>
      </trkpt>
      <trkpt lat="46.14362" lon="6.98085">
        <ele>1631.5625</ele>
      </trkpt>
      <trkpt lat="46.14366" lon="6.98087">
        <ele>1631.5625</ele>
      </trkpt>
      <trkpt lat="46.14381" lon="6.98083">
        <ele>1635.84375</ele>
      </trkpt>
      <trkpt lat="46.14383" lon="6.98097">
        <ele>1638.21875</ele>
      </trkpt>
      <trkpt lat="46.14382" lon="6.98093">
        <ele>1640.53125</ele>
      </trkpt>
      <trkpt lat="46.14392" lon="6.98092">
        <ele>1643.4375</ele>
      </trkpt>
      <trkpt lat="46.14395" lon="6.98085">
        <ele>1643.5</ele>
      </trkpt>
      <trkpt lat="46.14378" lon="6.98075">
        <ele>1643.625</ele>
      </trkpt>
      <trkpt lat="46.14384" lon="6.98075">
        <ele>1648.21875</ele>
      </trkpt>
      <trkpt lat="46.14386" lon="6.98083">
        <ele>1651.15625</ele>
      </trkpt>
      <trkpt lat="46.14402" lon="6.98072">
        <ele>1652.3125</ele>
      </trkpt>
      <trkpt lat="46.14395" lon="6.98067">
        <ele>1652.5</ele>
      </trkpt>
      <trkpt lat="46.14395" lon="6.98058">
        <ele>1652.71875</ele>
      </trkpt>
      <trkpt lat="46.14396" lon="6.98061">
        <ele>1653.71875</ele>
      </trkpt>
      <trkpt lat="46.144" lon="6.98055">
        <ele>1659.40625</ele>
      </trkpt>
      <trkpt lat="46.14406" lon="6.98058">
        <ele>1660.3125</ele>
      </trkpt>
      <trkpt lat="46.14415" lon="6.98051">
        <ele>1661.5625</ele>
      </trkpt>
      <trkpt lat="46.14407" lon="6.98039">
        <ele>1662.1875</ele>
      </trkpt>
      <trkpt lat="46.14407" lon="6.98044">
        <ele>1662.5625</ele>
      </trkpt>
      <trkpt lat="46.14403" lon="6.98044">
        <ele>1663.0625</ele>
      </trkpt>
      <trkpt lat="46.14417" lon="6.98043">
        <ele>1664.375</ele>
      </trkpt>
      <trkpt lat="46.14408" lon="6.98046">
        <ele>1665.5625</ele>
      </trkpt>
      <trkpt lat="46.14407" lon="6.98041">
        <ele>1665.84375</ele>
      </trkpt>
      <trkpt lat="46.14408" lon="6.98043">
        <ele>1666.09375</ele>
      </trkpt>
      <trkpt lat="46.14395" lon="6.98035">
        <ele>1666.5625</ele>
      </trkpt>
      <trkpt lat="46.14402" lon="6.98033">
        <ele>1666.6875</ele>
      </trkpt>
      <trkpt lat="46.14403" lon="6.98022">
        <ele>1667.0625</ele>
      </trkpt>
      <trkpt lat="46.14392" lon="6.98021">
        <ele>1667.3125</ele>
      </trkpt>
      <trkpt lat="46.14395" lon="6.98017">
        <ele>1671.125</ele>
      </trkpt>
      <trkpt lat="46.14392" lon="6.98033">
        <ele>1672.53125</ele>
      </trkpt>
      <trkpt lat="46.14384" lon="6.98019">
        <ele>1673.28125</ele>
      </trkpt>
      <trkpt lat="46.14364" lon="6.98014">
        <ele>1674.71875</ele>
      </trkpt>
      <trkpt lat="46.14369" lon="6.98003">
        <ele>1678.46875</ele>
      </trkpt>
      <trkpt lat="46.14365" lon="6.98003">
        <ele>1678.9375</ele>
      </trkpt>
      <trkpt lat="46.14364" lon="6.97979">
        <ele>1680.09375</ele>
      </trkpt>
      <trkpt lat="46.14374" lon="6.97973">
        <ele>1686</ele>
      </trkpt>
      <trkpt lat="46.14393" lon="6.97942">
        <ele>1691.15625</ele>
      </trkpt>
      <trkpt lat="46.14389" lon="6.97938">
        <ele>1691.40625</ele>
      </trkpt>
      <trkpt lat="46.1439" lon="6.97943">
        <ele>1692.21875</ele>
      </trkpt>
      <trkpt lat="46.1438" lon="6.97938">
        <ele>1694.03125</ele>
      </trkpt>
      <trkpt lat="46.1437" lon="6.97945">
        <ele>1695.40625</ele>
      </trkpt>
      <trkpt lat="46.14362" lon="6.97943">
        <ele>1696.21875</ele>
      </trkpt>
      <trkpt lat="46.14357" lon="6.97947">
        <ele>1697.1875</ele>
      </trkpt>
      <trkpt lat="46.14356" lon="6.97953">
        <ele>1697.59375</ele>
      </trkpt>
      <trkpt lat="46.14346" lon="6.97953">
        <ele>1699.59375</ele>
      </trkpt>
      <trkpt lat="46.14351" lon="6.97948">
        <ele>1700.0625</ele>
      </trkpt>
      <trkpt lat="46.14352" lon="6.97921">
        <ele>1704.46875</ele>
      </trkpt>
      <trkpt lat="46.1436" lon="6.97917">
        <ele>1707.28125</ele>
      </trkpt>
      <trkpt lat="46.14361" lon="6.97912">
        <ele>1709.5625</ele>
      </trkpt>
      <trkpt lat="46.14368" lon="6.97913">
        <ele>1714.96875</ele>
      </trkpt>
      <trkpt lat="46.14385" lon="6.97901">
        <ele>1720.3125</ele>
      </trkpt>
      <trkpt lat="46.14387" lon="6.97896">
        <ele>1720.625</ele>
      </trkpt>
      <trkpt lat="46.14376" lon="6.97882">
        <ele>1722.25</ele>
      </trkpt>
      <trkpt lat="46.14368" lon="6.97892">
        <ele>1724.84375</ele>
      </trkpt>
      <trkpt lat="46.1436" lon="6.9789">
        <ele>1726.34375</ele>
      </trkpt>
      <trkpt lat="46.14362" lon="6.9787">
        <ele>1729.96875</ele>
      </trkpt>
      <trkpt lat="46.14369" lon="6.97859">
        <ele>1731.65625</ele>
      </trkpt>
      <trkpt lat="46.14359" lon="6.97818">
        <ele>1735.46875</ele>
      </trkpt>
      <trkpt lat="46.14361" lon="6.97811">
        <ele>1736.1875</ele>
      </trkpt>
      <trkpt lat="46.14356" lon="6.97793">
        <ele>1737.03125</ele>
      </trkpt>
      <trkpt lat="46.14358" lon="6.97784">
        <ele>1737.09375</ele>
      </trkpt>
      <trkpt lat="46.14344" lon="6.97753">
        <ele>1742.6875</ele>
      </trkpt>
      <trkpt lat="46.14348" lon="6.97729">
        <ele>1746.8125</ele>
      </trkpt>
      <trkpt lat="46.14344" lon="6.97712">
        <ele>1748.59375</ele>
      </trkpt>
      <trkpt lat="46.14349" lon="6.9768">
        <ele>1752.625</ele>
      </trkpt>
      <trkpt lat="46.14347" lon="6.97658">
        <ele>1755.0625</ele>
      </trkpt>
      <trkpt lat="46.14349" lon="6.97651">
        <ele>1756.03125</ele>
      </trkpt>
      <trkpt lat="46.14337" lon="6.97648">
        <ele>1756.8125</ele>
      </trkpt>
      <trkpt lat="46.1433" lon="6.97638">
        <ele>1758.21875</ele>
      </trkpt>
      <trkpt lat="46.14318" lon="6.97606">
        <ele>1760.28125</ele>
      </trkpt>
      <trkpt lat="46.14331" lon="6.97571">
        <ele>1762.8125</ele>
      </trkpt>
      <trkpt lat="46.14327" lon="6.97565">
        <ele>1763.59375</ele>
      </trkpt>
      <trkpt lat="46.1433" lon="6.97545">
        <ele>1766.5</ele>
      </trkpt>
      <trkpt lat="46.1432" lon="6.97527">
        <ele>1770.8125</ele>
      </trkpt>
      <trkpt lat="46.1432" lon="6.97521">
        <ele>1772.34375</ele>
      </trkpt>
      <trkpt lat="46.14305" lon="6.97492">
        <ele>1778.25</ele>
      </trkpt>
      <trkpt lat="46.14309" lon="6.97477">
        <ele>1780.90625</ele>
      </trkpt>
      <trkpt lat="46.14302" lon="6.97434">
        <ele>1787.625</ele>
      </trkpt>
      <trkpt lat="46.14303" lon="6.97413">
        <ele>1788.5</ele>
      </trkpt>
      <trkpt lat="46.14308" lon="6.97404">
        <ele>1789.4375</ele>
      </trkpt>
      <trkpt lat="46.14307" lon="6.97393">
        <ele>1790.09375</ele>
      </trkpt>
      <trkpt lat="46.14297" lon="6.97376">
        <ele>1792.59375</ele>
      </trkpt>
      <trkpt lat="46.1428" lon="6.97362">
        <ele>1796.0625</ele>
      </trkpt>
      <trkpt lat="46.14274" lon="6.97341">
        <ele>1799.28125</ele>
      </trkpt>
      <trkpt lat="46.14266" lon="6.97331">
        <ele>1801.96875</ele>
      </trkpt>
      <trkpt lat="46.14267" lon="6.97325">
        <ele>1802.78125</ele>
      </trkpt>
      <trkpt lat="46.14265" lon="6.97328">
        <ele>1804</ele>
      </trkpt>
      <trkpt lat="46.14253" lon="6.97326">
        <ele>1804</ele>
      </trkpt>
      <trkpt lat="46.14247" lon="6.97317">
        <ele>1805.96875</ele>
      </trkpt>
      <trkpt lat="46.14241" lon="6.97315">
        <ele>1807.78125</ele>
      </trkpt>
      <trkpt lat="46.14234" lon="6.97294">
        <ele>1810.40625</ele>
      </trkpt>
      <trkpt lat="46.14228" lon="6.97294">
        <ele>1811.4375</ele>
      </trkpt>
      <trkpt lat="46.14216" lon="6.97248">
        <ele>1818.71875</ele>
      </trkpt>
      <trkpt lat="46.1419" lon="6.972">
        <ele>1823.28125</ele>
      </trkpt>
      <trkpt lat="46.14188" lon="6.97183">
        <ele>1825.78125</ele>
      </trkpt>
      <trkpt lat="46.14196" lon="6.9715">
        <ele>1829.75</ele>
      </trkpt>
      <trkpt lat="46.14189" lon="6.97143">
        <ele>1831.84375</ele>
      </trkpt>
      <trkpt lat="46.1419" lon="6.97147">
        <ele>1832.25</ele>
      </trkpt>
      <trkpt lat="46.14177" lon="6.9715">
        <ele>1833.6875</ele>
      </trkpt>
      <trkpt lat="46.14177" lon="6.97143">
        <ele>1836.125</ele>
      </trkpt>
      <trkpt lat="46.14163" lon="6.97135">
        <ele>1840.84375</ele>
      </trkpt>
      <trkpt lat="46.14121" lon="6.97074">
        <ele>1856.4375</ele>
      </trkpt>
      <trkpt lat="46.14117" lon="6.97042">
        <ele>1856.71875</ele>
      </trkpt>
      <trkpt lat="46.1411" lon="6.97021">
        <ele>1859.28125</ele>
      </trkpt>
      <trkpt lat="46.1411" lon="6.97007">
        <ele>1861.25</ele>
      </trkpt>
      <trkpt lat="46.14122" lon="6.96972">
        <ele>1857.71875</ele>
      </trkpt>
      <trkpt lat="46.1411" lon="6.96959">
        <ele>1857.03125</ele>
      </trkpt>
      <trkpt lat="46.14094" lon="6.96973">
        <ele>1859.375</ele>
      </trkpt>
      <trkpt lat="46.14088" lon="6.96985">
        <ele>1859.6875</ele>
      </trkpt>
      <trkpt lat="46.14084" lon="6.96983">
        <ele>1860.5625</ele>
      </trkpt>
      <trkpt lat="46.14085" lon="6.96952">
        <ele>1866.40625</ele>
      </trkpt>
      <trkpt lat="46.14097" lon="6.96923">
        <ele>1873.09375</ele>
      </trkpt>
      <trkpt lat="46.14089" lon="6.96924">
        <ele>1874.25</ele>
      </trkpt>
      <trkpt lat="46.14082" lon="6.96931">
        <ele>1875.53125</ele>
      </trkpt>
      <trkpt lat="46.14079" lon="6.96909">
        <ele>1878.25</ele>
      </trkpt>
      <trkpt lat="46.14054" lon="6.96907">
        <ele>1881.75</ele>
      </trkpt>
      <trkpt lat="46.14045" lon="6.96892">
        <ele>1883.03125</ele>
      </trkpt>
      <trkpt lat="46.14046" lon="6.96883">
        <ele>1884.25</ele>
      </trkpt>
      <trkpt lat="46.14054" lon="6.96875">
        <ele>1883.75</ele>
      </trkpt>
      <trkpt lat="46.14064" lon="6.96812">
        <ele>1887.96875</ele>
      </trkpt>
      <trkpt lat="46.14072" lon="6.96798">
        <ele>1888.40625</ele>
      </trkpt>
      <trkpt lat="46.14072" lon="6.96788">
        <ele>1882.1875</ele>
      </trkpt>
      <trkpt lat="46.14097" lon="6.96781">
        <ele>1882.875</ele>
      </trkpt>
      <trkpt lat="46.14097" lon="6.96769">
        <ele>1883.5625</ele>
      </trkpt>
      <trkpt lat="46.14092" lon="6.96768">
        <ele>1882.90625</ele>
      </trkpt>
      <trkpt lat="46.14103" lon="6.96748">
        <ele>1885.96875</ele>
      </trkpt>
      <trkpt lat="46.14115" lon="6.96772">
        <ele>1888.1875</ele>
      </trkpt>
      <trkpt lat="46.14125" lon="6.96776">
        <ele>1888.46875</ele>
      </trkpt>
      <trkpt lat="46.14128" lon="6.96768">
        <ele>1887.6875</ele>
      </trkpt>
      <trkpt lat="46.14137" lon="6.96765">
        <ele>1888.25</ele>
      </trkpt>
      <trkpt lat="46.14152" lon="6.96745">
        <ele>1890.15625</ele>
      </trkpt>
      <trkpt lat="46.14149" lon="6.96749">
        <ele>1890.03125</ele>
      </trkpt>
      <trkpt lat="46.14166" lon="6.96768">
        <ele>1892.875</ele>
      </trkpt>
      <trkpt lat="46.14185" lon="6.96779">
        <ele>1893.375</ele>
      </trkpt>
      <trkpt lat="46.14188" lon="6.96795">
        <ele>1897.0625</ele>
      </trkpt>
      <trkpt lat="46.14219" lon="6.96801">
        <ele>1900.8125</ele>
      </trkpt>
      <trkpt lat="46.14217" lon="6.96852">
        <ele>1899.59375</ele>
      </trkpt>
      <trkpt lat="46.14229" lon="6.96864">
        <ele>1899.15625</ele>
      </trkpt>
      <trkpt lat="46.14231" lon="6.96871">
        <ele>1901.40625</ele>
      </trkpt>
      <trkpt lat="46.14257" lon="6.96885">
        <ele>1905.9375</ele>
      </trkpt>
      <trkpt lat="46.14259" lon="6.96921">
        <ele>1906.96875</ele>
      </trkpt>
      <trkpt lat="46.14275" lon="6.96939">
        <ele>1909.15625</ele>
      </trkpt>
      <trkpt lat="46.14281" lon="6.96938">
        <ele>1910.8125</ele>
      </trkpt>
      <trkpt lat="46.14281" lon="6.96926">
        <ele>1911.1875</ele>
      </trkpt>
      <trkpt lat="46.14274" lon="6.96914">
        <ele>1912.03125</ele>
      </trkpt>
      <trkpt lat="46.14297" lon="6.96933">
        <ele>1912.375</ele>
      </trkpt>
      <trkpt lat="46.14318" lon="6.96939">
        <ele>1920.28125</ele>
      </trkpt>
      <trkpt lat="46.14317" lon="6.96946">
        <ele>1921.53125</ele>
      </trkpt>
      <trkpt lat="46.14322" lon="6.96947">
        <ele>1922.71875</ele>
      </trkpt>
      <trkpt lat="46.1432" lon="6.96945">
        <ele>1923.6875</ele>
      </trkpt>
      <trkpt lat="46.14322" lon="6.96947">
        <ele>1925.125</ele>
      </trkpt>
      <trkpt lat="46.1432" lon="6.96946">
        <ele>1925.8125</ele>
      </trkpt>
      <trkpt lat="46.14334" lon="6.96932">
        <ele>1928.90625</ele>
      </trkpt>
      <trkpt lat="46.14329" lon="6.96937">
        <ele>1929.125</ele>
      </trkpt>
      <trkpt lat="46.14334" lon="6.96944">
        <ele>1929.34375</ele>
      </trkpt>
      <trkpt lat="46.14331" lon="6.96958">
        <ele>1930.0625</ele>
      </trkpt>
      <trkpt lat="46.14347" lon="6.96979">
        <ele>1930.90625</ele>
      </trkpt>
      <trkpt lat="46.14365" lon="6.96983">
        <ele>1933.75</ele>
      </trkpt>
      <trkpt lat="46.14367" lon="6.96994">
        <ele>1934.28125</ele>
      </trkpt>
      <trkpt lat="46.14373" lon="6.96998">
        <ele>1934.96875</ele>
      </trkpt>
      <trkpt lat="46.14377" lon="6.96992">
        <ele>1936.46875</ele>
      </trkpt>
      <trkpt lat="46.14375" lon="6.96996">
        <ele>1936.6875</ele>
      </trkpt>
      <trkpt lat="46.14377" lon="6.96992">
        <ele>1937.125</ele>
      </trkpt>
      <trkpt lat="46.144" lon="6.97006">
        <ele>1939.46875</ele>
      </trkpt>
      <trkpt lat="46.14424" lon="6.97007">
        <ele>1940.1875</ele>
      </trkpt>
      <trkpt lat="46.1442" lon="6.97013">
        <ele>1940.375</ele>
      </trkpt>
      <trkpt lat="46.14433" lon="6.97013">
        <ele>1940.25</ele>
      </trkpt>
      <trkpt lat="46.14458" lon="6.9703">
        <ele>1939.90625</ele>
      </trkpt>
      <trkpt lat="46.14474" lon="6.97033">
        <ele>1940.15625</ele>
      </trkpt>
      <trkpt lat="46.14488" lon="6.97049">
        <ele>1944.125</ele>
      </trkpt>
      <trkpt lat="46.14514" lon="6.97051">
        <ele>1948.21875</ele>
      </trkpt>
      <trkpt lat="46.14525" lon="6.97062">
        <ele>1951.6875</ele>
      </trkpt>
      <trkpt lat="46.1454" lon="6.9707">
        <ele>1952.53125</ele>
      </trkpt>
      <trkpt lat="46.14562" lon="6.97064">
        <ele>1954.59375</ele>
      </trkpt>
      <trkpt lat="46.14569" lon="6.97068">
        <ele>1956.875</ele>
      </trkpt>
      <trkpt lat="46.14595" lon="6.97064">
        <ele>1954.09375</ele>
      </trkpt>
      <trkpt lat="46.14597" lon="6.9706">
        <ele>1953.78125</ele>
      </trkpt>
      <trkpt lat="46.14615" lon="6.97053">
        <ele>1954.375</ele>
      </trkpt>
      <trkpt lat="46.14627" lon="6.97035">
        <ele>1956.78125</ele>
      </trkpt>
      <trkpt lat="46.1463" lon="6.97004">
        <ele>1959.375</ele>
      </trkpt>
      <trkpt lat="46.14627" lon="6.97007">
        <ele>1959.1875</ele>
      </trkpt>
      <trkpt lat="46.1463" lon="6.96983">
        <ele>1960.6875</ele>
      </trkpt>
      <trkpt lat="46.14628" lon="6.9694">
        <ele>1965.53125</ele>
      </trkpt>
      <trkpt lat="46.14643" lon="6.96901">
        <ele>1967.65625</ele>
      </trkpt>
      <trkpt lat="46.14648" lon="6.96858">
        <ele>1969.59375</ele>
      </trkpt>
      <trkpt lat="46.14639" lon="6.96801">
        <ele>1973.3125</ele>
      </trkpt>
      <trkpt lat="46.14645" lon="6.96766">
        <ele>1973.9375</ele>
      </trkpt>
      <trkpt lat="46.14664" lon="6.96723">
        <ele>1976.46875</ele>
      </trkpt>
      <trkpt lat="46.14674" lon="6.96711">
        <ele>1977.8125</ele>
      </trkpt>
      <trkpt lat="46.14679" lon="6.96685">
        <ele>1980.28125</ele>
      </trkpt>
      <trkpt lat="46.14676" lon="6.96678">
        <ele>1980.46875</ele>
      </trkpt>
      <trkpt lat="46.14672" lon="6.96611">
        <ele>1982.9375</ele>
      </trkpt>
      <trkpt lat="46.14679" lon="6.96569">
        <ele>1985.5625</ele>
      </trkpt>
      <trkpt lat="46.14676" lon="6.96537">
        <ele>1986.59375</ele>
      </trkpt>
      <trkpt lat="46.14679" lon="6.96519">
        <ele>1987.46875</ele>
      </trkpt>
      <trkpt lat="46.14677" lon="6.96486">
        <ele>1987.84375</ele>
      </trkpt>
      <trkpt lat="46.14679" lon="6.96474">
        <ele>1987.25</ele>
      </trkpt>
      <trkpt lat="46.14674" lon="6.96444">
        <ele>1987.75</ele>
      </trkpt>
      <trkpt lat="46.14674" lon="6.96393">
        <ele>1988.625</ele>
      </trkpt>
      <trkpt lat="46.14671" lon="6.96387">
        <ele>1988.90625</ele>
      </trkpt>
      <trkpt lat="46.14675" lon="6.96367">
        <ele>1989.8125</ele>
      </trkpt>
      <trkpt lat="46.14669" lon="6.9633">
        <ele>1992.65625</ele>
      </trkpt>
      <trkpt lat="46.14673" lon="6.96323">
        <ele>1993.625</ele>
      </trkpt>
      <trkpt lat="46.14676" lon="6.96274">
        <ele>1994.40625</ele>
      </trkpt>
      <trkpt lat="46.14668" lon="6.96268">
        <ele>1992.78125</ele>
      </trkpt>
      <trkpt lat="46.14669" lon="6.96221">
        <ele>1990.71875</ele>
      </trkpt>
      <trkpt lat="46.1468" lon="6.96194">
        <ele>1986.8125</ele>
      </trkpt>
      <trkpt lat="46.1468" lon="6.96184">
        <ele>1986.03125</ele>
      </trkpt>
      <trkpt lat="46.14672" lon="6.96178">
        <ele>1984.5</ele>
      </trkpt>
      <trkpt lat="46.14676" lon="6.96161">
        <ele>1981.59375</ele>
      </trkpt>
      <trkpt lat="46.14669" lon="6.96084">
        <ele>1979.46875</ele>
      </trkpt>
      <trkpt lat="46.14665" lon="6.96077">
        <ele>1980.125</ele>
      </trkpt>
      <trkpt lat="46.14664" lon="6.96024">
        <ele>1976.71875</ele>
      </trkpt>
      <trkpt lat="46.14655" lon="6.96004">
        <ele>1976.0625</ele>
      </trkpt>
      <trkpt lat="46.14649" lon="6.95959">
        <ele>1975.09375</ele>
      </trkpt>
      <trkpt lat="46.14655" lon="6.95932">
        <ele>1974.75</ele>
      </trkpt>
      <trkpt lat="46.14654" lon="6.95881">
        <ele>1973.40625</ele>
      </trkpt>
      <trkpt lat="46.14669" lon="6.9586">
        <ele>1970.9375</ele>
      </trkpt>
      <trkpt lat="46.14673" lon="6.95844">
        <ele>1971.125</ele>
      </trkpt>
      <trkpt lat="46.14671" lon="6.95829">
        <ele>1971.21875</ele>
      </trkpt>
      <trkpt lat="46.14633" lon="6.95818">
        <ele>1971.03125</ele>
      </trkpt>
      <trkpt lat="46.14581" lon="6.95775">
        <ele>1968.34375</ele>
      </trkpt>
      <trkpt lat="46.14564" lon="6.95754">
        <ele>1968.46875</ele>
      </trkpt>
      <trkpt lat="46.14557" lon="6.95737">
        <ele>1969.4375</ele>
      </trkpt>
      <trkpt lat="46.14534" lon="6.9572">
        <ele>1970.71875</ele>
      </trkpt>
      <trkpt lat="46.14509" lon="6.95711">
        <ele>1972</ele>
      </trkpt>
      <trkpt lat="46.14499" lon="6.95694">
        <ele>1972.8125</ele>
      </trkpt>
      <trkpt lat="46.14501" lon="6.95684">
        <ele>1972.96875</ele>
      </trkpt>
      <trkpt lat="46.14491" lon="6.95644">
        <ele>1971.96875</ele>
      </trkpt>
      <trkpt lat="46.14488" lon="6.95612">
        <ele>1971.65625</ele>
      </trkpt>
      <trkpt lat="46.14473" lon="6.95575">
        <ele>1971.40625</ele>
      </trkpt>
      <trkpt lat="46.14446" lon="6.95541">
        <ele>1971.71875</ele>
      </trkpt>
      <trkpt lat="46.1444" lon="6.95527">
        <ele>1971.59375</ele>
      </trkpt>
      <trkpt lat="46.14435" lon="6.95487">
        <ele>1971.46875</ele>
      </trkpt>
      <trkpt lat="46.14423" lon="6.95448">
        <ele>1971.0625</ele>
      </trkpt>
      <trkpt lat="46.14417" lon="6.95443">
        <ele>1971.40625</ele>
      </trkpt>
      <trkpt lat="46.14407" lon="6.95413">
        <ele>1971.3125</ele>
      </trkpt>
      <trkpt lat="46.14402" lon="6.95388">
        <ele>1971.96875</ele>
      </trkpt>
      <trkpt lat="46.14391" lon="6.9537">
        <ele>1971.96875</ele>
      </trkpt>
      <trkpt lat="46.14389" lon="6.95356">
        <ele>1971.6875</ele>
      </trkpt>
      <trkpt lat="46.14404" lon="6.95354">
        <ele>1963.09375</ele>
      </trkpt>
      <trkpt lat="46.14413" lon="6.95377">
        <ele>1957.0625</ele>
      </trkpt>
      <trkpt lat="46.14422" lon="6.95383">
        <ele>1956.65625</ele>
      </trkpt>
      <trkpt lat="46.14442" lon="6.95375">
        <ele>1955.0625</ele>
      </trkpt>
      <trkpt lat="46.14463" lon="6.95358">
        <ele>1955.125</ele>
      </trkpt>
      <trkpt lat="46.14487" lon="6.95351">
        <ele>1954.21875</ele>
      </trkpt>
      <trkpt lat="46.14489" lon="6.95354">
        <ele>1954.21875</ele>
      </trkpt>
      <trkpt lat="46.14502" lon="6.95343">
        <ele>1954.28125</ele>
      </trkpt>
      <trkpt lat="46.14518" lon="6.95309">
        <ele>1955.25</ele>
      </trkpt>
      <trkpt lat="46.14512" lon="6.95288">
        <ele>1956.21875</ele>
      </trkpt>
      <trkpt lat="46.14506" lon="6.95282">
        <ele>1956.65625</ele>
      </trkpt>
      <trkpt lat="46.14516" lon="6.9525">
        <ele>1957.21875</ele>
      </trkpt>
      <trkpt lat="46.14514" lon="6.95214">
        <ele>1958.15625</ele>
      </trkpt>
      <trkpt lat="46.14517" lon="6.95206">
        <ele>1958.5625</ele>
      </trkpt>
      <trkpt lat="46.14523" lon="6.95203">
        <ele>1958.875</ele>
      </trkpt>
      <trkpt lat="46.14527" lon="6.95174">
        <ele>1959.5</ele>
      </trkpt>
      <trkpt lat="46.14526" lon="6.95159">
        <ele>1960.375</ele>
      </trkpt>
      <trkpt lat="46.14529" lon="6.95155">
        <ele>1961.4375</ele>
      </trkpt>
      <trkpt lat="46.14534" lon="6.9512">
        <ele>1963.28125</ele>
      </trkpt>
      <trkpt lat="46.14541" lon="6.95107">
        <ele>1965.75</ele>
      </trkpt>
      <trkpt lat="46.14544" lon="6.95093">
        <ele>1967.3125</ele>
      </trkpt>
      <trkpt lat="46.1456" lon="6.95055">
        <ele>1970.4375</ele>
      </trkpt>
      <trkpt lat="46.14568" lon="6.95017">
        <ele>1973.125</ele>
      </trkpt>
      <trkpt lat="46.14576" lon="6.94999">
        <ele>1972.90625</ele>
      </trkpt>
      <trkpt lat="46.14584" lon="6.9499">
        <ele>1972.90625</ele>
      </trkpt>
      <trkpt lat="46.1461" lon="6.94931">
        <ele>1966.5625</ele>
      </trkpt>
      <trkpt lat="46.14608" lon="6.94917">
        <ele>1964.59375</ele>
      </trkpt>
      <trkpt lat="46.14615" lon="6.94878">
        <ele>1960.65625</ele>
      </trkpt>
      <trkpt lat="46.14624" lon="6.94872">
        <ele>1959.96875</ele>
      </trkpt>
      <trkpt lat="46.14631" lon="6.94853">
        <ele>1958.65625</ele>
      </trkpt>
      <trkpt lat="46.14635" lon="6.94821">
        <ele>1956.90625</ele>
      </trkpt>
      <trkpt lat="46.14661" lon="6.94804">
        <ele>1955.84375</ele>
      </trkpt>
      <trkpt lat="46.14674" lon="6.94788">
        <ele>1954.40625</ele>
      </trkpt>
      <trkpt lat="46.14684" lon="6.94769">
        <ele>1953.8125</ele>
      </trkpt>
      <trkpt lat="46.14699" lon="6.9471">
        <ele>1953.125</ele>
      </trkpt>
      <trkpt lat="46.14719" lon="6.94685">
        <ele>1953.9375</ele>
      </trkpt>
      <trkpt lat="46.14729" lon="6.9468">
        <ele>1955.125</ele>
      </trkpt>
      <trkpt lat="46.14752" lon="6.94654">
        <ele>1954.46875</ele>
      </trkpt>
      <trkpt lat="46.14763" lon="6.94619">
        <ele>1952.84375</ele>
      </trkpt>
      <trkpt lat="46.1478" lon="6.94591">
        <ele>1952.9375</ele>
      </trkpt>
      <trkpt lat="46.1478" lon="6.94571">
        <ele>1953.59375</ele>
      </trkpt>
      <trkpt lat="46.14787" lon="6.94554">
        <ele>1953.875</ele>
      </trkpt>
      <trkpt lat="46.14787" lon="6.94543">
        <ele>1954.625</ele>
      </trkpt>
      <trkpt lat="46.14777" lon="6.94519">
        <ele>1957.25</ele>
      </trkpt>
      <trkpt lat="46.1478" lon="6.945">
        <ele>1960.1875</ele>
      </trkpt>
      <trkpt lat="46.14777" lon="6.94495">
        <ele>1960.96875</ele>
      </trkpt>
      <trkpt lat="46.14779" lon="6.94456">
        <ele>1967.84375</ele>
      </trkpt>
      <trkpt lat="46.14776" lon="6.94452">
        <ele>1969</ele>
      </trkpt>
      <trkpt lat="46.14779" lon="6.94422">
        <ele>1972</ele>
      </trkpt>
      <trkpt lat="46.14771" lon="6.94406">
        <ele>1973.625</ele>
      </trkpt>
      <trkpt lat="46.14767" lon="6.94385">
        <ele>1975.4375</ele>
      </trkpt>
      <trkpt lat="46.14756" lon="6.94364">
        <ele>1978.25</ele>
      </trkpt>
      <trkpt lat="46.14754" lon="6.94349">
        <ele>1979.21875</ele>
      </trkpt>
      <trkpt lat="46.14758" lon="6.94334">
        <ele>1980.03125</ele>
      </trkpt>
      <trkpt lat="46.14753" lon="6.94328">
        <ele>1980.65625</ele>
      </trkpt>
      <trkpt lat="46.14754" lon="6.94312">
        <ele>1981.375</ele>
      </trkpt>
      <trkpt lat="46.14739" lon="6.94295">
        <ele>1982.15625</ele>
      </trkpt>
      <trkpt lat="46.14739" lon="6.9426">
        <ele>1985.03125</ele>
      </trkpt>
      <trkpt lat="46.14747" lon="6.94242">
        <ele>1987.5625</ele>
      </trkpt>
      <trkpt lat="46.14746" lon="6.94228">
        <ele>1988.3125</ele>
      </trkpt>
      <trkpt lat="46.14743" lon="6.94224">
        <ele>1988.53125</ele>
      </trkpt>
      <trkpt lat="46.14747" lon="6.94196">
        <ele>1996.6875</ele>
      </trkpt>
      <trkpt lat="46.1476" lon="6.94174">
        <ele>2000.59375</ele>
      </trkpt>
      <trkpt lat="46.14751" lon="6.94154">
        <ele>2003.5625</ele>
      </trkpt>
      <trkpt lat="46.14753" lon="6.94149">
        <ele>2005.8125</ele>
      </trkpt>
      <trkpt lat="46.14751" lon="6.94154">
        <ele>2006.8125</ele>
      </trkpt>
      <trkpt lat="46.14753" lon="6.94134">
        <ele>2015.65625</ele>
      </trkpt>
      <trkpt lat="46.14763" lon="6.94111">
        <ele>2021</ele>
      </trkpt>
      <trkpt lat="46.14761" lon="6.94102">
        <ele>2023</ele>
      </trkpt>
      <trkpt lat="46.14756" lon="6.94107">
        <ele>2023.03125</ele>
      </trkpt>
      <trkpt lat="46.14761" lon="6.94099">
        <ele>2023.65625</ele>
      </trkpt>
      <trkpt lat="46.14768" lon="6.94064">
        <ele>2036</ele>
      </trkpt>
      <trkpt lat="46.14777" lon="6.94052">
        <ele>2038.1875</ele>
      </trkpt>
      <trkpt lat="46.14785" lon="6.94034">
        <ele>2042.125</ele>
      </trkpt>
      <trkpt lat="46.14793" lon="6.94032">
        <ele>2042.375</ele>
      </trkpt>
      <trkpt lat="46.14801" lon="6.93989">
        <ele>2046.75</ele>
      </trkpt>
      <trkpt lat="46.14797" lon="6.93989">
        <ele>2049</ele>
      </trkpt>
      <trkpt lat="46.14805" lon="6.93969">
        <ele>2051.375</ele>
      </trkpt>
      <trkpt lat="46.14804" lon="6.93965">
        <ele>2051.5625</ele>
      </trkpt>
      <trkpt lat="46.14797" lon="6.93965">
        <ele>2052.5</ele>
      </trkpt>
      <trkpt lat="46.14798" lon="6.9396">
        <ele>2052.5625</ele>
      </trkpt>
      <trkpt lat="46.14791" lon="6.9397">
        <ele>2052.9375</ele>
      </trkpt>
      <trkpt lat="46.14787" lon="6.93968">
        <ele>2053.625</ele>
      </trkpt>
      <trkpt lat="46.1478" lon="6.93955">
        <ele>2055.125</ele>
      </trkpt>
      <trkpt lat="46.14781" lon="6.93936">
        <ele>2060.8125</ele>
      </trkpt>
      <trkpt lat="46.14796" lon="6.93925">
        <ele>2072.375</ele>
      </trkpt>
      <trkpt lat="46.14793" lon="6.93919">
        <ele>2072.75</ele>
      </trkpt>
      <trkpt lat="46.14796" lon="6.93908">
        <ele>2074.8125</ele>
      </trkpt>
      <trkpt lat="46.14787" lon="6.93905">
        <ele>2075.375</ele>
      </trkpt>
      <trkpt lat="46.14783" lon="6.93892">
        <ele>2077</ele>
      </trkpt>
      <trkpt lat="46.14785" lon="6.93878">
        <ele>2078.6875</ele>
      </trkpt>
      <trkpt lat="46.14789" lon="6.9387">
        <ele>2080.9375</ele>
      </trkpt>
      <trkpt lat="46.14787" lon="6.93874">
        <ele>2087.8125</ele>
      </trkpt>
      <trkpt lat="46.14794" lon="6.93858">
        <ele>2101.1875</ele>
      </trkpt>
      <trkpt lat="46.148" lon="6.93854">
        <ele>2102.6875</ele>
      </trkpt>
      <trkpt lat="46.14798" lon="6.93841">
        <ele>2104.5</ele>
      </trkpt>
      <trkpt lat="46.14803" lon="6.93832">
        <ele>2107.75</ele>
      </trkpt>
      <trkpt lat="46.14806" lon="6.93798">
        <ele>2114.1875</ele>
      </trkpt>
      <trkpt lat="46.14802" lon="6.93793">
        <ele>2114.5625</ele>
      </trkpt>
      <trkpt lat="46.14803" lon="6.9378">
        <ele>2114.9375</ele>
      </trkpt>
      <trkpt lat="46.14801" lon="6.93777">
        <ele>2115.9375</ele>
      </trkpt>
      <trkpt lat="46.14803" lon="6.93757">
        <ele>2116.625</ele>
      </trkpt>
      <trkpt lat="46.14809" lon="6.93749">
        <ele>2118.1875</ele>
      </trkpt>
      <trkpt lat="46.14806" lon="6.93741">
        <ele>2121.5</ele>
      </trkpt>
      <trkpt lat="46.14812" lon="6.93737">
        <ele>2123.5</ele>
      </trkpt>
      <trkpt lat="46.14812" lon="6.93732">
        <ele>2124.9375</ele>
      </trkpt>
      <trkpt lat="46.14825" lon="6.93734">
        <ele>2127.625</ele>
      </trkpt>
      <trkpt lat="46.14825" lon="6.93739">
        <ele>2127.625</ele>
      </trkpt>
      <trkpt lat="46.14838" lon="6.93725">
        <ele>2129.9375</ele>
      </trkpt>
      <trkpt lat="46.14848" lon="6.9373">
        <ele>2131.0625</ele>
      </trkpt>
      <trkpt lat="46.14857" lon="6.93717">
        <ele>2132</ele>
      </trkpt>
      <trkpt lat="46.14855" lon="6.93711">
        <ele>2131.4375</ele>
      </trkpt>
      <trkpt lat="46.1484" lon="6.93698">
        <ele>2132.1875</ele>
      </trkpt>
      <trkpt lat="46.14841" lon="6.93691">
        <ele>2132.375</ele>
      </trkpt>
      <trkpt lat="46.14835" lon="6.93683">
        <ele>2133.0625</ele>
      </trkpt>
      <trkpt lat="46.14827" lon="6.93685">
        <ele>2136.9375</ele>
      </trkpt>
      <trkpt lat="46.14826" lon="6.93664">
        <ele>2142.75</ele>
      </trkpt>
      <trkpt lat="46.14831" lon="6.93659">
        <ele>2149.9375</ele>
      </trkpt>
      <trkpt lat="46.14843" lon="6.93663">
        <ele>2154.75</ele>
      </trkpt>
      <trkpt lat="46.14843" lon="6.93666">
        <ele>2156.875</ele>
      </trkpt>
      <trkpt lat="46.14846" lon="6.93666">
        <ele>2156.8125</ele>
      </trkpt>
      <trkpt lat="46.14848" lon="6.93675">
        <ele>2160.875</ele>
      </trkpt>
      <trkpt lat="46.14848" lon="6.9366">
        <ele>2162.0625</ele>
      </trkpt>
      <trkpt lat="46.14843" lon="6.93651">
        <ele>2163.875</ele>
      </trkpt>
      <trkpt lat="46.14848" lon="6.93639">
        <ele>2165.8125</ele>
      </trkpt>
      <trkpt lat="46.14851" lon="6.93597">
        <ele>2168.5625</ele>
      </trkpt>
      <trkpt lat="46.14859" lon="6.93573">
        <ele>2171.1875</ele>
      </trkpt>
      <trkpt lat="46.14865" lon="6.93569">
        <ele>2172.625</ele>
      </trkpt>
      <trkpt lat="46.14869" lon="6.93537">
        <ele>2174.6875</ele>
      </trkpt>
      <trkpt lat="46.14867" lon="6.9352">
        <ele>2176.5625</ele>
      </trkpt>
      <trkpt lat="46.14872" lon="6.9351">
        <ele>2178.25</ele>
      </trkpt>
      <trkpt lat="46.14873" lon="6.93485">
        <ele>2184.1875</ele>
      </trkpt>
      <trkpt lat="46.14879" lon="6.93474">
        <ele>2185.5625</ele>
      </trkpt>
      <trkpt lat="46.14884" lon="6.93448">
        <ele>2188.875</ele>
      </trkpt>
      <trkpt lat="46.14898" lon="6.93433">
        <ele>2191.75</ele>
      </trkpt>
      <trkpt lat="46.14898" lon="6.93428">
        <ele>2192.5625</ele>
      </trkpt>
      <trkpt lat="46.14904" lon="6.93426">
        <ele>2194.4375</ele>
      </trkpt>
      <trkpt lat="46.14908" lon="6.93418">
        <ele>2195.75</ele>
      </trkpt>
      <trkpt lat="46.149" lon="6.93406">
        <ele>2198.5625</ele>
      </trkpt>
      <trkpt lat="46.14856" lon="6.9338">
        <ele>2209</ele>
      </trkpt>
      <trkpt lat="46.14845" lon="6.9338">
        <ele>2211.375</ele>
      </trkpt>
      <trkpt lat="46.14842" lon="6.93375">
        <ele>2211.875</ele>
      </trkpt>
      <trkpt lat="46.14842" lon="6.93349">
        <ele>2214.8125</ele>
      </trkpt>
      <trkpt lat="46.14839" lon="6.93347">
        <ele>2215.625</ele>
      </trkpt>
      <trkpt lat="46.14838" lon="6.93313">
        <ele>2219.75</ele>
      </trkpt>
      <trkpt lat="46.14826" lon="6.93305">
        <ele>2222.75</ele>
      </trkpt>
      <trkpt lat="46.14823" lon="6.93295">
        <ele>2223.8125</ele>
      </trkpt>
      <trkpt lat="46.14814" lon="6.93288">
        <ele>2224.8125</ele>
      </trkpt>
      <trkpt lat="46.14804" lon="6.93268">
        <ele>2226.75</ele>
      </trkpt>
      <trkpt lat="46.14804" lon="6.93251">
        <ele>2228.4375</ele>
      </trkpt>
      <trkpt lat="46.14807" lon="6.93246">
        <ele>2229.1875</ele>
      </trkpt>
      <trkpt lat="46.14791" lon="6.93216">
        <ele>2233.5</ele>
      </trkpt>
      <trkpt lat="46.14792" lon="6.93207">
        <ele>2234.3125</ele>
      </trkpt>
      <trkpt lat="46.14785" lon="6.93202">
        <ele>2234.4375</ele>
      </trkpt>
      <trkpt lat="46.14784" lon="6.93195">
        <ele>2235.3125</ele>
      </trkpt>
      <trkpt lat="46.14778" lon="6.9319">
        <ele>2236.75</ele>
      </trkpt>
      <trkpt lat="46.1478" lon="6.93185">
        <ele>2237.4375</ele>
      </trkpt>
      <trkpt lat="46.14777" lon="6.93176">
        <ele>2238.5</ele>
      </trkpt>
      <trkpt lat="46.1478" lon="6.93176">
        <ele>2239.625</ele>
      </trkpt>
      <trkpt lat="46.14777" lon="6.93174">
        <ele>2239.3125</ele>
      </trkpt>
      <trkpt lat="46.14779" lon="6.9317">
        <ele>2239.625</ele>
      </trkpt>
      <trkpt lat="46.14776" lon="6.93172">
        <ele>2240.0625</ele>
      </trkpt>
      <trkpt lat="46.14782" lon="6.93172">
        <ele>2241.1875</ele>
      </trkpt>
      <trkpt lat="46.14788" lon="6.93155">
        <ele>2243.6875</ele>
      </trkpt>
      <trkpt lat="46.1479" lon="6.93128">
        <ele>2246.125</ele>
      </trkpt>
      <trkpt lat="46.14782" lon="6.93107">
        <ele>2247.6875</ele>
      </trkpt>
      <trkpt lat="46.14779" lon="6.93084">
        <ele>2247.875</ele>
      </trkpt>
      <trkpt lat="46.14771" lon="6.93074">
        <ele>2248.25</ele>
      </trkpt>
      <trkpt lat="46.14774" lon="6.93063">
        <ele>2249.0625</ele>
      </trkpt>
      <trkpt lat="46.14767" lon="6.93043">
        <ele>2251.125</ele>
      </trkpt>
      <trkpt lat="46.1477" lon="6.93019">
        <ele>2254.75</ele>
      </trkpt>
      <trkpt lat="46.14766" lon="6.93016">
        <ele>2255.1875</ele>
      </trkpt>
      <trkpt lat="46.1477" lon="6.92983">
        <ele>2261.6875</ele>
      </trkpt>
      <trkpt lat="46.14767" lon="6.92977">
        <ele>2262.25</ele>
      </trkpt>
      <trkpt lat="46.14768" lon="6.92964">
        <ele>2263.5625</ele>
      </trkpt>
      <trkpt lat="46.14759" lon="6.92931">
        <ele>2266.3125</ele>
      </trkpt>
      <trkpt lat="46.14766" lon="6.92909">
        <ele>2269.5625</ele>
      </trkpt>
      <trkpt lat="46.1476" lon="6.92901">
        <ele>2270.375</ele>
      </trkpt>
      <trkpt lat="46.14765" lon="6.92884">
        <ele>2271.625</ele>
      </trkpt>
      <trkpt lat="46.14759" lon="6.92879">
        <ele>2271.4375</ele>
      </trkpt>
      <trkpt lat="46.14766" lon="6.92856">
        <ele>2276.3125</ele>
      </trkpt>
      <trkpt lat="46.14771" lon="6.92852">
        <ele>2278.375</ele>
      </trkpt>
      <trkpt lat="46.1477" lon="6.92823">
        <ele>2284.9375</ele>
      </trkpt>
      <trkpt lat="46.1478" lon="6.92813">
        <ele>2283.5625</ele>
      </trkpt>
      <trkpt lat="46.14781" lon="6.92802">
        <ele>2283.125</ele>
      </trkpt>
      <trkpt lat="46.14788" lon="6.92791">
        <ele>2284.9375</ele>
      </trkpt>
      <trkpt lat="46.14795" lon="6.92793">
        <ele>2284.375</ele>
      </trkpt>
      <trkpt lat="46.14799" lon="6.9279">
        <ele>2285.625</ele>
      </trkpt>
      <trkpt lat="46.14793" lon="6.92781">
        <ele>2285.625</ele>
      </trkpt>
      <trkpt lat="46.14801" lon="6.92771">
        <ele>2287.3125</ele>
      </trkpt>
      <trkpt lat="46.14795" lon="6.92763">
        <ele>2288.3125</ele>
      </trkpt>
      <trkpt lat="46.14797" lon="6.92764">
        <ele>2288.9375</ele>
      </trkpt>
      <trkpt lat="46.14796" lon="6.92757">
        <ele>2289.5</ele>
      </trkpt>
      <trkpt lat="46.14808" lon="6.92756">
        <ele>2290.3125</ele>
      </trkpt>
      <trkpt lat="46.14814" lon="6.9272">
        <ele>2292.875</ele>
      </trkpt>
      <trkpt lat="46.14825" lon="6.92708">
        <ele>2293.5</ele>
      </trkpt>
      <trkpt lat="46.14825" lon="6.92692">
        <ele>2294.25</ele>
      </trkpt>
      <trkpt lat="46.14828" lon="6.92691">
        <ele>2294.3125</ele>
      </trkpt>
      <trkpt lat="46.14827" lon="6.92676">
        <ele>2294.875</ele>
      </trkpt>
      <trkpt lat="46.14834" lon="6.92659">
        <ele>2295.25</ele>
      </trkpt>
      <trkpt lat="46.1483" lon="6.92654">
        <ele>2295.625</ele>
      </trkpt>
      <trkpt lat="46.14834" lon="6.92651">
        <ele>2296.0625</ele>
      </trkpt>
      <trkpt lat="46.14827" lon="6.92644">
        <ele>2297.25</ele>
      </trkpt>
      <trkpt lat="46.14843" lon="6.92644">
        <ele>2297.5625</ele>
      </trkpt>
      <trkpt lat="46.14849" lon="6.92625">
        <ele>2298.875</ele>
      </trkpt>
      <trkpt lat="46.14845" lon="6.92618">
        <ele>2299.75</ele>
      </trkpt>
      <trkpt lat="46.14851" lon="6.92617">
        <ele>2298.6875</ele>
      </trkpt>
      <trkpt lat="46.14846" lon="6.92602">
        <ele>2301.75</ele>
      </trkpt>
      <trkpt lat="46.14841" lon="6.92596">
        <ele>2303.9375</ele>
      </trkpt>
      <trkpt lat="46.14843" lon="6.92595">
        <ele>2304.6875</ele>
      </trkpt>
      <trkpt lat="46.14833" lon="6.92586">
        <ele>2305.875</ele>
      </trkpt>
      <trkpt lat="46.14833" lon="6.92579">
        <ele>2307.0625</ele>
      </trkpt>
      <trkpt lat="46.14843" lon="6.92575">
        <ele>2306.75</ele>
      </trkpt>
      <trkpt lat="46.14841" lon="6.92578">
        <ele>2306.75</ele>
      </trkpt>
      <trkpt lat="46.14853" lon="6.92578">
        <ele>2310.375</ele>
      </trkpt>
      <trkpt lat="46.14859" lon="6.92571">
        <ele>2311.5625</ele>
      </trkpt>
      <trkpt lat="46.14856" lon="6.92554">
        <ele>2312.75</ele>
      </trkpt>
      <trkpt lat="46.14864" lon="6.92545">
        <ele>2313.8125</ele>
      </trkpt>
      <trkpt lat="46.14867" lon="6.92533">
        <ele>2314.9375</ele>
      </trkpt>
      <trkpt lat="46.14873" lon="6.9253">
        <ele>2315.0625</ele>
      </trkpt>
      <trkpt lat="46.14877" lon="6.92521">
        <ele>2316.25</ele>
      </trkpt>
      <trkpt lat="46.14869" lon="6.92481">
        <ele>2320.4375</ele>
      </trkpt>
      <trkpt lat="46.1487" lon="6.92468">
        <ele>2321.5</ele>
      </trkpt>
      <trkpt lat="46.14865" lon="6.92465">
        <ele>2321.75</ele>
      </trkpt>
      <trkpt lat="46.14886" lon="6.92458">
        <ele>2322.0625</ele>
      </trkpt>
      <trkpt lat="46.14882" lon="6.92458">
        <ele>2321.9375</ele>
      </trkpt>
      <trkpt lat="46.14886" lon="6.92457">
        <ele>2324.375</ele>
      </trkpt>
      <trkpt lat="46.14883" lon="6.92453">
        <ele>2324.75</ele>
      </trkpt>
      <trkpt lat="46.14888" lon="6.92444">
        <ele>2325.375</ele>
      </trkpt>
      <trkpt lat="46.14878" lon="6.92437">
        <ele>2326.4375</ele>
      </trkpt>
      <trkpt lat="46.14891" lon="6.92425">
        <ele>2330.5</ele>
      </trkpt>
      <trkpt lat="46.14882" lon="6.92426">
        <ele>2331.1875</ele>
      </trkpt>
      <trkpt lat="46.14891" lon="6.92423">
        <ele>2332.125</ele>
      </trkpt>
      <trkpt lat="46.14888" lon="6.92422">
        <ele>2332.75</ele>
      </trkpt>
      <trkpt lat="46.14885" lon="6.92409">
        <ele>2333.8125</ele>
      </trkpt>
      <trkpt lat="46.14894" lon="6.92404">
        <ele>2335.3125</ele>
      </trkpt>
      <trkpt lat="46.14902" lon="6.92408">
        <ele>2336.125</ele>
      </trkpt>
      <trkpt lat="46.14894" lon="6.92403">
        <ele>2336.3125</ele>
      </trkpt>
      <trkpt lat="46.14893" lon="6.9241">
        <ele>2337.3125</ele>
      </trkpt>
      <trkpt lat="46.14881" lon="6.9242">
        <ele>2338.9375</ele>
      </trkpt>
      <trkpt lat="46.14887" lon="6.9241">
        <ele>2340</ele>
      </trkpt>
      <trkpt lat="46.14871" lon="6.92408">
        <ele>2341.9375</ele>
      </trkpt>
      <trkpt lat="46.14872" lon="6.92404">
        <ele>2342.3125</ele>
      </trkpt>
      <trkpt lat="46.14864" lon="6.92402">
        <ele>2342.75</ele>
      </trkpt>
      <trkpt lat="46.14855" lon="6.92389">
        <ele>2343.5625</ele>
      </trkpt>
      <trkpt lat="46.14863" lon="6.92388">
        <ele>2345.1875</ele>
      </trkpt>
      <trkpt lat="46.14847" lon="6.92372">
        <ele>2347</ele>
      </trkpt>
      <trkpt lat="46.14862" lon="6.92365">
        <ele>2346.375</ele>
      </trkpt>
      <trkpt lat="46.14861" lon="6.92376">
        <ele>2348.625</ele>
      </trkpt>
      <trkpt lat="46.14863" lon="6.92378">
        <ele>2349.875</ele>
      </trkpt>
      <trkpt lat="46.14852" lon="6.92372">
        <ele>2353.8125</ele>
      </trkpt>
      <trkpt lat="46.14845" lon="6.92383">
        <ele>2355</ele>
      </trkpt>
      <trkpt lat="46.14844" lon="6.92371">
        <ele>2354.75</ele>
      </trkpt>
      <trkpt lat="46.14858" lon="6.92359">
        <ele>2355.875</ele>
      </trkpt>
      <trkpt lat="46.14855" lon="6.9236">
        <ele>2357.75</ele>
      </trkpt>
      <trkpt lat="46.14861" lon="6.92355">
        <ele>2359.5</ele>
      </trkpt>
      <trkpt lat="46.14846" lon="6.92358">
        <ele>2361.75</ele>
      </trkpt>
      <trkpt lat="46.14842" lon="6.92349">
        <ele>2362.125</ele>
      </trkpt>
      <trkpt lat="46.14845" lon="6.92345">
        <ele>2363.125</ele>
      </trkpt>
      <trkpt lat="46.14832" lon="6.9235">
        <ele>2366.9375</ele>
      </trkpt>
      <trkpt lat="46.14825" lon="6.92348">
        <ele>2367.9375</ele>
      </trkpt>
      <trkpt lat="46.14825" lon="6.92344">
        <ele>2368.3125</ele>
      </trkpt>
      <trkpt lat="46.14824" lon="6.92347">
        <ele>2369.5</ele>
      </trkpt>
      <trkpt lat="46.14814" lon="6.92341">
        <ele>2370.5625</ele>
      </trkpt>
      <trkpt lat="46.14816" lon="6.92344">
        <ele>2375.3125</ele>
      </trkpt>
      <trkpt lat="46.14811" lon="6.92373">
        <ele>2381.5</ele>
      </trkpt>
      <trkpt lat="46.14799" lon="6.92367">
        <ele>2381.4375</ele>
      </trkpt>
      <trkpt lat="46.14772" lon="6.92365">
        <ele>2379.0625</ele>
      </trkpt>
      <trkpt lat="46.14794" lon="6.92355">
        <ele>2379.625</ele>
      </trkpt>
      <trkpt lat="46.148" lon="6.92357">
        <ele>2381.125</ele>
      </trkpt>
      <trkpt lat="46.14779" lon="6.92345">
        <ele>2389.6875</ele>
      </trkpt>
      <trkpt lat="46.14779" lon="6.9234">
        <ele>2392.1875</ele>
      </trkpt>
      <trkpt lat="46.14789" lon="6.92343">
        <ele>2395.625</ele>
      </trkpt>
      <trkpt lat="46.148" lon="6.92325">
        <ele>2397.0625</ele>
      </trkpt>
      <trkpt lat="46.14792" lon="6.92318">
        <ele>2397.4375</ele>
      </trkpt>
      <trkpt lat="46.14793" lon="6.92315">
        <ele>2397.75</ele>
      </trkpt>
      <trkpt lat="46.14777" lon="6.92295">
        <ele>2399.8125</ele>
      </trkpt>
      <trkpt lat="46.14797" lon="6.92278">
        <ele>2401.75</ele>
      </trkpt>
      <trkpt lat="46.14782" lon="6.92268">
        <ele>2403.25</ele>
      </trkpt>
      <trkpt lat="46.14783" lon="6.92259">
        <ele>2404.5625</ele>
      </trkpt>
      <trkpt lat="46.14775" lon="6.92255">
        <ele>2405</ele>
      </trkpt>
      <trkpt lat="46.14784" lon="6.92256">
        <ele>2405.4375</ele>
      </trkpt>
      <trkpt lat="46.14783" lon="6.92245">
        <ele>2408.625</ele>
      </trkpt>
      <trkpt lat="46.148" lon="6.92247">
        <ele>2410.625</ele>
      </trkpt>
      <trkpt lat="46.14798" lon="6.92238">
        <ele>2412.75</ele>
      </trkpt>
      <trkpt lat="46.14794" lon="6.92237">
        <ele>2414.1875</ele>
      </trkpt>
      <trkpt lat="46.14808" lon="6.92233">
        <ele>2416.3125</ele>
      </trkpt>
      <trkpt lat="46.14803" lon="6.92234">
        <ele>2421</ele>
      </trkpt>
      <trkpt lat="46.14796" lon="6.92222">
        <ele>2423.8125</ele>
      </trkpt>
      <trkpt lat="46.14782" lon="6.92215">
        <ele>2425.4375</ele>
      </trkpt>
      <trkpt lat="46.14808" lon="6.92209">
        <ele>2428.875</ele>
      </trkpt>
      <trkpt lat="46.14805" lon="6.92203">
        <ele>2430.3125</ele>
      </trkpt>
      <trkpt lat="46.14814" lon="6.922">
        <ele>2431.5625</ele>
      </trkpt>
      <trkpt lat="46.1481" lon="6.922">
        <ele>2431.9375</ele>
      </trkpt>
      <trkpt lat="46.14814" lon="6.92189">
        <ele>2432.875</ele>
      </trkpt>
      <trkpt lat="46.14804" lon="6.92189">
        <ele>2436.875</ele>
      </trkpt>
      <trkpt lat="46.14791" lon="6.92182">
        <ele>2439.5</ele>
      </trkpt>
      <trkpt lat="46.14788" lon="6.92177">
        <ele>2442.375</ele>
      </trkpt>
      <trkpt lat="46.14814" lon="6.92166">
        <ele>2448.125</ele>
      </trkpt>
      <trkpt lat="46.1481" lon="6.92156">
        <ele>2449.5</ele>
      </trkpt>
      <trkpt lat="46.14816" lon="6.92151">
        <ele>2451.25</ele>
      </trkpt>
      <trkpt lat="46.14827" lon="6.92162">
        <ele>2454.0625</ele>
      </trkpt>
      <trkpt lat="46.14829" lon="6.92154">
        <ele>2454.75</ele>
      </trkpt>
      <trkpt lat="46.14826" lon="6.92146">
        <ele>2455.5</ele>
      </trkpt>
      <trkpt lat="46.14821" lon="6.92144">
        <ele>2455.5</ele>
      </trkpt>
      <trkpt lat="46.14828" lon="6.92141">
        <ele>2456.3125</ele>
      </trkpt>
      <trkpt lat="46.14851" lon="6.92148">
        <ele>2465.5625</ele>
      </trkpt>
      <trkpt lat="46.1485" lon="6.92144">
        <ele>2466.125</ele>
      </trkpt>
      <trkpt lat="46.14856" lon="6.92132">
        <ele>2466.5</ele>
      </trkpt>
      <trkpt lat="46.14864" lon="6.92138">
        <ele>2472</ele>
      </trkpt>
      <trkpt lat="46.14894" lon="6.92106">
        <ele>2486.8125</ele>
      </trkpt>
      <trkpt lat="46.14896" lon="6.92098">
        <ele>2489.5625</ele>
      </trkpt>
      <trkpt lat="46.14899" lon="6.92098">
        <ele>2489.8125</ele>
      </trkpt>
      <trkpt lat="46.14898" lon="6.92091">
        <ele>2491.3125</ele>
      </trkpt>
      <trkpt lat="46.14908" lon="6.92093">
        <ele>2494.5</ele>
      </trkpt>
      <trkpt lat="46.14902" lon="6.92081">
        <ele>2498.1875</ele>
      </trkpt>
      <trkpt lat="46.14909" lon="6.92086">
        <ele>2499.625</ele>
      </trkpt>
      <trkpt lat="46.14902" lon="6.92064">
        <ele>2503.25</ele>
      </trkpt>
      <trkpt lat="46.14907" lon="6.92061">
        <ele>2507.6875</ele>
      </trkpt>
      <trkpt lat="46.14886" lon="6.92044">
        <ele>2515.6875</ele>
      </trkpt>
      <trkpt lat="46.14882" lon="6.92053">
        <ele>2512.8125</ele>
      </trkpt>
      <trkpt lat="46.14882" lon="6.92049">
        <ele>2514.9375</ele>
      </trkpt>
      <trkpt lat="46.14882" lon="6.92055">
        <ele>2513.5625</ele>
      </trkpt>
      <trkpt lat="46.14889" lon="6.92052">
        <ele>2514.75</ele>
      </trkpt>
      <trkpt lat="46.14955" lon="6.92099">
        <ele>2536.8125</ele>
      </trkpt>
      <trkpt lat="46.14966" lon="6.92093">
        <ele>2537</ele>
      </trkpt>
      <trkpt lat="46.14981" lon="6.92095">
        <ele>2539.6875</ele>
      </trkpt>
      <trkpt lat="46.1498" lon="6.92091">
        <ele>2539.0625</ele>
      </trkpt>
      <trkpt lat="46.14991" lon="6.9209">
        <ele>2545.6875</ele>
      </trkpt>
      <trkpt lat="46.14995" lon="6.92085">
        <ele>2546.9375</ele>
      </trkpt>
      <trkpt lat="46.15042" lon="6.92132">
        <ele>2554.25</ele>
      </trkpt>
      <trkpt lat="46.15046" lon="6.9215">
        <ele>2555.5</ele>
      </trkpt>
      <trkpt lat="46.15058" lon="6.9216">
        <ele>2557.5625</ele>
      </trkpt>
      <trkpt lat="46.15072" lon="6.92185">
        <ele>2555.4375</ele>
      </trkpt>
      <trkpt lat="46.15077" lon="6.92182">
        <ele>2556</ele>
      </trkpt>
      <trkpt lat="46.15084" lon="6.92192">
        <ele>2554.8125</ele>
      </trkpt>
      <trkpt lat="46.15094" lon="6.92219">
        <ele>2554.3125</ele>
      </trkpt>
      <trkpt lat="46.15102" lon="6.92233">
        <ele>2557</ele>
      </trkpt>
      <trkpt lat="46.15115" lon="6.9224">
        <ele>2563.5</ele>
      </trkpt>
      <trkpt lat="46.15123" lon="6.92235">
        <ele>2575.3125</ele>
      </trkpt>
      <trkpt lat="46.15141" lon="6.92249">
        <ele>2580.9375</ele>
      </trkpt>
      <trkpt lat="46.15145" lon="6.92249">
        <ele>2582.9375</ele>
      </trkpt>
      <trkpt lat="46.1515" lon="6.92256">
        <ele>2584.9375</ele>
      </trkpt>
      <trkpt lat="46.15154" lon="6.92256">
        <ele>2586.625</ele>
      </trkpt>
      <trkpt lat="46.15163" lon="6.92284">
        <ele>2587.9375</ele>
      </trkpt>
      <trkpt lat="46.15171" lon="6.92295">
        <ele>2591.0625</ele>
      </trkpt>
      <trkpt lat="46.1517" lon="6.92307">
        <ele>2593</ele>
      </trkpt>
      <trkpt lat="46.15176" lon="6.92317">
        <ele>2593.8125</ele>
      </trkpt>
      <trkpt lat="46.15186" lon="6.92313">
        <ele>2599.9375</ele>
      </trkpt>
      <trkpt lat="46.15203" lon="6.92331">
        <ele>2604.875</ele>
      </trkpt>
      <trkpt lat="46.15215" lon="6.92337">
        <ele>2608.875</ele>
      </trkpt>
      <trkpt lat="46.15217" lon="6.92335">
        <ele>2609.8125</ele>
      </trkpt>
      <trkpt lat="46.15224" lon="6.92345">
        <ele>2612.375</ele>
      </trkpt>
      <trkpt lat="46.15231" lon="6.92342">
        <ele>2618.0625</ele>
      </trkpt>
      <trkpt lat="46.15237" lon="6.92345">
        <ele>2620.625</ele>
      </trkpt>
      <trkpt lat="46.15239" lon="6.92366">
        <ele>2624</ele>
      </trkpt>
      <trkpt lat="46.15247" lon="6.92384">
        <ele>2629.0625</ele>
      </trkpt>
      <trkpt lat="46.15249" lon="6.92379">
        <ele>2631.1875</ele>
      </trkpt>
      <trkpt lat="46.15259" lon="6.92392">
        <ele>2637.4375</ele>
      </trkpt>
      <trkpt lat="46.15261" lon="6.92407">
        <ele>2641.625</ele>
      </trkpt>
      <trkpt lat="46.15264" lon="6.92404">
        <ele>2643.375</ele>
      </trkpt>
      <trkpt lat="46.15277" lon="6.92427">
        <ele>2650.625</ele>
      </trkpt>
      <trkpt lat="46.15276" lon="6.92435">
        <ele>2651.375</ele>
      </trkpt>
      <trkpt lat="46.15286" lon="6.9246">
        <ele>2654.3125</ele>
      </trkpt>
      <trkpt lat="46.15294" lon="6.92456">
        <ele>2659.0625</ele>
      </trkpt>
      <trkpt lat="46.15304" lon="6.9247">
        <ele>2662.5</ele>
      </trkpt>
      <trkpt lat="46.15302" lon="6.92487">
        <ele>2664.75</ele>
      </trkpt>
      <trkpt lat="46.15309" lon="6.92484">
        <ele>2665</ele>
      </trkpt>
      <trkpt lat="46.15327" lon="6.92517">
        <ele>2671.9375</ele>
      </trkpt>
      <trkpt lat="46.15335" lon="6.92521">
        <ele>2673.5</ele>
      </trkpt>
      <trkpt lat="46.15338" lon="6.92531">
        <ele>2677.25</ele>
      </trkpt>
      <trkpt lat="46.15344" lon="6.92531">
        <ele>2680.875</ele>
      </trkpt>
      <trkpt lat="46.15345" lon="6.92537">
        <ele>2683.5625</ele>
      </trkpt>
      <trkpt lat="46.15349" lon="6.92532">
        <ele>2689.8125</ele>
      </trkpt>
      <trkpt lat="46.15361" lon="6.92544">
        <ele>2696.5625</ele>
      </trkpt>
      <trkpt lat="46.15363" lon="6.92537">
        <ele>2698.375</ele>
      </trkpt>
      <trkpt lat="46.15376" lon="6.92551">
        <ele>2704.875</ele>
      </trkpt>
      <trkpt lat="46.15385" lon="6.92554">
        <ele>2708.375</ele>
      </trkpt>
      <trkpt lat="46.15388" lon="6.92549">
        <ele>2710.8125</ele>
      </trkpt>
      <trkpt lat="46.15392" lon="6.92552">
        <ele>2711.8125</ele>
      </trkpt>
      <trkpt lat="46.15393" lon="6.92548">
        <ele>2713.25</ele>
      </trkpt>
      <trkpt lat="46.15397" lon="6.92549">
        <ele>2717.25</ele>
      </trkpt>
      <trkpt lat="46.154" lon="6.92542">
        <ele>2719.5625</ele>
      </trkpt>
      <trkpt lat="46.15402" lon="6.92545">
        <ele>2721.3125</ele>
      </trkpt>
      <trkpt lat="46.15403" lon="6.9254">
        <ele>2724.0625</ele>
      </trkpt>
      <trkpt lat="46.15405" lon="6.92543">
        <ele>2725.75</ele>
      </trkpt>
      <trkpt lat="46.15408" lon="6.92524">
        <ele>2727.875</ele>
      </trkpt>
      <trkpt lat="46.15403" lon="6.92517">
        <ele>2729.8125</ele>
      </trkpt>
      <trkpt lat="46.15405" lon="6.92509">
        <ele>2731</ele>
      </trkpt>
      <trkpt lat="46.15412" lon="6.9251">
        <ele>2734.1875</ele>
      </trkpt>
      <trkpt lat="46.15398" lon="6.92489">
        <ele>2748.6875</ele>
      </trkpt>
      <trkpt lat="46.15401" lon="6.9247">
        <ele>2754.375</ele>
      </trkpt>
      <trkpt lat="46.154" lon="6.92475">
        <ele>2752.5625</ele>
      </trkpt>
      <trkpt lat="46.15405" lon="6.92442">
        <ele>2759.5625</ele>
      </trkpt>
      <trkpt lat="46.15411" lon="6.92451">
        <ele>2761.4375</ele>
      </trkpt>
      <trkpt lat="46.15417" lon="6.92435">
        <ele>2766.1875</ele>
      </trkpt>
      <trkpt lat="46.15415" lon="6.92429">
        <ele>2766.25</ele>
      </trkpt>
      <trkpt lat="46.15422" lon="6.9244">
        <ele>2767.3125</ele>
      </trkpt>
      <trkpt lat="46.15427" lon="6.92425">
        <ele>2769.8125</ele>
      </trkpt>
      <trkpt lat="46.15414" lon="6.92399">
        <ele>2774.375</ele>
      </trkpt>
      <trkpt lat="46.15417" lon="6.92365">
        <ele>2782.9375</ele>
      </trkpt>
      <trkpt lat="46.15407" lon="6.92354">
        <ele>2784.5625</ele>
      </trkpt>
      <trkpt lat="46.15405" lon="6.92357">
        <ele>2785.25</ele>
      </trkpt>
      <trkpt lat="46.15412" lon="6.92345">
        <ele>2788.625</ele>
      </trkpt>
      <trkpt lat="46.15411" lon="6.92316">
        <ele>2803.375</ele>
      </trkpt>
      <trkpt lat="46.15414" lon="6.92316">
        <ele>2804.125</ele>
      </trkpt>
      <trkpt lat="46.15412" lon="6.92307">
        <ele>2806.3125</ele>
      </trkpt>
      <trkpt lat="46.15419" lon="6.923">
        <ele>2811.375</ele>
      </trkpt>
      <trkpt lat="46.15422" lon="6.92302">
        <ele>2813.375</ele>
      </trkpt>
      <trkpt lat="46.15419" lon="6.92299">
        <ele>2814.4375</ele>
      </trkpt>
      <trkpt lat="46.15423" lon="6.92295">
        <ele>2815.8125</ele>
      </trkpt>
      <trkpt lat="46.15424" lon="6.92299">
        <ele>2816.875</ele>
      </trkpt>
      <trkpt lat="46.15424" lon="6.92291">
        <ele>2819.625</ele>
      </trkpt>
      <trkpt lat="46.15437" lon="6.92283">
        <ele>2822.375</ele>
      </trkpt>
      <trkpt lat="46.15443" lon="6.92288">
        <ele>2822.375</ele>
      </trkpt>
      <trkpt lat="46.15443" lon="6.92293">
        <ele>2823.9375</ele>
      </trkpt>
      <trkpt lat="46.1545" lon="6.92293">
        <ele>2827</ele>
      </trkpt>
      <trkpt lat="46.15448" lon="6.92298">
        <ele>2829.5625</ele>
      </trkpt>
      <trkpt lat="46.15462" lon="6.92305">
        <ele>2836.4375</ele>
      </trkpt>
      <trkpt lat="46.15462" lon="6.9231">
        <ele>2838</ele>
      </trkpt>
      <trkpt lat="46.15464" lon="6.923">
        <ele>2842.1875</ele>
      </trkpt>
      <trkpt lat="46.15471" lon="6.92306">
        <ele>2844.875</ele>
      </trkpt>
      <trkpt lat="46.15475" lon="6.92297">
        <ele>2848.3125</ele>
      </trkpt>
      <trkpt lat="46.15481" lon="6.92302">
        <ele>2849.3125</ele>
      </trkpt>
      <trkpt lat="46.15486" lon="6.9229">
        <ele>2856.0625</ele>
      </trkpt>
      <trkpt lat="46.15501" lon="6.92294">
        <ele>2859.625</ele>
      </trkpt>
      <trkpt lat="46.15501" lon="6.92289">
        <ele>2860.875</ele>
      </trkpt>
      <trkpt lat="46.15509" lon="6.92291">
        <ele>2863.125</ele>
      </trkpt>
      <trkpt lat="46.15506" lon="6.92285">
        <ele>2866.5625</ele>
      </trkpt>
      <trkpt lat="46.15516" lon="6.92288">
        <ele>2869.6875</ele>
      </trkpt>
      <trkpt lat="46.15527" lon="6.92279">
        <ele>2876.5</ele>
      </trkpt>
      <trkpt lat="46.1553" lon="6.92297">
        <ele>2880.125</ele>
      </trkpt>
      <trkpt lat="46.15539" lon="6.92318">
        <ele>2887.0625</ele>
      </trkpt>
      <trkpt lat="46.15541" lon="6.92315">
        <ele>2890.6875</ele>
      </trkpt>
      <trkpt lat="46.15538" lon="6.92318">
        <ele>2891.125</ele>
      </trkpt>
      <trkpt lat="46.15543" lon="6.92306">
        <ele>2892.1875</ele>
      </trkpt>
      <trkpt lat="46.15567" lon="6.92298">
        <ele>2899.625</ele>
      </trkpt>
      <trkpt lat="46.15566" lon="6.92305">
        <ele>2901.25</ele>
      </trkpt>
      <trkpt lat="46.1557" lon="6.92315">
        <ele>2904.5</ele>
      </trkpt>
      <trkpt lat="46.15572" lon="6.92307">
        <ele>2909.3125</ele>
      </trkpt>
      <trkpt lat="46.15575" lon="6.92311">
        <ele>2909.875</ele>
      </trkpt>
      <trkpt lat="46.15583" lon="6.92303">
        <ele>2915.4375</ele>
      </trkpt>
      <trkpt lat="46.1558" lon="6.92301">
        <ele>2916.625</ele>
      </trkpt>
      <trkpt lat="46.15586" lon="6.92293">
        <ele>2919.625</ele>
      </trkpt>
      <trkpt lat="46.15596" lon="6.9229">
        <ele>2923.9375</ele>
      </trkpt>
      <trkpt lat="46.15604" lon="6.92307">
        <ele>2929.9375</ele>
      </trkpt>
      <trkpt lat="46.15601" lon="6.92306">
        <ele>2930.75</ele>
      </trkpt>
      <trkpt lat="46.15604" lon="6.92308">
        <ele>2931.9375</ele>
      </trkpt>
      <trkpt lat="46.15604" lon="6.92302">
        <ele>2933.25</ele>
      </trkpt>
      <trkpt lat="46.15609" lon="6.92297">
        <ele>2935.6875</ele>
      </trkpt>
      <trkpt lat="46.15607" lon="6.92314">
        <ele>2938.875</ele>
      </trkpt>
      <trkpt lat="46.15611" lon="6.92319">
        <ele>2940.5625</ele>
      </trkpt>
      <trkpt lat="46.1562" lon="6.92307">
        <ele>2946.8125</ele>
      </trkpt>
      <trkpt lat="46.15627" lon="6.9232">
        <ele>2949.9375</ele>
      </trkpt>
      <trkpt lat="46.15626" lon="6.92311">
        <ele>2952.0625</ele>
      </trkpt>
      <trkpt lat="46.15629" lon="6.92308">
        <ele>2953.25</ele>
      </trkpt>
      <trkpt lat="46.15632" lon="6.92315">
        <ele>2955</ele>
      </trkpt>
      <trkpt lat="46.15634" lon="6.92306">
        <ele>2957.875</ele>
      </trkpt>
      <trkpt lat="46.15645" lon="6.92301">
        <ele>2959.25</ele>
      </trkpt>
      <trkpt lat="46.15644" lon="6.92319">
        <ele>2967.5</ele>
      </trkpt>
      <trkpt lat="46.15649" lon="6.92323">
        <ele>2971.9375</ele>
      </trkpt>
      <trkpt lat="46.15642" lon="6.9232">
        <ele>2972.4375</ele>
      </trkpt>
      <trkpt lat="46.15646" lon="6.92323">
        <ele>2974.625</ele>
      </trkpt>
      <trkpt lat="46.15653" lon="6.92314">
        <ele>2978.625</ele>
      </trkpt>
      <trkpt lat="46.15656" lon="6.92317">
        <ele>2979.125</ele>
      </trkpt>
      <trkpt lat="46.1566" lon="6.92311">
        <ele>2983.75</ele>
      </trkpt>
      <trkpt lat="46.15665" lon="6.92312">
        <ele>2986.3125</ele>
      </trkpt>
      <trkpt lat="46.15666" lon="6.92334">
        <ele>2988.625</ele>
      </trkpt>
      <trkpt lat="46.15671" lon="6.92326">
        <ele>2991.875</ele>
      </trkpt>
      <trkpt lat="46.15699" lon="6.9231">
        <ele>3006.5</ele>
      </trkpt>
      <trkpt lat="46.15713" lon="6.92294">
        <ele>3019.3125</ele>
      </trkpt>
      <trkpt lat="46.15721" lon="6.92293">
        <ele>3020.8125</ele>
      </trkpt>
      <trkpt lat="46.15724" lon="6.92287">
        <ele>3021.625</ele>
      </trkpt>
      <trkpt lat="46.15734" lon="6.92286">
        <ele>3024.625</ele>
      </trkpt>
      <trkpt lat="46.15747" lon="6.92293">
        <ele>3035.3125</ele>
      </trkpt>
      <trkpt lat="46.15744" lon="6.92294">
        <ele>3035.8125</ele>
      </trkpt>
      <trkpt lat="46.15741" lon="6.92306">
        <ele>3037.1875</ele>
      </trkpt>
      <trkpt lat="46.15738" lon="6.92305">
        <ele>3039.25</ele>
      </trkpt>
      <trkpt lat="46.15739" lon="6.9232">
        <ele>3043.875</ele>
      </trkpt>
      <trkpt lat="46.15749" lon="6.92308">
        <ele>3051.75</ele>
      </trkpt>
      <trkpt lat="46.15766" lon="6.92324">
        <ele>3054.3125</ele>
      </trkpt>
      <trkpt lat="46.15828" lon="6.92357">
        <ele>3058.875</ele>
      </trkpt>
      <trkpt lat="46.15836" lon="6.92357">
        <ele>3062.125</ele>
      </trkpt>
      <trkpt lat="46.15829" lon="6.92347">
        <ele>3065.875</ele>
      </trkpt>
      <trkpt lat="46.15832" lon="6.92351">
        <ele>3066.0625</ele>
      </trkpt>
      <trkpt lat="46.15831" lon="6.92345">
        <ele>3071.375</ele>
      </trkpt>
      <trkpt lat="46.15836" lon="6.92342">
        <ele>3069.625</ele>
      </trkpt>
      <trkpt lat="46.15836" lon="6.92335">
        <ele>3070</ele>
      </trkpt>
      <trkpt lat="46.15839" lon="6.92345">
        <ele>3073.1875</ele>
      </trkpt>
      <trkpt lat="46.15837" lon="6.92344">
        <ele>3074.1875</ele>
      </trkpt>
      <trkpt lat="46.15839" lon="6.92349">
        <ele>3074</ele>
      </trkpt>
      <trkpt lat="46.15841" lon="6.92346">
        <ele>3076.125</ele>
      </trkpt>
      <trkpt lat="46.15834" lon="6.92356">
        <ele>3064.6875</ele>
      </trkpt>
      <trkpt lat="46.15837" lon="6.92356">
        <ele>3060.375</ele>
      </trkpt>
      <trkpt lat="46.15833" lon="6.92358">
        <ele>3052.375</ele>
      </trkpt>
      <trkpt lat="46.1587" lon="6.92356">
        <ele>3059.9375</ele>
      </trkpt>
      <trkpt lat="46.15872" lon="6.92343">
        <ele>3064.5625</ele>
      </trkpt>
      <trkpt lat="46.15876" lon="6.92342">
        <ele>3065.5625</ele>
      </trkpt>
      <trkpt lat="46.15879" lon="6.92351">
        <ele>3068.1875</ele>
      </trkpt>
      <trkpt lat="46.15886" lon="6.92343">
        <ele>3068.0625</ele>
      </trkpt>
      <trkpt lat="46.15903" lon="6.92334">
        <ele>3073.75</ele>
      </trkpt>
      <trkpt lat="46.159" lon="6.92345">
        <ele>3082.6875</ele>
      </trkpt>
      <trkpt lat="46.15905" lon="6.92345">
        <ele>3083.4375</ele>
      </trkpt>
      <trkpt lat="46.15907" lon="6.9235">
        <ele>3085.1875</ele>
      </trkpt>
      <trkpt lat="46.15917" lon="6.92336">
        <ele>3086.625</ele>
      </trkpt>
      <trkpt lat="46.15918" lon="6.9234">
        <ele>3088.1875</ele>
      </trkpt>
      <trkpt lat="46.15916" lon="6.9234">
        <ele>3090.6875</ele>
      </trkpt>
      <trkpt lat="46.15918" lon="6.92342">
        <ele>3091.875</ele>
      </trkpt>
      <trkpt lat="46.15925" lon="6.92337">
        <ele>3095.5625</ele>
      </trkpt>
      <trkpt lat="46.15936" lon="6.92338">
        <ele>3100.1875</ele>
      </trkpt>
      <trkpt lat="46.15938" lon="6.92323">
        <ele>3103.5</ele>
      </trkpt>
      <trkpt lat="46.15941" lon="6.92325">
        <ele>3100.75</ele>
      </trkpt>
      <trkpt lat="46.15949" lon="6.92305">
        <ele>3105.1875</ele>
      </trkpt>
      <trkpt lat="46.15953" lon="6.92305">
        <ele>3105.75</ele>
      </trkpt>
      <trkpt lat="46.15952" lon="6.92303">
        <ele>3107.3125</ele>
      </trkpt>
      <trkpt lat="46.15962" lon="6.92294">
        <ele>3109.75</ele>
      </trkpt>
      <trkpt lat="46.15967" lon="6.92312">
        <ele>3129.9375</ele>
      </trkpt>
      <trkpt lat="46.15982" lon="6.92328">
        <ele>3147.25</ele>
      </trkpt>
      <trkpt lat="46.15994" lon="6.9232">
        <ele>3141.6875</ele>
      </trkpt>
      <trkpt lat="46.15999" lon="6.92327">
        <ele>3142</ele>
      </trkpt>
      <trkpt lat="46.16005" lon="6.92289">
        <ele>3148.375</ele>
      </trkpt>
      <trkpt lat="46.16017" lon="6.92281">
        <ele>3160.4375</ele>
      </trkpt>
      <trkpt lat="46.16017" lon="6.92275">
        <ele>3165.25</ele>
      </trkpt>
      <trkpt lat="46.16021" lon="6.92274">
        <ele>3167.9375</ele>
      </trkpt>
      <trkpt lat="46.16022" lon="6.92266">
        <ele>3175.25</ele>
      </trkpt>
      <trkpt lat="46.16032" lon="6.92257">
        <ele>3178.6875</ele>
      </trkpt>
      <trkpt lat="46.16029" lon="6.92255">
        <ele>3180.625</ele>
      </trkpt>
      <trkpt lat="46.16033" lon="6.9225">
        <ele>3182.0625</ele>
      </trkpt>
      <trkpt lat="46.16034" lon="6.92237">
        <ele>3184.375</ele>
      </trkpt>
      <trkpt lat="46.1604" lon="6.92226">
        <ele>3188.375</ele>
      </trkpt>
      <trkpt lat="46.16034" lon="6.9223">
        <ele>3194.25</ele>
      </trkpt>
      <trkpt lat="46.16041" lon="6.92227">
        <ele>3198.125</ele>
      </trkpt>
      <trkpt lat="46.16043" lon="6.92242">
        <ele>3205.6875</ele>
      </trkpt>
      <trkpt lat="46.1605" lon="6.92246">
        <ele>3208.125</ele>
      </trkpt>
      <trkpt lat="46.16051" lon="6.92255">
        <ele>3210.9375</ele>
      </trkpt>
      <trkpt lat="46.16073" lon="6.92271">
        <ele>3213.625</ele>
      </trkpt>
      <trkpt lat="46.16071" lon="6.92282">
        <ele>3216</ele>
      </trkpt>
      <trkpt lat="46.16077" lon="6.92286">
        <ele>3220.75</ele>
      </trkpt>
      <trkpt lat="46.16079" lon="6.92304">
        <ele>3227.625</ele>
      </trkpt>
      <trkpt lat="46.16086" lon="6.92307">
        <ele>3228.8125</ele>
      </trkpt>
      <trkpt lat="46.16085" lon="6.92309">
        <ele>3229.6875</ele>
      </trkpt>
      <trkpt lat="46.16092" lon="6.92316">
        <ele>3232</ele>
      </trkpt>
      <trkpt lat="46.16091" lon="6.92319">
        <ele>3232.4375</ele>
      </trkpt>
      <trkpt lat="46.16108" lon="6.92347">
        <ele>3252.3125</ele>
      </trkpt>
      <trkpt lat="46.16107" lon="6.9235">
        <ele>3256.125</ele>
      </trkpt>
      <trkpt lat="46.16107" lon="6.9235">
        <ele>3256.125</ele>
      </trkpt>
      <trkpt lat="46.16105" lon="6.92347">
        <ele>3256.25</ele>
      </trkpt>
      <trkpt lat="46.16097" lon="6.92343">
        <ele>3256.25</ele>
      </trkpt>
      <trkpt lat="46.16086" lon="6.92324">
        <ele>3246.75</ele>
      </trkpt>
      <trkpt lat="46.16083" lon="6.92305">
        <ele>3231.3125</ele>
      </trkpt>
      <trkpt lat="46.16074" lon="6.9229">
        <ele>3219.1875</ele>
      </trkpt>
      <trkpt lat="46.16074" lon="6.92284">
        <ele>3217.875</ele>
      </trkpt>
      <trkpt lat="46.16043" lon="6.92231">
        <ele>3185.9375</ele>
      </trkpt>
      <trkpt lat="46.16033" lon="6.92248">
        <ele>3183.5</ele>
      </trkpt>
      <trkpt lat="46.16035" lon="6.92261">
        <ele>3188.25</ele>
      </trkpt>
      <trkpt lat="46.16026" lon="6.92264">
        <ele>3185.625</ele>
      </trkpt>
      <trkpt lat="46.16024" lon="6.9227">
        <ele>3182.625</ele>
      </trkpt>
      <trkpt lat="46.15995" lon="6.923">
        <ele>3169.9375</ele>
      </trkpt>
      <trkpt lat="46.15998" lon="6.92302">
        <ele>3168.8125</ele>
      </trkpt>
      <trkpt lat="46.15986" lon="6.92306">
        <ele>3163.6875</ele>
      </trkpt>
      <trkpt lat="46.15983" lon="6.92311">
        <ele>3160.6875</ele>
      </trkpt>
      <trkpt lat="46.15985" lon="6.92313">
        <ele>3160.1875</ele>
      </trkpt>
      <trkpt lat="46.15979" lon="6.92315">
        <ele>3159</ele>
      </trkpt>
      <trkpt lat="46.15983" lon="6.92319">
        <ele>3158.9375</ele>
      </trkpt>
      <trkpt lat="46.15982" lon="6.92315">
        <ele>3157.875</ele>
      </trkpt>
      <trkpt lat="46.15976" lon="6.92323">
        <ele>3157.25</ele>
      </trkpt>
      <trkpt lat="46.15977" lon="6.92332">
        <ele>3156.4375</ele>
      </trkpt>
      <trkpt lat="46.1597" lon="6.92327">
        <ele>3154.625</ele>
      </trkpt>
      <trkpt lat="46.15974" lon="6.92331">
        <ele>3153.5625</ele>
      </trkpt>
      <trkpt lat="46.15965" lon="6.92341">
        <ele>3146.8125</ele>
      </trkpt>
      <trkpt lat="46.1595" lon="6.92341">
        <ele>3142.75</ele>
      </trkpt>
      <trkpt lat="46.15953" lon="6.92344">
        <ele>3142.6875</ele>
      </trkpt>
      <trkpt lat="46.15928" lon="6.92355">
        <ele>3140.625</ele>
      </trkpt>
      <trkpt lat="46.1593" lon="6.92351">
        <ele>3140.75</ele>
      </trkpt>
      <trkpt lat="46.15923" lon="6.92352">
        <ele>3135.375</ele>
      </trkpt>
      <trkpt lat="46.1592" lon="6.92342">
        <ele>3128.3125</ele>
      </trkpt>
      <trkpt lat="46.15912" lon="6.92355">
        <ele>3125.75</ele>
      </trkpt>
      <trkpt lat="46.15913" lon="6.9235">
        <ele>3124.25</ele>
      </trkpt>
      <trkpt lat="46.159" lon="6.92326">
        <ele>3124.1875</ele>
      </trkpt>
      <trkpt lat="46.15897" lon="6.9233">
        <ele>3126.5625</ele>
      </trkpt>
      <trkpt lat="46.15899" lon="6.92339">
        <ele>3126.3125</ele>
      </trkpt>
      <trkpt lat="46.15894" lon="6.92349">
        <ele>3117.75</ele>
      </trkpt>
      <trkpt lat="46.15886" lon="6.92349">
        <ele>3111.6875</ele>
      </trkpt>
      <trkpt lat="46.15879" lon="6.92358">
        <ele>3099.1875</ele>
      </trkpt>
      <trkpt lat="46.15868" lon="6.92352">
        <ele>3092.6875</ele>
      </trkpt>
      <trkpt lat="46.15873" lon="6.92353">
        <ele>3089</ele>
      </trkpt>
      <trkpt lat="46.15855" lon="6.92364">
        <ele>3078.75</ele>
      </trkpt>
      <trkpt lat="46.15802" lon="6.92358">
        <ele>3069.4375</ele>
      </trkpt>
      <trkpt lat="46.15788" lon="6.92344">
        <ele>3068.25</ele>
      </trkpt>
      <trkpt lat="46.15771" lon="6.92336">
        <ele>3067.6875</ele>
      </trkpt>
      <trkpt lat="46.15768" lon="6.9233">
        <ele>3067.75</ele>
      </trkpt>
      <trkpt lat="46.15759" lon="6.92326">
        <ele>3067.5625</ele>
      </trkpt>
      <trkpt lat="46.15754" lon="6.92317">
        <ele>3068.0625</ele>
      </trkpt>
      <trkpt lat="46.15749" lon="6.92319">
        <ele>3069.3125</ele>
      </trkpt>
      <trkpt lat="46.15745" lon="6.92312">
        <ele>3070.4375</ele>
      </trkpt>
      <trkpt lat="46.15745" lon="6.92317">
        <ele>3068.4375</ele>
      </trkpt>
      <trkpt lat="46.15738" lon="6.92322">
        <ele>3064</ele>
      </trkpt>
      <trkpt lat="46.15733" lon="6.92311">
        <ele>3062.1875</ele>
      </trkpt>
      <trkpt lat="46.15744" lon="6.92309">
        <ele>3057.9375</ele>
      </trkpt>
      <trkpt lat="46.15748" lon="6.92303">
        <ele>3055.4375</ele>
      </trkpt>
      <trkpt lat="46.15736" lon="6.92285">
        <ele>3046.1875</ele>
      </trkpt>
      <trkpt lat="46.15732" lon="6.92288">
        <ele>3042.9375</ele>
      </trkpt>
      <trkpt lat="46.15733" lon="6.92281">
        <ele>3037.5</ele>
      </trkpt>
      <trkpt lat="46.15724" lon="6.92293">
        <ele>3030.8125</ele>
      </trkpt>
      <trkpt lat="46.15706" lon="6.92301">
        <ele>3018.5625</ele>
      </trkpt>
      <trkpt lat="46.1567" lon="6.92331">
        <ele>3003.9375</ele>
      </trkpt>
      <trkpt lat="46.15665" lon="6.92331">
        <ele>3001.75</ele>
      </trkpt>
      <trkpt lat="46.15654" lon="6.92319">
        <ele>2996.0625</ele>
      </trkpt>
      <trkpt lat="46.15652" lon="6.92311">
        <ele>2995.4375</ele>
      </trkpt>
      <trkpt lat="46.15647" lon="6.9233">
        <ele>2990.75</ele>
      </trkpt>
      <trkpt lat="46.15631" lon="6.92306">
        <ele>2992.4375</ele>
      </trkpt>
      <trkpt lat="46.15635" lon="6.92306">
        <ele>2993.625</ele>
      </trkpt>
      <trkpt lat="46.15629" lon="6.923">
        <ele>2993.625</ele>
      </trkpt>
      <trkpt lat="46.15632" lon="6.92308">
        <ele>2993.6875</ele>
      </trkpt>
      <trkpt lat="46.15636" lon="6.92309">
        <ele>2994.0625</ele>
      </trkpt>
      <trkpt lat="46.15625" lon="6.92315">
        <ele>2991.0625</ele>
      </trkpt>
      <trkpt lat="46.15626" lon="6.9231">
        <ele>2989.5625</ele>
      </trkpt>
      <trkpt lat="46.15618" lon="6.9232">
        <ele>2981.3125</ele>
      </trkpt>
      <trkpt lat="46.15619" lon="6.92309">
        <ele>2979.3125</ele>
      </trkpt>
      <trkpt lat="46.15614" lon="6.92305">
        <ele>2978.6875</ele>
      </trkpt>
      <trkpt lat="46.15617" lon="6.92312">
        <ele>2978.25</ele>
      </trkpt>
      <trkpt lat="46.15607" lon="6.92324">
        <ele>2973.6875</ele>
      </trkpt>
      <trkpt lat="46.15614" lon="6.923">
        <ele>2970.875</ele>
      </trkpt>
      <trkpt lat="46.15599" lon="6.92288">
        <ele>2965.625</ele>
      </trkpt>
      <trkpt lat="46.15599" lon="6.92305">
        <ele>2962.25</ele>
      </trkpt>
      <trkpt lat="46.15593" lon="6.92306">
        <ele>2960.25</ele>
      </trkpt>
      <trkpt lat="46.15591" lon="6.92284">
        <ele>2953.625</ele>
      </trkpt>
      <trkpt lat="46.1559" lon="6.92296">
        <ele>2952</ele>
      </trkpt>
      <trkpt lat="46.15574" lon="6.92318">
        <ele>2944.0625</ele>
      </trkpt>
      <trkpt lat="46.15567" lon="6.92313">
        <ele>2941.8125</ele>
      </trkpt>
      <trkpt lat="46.15565" lon="6.92319">
        <ele>2941.5</ele>
      </trkpt>
      <trkpt lat="46.15568" lon="6.92309">
        <ele>2940.375</ele>
      </trkpt>
      <trkpt lat="46.15566" lon="6.92297">
        <ele>2939.1875</ele>
      </trkpt>
      <trkpt lat="46.15548" lon="6.92312">
        <ele>2929.875</ele>
      </trkpt>
      <trkpt lat="46.15543" lon="6.92323">
        <ele>2926.9375</ele>
      </trkpt>
      <trkpt lat="46.15536" lon="6.92318">
        <ele>2924.5</ele>
      </trkpt>
      <trkpt lat="46.15539" lon="6.92302">
        <ele>2918.125</ele>
      </trkpt>
      <trkpt lat="46.15536" lon="6.9229">
        <ele>2914.125</ele>
      </trkpt>
      <trkpt lat="46.1553" lon="6.92284">
        <ele>2912.8125</ele>
      </trkpt>
      <trkpt lat="46.15533" lon="6.92277">
        <ele>2908.25</ele>
      </trkpt>
      <trkpt lat="46.15528" lon="6.92284">
        <ele>2904.25</ele>
      </trkpt>
      <trkpt lat="46.15503" lon="6.92299">
        <ele>2893.8125</ele>
      </trkpt>
      <trkpt lat="46.15495" lon="6.92297">
        <ele>2888.9375</ele>
      </trkpt>
      <trkpt lat="46.15481" lon="6.92309">
        <ele>2879.4375</ele>
      </trkpt>
      <trkpt lat="46.15478" lon="6.92306">
        <ele>2877.0625</ele>
      </trkpt>
      <trkpt lat="46.15472" lon="6.92315">
        <ele>2872.75</ele>
      </trkpt>
      <trkpt lat="46.15471" lon="6.92312">
        <ele>2870.8125</ele>
      </trkpt>
      <trkpt lat="46.15465" lon="6.92316">
        <ele>2865.375</ele>
      </trkpt>
      <trkpt lat="46.15461" lon="6.92308">
        <ele>2861.8125</ele>
      </trkpt>
      <trkpt lat="46.1544" lon="6.92299">
        <ele>2847.3125</ele>
      </trkpt>
      <trkpt lat="46.15434" lon="6.92287">
        <ele>2842.0625</ele>
      </trkpt>
      <trkpt lat="46.15424" lon="6.92304">
        <ele>2840.4375</ele>
      </trkpt>
      <trkpt lat="46.15427" lon="6.92309">
        <ele>2838.9375</ele>
      </trkpt>
      <trkpt lat="46.15421" lon="6.92304">
        <ele>2838.5625</ele>
      </trkpt>
      <trkpt lat="46.15418" lon="6.92313">
        <ele>2837.875</ele>
      </trkpt>
      <trkpt lat="46.15421" lon="6.92318">
        <ele>2834.6875</ele>
      </trkpt>
      <trkpt lat="46.15416" lon="6.92314">
        <ele>2832.4375</ele>
      </trkpt>
      <trkpt lat="46.15412" lon="6.92329">
        <ele>2826.9375</ele>
      </trkpt>
      <trkpt lat="46.15415" lon="6.9233">
        <ele>2822.625</ele>
      </trkpt>
      <trkpt lat="46.15413" lon="6.92366">
        <ele>2804.1875</ele>
      </trkpt>
      <trkpt lat="46.1542" lon="6.92377">
        <ele>2798.125</ele>
      </trkpt>
      <trkpt lat="46.15418" lon="6.92402">
        <ele>2791.25</ele>
      </trkpt>
      <trkpt lat="46.15413" lon="6.92402">
        <ele>2789.5</ele>
      </trkpt>
      <trkpt lat="46.15428" lon="6.92431">
        <ele>2785.8125</ele>
      </trkpt>
      <trkpt lat="46.15424" lon="6.92443">
        <ele>2784.5</ele>
      </trkpt>
      <trkpt lat="46.15419" lon="6.9244">
        <ele>2783.625</ele>
      </trkpt>
      <trkpt lat="46.15414" lon="6.92459">
        <ele>2782.625</ele>
      </trkpt>
      <trkpt lat="46.15413" lon="6.92456">
        <ele>2781.375</ele>
      </trkpt>
      <trkpt lat="46.15408" lon="6.92459">
        <ele>2780.75</ele>
      </trkpt>
      <trkpt lat="46.154" lon="6.92491">
        <ele>2775.25</ele>
      </trkpt>
      <trkpt lat="46.15403" lon="6.92504">
        <ele>2766.125</ele>
      </trkpt>
      <trkpt lat="46.15396" lon="6.92504">
        <ele>2765.5</ele>
      </trkpt>
      <trkpt lat="46.154" lon="6.9251">
        <ele>2765.8125</ele>
      </trkpt>
      <trkpt lat="46.15397" lon="6.92496">
        <ele>2765.1875</ele>
      </trkpt>
      <trkpt lat="46.15392" lon="6.92515">
        <ele>2764.75</ele>
      </trkpt>
      <trkpt lat="46.15393" lon="6.92524">
        <ele>2764.0625</ele>
      </trkpt>
      <trkpt lat="46.15384" lon="6.9252">
        <ele>2763.125</ele>
      </trkpt>
      <trkpt lat="46.15385" lon="6.92525">
        <ele>2762.6875</ele>
      </trkpt>
      <trkpt lat="46.15397" lon="6.9253">
        <ele>2761.5</ele>
      </trkpt>
      <trkpt lat="46.15395" lon="6.92538">
        <ele>2756.9375</ele>
      </trkpt>
      <trkpt lat="46.15398" lon="6.92538">
        <ele>2754.1875</ele>
      </trkpt>
      <trkpt lat="46.15387" lon="6.92525">
        <ele>2752</ele>
      </trkpt>
      <trkpt lat="46.1538" lon="6.92527">
        <ele>2749.9375</ele>
      </trkpt>
      <trkpt lat="46.15399" lon="6.92545">
        <ele>2740.75</ele>
      </trkpt>
      <trkpt lat="46.15401" lon="6.92554">
        <ele>2737.3125</ele>
      </trkpt>
      <trkpt lat="46.15393" lon="6.92564">
        <ele>2736.6875</ele>
      </trkpt>
      <trkpt lat="46.15364" lon="6.92549">
        <ele>2736.0625</ele>
      </trkpt>
      <trkpt lat="46.15357" lon="6.92537">
        <ele>2735.625</ele>
      </trkpt>
      <trkpt lat="46.15354" lon="6.9254">
        <ele>2735.5625</ele>
      </trkpt>
      <trkpt lat="46.15356" lon="6.9255">
        <ele>2735.3125</ele>
      </trkpt>
      <trkpt lat="46.15346" lon="6.92551">
        <ele>2733.5</ele>
      </trkpt>
      <trkpt lat="46.15343" lon="6.92539">
        <ele>2731.5625</ele>
      </trkpt>
      <trkpt lat="46.15334" lon="6.92536">
        <ele>2727.4375</ele>
      </trkpt>
      <trkpt lat="46.15336" lon="6.92539">
        <ele>2726</ele>
      </trkpt>
      <trkpt lat="46.15327" lon="6.92515">
        <ele>2715.75</ele>
      </trkpt>
      <trkpt lat="46.15319" lon="6.9252">
        <ele>2713.0625</ele>
      </trkpt>
      <trkpt lat="46.15324" lon="6.92514">
        <ele>2711.125</ele>
      </trkpt>
      <trkpt lat="46.1531" lon="6.92497">
        <ele>2708.375</ele>
      </trkpt>
      <trkpt lat="46.15314" lon="6.92492">
        <ele>2707.625</ele>
      </trkpt>
      <trkpt lat="46.15302" lon="6.92482">
        <ele>2704.3125</ele>
      </trkpt>
      <trkpt lat="46.15296" lon="6.92482">
        <ele>2701.75</ele>
      </trkpt>
      <trkpt lat="46.15288" lon="6.92475">
        <ele>2698.9375</ele>
      </trkpt>
      <trkpt lat="46.15292" lon="6.92463">
        <ele>2696.875</ele>
      </trkpt>
      <trkpt lat="46.15276" lon="6.92453">
        <ele>2693.5</ele>
      </trkpt>
      <trkpt lat="46.15267" lon="6.92431">
        <ele>2690.25</ele>
      </trkpt>
      <trkpt lat="46.15269" lon="6.92425">
        <ele>2688.8125</ele>
      </trkpt>
      <trkpt lat="46.15259" lon="6.9241">
        <ele>2686.9375</ele>
      </trkpt>
      <trkpt lat="46.15267" lon="6.924">
        <ele>2683.8125</ele>
      </trkpt>
      <trkpt lat="46.15261" lon="6.92395">
        <ele>2681.9375</ele>
      </trkpt>
      <trkpt lat="46.15266" lon="6.92389">
        <ele>2680.6875</ele>
      </trkpt>
      <trkpt lat="46.15259" lon="6.92388">
        <ele>2679.375</ele>
      </trkpt>
      <trkpt lat="46.15261" lon="6.92386">
        <ele>2678.75</ele>
      </trkpt>
      <trkpt lat="46.15253" lon="6.92387">
        <ele>2677.8125</ele>
      </trkpt>
      <trkpt lat="46.15253" lon="6.92379">
        <ele>2677</ele>
      </trkpt>
      <trkpt lat="46.15249" lon="6.92379">
        <ele>2675.875</ele>
      </trkpt>
      <trkpt lat="46.15253" lon="6.9239">
        <ele>2673.5</ele>
      </trkpt>
      <trkpt lat="46.15245" lon="6.92381">
        <ele>2670.625</ele>
      </trkpt>
      <trkpt lat="46.15236" lon="6.92351">
        <ele>2666.8125</ele>
      </trkpt>
      <trkpt lat="46.15213" lon="6.92339">
        <ele>2654.1875</ele>
      </trkpt>
      <trkpt lat="46.1521" lon="6.92342">
        <ele>2652</ele>
      </trkpt>
      <trkpt lat="46.1519" lon="6.9233">
        <ele>2640</ele>
      </trkpt>
      <trkpt lat="46.1517" lon="6.9231">
        <ele>2626.125</ele>
      </trkpt>
      <trkpt lat="46.15166" lon="6.9229">
        <ele>2620.6875</ele>
      </trkpt>
      <trkpt lat="46.15154" lon="6.92274">
        <ele>2619.6875</ele>
      </trkpt>
      <trkpt lat="46.15158" lon="6.92269">
        <ele>2619.5</ele>
      </trkpt>
      <trkpt lat="46.15153" lon="6.92269">
        <ele>2619.0625</ele>
      </trkpt>
      <trkpt lat="46.1513" lon="6.92248">
        <ele>2613.8125</ele>
      </trkpt>
      <trkpt lat="46.15133" lon="6.92248">
        <ele>2613.9375</ele>
      </trkpt>
      <trkpt lat="46.15129" lon="6.92252">
        <ele>2613.0625</ele>
      </trkpt>
      <trkpt lat="46.15129" lon="6.92246">
        <ele>2610.5625</ele>
      </trkpt>
      <trkpt lat="46.15126" lon="6.92247">
        <ele>2609.4375</ele>
      </trkpt>
      <trkpt lat="46.1512" lon="6.92239">
        <ele>2606.0625</ele>
      </trkpt>
      <trkpt lat="46.15124" lon="6.92239">
        <ele>2605.0625</ele>
      </trkpt>
      <trkpt lat="46.15109" lon="6.92236">
        <ele>2600.5625</ele>
      </trkpt>
      <trkpt lat="46.15115" lon="6.92245">
        <ele>2596.5625</ele>
      </trkpt>
      <trkpt lat="46.15101" lon="6.92228">
        <ele>2588.4375</ele>
      </trkpt>
      <trkpt lat="46.15097" lon="6.92216">
        <ele>2585.375</ele>
      </trkpt>
      <trkpt lat="46.15083" lon="6.92204">
        <ele>2574</ele>
      </trkpt>
      <trkpt lat="46.15079" lon="6.92194">
        <ele>2572.0625</ele>
      </trkpt>
      <trkpt lat="46.1506" lon="6.92174">
        <ele>2570.6875</ele>
      </trkpt>
      <trkpt lat="46.1506" lon="6.92167">
        <ele>2570.75</ele>
      </trkpt>
      <trkpt lat="46.15049" lon="6.92159">
        <ele>2569.9375</ele>
      </trkpt>
      <trkpt lat="46.15036" lon="6.92126">
        <ele>2565.75</ele>
      </trkpt>
      <trkpt lat="46.1503" lon="6.92125">
        <ele>2561.75</ele>
      </trkpt>
      <trkpt lat="46.15025" lon="6.92112">
        <ele>2561.625</ele>
      </trkpt>
      <trkpt lat="46.15018" lon="6.92106">
        <ele>2559.3125</ele>
      </trkpt>
      <trkpt lat="46.15012" lon="6.92106">
        <ele>2558.375</ele>
      </trkpt>
      <trkpt lat="46.15009" lon="6.921">
        <ele>2556.375</ele>
      </trkpt>
      <trkpt lat="46.14994" lon="6.92094">
        <ele>2551.6875</ele>
      </trkpt>
      <trkpt lat="46.14981" lon="6.92098">
        <ele>2544.0625</ele>
      </trkpt>
      <trkpt lat="46.14981" lon="6.92104">
        <ele>2540.4375</ele>
      </trkpt>
      <trkpt lat="46.1497" lon="6.92098">
        <ele>2534.4375</ele>
      </trkpt>
      <trkpt lat="46.14964" lon="6.92104">
        <ele>2530.5625</ele>
      </trkpt>
      <trkpt lat="46.1495" lon="6.92102">
        <ele>2522.75</ele>
      </trkpt>
      <trkpt lat="46.14894" lon="6.92051">
        <ele>2508.4375</ele>
      </trkpt>
      <trkpt lat="46.1489" lon="6.92054">
        <ele>2508.25</ele>
      </trkpt>
      <trkpt lat="46.14888" lon="6.9205">
        <ele>2507.6875</ele>
      </trkpt>
      <trkpt lat="46.14892" lon="6.92053">
        <ele>2507.6875</ele>
      </trkpt>
      <trkpt lat="46.14889" lon="6.92051">
        <ele>2507.5</ele>
      </trkpt>
      <trkpt lat="46.14892" lon="6.92058">
        <ele>2507.3125</ele>
      </trkpt>
      <trkpt lat="46.14892" lon="6.92048">
        <ele>2507.375</ele>
      </trkpt>
      <trkpt lat="46.14896" lon="6.92048">
        <ele>2507.3125</ele>
      </trkpt>
      <trkpt lat="46.1489" lon="6.92044">
        <ele>2507.875</ele>
      </trkpt>
      <trkpt lat="46.1489" lon="6.92048">
        <ele>2508.375</ele>
      </trkpt>
      <trkpt lat="46.14903" lon="6.92041">
        <ele>2507.25</ele>
      </trkpt>
      <trkpt lat="46.14895" lon="6.92045">
        <ele>2507.3125</ele>
      </trkpt>
      <trkpt lat="46.14904" lon="6.92032">
        <ele>2507.375</ele>
      </trkpt>
      <trkpt lat="46.14902" lon="6.9203">
        <ele>2507.25</ele>
      </trkpt>
      <trkpt lat="46.14904" lon="6.92028">
        <ele>2507.375</ele>
      </trkpt>
      <trkpt lat="46.14902" lon="6.92042">
        <ele>2507.8125</ele>
      </trkpt>
      <trkpt lat="46.14893" lon="6.92051">
        <ele>2509.375</ele>
      </trkpt>
      <trkpt lat="46.14917" lon="6.9209">
        <ele>2510.3125</ele>
      </trkpt>
      <trkpt lat="46.14916" lon="6.92099">
        <ele>2509.125</ele>
      </trkpt>
      <trkpt lat="46.14915" lon="6.92093">
        <ele>2506.9375</ele>
      </trkpt>
      <trkpt lat="46.14914" lon="6.92102">
        <ele>2504.375</ele>
      </trkpt>
      <trkpt lat="46.14908" lon="6.921">
        <ele>2501.9375</ele>
      </trkpt>
      <trkpt lat="46.14907" lon="6.92108">
        <ele>2498.6875</ele>
      </trkpt>
      <trkpt lat="46.1489" lon="6.9212">
        <ele>2489.75</ele>
      </trkpt>
      <trkpt lat="46.14871" lon="6.92143">
        <ele>2484.25</ele>
      </trkpt>
      <trkpt lat="46.14861" lon="6.92141">
        <ele>2482.375</ele>
      </trkpt>
      <trkpt lat="46.14849" lon="6.92156">
        <ele>2478.5</ele>
      </trkpt>
      <trkpt lat="46.1484" lon="6.92154">
        <ele>2476.375</ele>
      </trkpt>
      <trkpt lat="46.14833" lon="6.92169">
        <ele>2468</ele>
      </trkpt>
      <trkpt lat="46.14823" lon="6.9217">
        <ele>2466.625</ele>
      </trkpt>
      <trkpt lat="46.14817" lon="6.92158">
        <ele>2464.125</ele>
      </trkpt>
      <trkpt lat="46.14814" lon="6.92174">
        <ele>2463.3125</ele>
      </trkpt>
      <trkpt lat="46.14809" lon="6.92173">
        <ele>2462.625</ele>
      </trkpt>
      <trkpt lat="46.14805" lon="6.92184">
        <ele>2461.875</ele>
      </trkpt>
      <trkpt lat="46.14811" lon="6.92197">
        <ele>2460.5</ele>
      </trkpt>
      <trkpt lat="46.14811" lon="6.92208">
        <ele>2458.375</ele>
      </trkpt>
      <trkpt lat="46.14806" lon="6.92213">
        <ele>2456.9375</ele>
      </trkpt>
      <trkpt lat="46.14809" lon="6.92219">
        <ele>2454.1875</ele>
      </trkpt>
      <trkpt lat="46.14801" lon="6.92224">
        <ele>2450.5</ele>
      </trkpt>
      <trkpt lat="46.14806" lon="6.9223">
        <ele>2449.8125</ele>
      </trkpt>
      <trkpt lat="46.14802" lon="6.92238">
        <ele>2448.75</ele>
      </trkpt>
      <trkpt lat="46.14809" lon="6.92241">
        <ele>2447.4375</ele>
      </trkpt>
      <trkpt lat="46.14796" lon="6.92242">
        <ele>2444.0625</ele>
      </trkpt>
      <trkpt lat="46.14799" lon="6.92262">
        <ele>2440.8125</ele>
      </trkpt>
      <trkpt lat="46.14796" lon="6.92263">
        <ele>2439.6875</ele>
      </trkpt>
      <trkpt lat="46.14788" lon="6.92253">
        <ele>2437.3125</ele>
      </trkpt>
      <trkpt lat="46.14789" lon="6.92266">
        <ele>2436.125</ele>
      </trkpt>
      <trkpt lat="46.14787" lon="6.92268">
        <ele>2435</ele>
      </trkpt>
      <trkpt lat="46.1479" lon="6.92282">
        <ele>2432.125</ele>
      </trkpt>
      <trkpt lat="46.14798" lon="6.92285">
        <ele>2425.5625</ele>
      </trkpt>
      <trkpt lat="46.14793" lon="6.9229">
        <ele>2422.3125</ele>
      </trkpt>
      <trkpt lat="46.14791" lon="6.92285">
        <ele>2417.25</ele>
      </trkpt>
      <trkpt lat="46.14794" lon="6.92323">
        <ele>2415.1875</ele>
      </trkpt>
      <trkpt lat="46.148" lon="6.92331">
        <ele>2412.625</ele>
      </trkpt>
      <trkpt lat="46.14796" lon="6.92332">
        <ele>2411.5</ele>
      </trkpt>
      <trkpt lat="46.14791" lon="6.92347">
        <ele>2407.4375</ele>
      </trkpt>
      <trkpt lat="46.14791" lon="6.92356">
        <ele>2404.5625</ele>
      </trkpt>
      <trkpt lat="46.14801" lon="6.92353">
        <ele>2400.8125</ele>
      </trkpt>
      <trkpt lat="46.14812" lon="6.92361">
        <ele>2396.875</ele>
      </trkpt>
      <trkpt lat="46.14811" lon="6.92379">
        <ele>2394.6875</ele>
      </trkpt>
      <trkpt lat="46.14831" lon="6.92365">
        <ele>2388.625</ele>
      </trkpt>
      <trkpt lat="46.14826" lon="6.9236">
        <ele>2387.625</ele>
      </trkpt>
      <trkpt lat="46.14841" lon="6.92371">
        <ele>2385.625</ele>
      </trkpt>
      <trkpt lat="46.14843" lon="6.92381">
        <ele>2384.6875</ele>
      </trkpt>
      <trkpt lat="46.14846" lon="6.92372">
        <ele>2383.5625</ele>
      </trkpt>
      <trkpt lat="46.14858" lon="6.92369">
        <ele>2381.6875</ele>
      </trkpt>
      <trkpt lat="46.14871" lon="6.92378">
        <ele>2381.0625</ele>
      </trkpt>
      <trkpt lat="46.14864" lon="6.92384">
        <ele>2381.0625</ele>
      </trkpt>
      <trkpt lat="46.14866" lon="6.92381">
        <ele>2380.8125</ele>
      </trkpt>
      <trkpt lat="46.14859" lon="6.92389">
        <ele>2374</ele>
      </trkpt>
      <trkpt lat="46.14855" lon="6.92404">
        <ele>2372.3125</ele>
      </trkpt>
      <trkpt lat="46.14854" lon="6.92392">
        <ele>2372.125</ele>
      </trkpt>
      <trkpt lat="46.14856" lon="6.92388">
        <ele>2372.375</ele>
      </trkpt>
      <trkpt lat="46.14865" lon="6.92386">
        <ele>2372.375</ele>
      </trkpt>
      <trkpt lat="46.14879" lon="6.92393">
        <ele>2372.875</ele>
      </trkpt>
      <trkpt lat="46.14868" lon="6.92412">
        <ele>2373.625</ele>
      </trkpt>
      <trkpt lat="46.14872" lon="6.9241">
        <ele>2373.9375</ele>
      </trkpt>
      <trkpt lat="46.14869" lon="6.92412">
        <ele>2374.0625</ele>
      </trkpt>
      <trkpt lat="46.14872" lon="6.9242">
        <ele>2374.5625</ele>
      </trkpt>
      <trkpt lat="46.14869" lon="6.92414">
        <ele>2374.5625</ele>
      </trkpt>
      <trkpt lat="46.14868" lon="6.92422">
        <ele>2374.75</ele>
      </trkpt>
      <trkpt lat="46.14875" lon="6.92422">
        <ele>2375.1875</ele>
      </trkpt>
      <trkpt lat="46.14877" lon="6.92438">
        <ele>2374.625</ele>
      </trkpt>
      <trkpt lat="46.14887" lon="6.92448">
        <ele>2373.375</ele>
      </trkpt>
      <trkpt lat="46.14885" lon="6.92448">
        <ele>2373.125</ele>
      </trkpt>
      <trkpt lat="46.14886" lon="6.92466">
        <ele>2372.5625</ele>
      </trkpt>
      <trkpt lat="46.14891" lon="6.9247">
        <ele>2370.375</ele>
      </trkpt>
      <trkpt lat="46.14886" lon="6.92473">
        <ele>2369.8125</ele>
      </trkpt>
      <trkpt lat="46.14887" lon="6.92477">
        <ele>2369.125</ele>
      </trkpt>
      <trkpt lat="46.14879" lon="6.92479">
        <ele>2368.0625</ele>
      </trkpt>
      <trkpt lat="46.14883" lon="6.9249">
        <ele>2367.5625</ele>
      </trkpt>
      <trkpt lat="46.1488" lon="6.92499">
        <ele>2369.375</ele>
      </trkpt>
      <trkpt lat="46.14881" lon="6.92494">
        <ele>2370.25</ele>
      </trkpt>
      <trkpt lat="46.14889" lon="6.92499">
        <ele>2370.75</ele>
      </trkpt>
      <trkpt lat="46.14884" lon="6.92511">
        <ele>2371.5</ele>
      </trkpt>
      <trkpt lat="46.14888" lon="6.9253">
        <ele>2372.75</ele>
      </trkpt>
      <trkpt lat="46.14889" lon="6.92554">
        <ele>2376.6875</ele>
      </trkpt>
      <trkpt lat="46.14878" lon="6.92541">
        <ele>2380</ele>
      </trkpt>
      <trkpt lat="46.14867" lon="6.9254">
        <ele>2382.125</ele>
      </trkpt>
      <trkpt lat="46.14858" lon="6.92554">
        <ele>2384.125</ele>
      </trkpt>
      <trkpt lat="46.14869" lon="6.92561">
        <ele>2384.4375</ele>
      </trkpt>
      <trkpt lat="46.14883" lon="6.92594">
        <ele>2385.375</ele>
      </trkpt>
      <trkpt lat="46.14877" lon="6.92627">
        <ele>2391.1875</ele>
      </trkpt>
      <trkpt lat="46.14879" lon="6.92626">
        <ele>2391.875</ele>
      </trkpt>
      <trkpt lat="46.14878" lon="6.92657">
        <ele>2396.4375</ele>
      </trkpt>
      <trkpt lat="46.14872" lon="6.92658">
        <ele>2396.5625</ele>
      </trkpt>
      <trkpt lat="46.14867" lon="6.92651">
        <ele>2396.6875</ele>
      </trkpt>
      <trkpt lat="46.14862" lon="6.92631">
        <ele>2396.8125</ele>
      </trkpt>
      <trkpt lat="46.1487" lon="6.9262">
        <ele>2396.75</ele>
      </trkpt>
      <trkpt lat="46.14865" lon="6.92637">
        <ele>2395.4375</ele>
      </trkpt>
      <trkpt lat="46.14869" lon="6.92627">
        <ele>2395.25</ele>
      </trkpt>
      <trkpt lat="46.14871" lon="6.92635">
        <ele>2394.6875</ele>
      </trkpt>
      <trkpt lat="46.14866" lon="6.92656">
        <ele>2392.4375</ele>
      </trkpt>
      <trkpt lat="46.14875" lon="6.92682">
        <ele>2386.4375</ele>
      </trkpt>
      <trkpt lat="46.14868" lon="6.92705">
        <ele>2385.0625</ele>
      </trkpt>
      <trkpt lat="46.14872" lon="6.92712">
        <ele>2383.875</ele>
      </trkpt>
      <trkpt lat="46.14864" lon="6.92736">
        <ele>2383.3125</ele>
      </trkpt>
      <trkpt lat="46.14828" lon="6.92733">
        <ele>2383.125</ele>
      </trkpt>
      <trkpt lat="46.14847" lon="6.9271">
        <ele>2382.9375</ele>
      </trkpt>
      <trkpt lat="46.14846" lon="6.92703">
        <ele>2382.875</ele>
      </trkpt>
      <trkpt lat="46.14865" lon="6.92713">
        <ele>2382.6875</ele>
      </trkpt>
      <trkpt lat="46.14825" lon="6.92728">
        <ele>2382.0625</ele>
      </trkpt>
      <trkpt lat="46.14816" lon="6.92752">
        <ele>2380.25</ele>
      </trkpt>
      <trkpt lat="46.14825" lon="6.92771">
        <ele>2378.25</ele>
      </trkpt>
      <trkpt lat="46.14827" lon="6.92787">
        <ele>2375.9375</ele>
      </trkpt>
      <trkpt lat="46.14822" lon="6.92792">
        <ele>2375.4375</ele>
      </trkpt>
      <trkpt lat="46.14831" lon="6.92805">
        <ele>2375.1875</ele>
      </trkpt>
      <trkpt lat="46.14836" lon="6.92834">
        <ele>2373.75</ele>
      </trkpt>
      <trkpt lat="46.14835" lon="6.92849">
        <ele>2373.1875</ele>
      </trkpt>
      <trkpt lat="46.14819" lon="6.92853">
        <ele>2373.625</ele>
      </trkpt>
      <trkpt lat="46.14828" lon="6.92845">
        <ele>2373.1875</ele>
      </trkpt>
      <trkpt lat="46.14822" lon="6.92852">
        <ele>2372.875</ele>
      </trkpt>
      <trkpt lat="46.14827" lon="6.92858">
        <ele>2372.875</ele>
      </trkpt>
      <trkpt lat="46.14824" lon="6.92871">
        <ele>2374.8125</ele>
      </trkpt>
      <trkpt lat="46.14811" lon="6.92883">
        <ele>2376.25</ele>
      </trkpt>
      <trkpt lat="46.14801" lon="6.92885">
        <ele>2377.375</ele>
      </trkpt>
      <trkpt lat="46.14855" lon="6.9288">
        <ele>2379.5625</ele>
      </trkpt>
      <trkpt lat="46.14862" lon="6.92884">
        <ele>2379.375</ele>
      </trkpt>
      <trkpt lat="46.14853" lon="6.92879">
        <ele>2379.375</ele>
      </trkpt>
      <trkpt lat="46.14799" lon="6.92893">
        <ele>2377.9375</ele>
      </trkpt>
      <trkpt lat="46.14813" lon="6.9292">
        <ele>2376.75</ele>
      </trkpt>
      <trkpt lat="46.14812" lon="6.92948">
        <ele>2375.875</ele>
      </trkpt>
      <trkpt lat="46.14816" lon="6.92977">
        <ele>2376.875</ele>
      </trkpt>
      <trkpt lat="46.14809" lon="6.92988">
        <ele>2379.5</ele>
      </trkpt>
      <trkpt lat="46.1479" lon="6.92999">
        <ele>2380</ele>
      </trkpt>
      <trkpt lat="46.14805" lon="6.93007">
        <ele>2380.1875</ele>
      </trkpt>
      <trkpt lat="46.14805" lon="6.93019">
        <ele>2380.625</ele>
      </trkpt>
      <trkpt lat="46.14812" lon="6.93027">
        <ele>2381.4375</ele>
      </trkpt>
      <trkpt lat="46.1481" lon="6.93034">
        <ele>2382.1875</ele>
      </trkpt>
      <trkpt lat="46.14811" lon="6.93085">
        <ele>2389.0625</ele>
      </trkpt>
      <trkpt lat="46.14806" lon="6.93091">
        <ele>2390.8125</ele>
      </trkpt>
      <trkpt lat="46.14809" lon="6.93105">
        <ele>2393.0625</ele>
      </trkpt>
      <trkpt lat="46.14807" lon="6.93156">
        <ele>2404.25</ele>
      </trkpt>
      <trkpt lat="46.14811" lon="6.93185">
        <ele>2409.4375</ele>
      </trkpt>
      <trkpt lat="46.14806" lon="6.93193">
        <ele>2412.0625</ele>
      </trkpt>
      <trkpt lat="46.1482" lon="6.9321">
        <ele>2417.6875</ele>
      </trkpt>
      <trkpt lat="46.14828" lon="6.93252">
        <ele>2429.4375</ele>
      </trkpt>
      <trkpt lat="46.14835" lon="6.9327">
        <ele>2433.25</ele>
      </trkpt>
      <trkpt lat="46.14841" lon="6.93275">
        <ele>2435.75</ele>
      </trkpt>
      <trkpt lat="46.14848" lon="6.93362">
        <ele>2453.5625</ele>
      </trkpt>
      <trkpt lat="46.14857" lon="6.93399">
        <ele>2463.4375</ele>
      </trkpt>
      <trkpt lat="46.14855" lon="6.93446">
        <ele>2477.125</ele>
      </trkpt>
      <trkpt lat="46.14858" lon="6.93487">
        <ele>2492.5625</ele>
      </trkpt>
      <trkpt lat="46.14853" lon="6.93487">
        <ele>2493.75</ele>
      </trkpt>
      <trkpt lat="46.14853" lon="6.93497">
        <ele>2498.4375</ele>
      </trkpt>
      <trkpt lat="46.14858" lon="6.93504">
        <ele>2499.6875</ele>
      </trkpt>
      <trkpt lat="46.14861" lon="6.93518">
        <ele>2502.0625</ele>
      </trkpt>
      <trkpt lat="46.14866" lon="6.93524">
        <ele>2505.375</ele>
      </trkpt>
      <trkpt lat="46.14884" lon="6.93587">
        <ele>2520</ele>
      </trkpt>
      <trkpt lat="46.14893" lon="6.93595">
        <ele>2523.1875</ele>
      </trkpt>
      <trkpt lat="46.14901" lon="6.93623">
        <ele>2531.25</ele>
      </trkpt>
      <trkpt lat="46.14878" lon="6.9363">
        <ele>2535</ele>
      </trkpt>
      <trkpt lat="46.14889" lon="6.93644">
        <ele>2532.875</ele>
      </trkpt>
      <trkpt lat="46.14899" lon="6.93638">
        <ele>2533.1875</ele>
      </trkpt>
      <trkpt lat="46.14928" lon="6.93713">
        <ele>2547.875</ele>
      </trkpt>
      <trkpt lat="46.14938" lon="6.93718">
        <ele>2550.5625</ele>
      </trkpt>
      <trkpt lat="46.1494" lon="6.93729">
        <ele>2552.9375</ele>
      </trkpt>
      <trkpt lat="46.14946" lon="6.93732">
        <ele>2555.125</ele>
      </trkpt>
      <trkpt lat="46.14945" lon="6.93757">
        <ele>2558.5625</ele>
      </trkpt>
      <trkpt lat="46.14959" lon="6.93835">
        <ele>2571</ele>
      </trkpt>
      <trkpt lat="46.14979" lon="6.93866">
        <ele>2575.5625</ele>
      </trkpt>
      <trkpt lat="46.1499" lon="6.93875">
        <ele>2577.0625</ele>
      </trkpt>
      <trkpt lat="46.15003" lon="6.93895">
        <ele>2579.5625</ele>
      </trkpt>
      <trkpt lat="46.15011" lon="6.93893">
        <ele>2580</ele>
      </trkpt>
      <trkpt lat="46.15019" lon="6.939">
        <ele>2581.9375</ele>
      </trkpt>
      <trkpt lat="46.15029" lon="6.93921">
        <ele>2582.1875</ele>
      </trkpt>
      <trkpt lat="46.15027" lon="6.93935">
        <ele>2581.9375</ele>
      </trkpt>
      <trkpt lat="46.15019" lon="6.93949">
        <ele>2581.6875</ele>
      </trkpt>
      <trkpt lat="46.15012" lon="6.93954">
        <ele>2582.3125</ele>
      </trkpt>
      <trkpt lat="46.15007" lon="6.93965">
        <ele>2583.4375</ele>
      </trkpt>
      <trkpt lat="46.15005" lon="6.93996">
        <ele>2581.875</ele>
      </trkpt>
      <trkpt lat="46.15001" lon="6.94">
        <ele>2581.5</ele>
      </trkpt>
      <trkpt lat="46.14996" lon="6.94035">
        <ele>2580.125</ele>
      </trkpt>
      <trkpt lat="46.14994" lon="6.94112">
        <ele>2573.625</ele>
      </trkpt>
      <trkpt lat="46.14987" lon="6.94125">
        <ele>2569.9375</ele>
      </trkpt>
      <trkpt lat="46.1498" lon="6.94129">
        <ele>2569.125</ele>
      </trkpt>
      <trkpt lat="46.14977" lon="6.94162">
        <ele>2562.3125</ele>
      </trkpt>
      <trkpt lat="46.14973" lon="6.94163">
        <ele>2562.3125</ele>
      </trkpt>
      <trkpt lat="46.14983" lon="6.94173">
        <ele>2562.3125</ele>
      </trkpt>
      <trkpt lat="46.14981" lon="6.94219">
        <ele>2564.625</ele>
      </trkpt>
      <trkpt lat="46.14978" lon="6.94226">
        <ele>2564.3125</ele>
      </trkpt>
      <trkpt lat="46.14978" lon="6.9425">
        <ele>2565.0625</ele>
      </trkpt>
      <trkpt lat="46.14982" lon="6.9427">
        <ele>2565.5</ele>
      </trkpt>
      <trkpt lat="46.14992" lon="6.94279">
        <ele>2564.875</ele>
      </trkpt>
      <trkpt lat="46.14969" lon="6.94273">
        <ele>2565.5625</ele>
      </trkpt>
      <trkpt lat="46.14966" lon="6.9429">
        <ele>2565.5</ele>
      </trkpt>
      <trkpt lat="46.14974" lon="6.94308">
        <ele>2564.875</ele>
      </trkpt>
      <trkpt lat="46.14973" lon="6.94315">
        <ele>2565.3125</ele>
      </trkpt>
      <trkpt lat="46.14978" lon="6.94318">
        <ele>2565.8125</ele>
      </trkpt>
      <trkpt lat="46.14979" lon="6.94328">
        <ele>2566.375</ele>
      </trkpt>
      <trkpt lat="46.14989" lon="6.94348">
        <ele>2568.125</ele>
      </trkpt>
      <trkpt lat="46.14994" lon="6.94369">
        <ele>2565.625</ele>
      </trkpt>
      <trkpt lat="46.14997" lon="6.94366">
        <ele>2565.5625</ele>
      </trkpt>
      <trkpt lat="46.15005" lon="6.94378">
        <ele>2566.5</ele>
      </trkpt>
      <trkpt lat="46.15005" lon="6.94387">
        <ele>2566.9375</ele>
      </trkpt>
      <trkpt lat="46.15" lon="6.94392">
        <ele>2567.3125</ele>
      </trkpt>
      <trkpt lat="46.14986" lon="6.94394">
        <ele>2569</ele>
      </trkpt>
      <trkpt lat="46.15023" lon="6.94484">
        <ele>2564.625</ele>
      </trkpt>
      <trkpt lat="46.15022" lon="6.94507">
        <ele>2567.5625</ele>
      </trkpt>
      <trkpt lat="46.15018" lon="6.94512">
        <ele>2569.75</ele>
      </trkpt>
      <trkpt lat="46.15012" lon="6.94543">
        <ele>2574.375</ele>
      </trkpt>
      <trkpt lat="46.15071" lon="6.94523">
        <ele>2576.875</ele>
      </trkpt>
      <trkpt lat="46.15084" lon="6.94529">
        <ele>2577.9375</ele>
      </trkpt>
      <trkpt lat="46.15088" lon="6.94537">
        <ele>2579.375</ele>
      </trkpt>
      <trkpt lat="46.15094" lon="6.94568">
        <ele>2581.125</ele>
      </trkpt>
      <trkpt lat="46.15092" lon="6.94596">
        <ele>2580.375</ele>
      </trkpt>
      <trkpt lat="46.15095" lon="6.94604">
        <ele>2579.3125</ele>
      </trkpt>
      <trkpt lat="46.15094" lon="6.94618">
        <ele>2578.3125</ele>
      </trkpt>
      <trkpt lat="46.15083" lon="6.94639">
        <ele>2576.875</ele>
      </trkpt>
      <trkpt lat="46.15075" lon="6.94647">
        <ele>2574.9375</ele>
      </trkpt>
      <trkpt lat="46.15067" lon="6.94666">
        <ele>2576.375</ele>
      </trkpt>
      <trkpt lat="46.15068" lon="6.94672">
        <ele>2576.9375</ele>
      </trkpt>
      <trkpt lat="46.15063" lon="6.94678">
        <ele>2577.5625</ele>
      </trkpt>
      <trkpt lat="46.15067" lon="6.94685">
        <ele>2579.125</ele>
      </trkpt>
      <trkpt lat="46.15065" lon="6.9469">
        <ele>2580.375</ele>
      </trkpt>
      <trkpt lat="46.15062" lon="6.94687">
        <ele>2578.5625</ele>
      </trkpt>
      <trkpt lat="46.15055" lon="6.94693">
        <ele>2577.6875</ele>
      </trkpt>
      <trkpt lat="46.1505" lon="6.94708">
        <ele>2578</ele>
      </trkpt>
      <trkpt lat="46.1505" lon="6.94703">
        <ele>2576.8125</ele>
      </trkpt>
      <trkpt lat="46.15052" lon="6.94709">
        <ele>2576.875</ele>
      </trkpt>
      <trkpt lat="46.15042" lon="6.94724">
        <ele>2578.3125</ele>
      </trkpt>
      <trkpt lat="46.15042" lon="6.94737">
        <ele>2576.0625</ele>
      </trkpt>
      <trkpt lat="46.15039" lon="6.94742">
        <ele>2574.1875</ele>
      </trkpt>
      <trkpt lat="46.15042" lon="6.94765">
        <ele>2573.8125</ele>
      </trkpt>
      <trkpt lat="46.15016" lon="6.94809">
        <ele>2583.8125</ele>
      </trkpt>
      <trkpt lat="46.15002" lon="6.94809">
        <ele>2572.875</ele>
      </trkpt>
      <trkpt lat="46.15004" lon="6.94812">
        <ele>2574.375</ele>
      </trkpt>
      <trkpt lat="46.14988" lon="6.94824">
        <ele>2576.5</ele>
      </trkpt>
      <trkpt lat="46.14997" lon="6.94819">
        <ele>2574.375</ele>
      </trkpt>
      <trkpt lat="46.14995" lon="6.94819">
        <ele>2566.6875</ele>
      </trkpt>
      <trkpt lat="46.14997" lon="6.94825">
        <ele>2566.375</ele>
      </trkpt>
      <trkpt lat="46.14994" lon="6.94843">
        <ele>2560.75</ele>
      </trkpt>
      <trkpt lat="46.1499" lon="6.94838">
        <ele>2555.9375</ele>
      </trkpt>
      <trkpt lat="46.14993" lon="6.94836">
        <ele>2558.1875</ele>
      </trkpt>
      <trkpt lat="46.14973" lon="6.94833">
        <ele>2551.8125</ele>
      </trkpt>
      <trkpt lat="46.1497" lon="6.94838">
        <ele>2550.6875</ele>
      </trkpt>
      <trkpt lat="46.14974" lon="6.94841">
        <ele>2550.25</ele>
      </trkpt>
      <trkpt lat="46.14974" lon="6.94834">
        <ele>2545.5</ele>
      </trkpt>
      <trkpt lat="46.14983" lon="6.9483">
        <ele>2545.25</ele>
      </trkpt>
      <trkpt lat="46.14982" lon="6.94826">
        <ele>2538.875</ele>
      </trkpt>
      <trkpt lat="46.14967" lon="6.94837">
        <ele>2523.8125</ele>
      </trkpt>
      <trkpt lat="46.14965" lon="6.94843">
        <ele>2520.125</ele>
      </trkpt>
      <trkpt lat="46.14961" lon="6.94839">
        <ele>2516.9375</ele>
      </trkpt>
      <trkpt lat="46.14956" lon="6.94846">
        <ele>2511.9375</ele>
      </trkpt>
      <trkpt lat="46.14951" lon="6.94844">
        <ele>2503.625</ele>
      </trkpt>
      <trkpt lat="46.14949" lon="6.9484">
        <ele>2500.3125</ele>
      </trkpt>
      <trkpt lat="46.14938" lon="6.94852">
        <ele>2495.625</ele>
      </trkpt>
      <trkpt lat="46.14935" lon="6.94846">
        <ele>2489.875</ele>
      </trkpt>
      <trkpt lat="46.14926" lon="6.94852">
        <ele>2484.125</ele>
      </trkpt>
      <trkpt lat="46.14915" lon="6.94847">
        <ele>2473.1875</ele>
      </trkpt>
      <trkpt lat="46.14906" lon="6.94853">
        <ele>2464.3125</ele>
      </trkpt>
      <trkpt lat="46.14898" lon="6.94845">
        <ele>2451.1875</ele>
      </trkpt>
      <trkpt lat="46.14902" lon="6.94837">
        <ele>2441.75</ele>
      </trkpt>
      <trkpt lat="46.14904" lon="6.94842">
        <ele>2438.125</ele>
      </trkpt>
      <trkpt lat="46.14902" lon="6.94832">
        <ele>2425.0625</ele>
      </trkpt>
      <trkpt lat="46.14895" lon="6.9483">
        <ele>2416.375</ele>
      </trkpt>
      <trkpt lat="46.14892" lon="6.94815">
        <ele>2400.0625</ele>
      </trkpt>
      <trkpt lat="46.14878" lon="6.948">
        <ele>2375.375</ele>
      </trkpt>
      <trkpt lat="46.1488" lon="6.94793">
        <ele>2365.1875</ele>
      </trkpt>
      <trkpt lat="46.14881" lon="6.94798">
        <ele>2359.5625</ele>
      </trkpt>
      <trkpt lat="46.14853" lon="6.94781">
        <ele>2316.875</ele>
      </trkpt>
      <trkpt lat="46.1485" lon="6.94769">
        <ele>2308</ele>
      </trkpt>
      <trkpt lat="46.14846" lon="6.94769">
        <ele>2302.625</ele>
      </trkpt>
      <trkpt lat="46.14853" lon="6.94776">
        <ele>2293.5625</ele>
      </trkpt>
      <trkpt lat="46.14846" lon="6.94772">
        <ele>2272.6875</ele>
      </trkpt>
      <trkpt lat="46.14837" lon="6.94756">
        <ele>2248.1875</ele>
      </trkpt>
      <trkpt lat="46.14842" lon="6.94742">
        <ele>2224.125</ele>
      </trkpt>
      <trkpt lat="46.14841" lon="6.94734">
        <ele>2216.75</ele>
      </trkpt>
      <trkpt lat="46.14841" lon="6.94766">
        <ele>2192.3125</ele>
      </trkpt>
      <trkpt lat="46.14852" lon="6.94794">
        <ele>2180.3125</ele>
      </trkpt>
      <trkpt lat="46.14856" lon="6.94794">
        <ele>2180.0625</ele>
      </trkpt>
      <trkpt lat="46.14858" lon="6.94803">
        <ele>2178.4375</ele>
      </trkpt>
      <trkpt lat="46.14864" lon="6.94798">
        <ele>2176.0625</ele>
      </trkpt>
      <trkpt lat="46.14857" lon="6.94802">
        <ele>2173.5625</ele>
      </trkpt>
      <trkpt lat="46.14861" lon="6.9481">
        <ele>2170.25</ele>
      </trkpt>
      <trkpt lat="46.14849" lon="6.94814">
        <ele>2162.375</ele>
      </trkpt>
      <trkpt lat="46.14848" lon="6.9482">
        <ele>2160</ele>
      </trkpt>
      <trkpt lat="46.14839" lon="6.94822">
        <ele>2155.875</ele>
      </trkpt>
      <trkpt lat="46.14841" lon="6.94827">
        <ele>2155.4375</ele>
      </trkpt>
      <trkpt lat="46.14848" lon="6.94827">
        <ele>2154.8125</ele>
      </trkpt>
      <trkpt lat="46.14864" lon="6.94801">
        <ele>2151.0625</ele>
      </trkpt>
      <trkpt lat="46.14844" lon="6.94808">
        <ele>2148.3125</ele>
      </trkpt>
      <trkpt lat="46.14838" lon="6.94824">
        <ele>2145.375</ele>
      </trkpt>
      <trkpt lat="46.14829" lon="6.94833">
        <ele>2143.25</ele>
      </trkpt>
      <trkpt lat="46.14829" lon="6.94824">
        <ele>2142.3125</ele>
      </trkpt>
      <trkpt lat="46.14784" lon="6.94826">
        <ele>2136.75</ele>
      </trkpt>
      <trkpt lat="46.14787" lon="6.9483">
        <ele>2136.3125</ele>
      </trkpt>
      <trkpt lat="46.14835" lon="6.9482">
        <ele>2133.75</ele>
      </trkpt>
      <trkpt lat="46.14816" lon="6.94827">
        <ele>2127.1875</ele>
      </trkpt>
      <trkpt lat="46.14834" lon="6.94827">
        <ele>2124.6875</ele>
      </trkpt>
      <trkpt lat="46.14835" lon="6.94804">
        <ele>2121.8125</ele>
      </trkpt>
      <trkpt lat="46.14829" lon="6.94808">
        <ele>2118.6875</ele>
      </trkpt>
      <trkpt lat="46.14828" lon="6.94821">
        <ele>2115.6875</ele>
      </trkpt>
      <trkpt lat="46.14814" lon="6.94836">
        <ele>2111.625</ele>
      </trkpt>
      <trkpt lat="46.14796" lon="6.94864">
        <ele>2105.1875</ele>
      </trkpt>
      <trkpt lat="46.14765" lon="6.94893">
        <ele>2097.625</ele>
      </trkpt>
      <trkpt lat="46.14755" lon="6.94911">
        <ele>2096.5625</ele>
      </trkpt>
      <trkpt lat="46.14756" lon="6.94917">
        <ele>2096.5</ele>
      </trkpt>
      <trkpt lat="46.14752" lon="6.94927">
        <ele>2094.25</ele>
      </trkpt>
      <trkpt lat="46.14759" lon="6.94932">
        <ele>2090.625</ele>
      </trkpt>
      <trkpt lat="46.1475" lon="6.94934">
        <ele>2089.375</ele>
      </trkpt>
      <trkpt lat="46.14749" lon="6.94938">
        <ele>2088.375</ele>
      </trkpt>
      <trkpt lat="46.1472" lon="6.94935">
        <ele>2085.5625</ele>
      </trkpt>
      <trkpt lat="46.1471" lon="6.94938">
        <ele>2085.6875</ele>
      </trkpt>
      <trkpt lat="46.14713" lon="6.94943">
        <ele>2085.5625</ele>
      </trkpt>
      <trkpt lat="46.1471" lon="6.9494">
        <ele>2085.0625</ele>
      </trkpt>
      <trkpt lat="46.14717" lon="6.9494">
        <ele>2083.8125</ele>
      </trkpt>
      <trkpt lat="46.14711" lon="6.9494">
        <ele>2079.6875</ele>
      </trkpt>
      <trkpt lat="46.14707" lon="6.94949">
        <ele>2078.625</ele>
      </trkpt>
      <trkpt lat="46.14579" lon="6.94887">
        <ele>2073.5625</ele>
      </trkpt>
      <trkpt lat="46.14571" lon="6.9489">
        <ele>2072.5</ele>
      </trkpt>
      <trkpt lat="46.14574" lon="6.94892">
        <ele>2068.875</ele>
      </trkpt>
      <trkpt lat="46.1457" lon="6.94899">
        <ele>2066.5</ele>
      </trkpt>
      <trkpt lat="46.14573" lon="6.94907">
        <ele>2062.75</ele>
      </trkpt>
      <trkpt lat="46.14593" lon="6.94892">
        <ele>2041.96875</ele>
      </trkpt>
      <trkpt lat="46.14582" lon="6.94918">
        <ele>2025.625</ele>
      </trkpt>
      <trkpt lat="46.14578" lon="6.94918">
        <ele>2020.03125</ele>
      </trkpt>
      <trkpt lat="46.14579" lon="6.94915">
        <ele>2015.8125</ele>
      </trkpt>
      <trkpt lat="46.14573" lon="6.94912">
        <ele>2005.0625</ele>
      </trkpt>
      <trkpt lat="46.14594" lon="6.94901">
        <ele>1980.84375</ele>
      </trkpt>
      <trkpt lat="46.14595" lon="6.94904">
        <ele>1978.25</ele>
      </trkpt>
      <trkpt lat="46.14602" lon="6.94898">
        <ele>1964.40625</ele>
      </trkpt>
      <trkpt lat="46.14608" lon="6.94913">
        <ele>1944.6875</ele>
      </trkpt>
      <trkpt lat="46.14603" lon="6.94952">
        <ele>1931.625</ele>
      </trkpt>
      <trkpt lat="46.14582" lon="6.95004">
        <ele>1931.28125</ele>
      </trkpt>
      <trkpt lat="46.14567" lon="6.95027">
        <ele>1931.3125</ele>
      </trkpt>
      <trkpt lat="46.14556" lon="6.95066">
        <ele>1931.1875</ele>
      </trkpt>
      <trkpt lat="46.14545" lon="6.95091">
        <ele>1928.4375</ele>
      </trkpt>
      <trkpt lat="46.14516" lon="6.95216">
        <ele>1932.53125</ele>
      </trkpt>
      <trkpt lat="46.14515" lon="6.95241">
        <ele>1935.28125</ele>
      </trkpt>
      <trkpt lat="46.14506" lon="6.95282">
        <ele>1930.75</ele>
      </trkpt>
      <trkpt lat="46.14509" lon="6.95291">
        <ele>1933.375</ele>
      </trkpt>
      <trkpt lat="46.14515" lon="6.95294">
        <ele>1933.09375</ele>
      </trkpt>
      <trkpt lat="46.1452" lon="6.95303">
        <ele>1932.46875</ele>
      </trkpt>
      <trkpt lat="46.14522" lon="6.95321">
        <ele>1933.0625</ele>
      </trkpt>
      <trkpt lat="46.14505" lon="6.95339">
        <ele>1925.03125</ele>
      </trkpt>
      <trkpt lat="46.1447" lon="6.95356">
        <ele>1922.28125</ele>
      </trkpt>
      <trkpt lat="46.14453" lon="6.95371">
        <ele>1921.125</ele>
      </trkpt>
      <trkpt lat="46.14438" lon="6.95377">
        <ele>1920.125</ele>
      </trkpt>
      <trkpt lat="46.14463" lon="6.95352">
        <ele>1920.4375</ele>
      </trkpt>
      <trkpt lat="46.14502" lon="6.9534">
        <ele>1919.84375</ele>
      </trkpt>
      <trkpt lat="46.14507" lon="6.95336">
        <ele>1919.75</ele>
      </trkpt>
      <trkpt lat="46.14524" lon="6.95334">
        <ele>1919.3125</ele>
      </trkpt>
      <trkpt lat="46.14529" lon="6.95327">
        <ele>1919.15625</ele>
      </trkpt>
      <trkpt lat="46.1454" lon="6.95329">
        <ele>1921.75</ele>
      </trkpt>
      <trkpt lat="46.14546" lon="6.9534">
        <ele>1925.46875</ele>
      </trkpt>
      <trkpt lat="46.14542" lon="6.95371">
        <ele>1927.96875</ele>
      </trkpt>
      <trkpt lat="46.14535" lon="6.95374">
        <ele>1929.59375</ele>
      </trkpt>
      <trkpt lat="46.14526" lon="6.95395">
        <ele>1932.96875</ele>
      </trkpt>
      <trkpt lat="46.14524" lon="6.95411">
        <ele>1933.375</ele>
      </trkpt>
      <trkpt lat="46.1451" lon="6.95423">
        <ele>1935.15625</ele>
      </trkpt>
      <trkpt lat="46.14516" lon="6.95428">
        <ele>1935.09375</ele>
      </trkpt>
      <trkpt lat="46.14523" lon="6.95426">
        <ele>1935.1875</ele>
      </trkpt>
      <trkpt lat="46.14531" lon="6.9544">
        <ele>1936.1875</ele>
      </trkpt>
      <trkpt lat="46.14531" lon="6.95453">
        <ele>1936.5625</ele>
      </trkpt>
      <trkpt lat="46.14518" lon="6.95463">
        <ele>1939.90625</ele>
      </trkpt>
      <trkpt lat="46.14511" lon="6.95481">
        <ele>1938.65625</ele>
      </trkpt>
      <trkpt lat="46.14518" lon="6.95488">
        <ele>1940.625</ele>
      </trkpt>
      <trkpt lat="46.14534" lon="6.95486">
        <ele>1945.25</ele>
      </trkpt>
      <trkpt lat="46.14533" lon="6.95483">
        <ele>1945.9375</ele>
      </trkpt>
      <trkpt lat="46.14537" lon="6.95487">
        <ele>1946.9375</ele>
      </trkpt>
      <trkpt lat="46.14543" lon="6.9548">
        <ele>1946.9375</ele>
      </trkpt>
      <trkpt lat="46.14552" lon="6.95481">
        <ele>1946.96875</ele>
      </trkpt>
      <trkpt lat="46.14551" lon="6.95479">
        <ele>1947.53125</ele>
      </trkpt>
      <trkpt lat="46.14573" lon="6.95472">
        <ele>1948.78125</ele>
      </trkpt>
      <trkpt lat="46.14579" lon="6.95488">
        <ele>1946.40625</ele>
      </trkpt>
      <trkpt lat="46.14616" lon="6.95506">
        <ele>1944.1875</ele>
      </trkpt>
      <trkpt lat="46.14624" lon="6.95515">
        <ele>1943.53125</ele>
      </trkpt>
      <trkpt lat="46.14626" lon="6.95511">
        <ele>1943.21875</ele>
      </trkpt>
      <trkpt lat="46.14635" lon="6.95518">
        <ele>1944.78125</ele>
      </trkpt>
      <trkpt lat="46.14631" lon="6.95515">
        <ele>1943.5625</ele>
      </trkpt>
      <trkpt lat="46.14635" lon="6.95519">
        <ele>1943.625</ele>
      </trkpt>
      <trkpt lat="46.14627" lon="6.95526">
        <ele>1942.5</ele>
      </trkpt>
      <trkpt lat="46.14616" lon="6.95523">
        <ele>1942.375</ele>
      </trkpt>
      <trkpt lat="46.14608" lon="6.95528">
        <ele>1941.09375</ele>
      </trkpt>
      <trkpt lat="46.14598" lon="6.95556">
        <ele>1936.78125</ele>
      </trkpt>
      <trkpt lat="46.14587" lon="6.95567">
        <ele>1935.53125</ele>
      </trkpt>
      <trkpt lat="46.14578" lon="6.95565">
        <ele>1935.03125</ele>
      </trkpt>
      <trkpt lat="46.14553" lon="6.95578">
        <ele>1935.0625</ele>
      </trkpt>
      <trkpt lat="46.14543" lon="6.9559">
        <ele>1932.125</ele>
      </trkpt>
      <trkpt lat="46.1454" lon="6.95607">
        <ele>1928.625</ele>
      </trkpt>
      <trkpt lat="46.14533" lon="6.95608">
        <ele>1926.59375</ele>
      </trkpt>
      <trkpt lat="46.14525" lon="6.95623">
        <ele>1925.21875</ele>
      </trkpt>
      <trkpt lat="46.14526" lon="6.95639">
        <ele>1924.71875</ele>
      </trkpt>
      <trkpt lat="46.14521" lon="6.95646">
        <ele>1922.34375</ele>
      </trkpt>
      <trkpt lat="46.14513" lon="6.9568">
        <ele>1923.4375</ele>
      </trkpt>
      <trkpt lat="46.14508" lon="6.9568">
        <ele>1921.5</ele>
      </trkpt>
      <trkpt lat="46.14518" lon="6.95701">
        <ele>1923.78125</ele>
      </trkpt>
      <trkpt lat="46.14539" lon="6.95704">
        <ele>1923.90625</ele>
      </trkpt>
      <trkpt lat="46.14556" lon="6.95719">
        <ele>1924.3125</ele>
      </trkpt>
      <trkpt lat="46.14564" lon="6.9574">
        <ele>1925.21875</ele>
      </trkpt>
      <trkpt lat="46.14572" lon="6.95743">
        <ele>1926.71875</ele>
      </trkpt>
      <trkpt lat="46.14578" lon="6.95755">
        <ele>1925.5</ele>
      </trkpt>
      <trkpt lat="46.14596" lon="6.95769">
        <ele>1925.46875</ele>
      </trkpt>
      <trkpt lat="46.146" lon="6.95777">
        <ele>1924.21875</ele>
      </trkpt>
      <trkpt lat="46.14633" lon="6.95801">
        <ele>1926.84375</ele>
      </trkpt>
      <trkpt lat="46.14652" lon="6.95807">
        <ele>1927.4375</ele>
      </trkpt>
      <trkpt lat="46.14667" lon="6.95822">
        <ele>1926.125</ele>
      </trkpt>
      <trkpt lat="46.14678" lon="6.95825">
        <ele>1925.59375</ele>
      </trkpt>
      <trkpt lat="46.14678" lon="6.95841">
        <ele>1925.59375</ele>
      </trkpt>
      <trkpt lat="46.14673" lon="6.95842">
        <ele>1924.65625</ele>
      </trkpt>
      <trkpt lat="46.14664" lon="6.95857">
        <ele>1920.125</ele>
      </trkpt>
      <trkpt lat="46.14661" lon="6.95898">
        <ele>1920.21875</ele>
      </trkpt>
      <trkpt lat="46.14664" lon="6.95945">
        <ele>1923.9375</ele>
      </trkpt>
      <trkpt lat="46.14661" lon="6.9594">
        <ele>1924.0625</ele>
      </trkpt>
      <trkpt lat="46.14658" lon="6.95944">
        <ele>1924.84375</ele>
      </trkpt>
      <trkpt lat="46.1466" lon="6.95945">
        <ele>1925.03125</ele>
      </trkpt>
      <trkpt lat="46.14655" lon="6.95943">
        <ele>1925</ele>
      </trkpt>
      <trkpt lat="46.14659" lon="6.9594">
        <ele>1925.03125</ele>
      </trkpt>
      <trkpt lat="46.1466" lon="6.95933">
        <ele>1924.96875</ele>
      </trkpt>
      <trkpt lat="46.14658" lon="6.95942">
        <ele>1924.96875</ele>
      </trkpt>
      <trkpt lat="46.14653" lon="6.95935">
        <ele>1924.96875</ele>
      </trkpt>
      <trkpt lat="46.14655" lon="6.95933">
        <ele>1925</ele>
      </trkpt>
      <trkpt lat="46.14655" lon="6.95939">
        <ele>1925.125</ele>
      </trkpt>
      <trkpt lat="46.14649" lon="6.95934">
        <ele>1925.21875</ele>
      </trkpt>
      <trkpt lat="46.14648" lon="6.95925">
        <ele>1925.28125</ele>
      </trkpt>
      <trkpt lat="46.14653" lon="6.95922">
        <ele>1925.40625</ele>
      </trkpt>
      <trkpt lat="46.14655" lon="6.95944">
        <ele>1925.53125</ele>
      </trkpt>
      <trkpt lat="46.14651" lon="6.95942">
        <ele>1925.59375</ele>
      </trkpt>
      <trkpt lat="46.14653" lon="6.95927">
        <ele>1925.40625</ele>
      </trkpt>
      <trkpt lat="46.14654" lon="6.9593">
        <ele>1925.75</ele>
      </trkpt>
      <trkpt lat="46.14647" lon="6.95931">
        <ele>1926.03125</ele>
      </trkpt>
      <trkpt lat="46.1465" lon="6.95939">
        <ele>1926.25</ele>
      </trkpt>
      <trkpt lat="46.14643" lon="6.95941">
        <ele>1926.25</ele>
      </trkpt>
      <trkpt lat="46.14649" lon="6.95955">
        <ele>1926.9375</ele>
      </trkpt>
      <trkpt lat="46.14643" lon="6.95977">
        <ele>1926.59375</ele>
      </trkpt>
      <trkpt lat="46.14653" lon="6.96017">
        <ele>1924.4375</ele>
      </trkpt>
      <trkpt lat="46.14663" lon="6.96028">
        <ele>1924.1875</ele>
      </trkpt>
      <trkpt lat="46.14663" lon="6.96055">
        <ele>1920.90625</ele>
      </trkpt>
      <trkpt lat="46.14667" lon="6.96063">
        <ele>1919.875</ele>
      </trkpt>
      <trkpt lat="46.14664" lon="6.96075">
        <ele>1919.40625</ele>
      </trkpt>
      <trkpt lat="46.14671" lon="6.96109">
        <ele>1921.46875</ele>
      </trkpt>
      <trkpt lat="46.14671" lon="6.96127">
        <ele>1924.84375</ele>
      </trkpt>
      <trkpt lat="46.14676" lon="6.96148">
        <ele>1924.90625</ele>
      </trkpt>
      <trkpt lat="46.14674" lon="6.96176">
        <ele>1930.34375</ele>
      </trkpt>
      <trkpt lat="46.14669" lon="6.96183">
        <ele>1931.96875</ele>
      </trkpt>
      <trkpt lat="46.14673" lon="6.96191">
        <ele>1935.625</ele>
      </trkpt>
      <trkpt lat="46.14662" lon="6.96217">
        <ele>1936.75</ele>
      </trkpt>
      <trkpt lat="46.1466" lon="6.96239">
        <ele>1937.09375</ele>
      </trkpt>
      <trkpt lat="46.14666" lon="6.96282">
        <ele>1939.3125</ele>
      </trkpt>
      <trkpt lat="46.14666" lon="6.96341">
        <ele>1941.3125</ele>
      </trkpt>
      <trkpt lat="46.14674" lon="6.96355">
        <ele>1942.21875</ele>
      </trkpt>
      <trkpt lat="46.14668" lon="6.9637">
        <ele>1943.0625</ele>
      </trkpt>
      <trkpt lat="46.14667" lon="6.96425">
        <ele>1945.9375</ele>
      </trkpt>
      <trkpt lat="46.14663" lon="6.96435">
        <ele>1945.34375</ele>
      </trkpt>
      <trkpt lat="46.14662" lon="6.96463">
        <ele>1944.21875</ele>
      </trkpt>
      <trkpt lat="46.14672" lon="6.96499">
        <ele>1943.5625</ele>
      </trkpt>
      <trkpt lat="46.14667" lon="6.9652">
        <ele>1941.5625</ele>
      </trkpt>
      <trkpt lat="46.1467" lon="6.96574">
        <ele>1941.78125</ele>
      </trkpt>
      <trkpt lat="46.14665" lon="6.96593">
        <ele>1944.78125</ele>
      </trkpt>
      <trkpt lat="46.14668" lon="6.96643">
        <ele>1949.75</ele>
      </trkpt>
      <trkpt lat="46.14672" lon="6.96664">
        <ele>1951.21875</ele>
      </trkpt>
      <trkpt lat="46.14654" lon="6.96739">
        <ele>1955.75</ele>
      </trkpt>
      <trkpt lat="46.14632" lon="6.96766">
        <ele>1954.53125</ele>
      </trkpt>
      <trkpt lat="46.14632" lon="6.96809">
        <ele>1955.46875</ele>
      </trkpt>
      <trkpt lat="46.14638" lon="6.96819">
        <ele>1957.34375</ele>
      </trkpt>
      <trkpt lat="46.14643" lon="6.96842">
        <ele>1959.9375</ele>
      </trkpt>
      <trkpt lat="46.14639" lon="6.96851">
        <ele>1960.09375</ele>
      </trkpt>
      <trkpt lat="46.1464" lon="6.96859">
        <ele>1960.375</ele>
      </trkpt>
      <trkpt lat="46.14634" lon="6.96891">
        <ele>1960.84375</ele>
      </trkpt>
      <trkpt lat="46.14628" lon="6.96905">
        <ele>1962.6875</ele>
      </trkpt>
      <trkpt lat="46.14614" lon="6.96964">
        <ele>1965.375</ele>
      </trkpt>
      <trkpt lat="46.14616" lon="6.96982">
        <ele>1965.59375</ele>
      </trkpt>
      <trkpt lat="46.14613" lon="6.96996">
        <ele>1964.6875</ele>
      </trkpt>
      <trkpt lat="46.14616" lon="6.9703">
        <ele>1962.9375</ele>
      </trkpt>
      <trkpt lat="46.14614" lon="6.97036">
        <ele>1961.90625</ele>
      </trkpt>
      <trkpt lat="46.14576" lon="6.97066">
        <ele>1953.65625</ele>
      </trkpt>
      <trkpt lat="46.14552" lon="6.9706">
        <ele>1948.21875</ele>
      </trkpt>
      <trkpt lat="46.14541" lon="6.97062">
        <ele>1947.8125</ele>
      </trkpt>
      <trkpt lat="46.14545" lon="6.97065">
        <ele>1949.40625</ele>
      </trkpt>
      <trkpt lat="46.14544" lon="6.97061">
        <ele>1950.8125</ele>
      </trkpt>
      <trkpt lat="46.145" lon="6.97044">
        <ele>1952.1875</ele>
      </trkpt>
      <trkpt lat="46.14491" lon="6.97037">
        <ele>1951.375</ele>
      </trkpt>
      <trkpt lat="46.14478" lon="6.97034">
        <ele>1951.40625</ele>
      </trkpt>
      <trkpt lat="46.14441" lon="6.97006">
        <ele>1952.65625</ele>
      </trkpt>
      <trkpt lat="46.1443" lon="6.97008">
        <ele>1952.28125</ele>
      </trkpt>
      <trkpt lat="46.14414" lon="6.97001">
        <ele>1952.9375</ele>
      </trkpt>
      <trkpt lat="46.14369" lon="6.96994">
        <ele>1954.09375</ele>
      </trkpt>
      <trkpt lat="46.14346" lon="6.96969">
        <ele>1948.5625</ele>
      </trkpt>
      <trkpt lat="46.14345" lon="6.96963">
        <ele>1945.875</ele>
      </trkpt>
      <trkpt lat="46.14313" lon="6.96929">
        <ele>1938.21875</ele>
      </trkpt>
      <trkpt lat="46.14283" lon="6.96909">
        <ele>1940.6875</ele>
      </trkpt>
      <trkpt lat="46.1428" lon="6.96916">
        <ele>1938.84375</ele>
      </trkpt>
      <trkpt lat="46.14289" lon="6.96945">
        <ele>1929.6875</ele>
      </trkpt>
      <trkpt lat="46.1428" lon="6.96946">
        <ele>1929.34375</ele>
      </trkpt>
      <trkpt lat="46.14266" lon="6.96907">
        <ele>1923.75</ele>
      </trkpt>
      <trkpt lat="46.14267" lon="6.96888">
        <ele>1925.15625</ele>
      </trkpt>
      <trkpt lat="46.14262" lon="6.96888">
        <ele>1923.34375</ele>
      </trkpt>
      <trkpt lat="46.14241" lon="6.96872">
        <ele>1917.625</ele>
      </trkpt>
      <trkpt lat="46.1423" lon="6.96857">
        <ele>1916.46875</ele>
      </trkpt>
      <trkpt lat="46.1423" lon="6.96839">
        <ele>1917.5625</ele>
      </trkpt>
      <trkpt lat="46.14224" lon="6.96814">
        <ele>1917.28125</ele>
      </trkpt>
      <trkpt lat="46.14213" lon="6.968">
        <ele>1917.3125</ele>
      </trkpt>
      <trkpt lat="46.14203" lon="6.96799">
        <ele>1916.90625</ele>
      </trkpt>
      <trkpt lat="46.14195" lon="6.96785">
        <ele>1915.21875</ele>
      </trkpt>
      <trkpt lat="46.14196" lon="6.96779">
        <ele>1914.375</ele>
      </trkpt>
      <trkpt lat="46.14178" lon="6.9676">
        <ele>1910.71875</ele>
      </trkpt>
      <trkpt lat="46.14177" lon="6.96754">
        <ele>1910.15625</ele>
      </trkpt>
      <trkpt lat="46.14169" lon="6.96748">
        <ele>1908.78125</ele>
      </trkpt>
      <trkpt lat="46.14157" lon="6.96749">
        <ele>1908.28125</ele>
      </trkpt>
      <trkpt lat="46.14147" lon="6.96744">
        <ele>1907.84375</ele>
      </trkpt>
      <trkpt lat="46.14138" lon="6.96756">
        <ele>1907.46875</ele>
      </trkpt>
      <trkpt lat="46.14131" lon="6.96751">
        <ele>1907.15625</ele>
      </trkpt>
      <trkpt lat="46.14134" lon="6.96728">
        <ele>1907.875</ele>
      </trkpt>
      <trkpt lat="46.14129" lon="6.96716">
        <ele>1909</ele>
      </trkpt>
      <trkpt lat="46.14115" lon="6.96744">
        <ele>1910.75</ele>
      </trkpt>
      <trkpt lat="46.14114" lon="6.96741">
        <ele>1911.78125</ele>
      </trkpt>
      <trkpt lat="46.14098" lon="6.96756">
        <ele>1913.53125</ele>
      </trkpt>
      <trkpt lat="46.14097" lon="6.96769">
        <ele>1914.84375</ele>
      </trkpt>
      <trkpt lat="46.14092" lon="6.96782">
        <ele>1915.59375</ele>
      </trkpt>
      <trkpt lat="46.14092" lon="6.96817">
        <ele>1920.1875</ele>
      </trkpt>
      <trkpt lat="46.14101" lon="6.96822">
        <ele>1922.125</ele>
      </trkpt>
      <trkpt lat="46.14095" lon="6.96838">
        <ele>1926.8125</ele>
      </trkpt>
      <trkpt lat="46.14103" lon="6.96843">
        <ele>1927.84375</ele>
      </trkpt>
      <trkpt lat="46.14142" lon="6.96842">
        <ele>1931</ele>
      </trkpt>
      <trkpt lat="46.14142" lon="6.96836">
        <ele>1932.25</ele>
      </trkpt>
      <trkpt lat="46.14137" lon="6.96838">
        <ele>1932.75</ele>
      </trkpt>
      <trkpt lat="46.14137" lon="6.96852">
        <ele>1933.71875</ele>
      </trkpt>
      <trkpt lat="46.14141" lon="6.96858">
        <ele>1934.21875</ele>
      </trkpt>
      <trkpt lat="46.14158" lon="6.9685">
        <ele>1935.78125</ele>
      </trkpt>
      <trkpt lat="46.14147" lon="6.96889">
        <ele>1941.28125</ele>
      </trkpt>
      <trkpt lat="46.14141" lon="6.96897">
        <ele>1942.0625</ele>
      </trkpt>
      <trkpt lat="46.14145" lon="6.96906">
        <ele>1942.90625</ele>
      </trkpt>
      <trkpt lat="46.14173" lon="6.96891">
        <ele>1944.9375</ele>
      </trkpt>
      <trkpt lat="46.1417" lon="6.96892">
        <ele>1945.53125</ele>
      </trkpt>
      <trkpt lat="46.14182" lon="6.96896">
        <ele>1945.9375</ele>
      </trkpt>
      <trkpt lat="46.14194" lon="6.96887">
        <ele>1946.09375</ele>
      </trkpt>
      <trkpt lat="46.14185" lon="6.96911">
        <ele>1947.9375</ele>
      </trkpt>
      <trkpt lat="46.14209" lon="6.96957">
        <ele>1952.4375</ele>
      </trkpt>
      <trkpt lat="46.1421" lon="6.96966">
        <ele>1952.65625</ele>
      </trkpt>
      <trkpt lat="46.1422" lon="6.96976">
        <ele>1953.0625</ele>
      </trkpt>
      <trkpt lat="46.1423" lon="6.96973">
        <ele>1953.15625</ele>
      </trkpt>
      <trkpt lat="46.14236" lon="6.96977">
        <ele>1953.34375</ele>
      </trkpt>
      <trkpt lat="46.14238" lon="6.96986">
        <ele>1953.9375</ele>
      </trkpt>
      <trkpt lat="46.14266" lon="6.96991">
        <ele>1955.375</ele>
      </trkpt>
      <trkpt lat="46.14264" lon="6.96995">
        <ele>1956.1875</ele>
      </trkpt>
      <trkpt lat="46.14299" lon="6.97001">
        <ele>1956.90625</ele>
      </trkpt>
      <trkpt lat="46.14305" lon="6.97006">
        <ele>1953.4375</ele>
      </trkpt>
      <trkpt lat="46.14329" lon="6.96997">
        <ele>1945.34375</ele>
      </trkpt>
      <trkpt lat="46.1432" lon="6.97026">
        <ele>1939.96875</ele>
      </trkpt>
      <trkpt lat="46.14325" lon="6.97037">
        <ele>1939.53125</ele>
      </trkpt>
      <trkpt lat="46.14355" lon="6.97055">
        <ele>1933.125</ele>
      </trkpt>
      <trkpt lat="46.14362" lon="6.97066">
        <ele>1928.96875</ele>
      </trkpt>
      <trkpt lat="46.14363" lon="6.97075">
        <ele>1925.34375</ele>
      </trkpt>
      <trkpt lat="46.14378" lon="6.97094">
        <ele>1919.15625</ele>
      </trkpt>
      <trkpt lat="46.14388" lon="6.97122">
        <ele>1913.0625</ele>
      </trkpt>
      <trkpt lat="46.14401" lon="6.9713">
        <ele>1911.5625</ele>
      </trkpt>
      <trkpt lat="46.14407" lon="6.97127">
        <ele>1910.6875</ele>
      </trkpt>
      <trkpt lat="46.1443" lon="6.97137">
        <ele>1905.9375</ele>
      </trkpt>
      <trkpt lat="46.14443" lon="6.97152">
        <ele>1901.71875</ele>
      </trkpt>
      <trkpt lat="46.1447" lon="6.97166">
        <ele>1896.59375</ele>
      </trkpt>
      <trkpt lat="46.14486" lon="6.97189">
        <ele>1892.59375</ele>
      </trkpt>
      <trkpt lat="46.14484" lon="6.97205">
        <ele>1891.15625</ele>
      </trkpt>
      <trkpt lat="46.14477" lon="6.97217">
        <ele>1890.09375</ele>
      </trkpt>
      <trkpt lat="46.14478" lon="6.97242">
        <ele>1888.28125</ele>
      </trkpt>
      <trkpt lat="46.1449" lon="6.97275">
        <ele>1886.46875</ele>
      </trkpt>
      <trkpt lat="46.14501" lon="6.9729">
        <ele>1886.75</ele>
      </trkpt>
      <trkpt lat="46.14505" lon="6.97303">
        <ele>1886.71875</ele>
      </trkpt>
      <trkpt lat="46.14509" lon="6.97307">
        <ele>1886.46875</ele>
      </trkpt>
      <trkpt lat="46.14507" lon="6.9732">
        <ele>1886.15625</ele>
      </trkpt>
      <trkpt lat="46.14521" lon="6.97337">
        <ele>1885.09375</ele>
      </trkpt>
      <trkpt lat="46.14518" lon="6.97343">
        <ele>1884.84375</ele>
      </trkpt>
      <trkpt lat="46.14522" lon="6.97373">
        <ele>1884.03125</ele>
      </trkpt>
      <trkpt lat="46.1452" lon="6.97388">
        <ele>1882.90625</ele>
      </trkpt>
      <trkpt lat="46.14515" lon="6.97393">
        <ele>1882.84375</ele>
      </trkpt>
      <trkpt lat="46.14518" lon="6.97422">
        <ele>1880.6875</ele>
      </trkpt>
      <trkpt lat="46.14539" lon="6.97461">
        <ele>1878.28125</ele>
      </trkpt>
      <trkpt lat="46.14546" lon="6.97458">
        <ele>1877.65625</ele>
      </trkpt>
      <trkpt lat="46.14549" lon="6.97463">
        <ele>1877.5</ele>
      </trkpt>
      <trkpt lat="46.14562" lon="6.97464">
        <ele>1877.09375</ele>
      </trkpt>
      <trkpt lat="46.14565" lon="6.97477">
        <ele>1877.3125</ele>
      </trkpt>
      <trkpt lat="46.14585" lon="6.97501">
        <ele>1877.84375</ele>
      </trkpt>
      <trkpt lat="46.1459" lon="6.97529">
        <ele>1877.75</ele>
      </trkpt>
      <trkpt lat="46.14613" lon="6.97569">
        <ele>1876.90625</ele>
      </trkpt>
      <trkpt lat="46.14622" lon="6.97573">
        <ele>1876.40625</ele>
      </trkpt>
      <trkpt lat="46.14624" lon="6.97566">
        <ele>1875.8125</ele>
      </trkpt>
      <trkpt lat="46.14628" lon="6.97566">
        <ele>1874.9375</ele>
      </trkpt>
      <trkpt lat="46.14629" lon="6.97574">
        <ele>1872.84375</ele>
      </trkpt>
      <trkpt lat="46.14633" lon="6.97576">
        <ele>1871.71875</ele>
      </trkpt>
      <trkpt lat="46.14651" lon="6.97563">
        <ele>1868.9375</ele>
      </trkpt>
      <trkpt lat="46.1467" lon="6.97563">
        <ele>1867.15625</ele>
      </trkpt>
      <trkpt lat="46.14376" lon="6.97924">
        <ele>1785.15625</ele>
      </trkpt>
      <trkpt lat="46.14385" lon="6.97917">
        <ele>1785.6875</ele>
      </trkpt>
      <trkpt lat="46.14388" lon="6.97919">
        <ele>1786.40625</ele>
      </trkpt>
      <trkpt lat="46.14386" lon="6.97931">
        <ele>1785.25</ele>
      </trkpt>
      <trkpt lat="46.14379" lon="6.97941">
        <ele>1789.5625</ele>
      </trkpt>
      <trkpt lat="46.14364" lon="6.97943">
        <ele>1791.375</ele>
      </trkpt>
      <trkpt lat="46.1435" lon="6.97963">
        <ele>1788.0625</ele>
      </trkpt>
      <trkpt lat="46.14353" lon="6.97976">
        <ele>1786.8125</ele>
      </trkpt>
      <trkpt lat="46.14385" lon="6.97971">
        <ele>1783.21875</ele>
      </trkpt>
      <trkpt lat="46.14397" lon="6.97978">
        <ele>1776.75</ele>
      </trkpt>
      <trkpt lat="46.14396" lon="6.97975">
        <ele>1776.65625</ele>
      </trkpt>
      <trkpt lat="46.14397" lon="6.97978">
        <ele>1776.65625</ele>
      </trkpt>
      <trkpt lat="46.14388" lon="6.97982">
        <ele>1772.03125</ele>
      </trkpt>
      <trkpt lat="46.14368" lon="6.98006">
        <ele>1760.6875</ele>
      </trkpt>
      <trkpt lat="46.14364" lon="6.98004">
        <ele>1759.03125</ele>
      </trkpt>
      <trkpt lat="46.14362" lon="6.9801">
        <ele>1758.40625</ele>
      </trkpt>
      <trkpt lat="46.14342" lon="6.98016">
        <ele>1758.75</ele>
      </trkpt>
      <trkpt lat="46.14318" lon="6.98011">
        <ele>1756.71875</ele>
      </trkpt>
      <trkpt lat="46.14313" lon="6.98016">
        <ele>1756.65625</ele>
      </trkpt>
      <trkpt lat="46.14314" lon="6.98042">
        <ele>1754</ele>
      </trkpt>
      <trkpt lat="46.14317" lon="6.98047">
        <ele>1753.9375</ele>
      </trkpt>
      <trkpt lat="46.1432" lon="6.98043">
        <ele>1753.53125</ele>
      </trkpt>
      <trkpt lat="46.14326" lon="6.98049">
        <ele>1753.09375</ele>
      </trkpt>
      <trkpt lat="46.14329" lon="6.98058">
        <ele>1752</ele>
      </trkpt>
      <trkpt lat="46.14319" lon="6.9806">
        <ele>1751.25</ele>
      </trkpt>
      <trkpt lat="46.14291" lon="6.98041">
        <ele>1749.09375</ele>
      </trkpt>
      <trkpt lat="46.14286" lon="6.98042">
        <ele>1747.75</ele>
      </trkpt>
      <trkpt lat="46.14289" lon="6.98052">
        <ele>1747.15625</ele>
      </trkpt>
      <trkpt lat="46.14288" lon="6.98055">
        <ele>1746.625</ele>
      </trkpt>
      <trkpt lat="46.14282" lon="6.98053">
        <ele>1745.78125</ele>
      </trkpt>
      <trkpt lat="46.14287" lon="6.98055">
        <ele>1745.1875</ele>
      </trkpt>
      <trkpt lat="46.14256" lon="6.98043">
        <ele>1742.53125</ele>
      </trkpt>
      <trkpt lat="46.14257" lon="6.98049">
        <ele>1742.09375</ele>
      </trkpt>
      <trkpt lat="46.14255" lon="6.98044">
        <ele>1741.5625</ele>
      </trkpt>
      <trkpt lat="46.14252" lon="6.98045">
        <ele>1741.125</ele>
      </trkpt>
      <trkpt lat="46.14244" lon="6.98038">
        <ele>1740.75</ele>
      </trkpt>
      <trkpt lat="46.14246" lon="6.9803">
        <ele>1740.4375</ele>
      </trkpt>
      <trkpt lat="46.14212" lon="6.98092">
        <ele>1741.4375</ele>
      </trkpt>
      <trkpt lat="46.14237" lon="6.98097">
        <ele>1741.3125</ele>
      </trkpt>
      <trkpt lat="46.14244" lon="6.98105">
        <ele>1741.125</ele>
      </trkpt>
      <trkpt lat="46.14244" lon="6.98116">
        <ele>1741.125</ele>
      </trkpt>
      <trkpt lat="46.14248" lon="6.98123">
        <ele>1740.875</ele>
      </trkpt>
      <trkpt lat="46.14244" lon="6.98124">
        <ele>1740.625</ele>
      </trkpt>
      <trkpt lat="46.14249" lon="6.98112">
        <ele>1740.4375</ele>
      </trkpt>
      <trkpt lat="46.14248" lon="6.98103">
        <ele>1740.3125</ele>
      </trkpt>
      <trkpt lat="46.14243" lon="6.98094">
        <ele>1740.125</ele>
      </trkpt>
      <trkpt lat="46.1423" lon="6.98092">
        <ele>1739.6875</ele>
      </trkpt>
      <trkpt lat="46.14224" lon="6.98095">
        <ele>1739.5</ele>
      </trkpt>
      <trkpt lat="46.14227" lon="6.98116">
        <ele>1738.84375</ele>
      </trkpt>
      <trkpt lat="46.1424" lon="6.98117">
        <ele>1738.4375</ele>
      </trkpt>
      <trkpt lat="46.14247" lon="6.98127">
        <ele>1737.9375</ele>
      </trkpt>
      <trkpt lat="46.14252" lon="6.9812">
        <ele>1737.5625</ele>
      </trkpt>
      <trkpt lat="46.1423" lon="6.98114">
        <ele>1737.0625</ele>
      </trkpt>
      <trkpt lat="46.14229" lon="6.98141">
        <ele>1736.78125</ele>
      </trkpt>
      <trkpt lat="46.14244" lon="6.98174">
        <ele>1736.65625</ele>
      </trkpt>
      <trkpt lat="46.14246" lon="6.98161">
        <ele>1736.5</ele>
      </trkpt>
      <trkpt lat="46.14241" lon="6.98149">
        <ele>1736.40625</ele>
      </trkpt>
      <trkpt lat="46.14251" lon="6.98155">
        <ele>1736.3125</ele>
      </trkpt>
      <trkpt lat="46.14249" lon="6.98175">
        <ele>1736.15625</ele>
      </trkpt>
      <trkpt lat="46.14252" lon="6.98187">
        <ele>1736.03125</ele>
      </trkpt>
      <trkpt lat="46.14257" lon="6.98187">
        <ele>1736.03125</ele>
      </trkpt>
      <trkpt lat="46.14266" lon="6.98159">
        <ele>1735.5</ele>
      </trkpt>
      <trkpt lat="46.14271" lon="6.98158">
        <ele>1735.46875</ele>
      </trkpt>
      <trkpt lat="46.14278" lon="6.9817">
        <ele>1735.375</ele>
      </trkpt>
      <trkpt lat="46.14274" lon="6.9821">
        <ele>1735.03125</ele>
      </trkpt>
      <trkpt lat="46.14278" lon="6.9822">
        <ele>1734.65625</ele>
      </trkpt>
      <trkpt lat="46.14289" lon="6.98208">
        <ele>1733.46875</ele>
      </trkpt>
      <trkpt lat="46.14325" lon="6.98185">
        <ele>1731.21875</ele>
      </trkpt>
      <trkpt lat="46.14331" lon="6.98196">
        <ele>1730.96875</ele>
      </trkpt>
      <trkpt lat="46.14326" lon="6.9821">
        <ele>1730.8125</ele>
      </trkpt>
      <trkpt lat="46.14328" lon="6.98217">
        <ele>1730.84375</ele>
      </trkpt>
      <trkpt lat="46.14342" lon="6.98217">
        <ele>1730.59375</ele>
      </trkpt>
      <trkpt lat="46.14354" lon="6.98229">
        <ele>1730.4375</ele>
      </trkpt>
      <trkpt lat="46.14363" lon="6.98226">
        <ele>1730.1875</ele>
      </trkpt>
      <trkpt lat="46.1438" lon="6.98245">
        <ele>1729.34375</ele>
      </trkpt>
      <trkpt lat="46.14389" lon="6.98249">
        <ele>1728.96875</ele>
      </trkpt>
      <trkpt lat="46.14393" lon="6.9826">
        <ele>1727.53125</ele>
      </trkpt>
      <trkpt lat="46.14388" lon="6.9825">
        <ele>1726.25</ele>
      </trkpt>
      <trkpt lat="46.14384" lon="6.98253">
        <ele>1725.4375</ele>
      </trkpt>
      <trkpt lat="46.14394" lon="6.98271">
        <ele>1724.90625</ele>
      </trkpt>
      <trkpt lat="46.14397" lon="6.98269">
        <ele>1724.90625</ele>
      </trkpt>
      <trkpt lat="46.14407" lon="6.98275">
        <ele>1725.0625</ele>
      </trkpt>
      <trkpt lat="46.14414" lon="6.98301">
        <ele>1725.46875</ele>
      </trkpt>
      <trkpt lat="46.14426" lon="6.98318">
        <ele>1725</ele>
      </trkpt>
      <trkpt lat="46.14436" lon="6.9832">
        <ele>1724.875</ele>
      </trkpt>
      <trkpt lat="46.14437" lon="6.98337">
        <ele>1724.84375</ele>
      </trkpt>
      <trkpt lat="46.14449" lon="6.98361">
        <ele>1724.25</ele>
      </trkpt>
      <trkpt lat="46.14445" lon="6.98364">
        <ele>1724.125</ele>
      </trkpt>
      <trkpt lat="46.14452" lon="6.98379">
        <ele>1721.71875</ele>
      </trkpt>
      <trkpt lat="46.1446" lon="6.9838">
        <ele>1717.5625</ele>
      </trkpt>
      <trkpt lat="46.14462" lon="6.98399">
        <ele>1714.59375</ele>
      </trkpt>
      <trkpt lat="46.14468" lon="6.98396">
        <ele>1713.84375</ele>
      </trkpt>
      <trkpt lat="46.14473" lon="6.984">
        <ele>1710.3125</ele>
      </trkpt>
      <trkpt lat="46.1446" lon="6.98396">
        <ele>1706.84375</ele>
      </trkpt>
      <trkpt lat="46.14458" lon="6.98399">
        <ele>1705.65625</ele>
      </trkpt>
      <trkpt lat="46.14465" lon="6.98409">
        <ele>1701</ele>
      </trkpt>
      <trkpt lat="46.14474" lon="6.98402">
        <ele>1691.5625</ele>
      </trkpt>
      <trkpt lat="46.14478" lon="6.98392">
        <ele>1685.5625</ele>
      </trkpt>
      <trkpt lat="46.14492" lon="6.98395">
        <ele>1681.625</ele>
      </trkpt>
      <trkpt lat="46.14491" lon="6.98396">
        <ele>1680.78125</ele>
      </trkpt>
      <trkpt lat="46.145" lon="6.98402">
        <ele>1679.59375</ele>
      </trkpt>
      <trkpt lat="46.14507" lon="6.98416">
        <ele>1678.59375</ele>
      </trkpt>
      <trkpt lat="46.145" lon="6.98431">
        <ele>1677.09375</ele>
      </trkpt>
      <trkpt lat="46.14504" lon="6.98435">
        <ele>1676.71875</ele>
      </trkpt>
      <trkpt lat="46.14507" lon="6.98431">
        <ele>1676.65625</ele>
      </trkpt>
      <trkpt lat="46.14512" lon="6.98435">
        <ele>1675.375</ele>
      </trkpt>
      <trkpt lat="46.14512" lon="6.98444">
        <ele>1673.59375</ele>
      </trkpt>
      <trkpt lat="46.14524" lon="6.98444">
        <ele>1671.5625</ele>
      </trkpt>
      <trkpt lat="46.14533" lon="6.9846">
        <ele>1667.28125</ele>
      </trkpt>
      <trkpt lat="46.14523" lon="6.98449">
        <ele>1665.65625</ele>
      </trkpt>
      <trkpt lat="46.14534" lon="6.98481">
        <ele>1663.9375</ele>
      </trkpt>
      <trkpt lat="46.14521" lon="6.98492">
        <ele>1663.40625</ele>
      </trkpt>
      <trkpt lat="46.1451" lon="6.98487">
        <ele>1663.125</ele>
      </trkpt>
      <trkpt lat="46.1451" lon="6.98483">
        <ele>1662.96875</ele>
      </trkpt>
      <trkpt lat="46.14508" lon="6.98488">
        <ele>1662.59375</ele>
      </trkpt>
      <trkpt lat="46.14516" lon="6.98497">
        <ele>1661.96875</ele>
      </trkpt>
      <trkpt lat="46.14542" lon="6.98509">
        <ele>1653.375</ele>
      </trkpt>
      <trkpt lat="46.14549" lon="6.9852">
        <ele>1650.90625</ele>
      </trkpt>
      <trkpt lat="46.1455" lon="6.98518">
        <ele>1649</ele>
      </trkpt>
      <trkpt lat="46.14539" lon="6.9852">
        <ele>1647.8125</ele>
      </trkpt>
      <trkpt lat="46.1452" lon="6.98493">
        <ele>1646.5</ele>
      </trkpt>
      <trkpt lat="46.1452" lon="6.98498">
        <ele>1646.1875</ele>
      </trkpt>
      <trkpt lat="46.14529" lon="6.98511">
        <ele>1645.84375</ele>
      </trkpt>
      <trkpt lat="46.14527" lon="6.98509">
        <ele>1645.53125</ele>
      </trkpt>
      <trkpt lat="46.14541" lon="6.98524">
        <ele>1644.625</ele>
      </trkpt>
      <trkpt lat="46.14539" lon="6.98539">
        <ele>1643.75</ele>
      </trkpt>
      <trkpt lat="46.14546" lon="6.98547">
        <ele>1643.09375</ele>
      </trkpt>
      <trkpt lat="46.14548" lon="6.98557">
        <ele>1642.1875</ele>
      </trkpt>
      <trkpt lat="46.14544" lon="6.98561">
        <ele>1641.78125</ele>
      </trkpt>
      <trkpt lat="46.14546" lon="6.98572">
        <ele>1639.9375</ele>
      </trkpt>
      <trkpt lat="46.14552" lon="6.9858">
        <ele>1639.4375</ele>
      </trkpt>
      <trkpt lat="46.14542" lon="6.98594">
        <ele>1638.15625</ele>
      </trkpt>
      <trkpt lat="46.14536" lon="6.98595">
        <ele>1637.8125</ele>
      </trkpt>
      <trkpt lat="46.14547" lon="6.98605">
        <ele>1636.96875</ele>
      </trkpt>
      <trkpt lat="46.1455" lon="6.98613">
        <ele>1636.59375</ele>
      </trkpt>
      <trkpt lat="46.14545" lon="6.98615">
        <ele>1636.1875</ele>
      </trkpt>
      <trkpt lat="46.14548" lon="6.98622">
        <ele>1635.21875</ele>
      </trkpt>
      <trkpt lat="46.14544" lon="6.9862">
        <ele>1635.09375</ele>
      </trkpt>
      <trkpt lat="46.14542" lon="6.98625">
        <ele>1635.15625</ele>
      </trkpt>
      <trkpt lat="46.14561" lon="6.98652">
        <ele>1634.59375</ele>
      </trkpt>
      <trkpt lat="46.14558" lon="6.98655">
        <ele>1634.59375</ele>
      </trkpt>
      <trkpt lat="46.14565" lon="6.98662">
        <ele>1634.4375</ele>
      </trkpt>
      <trkpt lat="46.14566" lon="6.98677">
        <ele>1632.96875</ele>
      </trkpt>
      <trkpt lat="46.14575" lon="6.98689">
        <ele>1632.46875</ele>
      </trkpt>
      <trkpt lat="46.14584" lon="6.98689">
        <ele>1632.28125</ele>
      </trkpt>
      <trkpt lat="46.14583" lon="6.98694">
        <ele>1632.15625</ele>
      </trkpt>
      <trkpt lat="46.14576" lon="6.98689">
        <ele>1631.8125</ele>
      </trkpt>
      <trkpt lat="46.14579" lon="6.98687">
        <ele>1630.25</ele>
      </trkpt>
      <trkpt lat="46.14577" lon="6.98686">
        <ele>1629.875</ele>
      </trkpt>
      <trkpt lat="46.14613" lon="6.98734">
        <ele>1626.625</ele>
      </trkpt>
      <trkpt lat="46.14626" lon="6.98733">
        <ele>1626.5</ele>
      </trkpt>
      <trkpt lat="46.14645" lon="6.98747">
        <ele>1624.78125</ele>
      </trkpt>
      <trkpt lat="46.14677" lon="6.9876">
        <ele>1621.9375</ele>
      </trkpt>
      <trkpt lat="46.14681" lon="6.9877">
        <ele>1620.96875</ele>
      </trkpt>
      <trkpt lat="46.14703" lon="6.98774">
        <ele>1619.5625</ele>
      </trkpt>
      <trkpt lat="46.14718" lon="6.9877">
        <ele>1618.65625</ele>
      </trkpt>
      <trkpt lat="46.14305" lon="6.98752">
        <ele>1702.78125</ele>
      </trkpt>
      <trkpt lat="46.143" lon="6.98733">
        <ele>1699.71875</ele>
      </trkpt>
      <trkpt lat="46.14293" lon="6.98743">
        <ele>1673.96875</ele>
      </trkpt>
      <trkpt lat="46.14293" lon="6.98754">
        <ele>1674.3125</ele>
      </trkpt>
      <trkpt lat="46.14289" lon="6.98752">
        <ele>1674.375</ele>
      </trkpt>
      <trkpt lat="46.14288" lon="6.98757">
        <ele>1674.375</ele>
      </trkpt>
      <trkpt lat="46.14283" lon="6.98756">
        <ele>1674.34375</ele>
      </trkpt>
      <trkpt lat="46.14285" lon="6.98764">
        <ele>1674.46875</ele>
      </trkpt>
      <trkpt lat="46.14272" lon="6.98768">
        <ele>1674.375</ele>
      </trkpt>
      <trkpt lat="46.14266" lon="6.98763">
        <ele>1674.28125</ele>
      </trkpt>
      <trkpt lat="46.14264" lon="6.98766">
        <ele>1674.21875</ele>
      </trkpt>
      <trkpt lat="46.14256" lon="6.98765">
        <ele>1674.0625</ele>
      </trkpt>
      <trkpt lat="46.14257" lon="6.98779">
        <ele>1674</ele>
      </trkpt>
      <trkpt lat="46.14271" lon="6.98803">
        <ele>1673.84375</ele>
      </trkpt>
      <trkpt lat="46.14271" lon="6.9881">
        <ele>1674.65625</ele>
      </trkpt>
      <trkpt lat="46.14267" lon="6.98811">
        <ele>1675.4375</ele>
      </trkpt>
      <trkpt lat="46.1427" lon="6.98836">
        <ele>1678.5</ele>
      </trkpt>
      <trkpt lat="46.14283" lon="6.9885">
        <ele>1680.5</ele>
      </trkpt>
      <trkpt lat="46.14283" lon="6.98855">
        <ele>1681.34375</ele>
      </trkpt>
      <trkpt lat="46.14292" lon="6.98863">
        <ele>1683.09375</ele>
      </trkpt>
      <trkpt lat="46.14283" lon="6.98869">
        <ele>1684.96875</ele>
      </trkpt>
      <trkpt lat="46.14288" lon="6.98875">
        <ele>1687.96875</ele>
      </trkpt>
      <trkpt lat="46.14291" lon="6.98873">
        <ele>1689</ele>
      </trkpt>
      <trkpt lat="46.14294" lon="6.98878">
        <ele>1690.9375</ele>
      </trkpt>
      <trkpt lat="46.14293" lon="6.98872">
        <ele>1691.5625</ele>
      </trkpt>
      <trkpt lat="46.143" lon="6.98891">
        <ele>1693.59375</ele>
      </trkpt>
      <trkpt lat="46.14291" lon="6.98885">
        <ele>1693.9375</ele>
      </trkpt>
      <trkpt lat="46.14291" lon="6.98896">
        <ele>1694.21875</ele>
      </trkpt>
      <trkpt lat="46.1428" lon="6.98891">
        <ele>1694.6875</ele>
      </trkpt>
      <trkpt lat="46.1427" lon="6.98898">
        <ele>1695.1875</ele>
      </trkpt>
      <trkpt lat="46.1427" lon="6.98903">
        <ele>1695.40625</ele>
      </trkpt>
      <trkpt lat="46.14263" lon="6.98908">
        <ele>1696</ele>
      </trkpt>
      <trkpt lat="46.14231" lon="6.98914">
        <ele>1698.40625</ele>
      </trkpt>
      <trkpt lat="46.14219" lon="6.98926">
        <ele>1699.75</ele>
      </trkpt>
      <trkpt lat="46.14236" lon="6.98962">
        <ele>1702.25</ele>
      </trkpt>
      <trkpt lat="46.14227" lon="6.98966">
        <ele>1702.71875</ele>
      </trkpt>
      <trkpt lat="46.14227" lon="6.98984">
        <ele>1703.09375</ele>
      </trkpt>
      <trkpt lat="46.14216" lon="6.9899">
        <ele>1704.375</ele>
      </trkpt>
      <trkpt lat="46.14223" lon="6.99041">
        <ele>1709.0625</ele>
      </trkpt>
      <trkpt lat="46.14217" lon="6.99042">
        <ele>1709.625</ele>
      </trkpt>
      <trkpt lat="46.14217" lon="6.99047">
        <ele>1710.125</ele>
      </trkpt>
      <trkpt lat="46.14198" lon="6.99053">
        <ele>1713.03125</ele>
      </trkpt>
      <trkpt lat="46.14208" lon="6.99068">
        <ele>1713.71875</ele>
      </trkpt>
      <trkpt lat="46.14204" lon="6.99074">
        <ele>1715.59375</ele>
      </trkpt>
      <trkpt lat="46.14195" lon="6.99063">
        <ele>1716.84375</ele>
      </trkpt>
      <trkpt lat="46.14178" lon="6.99055">
        <ele>1717.28125</ele>
      </trkpt>
      <trkpt lat="46.1419" lon="6.99079">
        <ele>1717.8125</ele>
      </trkpt>
      <trkpt lat="46.1419" lon="6.99094">
        <ele>1719.8125</ele>
      </trkpt>
      <trkpt lat="46.14186" lon="6.99102">
        <ele>1721.1875</ele>
      </trkpt>
      <trkpt lat="46.14191" lon="6.99134">
        <ele>1722.28125</ele>
      </trkpt>
      <trkpt lat="46.142" lon="6.99145">
        <ele>1724.875</ele>
      </trkpt>
      <trkpt lat="46.14217" lon="6.99154">
        <ele>1729.03125</ele>
      </trkpt>
      <trkpt lat="46.14228" lon="6.99171">
        <ele>1734.15625</ele>
      </trkpt>
      <trkpt lat="46.14238" lon="6.992">
        <ele>1739.46875</ele>
      </trkpt>
      <trkpt lat="46.14209" lon="6.9921">
        <ele>1751</ele>
      </trkpt>
      <trkpt lat="46.14209" lon="6.99212">
        <ele>1752.46875</ele>
      </trkpt>
      <trkpt lat="46.14197" lon="6.99219">
        <ele>1756.96875</ele>
      </trkpt>
      <trkpt lat="46.1419" lon="6.99236">
        <ele>1761.0625</ele>
      </trkpt>
      <trkpt lat="46.14195" lon="6.99252">
        <ele>1763.65625</ele>
      </trkpt>
      <trkpt lat="46.14189" lon="6.99277">
        <ele>1770.4375</ele>
      </trkpt>
      <trkpt lat="46.1419" lon="6.99293">
        <ele>1774.53125</ele>
      </trkpt>
      <trkpt lat="46.14188" lon="6.99298">
        <ele>1775.875</ele>
      </trkpt>
      <trkpt lat="46.1419" lon="6.99307">
        <ele>1777.28125</ele>
      </trkpt>
      <trkpt lat="46.14177" lon="6.99317">
        <ele>1781.53125</ele>
      </trkpt>
      <trkpt lat="46.14172" lon="6.99341">
        <ele>1787.15625</ele>
      </trkpt>
      <trkpt lat="46.14166" lon="6.99344">
        <ele>1788.21875</ele>
      </trkpt>
      <trkpt lat="46.14168" lon="6.99373">
        <ele>1790.65625</ele>
      </trkpt>
      <trkpt lat="46.14158" lon="6.99377">
        <ele>1791.34375</ele>
      </trkpt>
      <trkpt lat="46.14158" lon="6.99389">
        <ele>1791.4375</ele>
      </trkpt>
      <trkpt lat="46.14149" lon="6.99396">
        <ele>1791.5</ele>
      </trkpt>
      <trkpt lat="46.14135" lon="6.99391">
        <ele>1791.78125</ele>
      </trkpt>
      <trkpt lat="46.14157" lon="6.99411">
        <ele>1794.5625</ele>
      </trkpt>
      <trkpt lat="46.14165" lon="6.9941">
        <ele>1794.59375</ele>
      </trkpt>
      <trkpt lat="46.14182" lon="6.99419">
        <ele>1794.53125</ele>
      </trkpt>
      <trkpt lat="46.14191" lon="6.99431">
        <ele>1794.78125</ele>
      </trkpt>
      <trkpt lat="46.1375" lon="6.99119">
        <ele>1766.96875</ele>
      </trkpt>
      <trkpt lat="46.13768" lon="6.99119">
        <ele>1781.28125</ele>
      </trkpt>
      <trkpt lat="46.13837" lon="6.99181">
        <ele>1783.9375</ele>
      </trkpt>
      <trkpt lat="46.13842" lon="6.99174">
        <ele>1751.75</ele>
      </trkpt>
      <trkpt lat="46.13837" lon="6.9917">
        <ele>1751.40625</ele>
      </trkpt>
      <trkpt lat="46.13845" lon="6.99174">
        <ele>1750.59375</ele>
      </trkpt>
      <trkpt lat="46.13837" lon="6.99192">
        <ele>1750.4375</ele>
      </trkpt>
      <trkpt lat="46.13832" lon="6.99173">
        <ele>1750.15625</ele>
      </trkpt>
      <trkpt lat="46.13811" lon="6.99145">
        <ele>1750.15625</ele>
      </trkpt>
      <trkpt lat="46.13785" lon="6.99137">
        <ele>1749.71875</ele>
      </trkpt>
      <trkpt lat="46.13872" lon="6.99206">
        <ele>1750.1875</ele>
      </trkpt>
      <trkpt lat="46.13875" lon="6.99205">
        <ele>1750.15625</ele>
      </trkpt>
      <trkpt lat="46.13845" lon="6.99195">
        <ele>1750.0625</ele>
      </trkpt>
      <trkpt lat="46.13855" lon="6.99237">
        <ele>1749.375</ele>
      </trkpt>
      <trkpt lat="46.13835" lon="6.99176">
        <ele>1727.65625</ele>
      </trkpt>
      <trkpt lat="46.13817" lon="6.99176">
        <ele>1738.15625</ele>
      </trkpt>
      <trkpt lat="46.13805" lon="6.99158">
        <ele>1737.96875</ele>
      </trkpt>
      <trkpt lat="46.13882" lon="6.99195">
        <ele>1715.09375</ele>
      </trkpt>
      <trkpt lat="46.13942" lon="6.99242">
        <ele>1650.625</ele>
      </trkpt>
      <trkpt lat="46.1388" lon="6.99225">
        <ele>1665.125</ele>
      </trkpt>
      <trkpt lat="46.13859" lon="6.99203">
        <ele>1651.9375</ele>
      </trkpt>
      <trkpt lat="46.13865" lon="6.99185">
        <ele>1661.6875</ele>
      </trkpt>
      <trkpt lat="46.13883" lon="6.99257">
        <ele>1663.34375</ele>
      </trkpt>
      <trkpt lat="46.13891" lon="6.99245">
        <ele>1663.09375</ele>
      </trkpt>
      <trkpt lat="46.13909" lon="6.99257">
        <ele>1662.03125</ele>
      </trkpt>
      <trkpt lat="46.13912" lon="6.99248">
        <ele>1659.9375</ele>
      </trkpt>
      <trkpt lat="46.13928" lon="6.99262">
        <ele>1659.3125</ele>
      </trkpt>
      <trkpt lat="46.13939" lon="6.99243">
        <ele>1657.21875</ele>
      </trkpt>
      <trkpt lat="46.13937" lon="6.99237">
        <ele>1656.375</ele>
      </trkpt>
      <trkpt lat="46.13944" lon="6.99231">
        <ele>1653.625</ele>
      </trkpt>
      <trkpt lat="46.13953" lon="6.99238">
        <ele>1649.90625</ele>
      </trkpt>
      <trkpt lat="46.13941" lon="6.99237">
        <ele>1648.5</ele>
      </trkpt>
    </trkseg>
  </trk>
</gpx>
