<?xml version="1.0" encoding="UTF-8"?>
<gpx version="1.1" creator="AllTrails.com" schemaLocation="http://www.topografix.com/GPX/1/1 http://www.topografix.com/GPX/1/1/gpx.xsd" xmlns="http://www.topografix.com/GPX/1/1" xmlns:xsi="http://www.w3.org/2001/XMLSchema-instance" xsi:schemaLocation="http://www.topografix.com/GPX/1/1 http://www.topografix.com/GPX/1/1/gpx.xsd http://www.garmin.com/xmlschemas/GpxExtensions/v3 http://www.garmin.com/xmlschemas/GpxExtensionsv3.xsd http://www.garmin.com/xmlschemas/TrackPointExtension/v1 http://www.garmin.com/xmlschemas/TrackPointExtensionv1.xsd http://www.garmin.com/xmlschemas/PowerExtension/v1 http://www.garmin.com/xmlschemas/PowerExtensionv1.xsd http://www.topografix.com/GPX/gpx_style/0/2 http://www.topografix.com/GPX/gpx_style/0/2/gpx_style.xsd" xmlns:gpxtpx="http://www.garmin.com/xmlschemas/TrackPointExtension/v1" xmlns:gpxx="http://www.garmin.com/xmlschemas/GpxExtensions/v3" xmlns:gpxpx="http://www.garmin.com/xmlschemas/PowerExtension/v1" xmlns:gpx_style="http://www.topografix.com/GPX/gpx_style/0/2">
  <metadata>
    <name>Boucle Sommand Chavan Vesine</name>
    <author>
      <name>gpx.studio</name>
      <link href="https://gpx.studio"/>
    </author>
    <link href="http://www.alltrails.com">
      <text>AllTrails, LLC</text>
    </link>
  </metadata>
  <trk>
    <name>Boucle Sommand Chavan Vesine</name>
    <src>AllTrails</src>
    <trkseg>
      <trkpt lat="46.14862" lon="6.61331">
        <ele>1164.53</ele>
      </trkpt>
      <trkpt lat="46.14862" lon="6.61332">
        <ele>1163.82</ele>
      </trkpt>
      <trkpt lat="46.14857" lon="6.61334">
        <ele>1163</ele>
      </trkpt>
      <trkpt lat="46.1485" lon="6.61337">
        <ele>1161.85</ele>
      </trkpt>
      <trkpt lat="46.14838" lon="6.61346">
        <ele>1157.97</ele>
      </trkpt>
      <trkpt lat="46.14831" lon="6.6135">
        <ele>1156.45</ele>
      </trkpt>
      <trkpt lat="46.14828" lon="6.6135">
        <ele>1156.52</ele>
      </trkpt>
      <trkpt lat="46.14826" lon="6.61349">
        <ele>1157.08</ele>
      </trkpt>
      <trkpt lat="46.14824" lon="6.61344">
        <ele>1159.62</ele>
      </trkpt>
      <trkpt lat="46.14833" lon="6.61339">
        <ele>1162.71</ele>
      </trkpt>
      <trkpt lat="46.14849" lon="6.61327">
        <ele>1168.47</ele>
      </trkpt>
      <trkpt lat="46.14862" lon="6.6132">
        <ele>1172.36</ele>
      </trkpt>
      <trkpt lat="46.1487" lon="6.61318">
        <ele>1171.52</ele>
      </trkpt>
      <trkpt lat="46.14902" lon="6.61313">
        <ele>1168.14</ele>
      </trkpt>
      <trkpt lat="46.1491" lon="6.61311">
        <ele>1169.01</ele>
      </trkpt>
      <trkpt lat="46.14914" lon="6.61309">
        <ele>1170.05</ele>
      </trkpt>
      <trkpt lat="46.14917" lon="6.61306">
        <ele>1171.76</ele>
      </trkpt>
      <trkpt lat="46.14919" lon="6.61301">
        <ele>1174.23</ele>
      </trkpt>
      <trkpt lat="46.14925" lon="6.61303">
        <ele>1173.52</ele>
      </trkpt>
      <trkpt lat="46.1493" lon="6.61303">
        <ele>1173.72</ele>
      </trkpt>
      <trkpt lat="46.14938" lon="6.61299">
        <ele>1176.02</ele>
      </trkpt>
      <trkpt lat="46.1495" lon="6.61294">
        <ele>1179.59</ele>
      </trkpt>
      <trkpt lat="46.14993" lon="6.61284">
        <ele>1193.64</ele>
      </trkpt>
      <trkpt lat="46.14993" lon="6.61284">
        <ele>1193.64</ele>
      </trkpt>
      <trkpt lat="46.14993" lon="6.61284">
        <ele>1193.64</ele>
      </trkpt>
      <trkpt lat="46.14998" lon="6.61281">
        <ele>1197.53</ele>
      </trkpt>
      <trkpt lat="46.15002" lon="6.61276">
        <ele>1200.8</ele>
      </trkpt>
      <trkpt lat="46.15015" lon="6.61256">
        <ele>1203.5</ele>
      </trkpt>
      <trkpt lat="46.15023" lon="6.61245">
        <ele>1207.07</ele>
      </trkpt>
      <trkpt lat="46.15035" lon="6.61224">
        <ele>1212.51</ele>
      </trkpt>
      <trkpt lat="46.15042" lon="6.61207">
        <ele>1216.02</ele>
      </trkpt>
      <trkpt lat="46.151" lon="6.61093">
        <ele>1211.76</ele>
      </trkpt>
      <trkpt lat="46.15135" lon="6.61015">
        <ele>1224.02</ele>
      </trkpt>
      <trkpt lat="46.15157" lon="6.60962">
        <ele>1230.34</ele>
      </trkpt>
      <trkpt lat="46.15172" lon="6.60922">
        <ele>1238.73</ele>
      </trkpt>
      <trkpt lat="46.15186" lon="6.60878">
        <ele>1239.56</ele>
      </trkpt>
      <trkpt lat="46.15206" lon="6.60817">
        <ele>1232.12</ele>
      </trkpt>
      <trkpt lat="46.15215" lon="6.60772">
        <ele>1229.02</ele>
      </trkpt>
      <trkpt lat="46.15229" lon="6.6073">
        <ele>1220.66</ele>
      </trkpt>
      <trkpt lat="46.15231" lon="6.60712">
        <ele>1217.15</ele>
      </trkpt>
      <trkpt lat="46.15233" lon="6.60672">
        <ele>1209.23</ele>
      </trkpt>
      <trkpt lat="46.15237" lon="6.60643">
        <ele>1205.51</ele>
      </trkpt>
      <trkpt lat="46.15239" lon="6.60629">
        <ele>1204.13</ele>
      </trkpt>
      <trkpt lat="46.15242" lon="6.60619">
        <ele>1202.57</ele>
      </trkpt>
      <trkpt lat="46.15253" lon="6.60595">
        <ele>1198.94</ele>
      </trkpt>
      <trkpt lat="46.15266" lon="6.60558">
        <ele>1201.13</ele>
      </trkpt>
      <trkpt lat="46.15284" lon="6.60507">
        <ele>1207.44</ele>
      </trkpt>
      <trkpt lat="46.1529" lon="6.60493">
        <ele>1206.54</ele>
      </trkpt>
      <trkpt lat="46.15304" lon="6.60464">
        <ele>1202.89</ele>
      </trkpt>
      <trkpt lat="46.15311" lon="6.60439">
        <ele>1204.43</ele>
      </trkpt>
      <trkpt lat="46.15313" lon="6.60427">
        <ele>1204.7</ele>
      </trkpt>
      <trkpt lat="46.15313" lon="6.60407">
        <ele>1204.43</ele>
      </trkpt>
      <trkpt lat="46.15308" lon="6.6037">
        <ele>1200.87</ele>
      </trkpt>
      <trkpt lat="46.15306" lon="6.60356">
        <ele>1200.53</ele>
      </trkpt>
      <trkpt lat="46.15308" lon="6.60347">
        <ele>1203.19</ele>
      </trkpt>
      <trkpt lat="46.15313" lon="6.60342">
        <ele>1204.55</ele>
      </trkpt>
      <trkpt lat="46.1532" lon="6.60337">
        <ele>1205.38</ele>
      </trkpt>
      <trkpt lat="46.15325" lon="6.60336">
        <ele>1205.3</ele>
      </trkpt>
      <trkpt lat="46.15329" lon="6.60334">
        <ele>1205.26</ele>
      </trkpt>
      <trkpt lat="46.15333" lon="6.60331">
        <ele>1205.52</ele>
      </trkpt>
      <trkpt lat="46.15338" lon="6.60326">
        <ele>1205.48</ele>
      </trkpt>
      <trkpt lat="46.15342" lon="6.60321">
        <ele>1205.27</ele>
      </trkpt>
      <trkpt lat="46.15348" lon="6.60312">
        <ele>1204.53</ele>
      </trkpt>
      <trkpt lat="46.15353" lon="6.60304">
        <ele>1203.18</ele>
      </trkpt>
      <trkpt lat="46.15356" lon="6.60297">
        <ele>1202.27</ele>
      </trkpt>
      <trkpt lat="46.15358" lon="6.6029">
        <ele>1202.16</ele>
      </trkpt>
      <trkpt lat="46.15361" lon="6.60281">
        <ele>1202.65</ele>
      </trkpt>
      <trkpt lat="46.15362" lon="6.60276">
        <ele>1203.22</ele>
      </trkpt>
      <trkpt lat="46.15362" lon="6.60276">
        <ele>1203.22</ele>
      </trkpt>
      <trkpt lat="46.15362" lon="6.60276">
        <ele>1203.22</ele>
      </trkpt>
      <trkpt lat="46.15363" lon="6.60266">
        <ele>1204.05</ele>
      </trkpt>
      <trkpt lat="46.15363" lon="6.60257">
        <ele>1204.7</ele>
      </trkpt>
      <trkpt lat="46.15362" lon="6.6025">
        <ele>1205.1</ele>
      </trkpt>
      <trkpt lat="46.15361" lon="6.6024">
        <ele>1205.36</ele>
      </trkpt>
      <trkpt lat="46.15359" lon="6.60232">
        <ele>1205.64</ele>
      </trkpt>
      <trkpt lat="46.15359" lon="6.60223">
        <ele>1206.04</ele>
      </trkpt>
      <trkpt lat="46.15359" lon="6.60212">
        <ele>1206.36</ele>
      </trkpt>
      <trkpt lat="46.1537" lon="6.60125">
        <ele>1206.56</ele>
      </trkpt>
      <trkpt lat="46.15372" lon="6.60117">
        <ele>1206.12</ele>
      </trkpt>
      <trkpt lat="46.15374" lon="6.60109">
        <ele>1205.83</ele>
      </trkpt>
      <trkpt lat="46.15378" lon="6.60101">
        <ele>1205.69</ele>
      </trkpt>
      <trkpt lat="46.15392" lon="6.60069">
        <ele>1206.6</ele>
      </trkpt>
      <trkpt lat="46.15409" lon="6.60023">
        <ele>1210.5</ele>
      </trkpt>
      <trkpt lat="46.15412" lon="6.60016">
        <ele>1210.59</ele>
      </trkpt>
      <trkpt lat="46.15413" lon="6.60008">
        <ele>1211.05</ele>
      </trkpt>
      <trkpt lat="46.15415" lon="6.60001">
        <ele>1211.23</ele>
      </trkpt>
      <trkpt lat="46.15416" lon="6.59992">
        <ele>1211.97</ele>
      </trkpt>
      <trkpt lat="46.15434" lon="6.59866">
        <ele>1213.74</ele>
      </trkpt>
      <trkpt lat="46.15434" lon="6.5986">
        <ele>1213.49</ele>
      </trkpt>
      <trkpt lat="46.15434" lon="6.59854">
        <ele>1214.06</ele>
      </trkpt>
      <trkpt lat="46.15432" lon="6.59848">
        <ele>1215.24</ele>
      </trkpt>
      <trkpt lat="46.15431" lon="6.59841">
        <ele>1216.18</ele>
      </trkpt>
      <trkpt lat="46.1543" lon="6.59835">
        <ele>1217.01</ele>
      </trkpt>
      <trkpt lat="46.1543" lon="6.59822">
        <ele>1218.37</ele>
      </trkpt>
      <trkpt lat="46.15436" lon="6.59743">
        <ele>1221.38</ele>
      </trkpt>
      <trkpt lat="46.15439" lon="6.59729">
        <ele>1221.52</ele>
      </trkpt>
      <trkpt lat="46.15441" lon="6.59722">
        <ele>1221.27</ele>
      </trkpt>
      <trkpt lat="46.15443" lon="6.59715">
        <ele>1221.34</ele>
      </trkpt>
      <trkpt lat="46.15445" lon="6.59707">
        <ele>1221.49</ele>
      </trkpt>
      <trkpt lat="46.15446" lon="6.59699">
        <ele>1222.03</ele>
      </trkpt>
      <trkpt lat="46.15454" lon="6.59642">
        <ele>1225.16</ele>
      </trkpt>
      <trkpt lat="46.15456" lon="6.59632">
        <ele>1226.1</ele>
      </trkpt>
      <trkpt lat="46.15459" lon="6.59621">
        <ele>1226.55</ele>
      </trkpt>
      <trkpt lat="46.15463" lon="6.59612">
        <ele>1226.54</ele>
      </trkpt>
      <trkpt lat="46.15467" lon="6.59601">
        <ele>1227.6</ele>
      </trkpt>
      <trkpt lat="46.15484" lon="6.59564">
        <ele>1227.94</ele>
      </trkpt>
      <trkpt lat="46.15491" lon="6.59549">
        <ele>1226.34</ele>
      </trkpt>
      <trkpt lat="46.15497" lon="6.59534">
        <ele>1224.46</ele>
      </trkpt>
      <trkpt lat="46.15501" lon="6.59523">
        <ele>1224.5</ele>
      </trkpt>
      <trkpt lat="46.15504" lon="6.59516">
        <ele>1225.31</ele>
      </trkpt>
      <trkpt lat="46.15507" lon="6.59502">
        <ele>1227.23</ele>
      </trkpt>
      <trkpt lat="46.15509" lon="6.59496">
        <ele>1229.39</ele>
      </trkpt>
      <trkpt lat="46.15511" lon="6.59486">
        <ele>1233.46</ele>
      </trkpt>
      <trkpt lat="46.15513" lon="6.59471">
        <ele>1238.38</ele>
      </trkpt>
      <trkpt lat="46.15513" lon="6.59471">
        <ele>1238.38</ele>
      </trkpt>
      <trkpt lat="46.15513" lon="6.59471">
        <ele>1238.38</ele>
      </trkpt>
      <trkpt lat="46.15514" lon="6.59448">
        <ele>1239.29</ele>
      </trkpt>
      <trkpt lat="46.15516" lon="6.59421">
        <ele>1239.5</ele>
      </trkpt>
      <trkpt lat="46.15517" lon="6.59394">
        <ele>1239.19</ele>
      </trkpt>
      <trkpt lat="46.15517" lon="6.5937">
        <ele>1237.54</ele>
      </trkpt>
      <trkpt lat="46.15517" lon="6.59361">
        <ele>1236.77</ele>
      </trkpt>
      <trkpt lat="46.15518" lon="6.59318">
        <ele>1235.18</ele>
      </trkpt>
      <trkpt lat="46.1552" lon="6.59308">
        <ele>1234.5</ele>
      </trkpt>
      <trkpt lat="46.15522" lon="6.593">
        <ele>1234.09</ele>
      </trkpt>
      <trkpt lat="46.15524" lon="6.59292">
        <ele>1233.59</ele>
      </trkpt>
      <trkpt lat="46.15532" lon="6.59274">
        <ele>1233.44</ele>
      </trkpt>
      <trkpt lat="46.15535" lon="6.59266">
        <ele>1235.69</ele>
      </trkpt>
      <trkpt lat="46.15537" lon="6.59258">
        <ele>1237.84</ele>
      </trkpt>
      <trkpt lat="46.15538" lon="6.59251">
        <ele>1239.61</ele>
      </trkpt>
      <trkpt lat="46.15538" lon="6.59245">
        <ele>1240.64</ele>
      </trkpt>
      <trkpt lat="46.15538" lon="6.59225">
        <ele>1243.82</ele>
      </trkpt>
      <trkpt lat="46.15539" lon="6.59217">
        <ele>1245.5</ele>
      </trkpt>
      <trkpt lat="46.1554" lon="6.59211">
        <ele>1246.87</ele>
      </trkpt>
      <trkpt lat="46.15542" lon="6.59203">
        <ele>1248.43</ele>
      </trkpt>
      <trkpt lat="46.15549" lon="6.59188">
        <ele>1249.51</ele>
      </trkpt>
      <trkpt lat="46.15557" lon="6.59173">
        <ele>1248.91</ele>
      </trkpt>
      <trkpt lat="46.15561" lon="6.59169">
        <ele>1248.2</ele>
      </trkpt>
      <trkpt lat="46.1557" lon="6.59163">
        <ele>1246.23</ele>
      </trkpt>
      <trkpt lat="46.15574" lon="6.5916">
        <ele>1245.33</ele>
      </trkpt>
      <trkpt lat="46.15577" lon="6.59158">
        <ele>1244.59</ele>
      </trkpt>
      <trkpt lat="46.15578" lon="6.59154">
        <ele>1244.62</ele>
      </trkpt>
      <trkpt lat="46.1558" lon="6.59149">
        <ele>1244.38</ele>
      </trkpt>
      <trkpt lat="46.15582" lon="6.59143">
        <ele>1244.17</ele>
      </trkpt>
      <trkpt lat="46.15583" lon="6.59134">
        <ele>1245.01</ele>
      </trkpt>
      <trkpt lat="46.15585" lon="6.59126">
        <ele>1246.18</ele>
      </trkpt>
      <trkpt lat="46.15586" lon="6.59121">
        <ele>1246.94</ele>
      </trkpt>
      <trkpt lat="46.15597" lon="6.59094">
        <ele>1254.72</ele>
      </trkpt>
      <trkpt lat="46.15601" lon="6.59085">
        <ele>1258.59</ele>
      </trkpt>
      <trkpt lat="46.15608" lon="6.59064">
        <ele>1262.75</ele>
      </trkpt>
      <trkpt lat="46.1561" lon="6.5906">
        <ele>1263.31</ele>
      </trkpt>
      <trkpt lat="46.15613" lon="6.59057">
        <ele>1263.82</ele>
      </trkpt>
      <trkpt lat="46.15616" lon="6.59056">
        <ele>1264.11</ele>
      </trkpt>
      <trkpt lat="46.15623" lon="6.59044">
        <ele>1263.72</ele>
      </trkpt>
      <trkpt lat="46.15626" lon="6.59036">
        <ele>1263.03</ele>
      </trkpt>
      <trkpt lat="46.1563" lon="6.59028">
        <ele>1261.98</ele>
      </trkpt>
      <trkpt lat="46.15636" lon="6.5902">
        <ele>1262.36</ele>
      </trkpt>
      <trkpt lat="46.15639" lon="6.59017">
        <ele>1262.18</ele>
      </trkpt>
      <trkpt lat="46.15644" lon="6.59015">
        <ele>1263.03</ele>
      </trkpt>
      <trkpt lat="46.15651" lon="6.59014">
        <ele>1264.02</ele>
      </trkpt>
      <trkpt lat="46.15658" lon="6.59014">
        <ele>1264.9</ele>
      </trkpt>
      <trkpt lat="46.15665" lon="6.59014">
        <ele>1265.78</ele>
      </trkpt>
      <trkpt lat="46.15673" lon="6.59014">
        <ele>1266.33</ele>
      </trkpt>
      <trkpt lat="46.15681" lon="6.59016">
        <ele>1266.58</ele>
      </trkpt>
      <trkpt lat="46.15687" lon="6.59008">
        <ele>1267.68</ele>
      </trkpt>
      <trkpt lat="46.15696" lon="6.58994">
        <ele>1270.52</ele>
      </trkpt>
      <trkpt lat="46.15696" lon="6.58991">
        <ele>1271.13</ele>
      </trkpt>
      <trkpt lat="46.15704" lon="6.58983">
        <ele>1273.34</ele>
      </trkpt>
      <trkpt lat="46.15717" lon="6.58972">
        <ele>1275.04</ele>
      </trkpt>
      <trkpt lat="46.15734" lon="6.58943">
        <ele>1278.8</ele>
      </trkpt>
      <trkpt lat="46.15783" lon="6.58883">
        <ele>1288.8</ele>
      </trkpt>
      <trkpt lat="46.15788" lon="6.58878">
        <ele>1290.31</ele>
      </trkpt>
      <trkpt lat="46.15788" lon="6.58878">
        <ele>1290.31</ele>
      </trkpt>
      <trkpt lat="46.15788" lon="6.58878">
        <ele>1290.31</ele>
      </trkpt>
      <trkpt lat="46.15801" lon="6.58862">
        <ele>1294.51</ele>
      </trkpt>
      <trkpt lat="46.15809" lon="6.58859">
        <ele>1296.74</ele>
      </trkpt>
      <trkpt lat="46.15824" lon="6.58852">
        <ele>1303.28</ele>
      </trkpt>
      <trkpt lat="46.15837" lon="6.58841">
        <ele>1308.28</ele>
      </trkpt>
      <trkpt lat="46.15865" lon="6.5882">
        <ele>1316.94</ele>
      </trkpt>
      <trkpt lat="46.15883" lon="6.58807">
        <ele>1323.54</ele>
      </trkpt>
      <trkpt lat="46.15963" lon="6.58813">
        <ele>1344.11</ele>
      </trkpt>
      <trkpt lat="46.16023" lon="6.58879">
        <ele>1344.35</ele>
      </trkpt>
      <trkpt lat="46.16051" lon="6.58907">
        <ele>1341.87</ele>
      </trkpt>
      <trkpt lat="46.16072" lon="6.5892">
        <ele>1341.49</ele>
      </trkpt>
      <trkpt lat="46.16086" lon="6.58928">
        <ele>1340.85</ele>
      </trkpt>
      <trkpt lat="46.16091" lon="6.58924">
        <ele>1341.35</ele>
      </trkpt>
      <trkpt lat="46.16096" lon="6.5892">
        <ele>1341.75</ele>
      </trkpt>
      <trkpt lat="46.16103" lon="6.58917">
        <ele>1341.98</ele>
      </trkpt>
      <trkpt lat="46.16112" lon="6.58914">
        <ele>1342.91</ele>
      </trkpt>
      <trkpt lat="46.16121" lon="6.58909">
        <ele>1345.93</ele>
      </trkpt>
      <trkpt lat="46.16141" lon="6.58902">
        <ele>1352.21</ele>
      </trkpt>
      <trkpt lat="46.16152" lon="6.58898">
        <ele>1355.42</ele>
      </trkpt>
      <trkpt lat="46.16159" lon="6.58896">
        <ele>1356.93</ele>
      </trkpt>
      <trkpt lat="46.16165" lon="6.58894">
        <ele>1358.07</ele>
      </trkpt>
      <trkpt lat="46.16171" lon="6.58891">
        <ele>1359.2</ele>
      </trkpt>
      <trkpt lat="46.16185" lon="6.58884">
        <ele>1361.8</ele>
      </trkpt>
      <trkpt lat="46.16188" lon="6.58882">
        <ele>1362.41</ele>
      </trkpt>
      <trkpt lat="46.16191" lon="6.58881">
        <ele>1362.83</ele>
      </trkpt>
      <trkpt lat="46.16194" lon="6.58881">
        <ele>1363.1</ele>
      </trkpt>
      <trkpt lat="46.16198" lon="6.58881">
        <ele>1363.14</ele>
      </trkpt>
      <trkpt lat="46.16201" lon="6.58881">
        <ele>1363.14</ele>
      </trkpt>
      <trkpt lat="46.16204" lon="6.58881">
        <ele>1363.14</ele>
      </trkpt>
      <trkpt lat="46.16208" lon="6.5888">
        <ele>1363.28</ele>
      </trkpt>
      <trkpt lat="46.16211" lon="6.58879">
        <ele>1363.42</ele>
      </trkpt>
      <trkpt lat="46.16231" lon="6.58872">
        <ele>1365.89</ele>
      </trkpt>
      <trkpt lat="46.16234" lon="6.58872">
        <ele>1366.39</ele>
      </trkpt>
      <trkpt lat="46.16237" lon="6.58872">
        <ele>1366.88</ele>
      </trkpt>
      <trkpt lat="46.16239" lon="6.58873">
        <ele>1367.05</ele>
      </trkpt>
      <trkpt lat="46.16242" lon="6.58874">
        <ele>1367.37</ele>
      </trkpt>
      <trkpt lat="46.16256" lon="6.58884">
        <ele>1369.1</ele>
      </trkpt>
      <trkpt lat="46.16259" lon="6.58886">
        <ele>1369.95</ele>
      </trkpt>
      <trkpt lat="46.16262" lon="6.58887">
        <ele>1370.97</ele>
      </trkpt>
      <trkpt lat="46.16265" lon="6.58887">
        <ele>1372.13</ele>
      </trkpt>
      <trkpt lat="46.1628" lon="6.58884">
        <ele>1377.29</ele>
      </trkpt>
      <trkpt lat="46.16284" lon="6.58883">
        <ele>1377.52</ele>
      </trkpt>
      <trkpt lat="46.16289" lon="6.58883">
        <ele>1377.76</ele>
      </trkpt>
      <trkpt lat="46.16294" lon="6.58882">
        <ele>1377.98</ele>
      </trkpt>
      <trkpt lat="46.16298" lon="6.58881">
        <ele>1378.12</ele>
      </trkpt>
      <trkpt lat="46.16298" lon="6.58881">
        <ele>1378.12</ele>
      </trkpt>
      <trkpt lat="46.16298" lon="6.58881">
        <ele>1378.12</ele>
      </trkpt>
      <trkpt lat="46.163" lon="6.5888">
        <ele>1378.15</ele>
      </trkpt>
      <trkpt lat="46.16306" lon="6.58877">
        <ele>1378.12</ele>
      </trkpt>
      <trkpt lat="46.16325" lon="6.58867">
        <ele>1379.69</ele>
      </trkpt>
      <trkpt lat="46.1633" lon="6.58864">
        <ele>1381.3</ele>
      </trkpt>
      <trkpt lat="46.16336" lon="6.5886">
        <ele>1383.2</ele>
      </trkpt>
      <trkpt lat="46.16354" lon="6.58846">
        <ele>1389.22</ele>
      </trkpt>
      <trkpt lat="46.16356" lon="6.58845">
        <ele>1390.05</ele>
      </trkpt>
      <trkpt lat="46.16359" lon="6.58845">
        <ele>1390.68</ele>
      </trkpt>
      <trkpt lat="46.16361" lon="6.58846">
        <ele>1390.59</ele>
      </trkpt>
      <trkpt lat="46.16374" lon="6.58854">
        <ele>1389.7</ele>
      </trkpt>
      <trkpt lat="46.16377" lon="6.58855">
        <ele>1390.03</ele>
      </trkpt>
      <trkpt lat="46.16379" lon="6.58855">
        <ele>1390.52</ele>
      </trkpt>
      <trkpt lat="46.16386" lon="6.58854">
        <ele>1392.61</ele>
      </trkpt>
      <trkpt lat="46.16388" lon="6.58853">
        <ele>1393.42</ele>
      </trkpt>
      <trkpt lat="46.1639" lon="6.58854">
        <ele>1393.31</ele>
      </trkpt>
      <trkpt lat="46.16392" lon="6.58855">
        <ele>1393.02</ele>
      </trkpt>
      <trkpt lat="46.16396" lon="6.58858">
        <ele>1392.18</ele>
      </trkpt>
      <trkpt lat="46.16398" lon="6.58859">
        <ele>1391.94</ele>
      </trkpt>
      <trkpt lat="46.16401" lon="6.58861">
        <ele>1391.47</ele>
      </trkpt>
      <trkpt lat="46.16403" lon="6.58861">
        <ele>1391.54</ele>
      </trkpt>
      <trkpt lat="46.16417" lon="6.58863">
        <ele>1392.2</ele>
      </trkpt>
      <trkpt lat="46.16423" lon="6.58864">
        <ele>1393.37</ele>
      </trkpt>
      <trkpt lat="46.16425" lon="6.58864">
        <ele>1393.74</ele>
      </trkpt>
      <trkpt lat="46.16428" lon="6.58865">
        <ele>1394.38</ele>
      </trkpt>
      <trkpt lat="46.1643" lon="6.58867">
        <ele>1394.93</ele>
      </trkpt>
      <trkpt lat="46.16434" lon="6.58869">
        <ele>1395.87</ele>
      </trkpt>
      <trkpt lat="46.16434" lon="6.5887">
        <ele>1395.96</ele>
      </trkpt>
      <trkpt lat="46.16436" lon="6.58871">
        <ele>1396.44</ele>
      </trkpt>
      <trkpt lat="46.16438" lon="6.58871">
        <ele>1396.83</ele>
      </trkpt>
      <trkpt lat="46.1644" lon="6.5887">
        <ele>1397.11</ele>
      </trkpt>
      <trkpt lat="46.16442" lon="6.58869">
        <ele>1397.39</ele>
      </trkpt>
      <trkpt lat="46.16444" lon="6.58867">
        <ele>1397.55</ele>
      </trkpt>
      <trkpt lat="46.16446" lon="6.58865">
        <ele>1397.44</ele>
      </trkpt>
      <trkpt lat="46.16449" lon="6.58863">
        <ele>1397.32</ele>
      </trkpt>
      <trkpt lat="46.16452" lon="6.58861">
        <ele>1397.29</ele>
      </trkpt>
      <trkpt lat="46.16456" lon="6.5886">
        <ele>1397.58</ele>
      </trkpt>
      <trkpt lat="46.1646" lon="6.58859">
        <ele>1397.85</ele>
      </trkpt>
      <trkpt lat="46.16464" lon="6.58859">
        <ele>1397.98</ele>
      </trkpt>
      <trkpt lat="46.16469" lon="6.58859">
        <ele>1398.13</ele>
      </trkpt>
      <trkpt lat="46.16486" lon="6.58861">
        <ele>1399</ele>
      </trkpt>
      <trkpt lat="46.16491" lon="6.5886">
        <ele>1399.44</ele>
      </trkpt>
      <trkpt lat="46.16497" lon="6.58858">
        <ele>1400.02</ele>
      </trkpt>
      <trkpt lat="46.16502" lon="6.58856">
        <ele>1400.43</ele>
      </trkpt>
      <trkpt lat="46.16507" lon="6.58853">
        <ele>1400.95</ele>
      </trkpt>
      <trkpt lat="46.16512" lon="6.5885">
        <ele>1401.66</ele>
      </trkpt>
      <trkpt lat="46.16516" lon="6.58846">
        <ele>1402.65</ele>
      </trkpt>
      <trkpt lat="46.16521" lon="6.5884">
        <ele>1404.39</ele>
      </trkpt>
      <trkpt lat="46.16523" lon="6.58837">
        <ele>1405.33</ele>
      </trkpt>
      <trkpt lat="46.16525" lon="6.58833">
        <ele>1406.56</ele>
      </trkpt>
      <trkpt lat="46.16529" lon="6.58824">
        <ele>1408.52</ele>
      </trkpt>
      <trkpt lat="46.1653" lon="6.5882">
        <ele>1409.17</ele>
      </trkpt>
      <trkpt lat="46.16532" lon="6.58816">
        <ele>1409.84</ele>
      </trkpt>
      <trkpt lat="46.1654" lon="6.58806">
        <ele>1410.98</ele>
      </trkpt>
      <trkpt lat="46.16543" lon="6.58803">
        <ele>1411.08</ele>
      </trkpt>
      <trkpt lat="46.16545" lon="6.58802">
        <ele>1411.17</ele>
      </trkpt>
      <trkpt lat="46.16545" lon="6.58802">
        <ele>1411.17</ele>
      </trkpt>
      <trkpt lat="46.16545" lon="6.58802">
        <ele>1411.17</ele>
      </trkpt>
      <trkpt lat="46.1655" lon="6.588">
        <ele>1411.52</ele>
      </trkpt>
      <trkpt lat="46.16555" lon="6.58799">
        <ele>1411.91</ele>
      </trkpt>
      <trkpt lat="46.16558" lon="6.58799">
        <ele>1413.02</ele>
      </trkpt>
      <trkpt lat="46.16561" lon="6.58796">
        <ele>1414.8</ele>
      </trkpt>
      <trkpt lat="46.16564" lon="6.58793">
        <ele>1416.59</ele>
      </trkpt>
      <trkpt lat="46.16572" lon="6.58773">
        <ele>1422.4</ele>
      </trkpt>
      <trkpt lat="46.16574" lon="6.5877">
        <ele>1422.98</ele>
      </trkpt>
      <trkpt lat="46.16577" lon="6.58768">
        <ele>1423.92</ele>
      </trkpt>
      <trkpt lat="46.1658" lon="6.58767">
        <ele>1424.87</ele>
      </trkpt>
      <trkpt lat="46.16583" lon="6.58768">
        <ele>1426.12</ele>
      </trkpt>
      <trkpt lat="46.16603" lon="6.5877">
        <ele>1426.68</ele>
      </trkpt>
      <trkpt lat="46.16608" lon="6.58771">
        <ele>1426.76</ele>
      </trkpt>
      <trkpt lat="46.16612" lon="6.5877">
        <ele>1426.76</ele>
      </trkpt>
      <trkpt lat="46.16615" lon="6.58769">
        <ele>1426.91</ele>
      </trkpt>
      <trkpt lat="46.16619" lon="6.58767">
        <ele>1427.16</ele>
      </trkpt>
      <trkpt lat="46.16622" lon="6.58765">
        <ele>1427.44</ele>
      </trkpt>
      <trkpt lat="46.16624" lon="6.58763">
        <ele>1427.7</ele>
      </trkpt>
      <trkpt lat="46.16627" lon="6.58759">
        <ele>1428.26</ele>
      </trkpt>
      <trkpt lat="46.1663" lon="6.58754">
        <ele>1429.05</ele>
      </trkpt>
      <trkpt lat="46.16632" lon="6.58749">
        <ele>1429.73</ele>
      </trkpt>
      <trkpt lat="46.16633" lon="6.58743">
        <ele>1429.74</ele>
      </trkpt>
      <trkpt lat="46.1664" lon="6.58718">
        <ele>1430.68</ele>
      </trkpt>
      <trkpt lat="46.16641" lon="6.58714">
        <ele>1431.27</ele>
      </trkpt>
      <trkpt lat="46.16642" lon="6.58711">
        <ele>1431.64</ele>
      </trkpt>
      <trkpt lat="46.16652" lon="6.58686">
        <ele>1432.27</ele>
      </trkpt>
      <trkpt lat="46.16654" lon="6.58681">
        <ele>1432.25</ele>
      </trkpt>
      <trkpt lat="46.16655" lon="6.58677">
        <ele>1432.4</ele>
      </trkpt>
      <trkpt lat="46.16655" lon="6.58672">
        <ele>1432.81</ele>
      </trkpt>
      <trkpt lat="46.16656" lon="6.58665">
        <ele>1433.44</ele>
      </trkpt>
      <trkpt lat="46.16657" lon="6.58628">
        <ele>1439.55</ele>
      </trkpt>
      <trkpt lat="46.16657" lon="6.58625">
        <ele>1440.04</ele>
      </trkpt>
      <trkpt lat="46.16658" lon="6.58622">
        <ele>1440.45</ele>
      </trkpt>
      <trkpt lat="46.16659" lon="6.58619">
        <ele>1440.89</ele>
      </trkpt>
      <trkpt lat="46.1666" lon="6.58616">
        <ele>1441.35</ele>
      </trkpt>
      <trkpt lat="46.1666" lon="6.58616">
        <ele>1441.35</ele>
      </trkpt>
      <trkpt lat="46.16653" lon="6.58598">
        <ele>1443.9</ele>
      </trkpt>
      <trkpt lat="46.16653" lon="6.58598">
        <ele>1443.9</ele>
      </trkpt>
      <trkpt lat="46.16672" lon="6.58555">
        <ele>1448.53</ele>
      </trkpt>
      <trkpt lat="46.16672" lon="6.58555">
        <ele>1448.53</ele>
      </trkpt>
      <trkpt lat="46.16681" lon="6.58522">
        <ele>1457.56</ele>
      </trkpt>
      <trkpt lat="46.16681" lon="6.58522">
        <ele>1457.56</ele>
      </trkpt>
      <trkpt lat="46.1668" lon="6.58493">
        <ele>1467.46</ele>
      </trkpt>
      <trkpt lat="46.1668" lon="6.58493">
        <ele>1467.46</ele>
      </trkpt>
      <trkpt lat="46.16694" lon="6.5848">
        <ele>1469.1</ele>
      </trkpt>
      <trkpt lat="46.16694" lon="6.5848">
        <ele>1469.1</ele>
      </trkpt>
      <trkpt lat="46.16717" lon="6.58466">
        <ele>1472.39</ele>
      </trkpt>
      <trkpt lat="46.16717" lon="6.58466">
        <ele>1472.39</ele>
      </trkpt>
      <trkpt lat="46.16723" lon="6.58443">
        <ele>1477.83</ele>
      </trkpt>
      <trkpt lat="46.16723" lon="6.58443">
        <ele>1477.83</ele>
      </trkpt>
      <trkpt lat="46.1673" lon="6.58423">
        <ele>1488.23</ele>
      </trkpt>
      <trkpt lat="46.1673" lon="6.58423">
        <ele>1488.23</ele>
      </trkpt>
      <trkpt lat="46.1673" lon="6.58423">
        <ele>1488.23</ele>
      </trkpt>
      <trkpt lat="46.16739" lon="6.58406">
        <ele>1495.25</ele>
      </trkpt>
      <trkpt lat="46.16739" lon="6.58406">
        <ele>1495.25</ele>
      </trkpt>
      <trkpt lat="46.16739" lon="6.58406">
        <ele>1495.25</ele>
      </trkpt>
      <trkpt lat="46.16745" lon="6.58388">
        <ele>1501.09</ele>
      </trkpt>
      <trkpt lat="46.16745" lon="6.58388">
        <ele>1501.09</ele>
      </trkpt>
      <trkpt lat="46.16745" lon="6.58388">
        <ele>1501.09</ele>
      </trkpt>
      <trkpt lat="46.16749" lon="6.5836">
        <ele>1510.2</ele>
      </trkpt>
      <trkpt lat="46.16749" lon="6.5836">
        <ele>1510.2</ele>
      </trkpt>
      <trkpt lat="46.16749" lon="6.5836">
        <ele>1510.2</ele>
      </trkpt>
      <trkpt lat="46.16756" lon="6.58339">
        <ele>1524.67</ele>
      </trkpt>
      <trkpt lat="46.16756" lon="6.58339">
        <ele>1524.67</ele>
      </trkpt>
      <trkpt lat="46.16756" lon="6.58339">
        <ele>1524.67</ele>
      </trkpt>
      <trkpt lat="46.16767" lon="6.58336">
        <ele>1530.76</ele>
      </trkpt>
      <trkpt lat="46.16768" lon="6.58336">
        <ele>1531.19</ele>
      </trkpt>
      <trkpt lat="46.16768" lon="6.58336">
        <ele>1531.19</ele>
      </trkpt>
      <trkpt lat="46.16775" lon="6.58333">
        <ele>1534.95</ele>
      </trkpt>
      <trkpt lat="46.16775" lon="6.58333">
        <ele>1534.95</ele>
      </trkpt>
      <trkpt lat="46.16775" lon="6.58333">
        <ele>1534.95</ele>
      </trkpt>
      <trkpt lat="46.16792" lon="6.58319">
        <ele>1539.86</ele>
      </trkpt>
      <trkpt lat="46.16792" lon="6.58319">
        <ele>1539.86</ele>
      </trkpt>
      <trkpt lat="46.16792" lon="6.58319">
        <ele>1539.86</ele>
      </trkpt>
      <trkpt lat="46.16801" lon="6.5832">
        <ele>1540.83</ele>
      </trkpt>
      <trkpt lat="46.16806" lon="6.58317">
        <ele>1541.99</ele>
      </trkpt>
      <trkpt lat="46.16807" lon="6.58316">
        <ele>1542.28</ele>
      </trkpt>
      <trkpt lat="46.16807" lon="6.58316">
        <ele>1542.28</ele>
      </trkpt>
      <trkpt lat="46.1682" lon="6.58302">
        <ele>1545.94</ele>
      </trkpt>
      <trkpt lat="46.16823" lon="6.58297">
        <ele>1547.49</ele>
      </trkpt>
      <trkpt lat="46.16827" lon="6.58292">
        <ele>1549.23</ele>
      </trkpt>
      <trkpt lat="46.16831" lon="6.58289">
        <ele>1550.5</ele>
      </trkpt>
      <trkpt lat="46.16836" lon="6.58287">
        <ele>1551.5</ele>
      </trkpt>
      <trkpt lat="46.1684" lon="6.58285">
        <ele>1552.39</ele>
      </trkpt>
      <trkpt lat="46.16845" lon="6.58284">
        <ele>1553.09</ele>
      </trkpt>
      <trkpt lat="46.1685" lon="6.58283">
        <ele>1553.84</ele>
      </trkpt>
      <trkpt lat="46.16854" lon="6.58282">
        <ele>1554.56</ele>
      </trkpt>
      <trkpt lat="46.16859" lon="6.58281">
        <ele>1555.42</ele>
      </trkpt>
      <trkpt lat="46.16863" lon="6.5828">
        <ele>1556.07</ele>
      </trkpt>
      <trkpt lat="46.16865" lon="6.58279">
        <ele>1556.5</ele>
      </trkpt>
      <trkpt lat="46.16865" lon="6.58279">
        <ele>1556.5</ele>
      </trkpt>
      <trkpt lat="46.1689" lon="6.58274">
        <ele>1558.15</ele>
      </trkpt>
      <trkpt lat="46.16895" lon="6.58273">
        <ele>1558.7</ele>
      </trkpt>
      <trkpt lat="46.16899" lon="6.58271">
        <ele>1559.41</ele>
      </trkpt>
      <trkpt lat="46.16904" lon="6.5827">
        <ele>1559.87</ele>
      </trkpt>
      <trkpt lat="46.16908" lon="6.5827">
        <ele>1560.04</ele>
      </trkpt>
      <trkpt lat="46.16913" lon="6.58268">
        <ele>1560.64</ele>
      </trkpt>
      <trkpt lat="46.16917" lon="6.58264">
        <ele>1561.55</ele>
      </trkpt>
      <trkpt lat="46.1692" lon="6.5826">
        <ele>1562.88</ele>
      </trkpt>
      <trkpt lat="46.16925" lon="6.58258">
        <ele>1564.27</ele>
      </trkpt>
      <trkpt lat="46.16929" lon="6.58257">
        <ele>1565.29</ele>
      </trkpt>
      <trkpt lat="46.16934" lon="6.58255">
        <ele>1566.73</ele>
      </trkpt>
      <trkpt lat="46.16939" lon="6.58254">
        <ele>1567.99</ele>
      </trkpt>
      <trkpt lat="46.16943" lon="6.58254">
        <ele>1568.83</ele>
      </trkpt>
      <trkpt lat="46.16948" lon="6.58252">
        <ele>1570.1</ele>
      </trkpt>
      <trkpt lat="46.16951" lon="6.58252">
        <ele>1570.55</ele>
      </trkpt>
      <trkpt lat="46.16951" lon="6.58252">
        <ele>1570.55</ele>
      </trkpt>
      <trkpt lat="46.16983" lon="6.58267">
        <ele>1574.35</ele>
      </trkpt>
      <trkpt lat="46.16988" lon="6.58271">
        <ele>1575.24</ele>
      </trkpt>
      <trkpt lat="46.16992" lon="6.58274">
        <ele>1576.05</ele>
      </trkpt>
      <trkpt lat="46.16996" lon="6.58278">
        <ele>1576.84</ele>
      </trkpt>
      <trkpt lat="46.17" lon="6.58281">
        <ele>1578</ele>
      </trkpt>
      <trkpt lat="46.17004" lon="6.58285">
        <ele>1579.47</ele>
      </trkpt>
      <trkpt lat="46.17008" lon="6.58289">
        <ele>1580.82</ele>
      </trkpt>
      <trkpt lat="46.17012" lon="6.58293">
        <ele>1582.04</ele>
      </trkpt>
      <trkpt lat="46.17015" lon="6.58296">
        <ele>1582.88</ele>
      </trkpt>
      <trkpt lat="46.1702" lon="6.58298">
        <ele>1584.35</ele>
      </trkpt>
      <trkpt lat="46.17024" lon="6.58301">
        <ele>1585.34</ele>
      </trkpt>
      <trkpt lat="46.17029" lon="6.58304">
        <ele>1586.26</ele>
      </trkpt>
      <trkpt lat="46.17032" lon="6.58308">
        <ele>1585.8</ele>
      </trkpt>
      <trkpt lat="46.17037" lon="6.5831">
        <ele>1585.81</ele>
      </trkpt>
      <trkpt lat="46.17041" lon="6.58313">
        <ele>1585.6</ele>
      </trkpt>
      <trkpt lat="46.17043" lon="6.58314">
        <ele>1585.61</ele>
      </trkpt>
      <trkpt lat="46.17043" lon="6.58314">
        <ele>1585.61</ele>
      </trkpt>
      <trkpt lat="46.17046" lon="6.58315">
        <ele>1585.72</ele>
      </trkpt>
      <trkpt lat="46.1705" lon="6.58315">
        <ele>1586.1</ele>
      </trkpt>
      <trkpt lat="46.17054" lon="6.58318">
        <ele>1586.05</ele>
      </trkpt>
      <trkpt lat="46.17059" lon="6.58321">
        <ele>1586.48</ele>
      </trkpt>
      <trkpt lat="46.17063" lon="6.58324">
        <ele>1586.95</ele>
      </trkpt>
      <trkpt lat="46.17068" lon="6.58327">
        <ele>1587.74</ele>
      </trkpt>
      <trkpt lat="46.17072" lon="6.58324">
        <ele>1588.89</ele>
      </trkpt>
      <trkpt lat="46.17076" lon="6.58328">
        <ele>1589.5</ele>
      </trkpt>
      <trkpt lat="46.1708" lon="6.58332">
        <ele>1590.23</ele>
      </trkpt>
      <trkpt lat="46.17084" lon="6.58335">
        <ele>1590.9</ele>
      </trkpt>
      <trkpt lat="46.17087" lon="6.58341">
        <ele>1590.71</ele>
      </trkpt>
      <trkpt lat="46.1709" lon="6.58345">
        <ele>1590.86</ele>
      </trkpt>
      <trkpt lat="46.17095" lon="6.58348">
        <ele>1591.56</ele>
      </trkpt>
      <trkpt lat="46.17099" lon="6.58351">
        <ele>1592.22</ele>
      </trkpt>
      <trkpt lat="46.17103" lon="6.58354">
        <ele>1593</ele>
      </trkpt>
      <trkpt lat="46.17107" lon="6.58357">
        <ele>1593.9</ele>
      </trkpt>
      <trkpt lat="46.17109" lon="6.58359">
        <ele>1594.42</ele>
      </trkpt>
      <trkpt lat="46.17109" lon="6.58359">
        <ele>1594.42</ele>
      </trkpt>
      <trkpt lat="46.1711" lon="6.5836">
        <ele>1594.69</ele>
      </trkpt>
      <trkpt lat="46.17115" lon="6.58361">
        <ele>1596.54</ele>
      </trkpt>
      <trkpt lat="46.17119" lon="6.58362">
        <ele>1598.21</ele>
      </trkpt>
      <trkpt lat="46.17124" lon="6.58364">
        <ele>1600.37</ele>
      </trkpt>
      <trkpt lat="46.17127" lon="6.58368">
        <ele>1601.89</ele>
      </trkpt>
      <trkpt lat="46.17131" lon="6.58372">
        <ele>1603.77</ele>
      </trkpt>
      <trkpt lat="46.17135" lon="6.58376">
        <ele>1605.61</ele>
      </trkpt>
      <trkpt lat="46.17137" lon="6.58382">
        <ele>1606.81</ele>
      </trkpt>
      <trkpt lat="46.17139" lon="6.58388">
        <ele>1607.99</ele>
      </trkpt>
      <trkpt lat="46.17144" lon="6.58391">
        <ele>1610.53</ele>
      </trkpt>
      <trkpt lat="46.17148" lon="6.58393">
        <ele>1612.51</ele>
      </trkpt>
      <trkpt lat="46.17152" lon="6.58397">
        <ele>1614.58</ele>
      </trkpt>
      <trkpt lat="46.17155" lon="6.58402">
        <ele>1616.21</ele>
      </trkpt>
      <trkpt lat="46.17156" lon="6.58409">
        <ele>1617.01</ele>
      </trkpt>
      <trkpt lat="46.17158" lon="6.58414">
        <ele>1618.13</ele>
      </trkpt>
      <trkpt lat="46.17163" lon="6.58413">
        <ele>1620.27</ele>
      </trkpt>
      <trkpt lat="46.17168" lon="6.58413">
        <ele>1622.32</ele>
      </trkpt>
      <trkpt lat="46.17168" lon="6.58413">
        <ele>1622.32</ele>
      </trkpt>
      <trkpt lat="46.17168" lon="6.58413">
        <ele>1622.32</ele>
      </trkpt>
      <trkpt lat="46.1717" lon="6.58411">
        <ele>1622.95</ele>
      </trkpt>
      <trkpt lat="46.17175" lon="6.58413">
        <ele>1624.69</ele>
      </trkpt>
      <trkpt lat="46.1718" lon="6.58413">
        <ele>1626.38</ele>
      </trkpt>
      <trkpt lat="46.17184" lon="6.58415">
        <ele>1627.67</ele>
      </trkpt>
      <trkpt lat="46.17188" lon="6.58419">
        <ele>1628.79</ele>
      </trkpt>
      <trkpt lat="46.17193" lon="6.5842">
        <ele>1630.4</ele>
      </trkpt>
      <trkpt lat="46.17196" lon="6.58414">
        <ele>1631.8</ele>
      </trkpt>
      <trkpt lat="46.17199" lon="6.58408">
        <ele>1633.38</ele>
      </trkpt>
      <trkpt lat="46.17201" lon="6.58403">
        <ele>1634.46</ele>
      </trkpt>
      <trkpt lat="46.17204" lon="6.58397">
        <ele>1635.96</ele>
      </trkpt>
      <trkpt lat="46.17205" lon="6.58391">
        <ele>1636.68</ele>
      </trkpt>
      <trkpt lat="46.17207" lon="6.58384">
        <ele>1637.2</ele>
      </trkpt>
      <trkpt lat="46.17208" lon="6.58378">
        <ele>1637.11</ele>
      </trkpt>
      <trkpt lat="46.17206" lon="6.58372">
        <ele>1636.15</ele>
      </trkpt>
      <trkpt lat="46.17201" lon="6.58373">
        <ele>1634.82</ele>
      </trkpt>
      <trkpt lat="46.172" lon="6.58374">
        <ele>1634.57</ele>
      </trkpt>
      <trkpt lat="46.172" lon="6.58374">
        <ele>1634.57</ele>
      </trkpt>
      <trkpt lat="46.17203" lon="6.58367">
        <ele>1635.11</ele>
      </trkpt>
      <trkpt lat="46.17197" lon="6.58362">
        <ele>1633.56</ele>
      </trkpt>
      <trkpt lat="46.17189" lon="6.58348">
        <ele>1629.9</ele>
      </trkpt>
      <trkpt lat="46.17184" lon="6.58342">
        <ele>1627.49</ele>
      </trkpt>
      <trkpt lat="46.17178" lon="6.58336">
        <ele>1624.68</ele>
      </trkpt>
      <trkpt lat="46.17174" lon="6.58332">
        <ele>1622.89</ele>
      </trkpt>
      <trkpt lat="46.17172" lon="6.58329">
        <ele>1622.12</ele>
      </trkpt>
      <trkpt lat="46.17172" lon="6.58329">
        <ele>1622.12</ele>
      </trkpt>
      <trkpt lat="46.17172" lon="6.58329">
        <ele>1622.12</ele>
      </trkpt>
      <trkpt lat="46.17171" lon="6.58321">
        <ele>1621.81</ele>
      </trkpt>
      <trkpt lat="46.17178" lon="6.58283">
        <ele>1619.24</ele>
      </trkpt>
      <trkpt lat="46.17185" lon="6.58262">
        <ele>1618.59</ele>
      </trkpt>
      <trkpt lat="46.17185" lon="6.58258">
        <ele>1618.16</ele>
      </trkpt>
      <trkpt lat="46.17185" lon="6.58258">
        <ele>1618.16</ele>
      </trkpt>
      <trkpt lat="46.17185" lon="6.58258">
        <ele>1618.16</ele>
      </trkpt>
      <trkpt lat="46.17186" lon="6.58248">
        <ele>1617.24</ele>
      </trkpt>
      <trkpt lat="46.17188" lon="6.5824">
        <ele>1616.57</ele>
      </trkpt>
      <trkpt lat="46.17186" lon="6.58233">
        <ele>1615.4</ele>
      </trkpt>
      <trkpt lat="46.1718" lon="6.58228">
        <ele>1614.06</ele>
      </trkpt>
      <trkpt lat="46.17172" lon="6.58227">
        <ele>1612.99</ele>
      </trkpt>
      <trkpt lat="46.17169" lon="6.58228">
        <ele>1612.7</ele>
      </trkpt>
      <trkpt lat="46.17169" lon="6.58228">
        <ele>1612.7</ele>
      </trkpt>
      <trkpt lat="46.17169" lon="6.58228">
        <ele>1612.7</ele>
      </trkpt>
      <trkpt lat="46.17161" lon="6.58228">
        <ele>1611.76</ele>
      </trkpt>
      <trkpt lat="46.17149" lon="6.5822">
        <ele>1610.06</ele>
      </trkpt>
      <trkpt lat="46.17146" lon="6.5822">
        <ele>1609.75</ele>
      </trkpt>
      <trkpt lat="46.17139" lon="6.5822">
        <ele>1609.01</ele>
      </trkpt>
      <trkpt lat="46.17134" lon="6.58223">
        <ele>1607.63</ele>
      </trkpt>
      <trkpt lat="46.17134" lon="6.58223">
        <ele>1607.63</ele>
      </trkpt>
      <trkpt lat="46.17134" lon="6.58223">
        <ele>1607.63</ele>
      </trkpt>
      <trkpt lat="46.1713" lon="6.58227">
        <ele>1606.72</ele>
      </trkpt>
      <trkpt lat="46.17121" lon="6.58235">
        <ele>1604.9</ele>
      </trkpt>
      <trkpt lat="46.17115" lon="6.58245">
        <ele>1604.35</ele>
      </trkpt>
      <trkpt lat="46.17106" lon="6.58248">
        <ele>1603.09</ele>
      </trkpt>
      <trkpt lat="46.17098" lon="6.58245">
        <ele>1601.83</ele>
      </trkpt>
      <trkpt lat="46.17085" lon="6.58233">
        <ele>1600.13</ele>
      </trkpt>
      <trkpt lat="46.17075" lon="6.58228">
        <ele>1598.5</ele>
      </trkpt>
      <trkpt lat="46.17069" lon="6.58228">
        <ele>1597.42</ele>
      </trkpt>
      <trkpt lat="46.1704" lon="6.58239">
        <ele>1591.64</ele>
      </trkpt>
      <trkpt lat="46.17035" lon="6.5824">
        <ele>1590.56</ele>
      </trkpt>
      <trkpt lat="46.17026" lon="6.58238">
        <ele>1588.53</ele>
      </trkpt>
      <trkpt lat="46.17026" lon="6.58238">
        <ele>1588.53</ele>
      </trkpt>
      <trkpt lat="46.17026" lon="6.58238">
        <ele>1588.53</ele>
      </trkpt>
      <trkpt lat="46.17023" lon="6.58237">
        <ele>1587.77</ele>
      </trkpt>
      <trkpt lat="46.17017" lon="6.58237">
        <ele>1586.23</ele>
      </trkpt>
      <trkpt lat="46.17008" lon="6.5824">
        <ele>1583.62</ele>
      </trkpt>
      <trkpt lat="46.16999" lon="6.58244">
        <ele>1580.65</ele>
      </trkpt>
      <trkpt lat="46.16995" lon="6.58245">
        <ele>1579.64</ele>
      </trkpt>
      <trkpt lat="46.1699" lon="6.58241">
        <ele>1579.14</ele>
      </trkpt>
      <trkpt lat="46.16975" lon="6.58207">
        <ele>1580.35</ele>
      </trkpt>
      <trkpt lat="46.16965" lon="6.58197">
        <ele>1580.18</ele>
      </trkpt>
      <trkpt lat="46.16945" lon="6.58187">
        <ele>1579.85</ele>
      </trkpt>
      <trkpt lat="46.16935" lon="6.58181">
        <ele>1579.08</ele>
      </trkpt>
      <trkpt lat="46.16935" lon="6.58181">
        <ele>1579.08</ele>
      </trkpt>
      <trkpt lat="46.16935" lon="6.58181">
        <ele>1579.08</ele>
      </trkpt>
      <trkpt lat="46.16912" lon="6.58165">
        <ele>1578.61</ele>
      </trkpt>
      <trkpt lat="46.16906" lon="6.58159">
        <ele>1578.29</ele>
      </trkpt>
      <trkpt lat="46.16902" lon="6.5815">
        <ele>1578.3</ele>
      </trkpt>
      <trkpt lat="46.16891" lon="6.58115">
        <ele>1581.67</ele>
      </trkpt>
      <trkpt lat="46.1688" lon="6.58096">
        <ele>1585.62</ele>
      </trkpt>
      <trkpt lat="46.16867" lon="6.58082">
        <ele>1588.2</ele>
      </trkpt>
      <trkpt lat="46.1684" lon="6.58066">
        <ele>1587.57</ele>
      </trkpt>
      <trkpt lat="46.16825" lon="6.58051">
        <ele>1587.2</ele>
      </trkpt>
      <trkpt lat="46.16821" lon="6.58049">
        <ele>1586.13</ele>
      </trkpt>
      <trkpt lat="46.16821" lon="6.58049">
        <ele>1586.13</ele>
      </trkpt>
      <trkpt lat="46.16821" lon="6.58049">
        <ele>1586.13</ele>
      </trkpt>
      <trkpt lat="46.16792" lon="6.58032">
        <ele>1577.87</ele>
      </trkpt>
      <trkpt lat="46.16767" lon="6.58025">
        <ele>1574.75</ele>
      </trkpt>
      <trkpt lat="46.16742" lon="6.58013">
        <ele>1575.6</ele>
      </trkpt>
      <trkpt lat="46.16728" lon="6.58003">
        <ele>1575.21</ele>
      </trkpt>
      <trkpt lat="46.1672" lon="6.57994">
        <ele>1575.08</ele>
      </trkpt>
      <trkpt lat="46.16693" lon="6.57975">
        <ele>1568.83</ele>
      </trkpt>
      <trkpt lat="46.16667" lon="6.57946">
        <ele>1560.02</ele>
      </trkpt>
      <trkpt lat="46.16641" lon="6.57925">
        <ele>1554.95</ele>
      </trkpt>
      <trkpt lat="46.16631" lon="6.57915">
        <ele>1554.78</ele>
      </trkpt>
      <trkpt lat="46.16618" lon="6.57888">
        <ele>1560.06</ele>
      </trkpt>
      <trkpt lat="46.16606" lon="6.57862">
        <ele>1563.86</ele>
      </trkpt>
      <trkpt lat="46.166" lon="6.57857">
        <ele>1563.24</ele>
      </trkpt>
      <trkpt lat="46.16585" lon="6.57849">
        <ele>1560.5</ele>
      </trkpt>
      <trkpt lat="46.16544" lon="6.57792">
        <ele>1565.02</ele>
      </trkpt>
      <trkpt lat="46.16544" lon="6.57792">
        <ele>1565.02</ele>
      </trkpt>
      <trkpt lat="46.16544" lon="6.57792">
        <ele>1565.02</ele>
      </trkpt>
      <trkpt lat="46.1654" lon="6.57786">
        <ele>1565.57</ele>
      </trkpt>
      <trkpt lat="46.16516" lon="6.57743">
        <ele>1564.64</ele>
      </trkpt>
      <trkpt lat="46.16502" lon="6.57717">
        <ele>1562.49</ele>
      </trkpt>
      <trkpt lat="46.16498" lon="6.577">
        <ele>1562.01</ele>
      </trkpt>
      <trkpt lat="46.16496" lon="6.5768">
        <ele>1563.56</ele>
      </trkpt>
      <trkpt lat="46.16492" lon="6.57669">
        <ele>1563.97</ele>
      </trkpt>
      <trkpt lat="46.16483" lon="6.57655">
        <ele>1564.59</ele>
      </trkpt>
      <trkpt lat="46.16471" lon="6.57643">
        <ele>1564.01</ele>
      </trkpt>
      <trkpt lat="46.16454" lon="6.57595">
        <ele>1568.03</ele>
      </trkpt>
      <trkpt lat="46.16443" lon="6.57565">
        <ele>1567.64</ele>
      </trkpt>
      <trkpt lat="46.16438" lon="6.57548">
        <ele>1567.61</ele>
      </trkpt>
      <trkpt lat="46.16428" lon="6.57526">
        <ele>1563.75</ele>
      </trkpt>
      <trkpt lat="46.16415" lon="6.57488">
        <ele>1561.5</ele>
      </trkpt>
      <trkpt lat="46.16404" lon="6.57466">
        <ele>1562.68</ele>
      </trkpt>
      <trkpt lat="46.16389" lon="6.57438">
        <ele>1560.97</ele>
      </trkpt>
      <trkpt lat="46.16368" lon="6.57383">
        <ele>1564.15</ele>
      </trkpt>
      <trkpt lat="46.16361" lon="6.57368">
        <ele>1564.72</ele>
      </trkpt>
      <trkpt lat="46.16359" lon="6.57362">
        <ele>1564.94</ele>
      </trkpt>
      <trkpt lat="46.16357" lon="6.57354">
        <ele>1565.9</ele>
      </trkpt>
      <trkpt lat="46.16354" lon="6.57347">
        <ele>1566.09</ele>
      </trkpt>
      <trkpt lat="46.16352" lon="6.57342">
        <ele>1566.2</ele>
      </trkpt>
      <trkpt lat="46.16348" lon="6.57334">
        <ele>1565.79</ele>
      </trkpt>
      <trkpt lat="46.16341" lon="6.57323">
        <ele>1563.96</ele>
      </trkpt>
      <trkpt lat="46.1632" lon="6.57288">
        <ele>1560.67</ele>
      </trkpt>
      <trkpt lat="46.16308" lon="6.57268">
        <ele>1556.38</ele>
      </trkpt>
      <trkpt lat="46.16303" lon="6.5726">
        <ele>1555.19</ele>
      </trkpt>
      <trkpt lat="46.16299" lon="6.5725">
        <ele>1554.58</ele>
      </trkpt>
      <trkpt lat="46.16296" lon="6.57242">
        <ele>1553.55</ele>
      </trkpt>
      <trkpt lat="46.1629" lon="6.57221">
        <ele>1551</ele>
      </trkpt>
      <trkpt lat="46.16285" lon="6.57204">
        <ele>1548.82</ele>
      </trkpt>
      <trkpt lat="46.1628" lon="6.57187">
        <ele>1546.31</ele>
      </trkpt>
      <trkpt lat="46.16269" lon="6.57162">
        <ele>1541.12</ele>
      </trkpt>
      <trkpt lat="46.16269" lon="6.57162">
        <ele>1541.12</ele>
      </trkpt>
      <trkpt lat="46.16269" lon="6.57162">
        <ele>1541.12</ele>
      </trkpt>
      <trkpt lat="46.16272" lon="6.57156">
        <ele>1540.71</ele>
      </trkpt>
      <trkpt lat="46.16274" lon="6.5715">
        <ele>1540.14</ele>
      </trkpt>
      <trkpt lat="46.16277" lon="6.57143">
        <ele>1539.5</ele>
      </trkpt>
      <trkpt lat="46.1628" lon="6.57136">
        <ele>1539.22</ele>
      </trkpt>
      <trkpt lat="46.16282" lon="6.5713">
        <ele>1539.29</ele>
      </trkpt>
      <trkpt lat="46.16284" lon="6.57124">
        <ele>1539.36</ele>
      </trkpt>
      <trkpt lat="46.16287" lon="6.57115">
        <ele>1539.47</ele>
      </trkpt>
      <trkpt lat="46.1629" lon="6.57103">
        <ele>1539.6</ele>
      </trkpt>
      <trkpt lat="46.16303" lon="6.57062">
        <ele>1541.54</ele>
      </trkpt>
      <trkpt lat="46.16305" lon="6.57055">
        <ele>1541.86</ele>
      </trkpt>
      <trkpt lat="46.16306" lon="6.5705">
        <ele>1541.71</ele>
      </trkpt>
      <trkpt lat="46.16306" lon="6.5705">
        <ele>1541.71</ele>
      </trkpt>
      <trkpt lat="46.16306" lon="6.5705">
        <ele>1541.71</ele>
      </trkpt>
      <trkpt lat="46.16307" lon="6.57046">
        <ele>1541.68</ele>
      </trkpt>
      <trkpt lat="46.16309" lon="6.57037">
        <ele>1541.53</ele>
      </trkpt>
      <trkpt lat="46.1631" lon="6.57025">
        <ele>1540.82</ele>
      </trkpt>
      <trkpt lat="46.16324" lon="6.56928">
        <ele>1532.59</ele>
      </trkpt>
      <trkpt lat="46.16326" lon="6.56919">
        <ele>1532.55</ele>
      </trkpt>
      <trkpt lat="46.16328" lon="6.5691">
        <ele>1532.17</ele>
      </trkpt>
      <trkpt lat="46.1633" lon="6.56901">
        <ele>1531.61</ele>
      </trkpt>
      <trkpt lat="46.16333" lon="6.56893">
        <ele>1531.48</ele>
      </trkpt>
      <trkpt lat="46.16336" lon="6.56884">
        <ele>1531.13</ele>
      </trkpt>
      <trkpt lat="46.16339" lon="6.56876">
        <ele>1530.79</ele>
      </trkpt>
      <trkpt lat="46.16352" lon="6.56848">
        <ele>1528.86</ele>
      </trkpt>
      <trkpt lat="46.16352" lon="6.56848">
        <ele>1528.86</ele>
      </trkpt>
      <trkpt lat="46.16352" lon="6.56848">
        <ele>1528.86</ele>
      </trkpt>
      <trkpt lat="46.1636" lon="6.56831">
        <ele>1525.63</ele>
      </trkpt>
      <trkpt lat="46.16368" lon="6.56814">
        <ele>1525.01</ele>
      </trkpt>
      <trkpt lat="46.16375" lon="6.568">
        <ele>1524.1</ele>
      </trkpt>
      <trkpt lat="46.16384" lon="6.56785">
        <ele>1522.89</ele>
      </trkpt>
      <trkpt lat="46.16444" lon="6.56679">
        <ele>1518.98</ele>
      </trkpt>
      <trkpt lat="46.16449" lon="6.56669">
        <ele>1518.2</ele>
      </trkpt>
      <trkpt lat="46.16452" lon="6.56662">
        <ele>1517.83</ele>
      </trkpt>
      <trkpt lat="46.16456" lon="6.56653">
        <ele>1517.5</ele>
      </trkpt>
      <trkpt lat="46.1646" lon="6.56643">
        <ele>1516.86</ele>
      </trkpt>
      <trkpt lat="46.16463" lon="6.56633">
        <ele>1515.95</ele>
      </trkpt>
      <trkpt lat="46.16495" lon="6.5654">
        <ele>1507.5</ele>
      </trkpt>
      <trkpt lat="46.16498" lon="6.56532">
        <ele>1506.52</ele>
      </trkpt>
      <trkpt lat="46.16502" lon="6.56523">
        <ele>1505.73</ele>
      </trkpt>
      <trkpt lat="46.16505" lon="6.56518">
        <ele>1505.61</ele>
      </trkpt>
      <trkpt lat="46.16505" lon="6.56518">
        <ele>1505.61</ele>
      </trkpt>
      <trkpt lat="46.16505" lon="6.56518">
        <ele>1505.61</ele>
      </trkpt>
      <trkpt lat="46.16506" lon="6.56515">
        <ele>1505.36</ele>
      </trkpt>
      <trkpt lat="46.16509" lon="6.56511">
        <ele>1505.33</ele>
      </trkpt>
      <trkpt lat="46.16507" lon="6.56505">
        <ele>1504.03</ele>
      </trkpt>
      <trkpt lat="46.16506" lon="6.56498">
        <ele>1502.76</ele>
      </trkpt>
      <trkpt lat="46.16508" lon="6.56488">
        <ele>1501.46</ele>
      </trkpt>
      <trkpt lat="46.16511" lon="6.56479">
        <ele>1500.36</ele>
      </trkpt>
      <trkpt lat="46.16516" lon="6.56468">
        <ele>1499.34</ele>
      </trkpt>
      <trkpt lat="46.16518" lon="6.56462">
        <ele>1498.97</ele>
      </trkpt>
      <trkpt lat="46.16518" lon="6.56455">
        <ele>1498.3</ele>
      </trkpt>
      <trkpt lat="46.16517" lon="6.56449">
        <ele>1497.65</ele>
      </trkpt>
      <trkpt lat="46.16515" lon="6.56445">
        <ele>1497.13</ele>
      </trkpt>
      <trkpt lat="46.16515" lon="6.56445">
        <ele>1497.13</ele>
      </trkpt>
      <trkpt lat="46.16515" lon="6.56445">
        <ele>1497.13</ele>
      </trkpt>
      <trkpt lat="46.16512" lon="6.5644">
        <ele>1495.49</ele>
      </trkpt>
      <trkpt lat="46.16499" lon="6.56428">
        <ele>1490.69</ele>
      </trkpt>
      <trkpt lat="46.16493" lon="6.56423">
        <ele>1489.25</ele>
      </trkpt>
      <trkpt lat="46.16489" lon="6.56418">
        <ele>1487.81</ele>
      </trkpt>
      <trkpt lat="46.16485" lon="6.56413">
        <ele>1487.14</ele>
      </trkpt>
      <trkpt lat="46.16482" lon="6.56408">
        <ele>1486.71</ele>
      </trkpt>
      <trkpt lat="46.1648" lon="6.56403">
        <ele>1486.24</ele>
      </trkpt>
      <trkpt lat="46.16479" lon="6.56396">
        <ele>1485.52</ele>
      </trkpt>
      <trkpt lat="46.16479" lon="6.56389">
        <ele>1484.77</ele>
      </trkpt>
      <trkpt lat="46.1648" lon="6.56382">
        <ele>1484.11</ele>
      </trkpt>
      <trkpt lat="46.16482" lon="6.56359">
        <ele>1482.18</ele>
      </trkpt>
      <trkpt lat="46.16483" lon="6.56348">
        <ele>1481.34</ele>
      </trkpt>
      <trkpt lat="46.16483" lon="6.56341">
        <ele>1480.78</ele>
      </trkpt>
      <trkpt lat="46.16483" lon="6.56335">
        <ele>1480.3</ele>
      </trkpt>
      <trkpt lat="46.16482" lon="6.56329">
        <ele>1479.85</ele>
      </trkpt>
      <trkpt lat="46.16479" lon="6.56327">
        <ele>1479.39</ele>
      </trkpt>
      <trkpt lat="46.16479" lon="6.56327">
        <ele>1479.39</ele>
      </trkpt>
      <trkpt lat="46.16479" lon="6.56327">
        <ele>1479.39</ele>
      </trkpt>
      <trkpt lat="46.16468" lon="6.56322">
        <ele>1477.42</ele>
      </trkpt>
      <trkpt lat="46.16464" lon="6.56319">
        <ele>1476.49</ele>
      </trkpt>
      <trkpt lat="46.16461" lon="6.56313">
        <ele>1475.52</ele>
      </trkpt>
      <trkpt lat="46.16459" lon="6.56307">
        <ele>1474.72</ele>
      </trkpt>
      <trkpt lat="46.16458" lon="6.563">
        <ele>1473.84</ele>
      </trkpt>
      <trkpt lat="46.16456" lon="6.56278">
        <ele>1471.27</ele>
      </trkpt>
      <trkpt lat="46.16455" lon="6.56271">
        <ele>1470.07</ele>
      </trkpt>
      <trkpt lat="46.16455" lon="6.56262">
        <ele>1468.65</ele>
      </trkpt>
      <trkpt lat="46.16452" lon="6.56248">
        <ele>1466.11</ele>
      </trkpt>
      <trkpt lat="46.16448" lon="6.56233">
        <ele>1462.58</ele>
      </trkpt>
      <trkpt lat="46.16441" lon="6.56207">
        <ele>1456.4</ele>
      </trkpt>
      <trkpt lat="46.1644" lon="6.56199">
        <ele>1454.53</ele>
      </trkpt>
      <trkpt lat="46.1644" lon="6.56193">
        <ele>1453.31</ele>
      </trkpt>
      <trkpt lat="46.16442" lon="6.56185">
        <ele>1452.38</ele>
      </trkpt>
      <trkpt lat="46.16443" lon="6.5618">
        <ele>1451.76</ele>
      </trkpt>
      <trkpt lat="46.16443" lon="6.56172">
        <ele>1450.61</ele>
      </trkpt>
      <trkpt lat="46.16442" lon="6.56168">
        <ele>1449.93</ele>
      </trkpt>
      <trkpt lat="46.16442" lon="6.56168">
        <ele>1449.93</ele>
      </trkpt>
      <trkpt lat="46.16442" lon="6.56168">
        <ele>1449.93</ele>
      </trkpt>
      <trkpt lat="46.16436" lon="6.5617">
        <ele>1449.57</ele>
      </trkpt>
      <trkpt lat="46.16429" lon="6.56168">
        <ele>1448.52</ele>
      </trkpt>
      <trkpt lat="46.16425" lon="6.56166">
        <ele>1447.89</ele>
      </trkpt>
      <trkpt lat="46.16423" lon="6.56164">
        <ele>1447.66</ele>
      </trkpt>
      <trkpt lat="46.16417" lon="6.56158">
        <ele>1447.03</ele>
      </trkpt>
      <trkpt lat="46.16409" lon="6.56146">
        <ele>1448.73</ele>
      </trkpt>
      <trkpt lat="46.16406" lon="6.56143">
        <ele>1449.36</ele>
      </trkpt>
      <trkpt lat="46.16406" lon="6.56143">
        <ele>1449.36</ele>
      </trkpt>
      <trkpt lat="46.16406" lon="6.56143">
        <ele>1449.36</ele>
      </trkpt>
      <trkpt lat="46.16403" lon="6.56138">
        <ele>1449.95</ele>
      </trkpt>
      <trkpt lat="46.164" lon="6.56131">
        <ele>1450.6</ele>
      </trkpt>
      <trkpt lat="46.16396" lon="6.5612">
        <ele>1451.46</ele>
      </trkpt>
      <trkpt lat="46.16391" lon="6.56108">
        <ele>1452.44</ele>
      </trkpt>
      <trkpt lat="46.16388" lon="6.561">
        <ele>1452.79</ele>
      </trkpt>
      <trkpt lat="46.16385" lon="6.5609">
        <ele>1453.08</ele>
      </trkpt>
      <trkpt lat="46.16383" lon="6.56069">
        <ele>1453.16</ele>
      </trkpt>
      <trkpt lat="46.16382" lon="6.56059">
        <ele>1453.27</ele>
      </trkpt>
      <trkpt lat="46.1638" lon="6.56052">
        <ele>1453.69</ele>
      </trkpt>
      <trkpt lat="46.16375" lon="6.5604">
        <ele>1454.78</ele>
      </trkpt>
      <trkpt lat="46.1635" lon="6.55989">
        <ele>1458.32</ele>
      </trkpt>
      <trkpt lat="46.16342" lon="6.55976">
        <ele>1459.03</ele>
      </trkpt>
      <trkpt lat="46.1634" lon="6.55972">
        <ele>1459</ele>
      </trkpt>
      <trkpt lat="46.16335" lon="6.55966">
        <ele>1458.67</ele>
      </trkpt>
      <trkpt lat="46.16328" lon="6.55957">
        <ele>1457.35</ele>
      </trkpt>
      <trkpt lat="46.16319" lon="6.55948">
        <ele>1455.71</ele>
      </trkpt>
      <trkpt lat="46.16294" lon="6.55926">
        <ele>1452.1</ele>
      </trkpt>
      <trkpt lat="46.1628" lon="6.55912">
        <ele>1450.44</ele>
      </trkpt>
      <trkpt lat="46.1628" lon="6.55912">
        <ele>1450.44</ele>
      </trkpt>
      <trkpt lat="46.1628" lon="6.55912">
        <ele>1450.44</ele>
      </trkpt>
      <trkpt lat="46.16256" lon="6.55889">
        <ele>1449.57</ele>
      </trkpt>
      <trkpt lat="46.1624" lon="6.55872">
        <ele>1448.15</ele>
      </trkpt>
      <trkpt lat="46.16223" lon="6.55854">
        <ele>1447.43</ele>
      </trkpt>
      <trkpt lat="46.162" lon="6.55826">
        <ele>1444.41</ele>
      </trkpt>
      <trkpt lat="46.16161" lon="6.5578">
        <ele>1436.2</ele>
      </trkpt>
      <trkpt lat="46.16148" lon="6.55766">
        <ele>1433.78</ele>
      </trkpt>
      <trkpt lat="46.16138" lon="6.55754">
        <ele>1432.37</ele>
      </trkpt>
      <trkpt lat="46.16125" lon="6.55738">
        <ele>1430.57</ele>
      </trkpt>
      <trkpt lat="46.16125" lon="6.55738">
        <ele>1430.57</ele>
      </trkpt>
      <trkpt lat="46.16125" lon="6.55738">
        <ele>1430.57</ele>
      </trkpt>
      <trkpt lat="46.16122" lon="6.55735">
        <ele>1430.36</ele>
      </trkpt>
      <trkpt lat="46.16119" lon="6.55731">
        <ele>1430.18</ele>
      </trkpt>
      <trkpt lat="46.16116" lon="6.55725">
        <ele>1430.04</ele>
      </trkpt>
      <trkpt lat="46.16114" lon="6.55717">
        <ele>1429.98</ele>
      </trkpt>
      <trkpt lat="46.16113" lon="6.55712">
        <ele>1429.97</ele>
      </trkpt>
      <trkpt lat="46.16113" lon="6.55707">
        <ele>1429.96</ele>
      </trkpt>
      <trkpt lat="46.16114" lon="6.55701">
        <ele>1429.92</ele>
      </trkpt>
      <trkpt lat="46.16115" lon="6.55697">
        <ele>1429.87</ele>
      </trkpt>
      <trkpt lat="46.16118" lon="6.55691">
        <ele>1429.5</ele>
      </trkpt>
      <trkpt lat="46.16128" lon="6.55682">
        <ele>1428.5</ele>
      </trkpt>
      <trkpt lat="46.16135" lon="6.55678">
        <ele>1427.96</ele>
      </trkpt>
      <trkpt lat="46.16138" lon="6.55674">
        <ele>1427.56</ele>
      </trkpt>
      <trkpt lat="46.16141" lon="6.5567">
        <ele>1427</ele>
      </trkpt>
      <trkpt lat="46.16142" lon="6.55664">
        <ele>1426.41</ele>
      </trkpt>
      <trkpt lat="46.16143" lon="6.55658">
        <ele>1425.76</ele>
      </trkpt>
      <trkpt lat="46.16143" lon="6.55652">
        <ele>1425.21</ele>
      </trkpt>
      <trkpt lat="46.16142" lon="6.55643">
        <ele>1424.39</ele>
      </trkpt>
      <trkpt lat="46.16142" lon="6.55643">
        <ele>1424.39</ele>
      </trkpt>
      <trkpt lat="46.16142" lon="6.55643">
        <ele>1424.39</ele>
      </trkpt>
      <trkpt lat="46.1614" lon="6.55632">
        <ele>1423.27</ele>
      </trkpt>
      <trkpt lat="46.16138" lon="6.55559">
        <ele>1421.11</ele>
      </trkpt>
      <trkpt lat="46.16128" lon="6.55479">
        <ele>1419.57</ele>
      </trkpt>
      <trkpt lat="46.16125" lon="6.55457">
        <ele>1418.68</ele>
      </trkpt>
      <trkpt lat="46.16122" lon="6.55437">
        <ele>1418.22</ele>
      </trkpt>
      <trkpt lat="46.16109" lon="6.55374">
        <ele>1418.96</ele>
      </trkpt>
      <trkpt lat="46.161" lon="6.55362">
        <ele>1418.99</ele>
      </trkpt>
      <trkpt lat="46.16097" lon="6.55356">
        <ele>1418.82</ele>
      </trkpt>
      <trkpt lat="46.16097" lon="6.55356">
        <ele>1418.82</ele>
      </trkpt>
      <trkpt lat="46.16097" lon="6.55356">
        <ele>1418.82</ele>
      </trkpt>
      <trkpt lat="46.16095" lon="6.55349">
        <ele>1418.63</ele>
      </trkpt>
      <trkpt lat="46.16067" lon="6.55289">
        <ele>1416.81</ele>
      </trkpt>
      <trkpt lat="46.16055" lon="6.55254">
        <ele>1414.27</ele>
      </trkpt>
      <trkpt lat="46.16054" lon="6.5525">
        <ele>1413.94</ele>
      </trkpt>
      <trkpt lat="46.16051" lon="6.55238">
        <ele>1412.97</ele>
      </trkpt>
      <trkpt lat="46.16049" lon="6.5522">
        <ele>1411.6</ele>
      </trkpt>
      <trkpt lat="46.16047" lon="6.552">
        <ele>1410.09</ele>
      </trkpt>
      <trkpt lat="46.16044" lon="6.55153">
        <ele>1410.28</ele>
      </trkpt>
      <trkpt lat="46.16043" lon="6.55125">
        <ele>1412.27</ele>
      </trkpt>
      <trkpt lat="46.16043" lon="6.55125">
        <ele>1412.27</ele>
      </trkpt>
      <trkpt lat="46.16043" lon="6.55125">
        <ele>1412.27</ele>
      </trkpt>
      <trkpt lat="46.16045" lon="6.55117">
        <ele>1413.06</ele>
      </trkpt>
      <trkpt lat="46.16048" lon="6.55122">
        <ele>1412.66</ele>
      </trkpt>
      <trkpt lat="46.16052" lon="6.55127">
        <ele>1412.23</ele>
      </trkpt>
      <trkpt lat="46.16056" lon="6.55131">
        <ele>1411.87</ele>
      </trkpt>
      <trkpt lat="46.1606" lon="6.55136">
        <ele>1411.6</ele>
      </trkpt>
      <trkpt lat="46.16064" lon="6.55139">
        <ele>1411.61</ele>
      </trkpt>
      <trkpt lat="46.16069" lon="6.55142">
        <ele>1411.91</ele>
      </trkpt>
      <trkpt lat="46.16074" lon="6.55144">
        <ele>1412.27</ele>
      </trkpt>
      <trkpt lat="46.16078" lon="6.55146">
        <ele>1412.57</ele>
      </trkpt>
      <trkpt lat="46.16082" lon="6.55147">
        <ele>1412.89</ele>
      </trkpt>
      <trkpt lat="46.16085" lon="6.55148">
        <ele>1413.06</ele>
      </trkpt>
      <trkpt lat="46.1609" lon="6.55148">
        <ele>1413.24</ele>
      </trkpt>
      <trkpt lat="46.16096" lon="6.55148">
        <ele>1413.46</ele>
      </trkpt>
      <trkpt lat="46.16102" lon="6.55147">
        <ele>1413.76</ele>
      </trkpt>
      <trkpt lat="46.16106" lon="6.55146">
        <ele>1414.01</ele>
      </trkpt>
      <trkpt lat="46.16112" lon="6.55143">
        <ele>1414.63</ele>
      </trkpt>
      <trkpt lat="46.16133" lon="6.55134">
        <ele>1416.97</ele>
      </trkpt>
      <trkpt lat="46.16138" lon="6.55132">
        <ele>1417.44</ele>
      </trkpt>
      <trkpt lat="46.16142" lon="6.55132">
        <ele>1418.11</ele>
      </trkpt>
      <trkpt lat="46.16146" lon="6.55132">
        <ele>1418.91</ele>
      </trkpt>
      <trkpt lat="46.16151" lon="6.55133">
        <ele>1419.86</ele>
      </trkpt>
      <trkpt lat="46.16155" lon="6.55135">
        <ele>1420.6</ele>
      </trkpt>
      <trkpt lat="46.1616" lon="6.55138">
        <ele>1421.58</ele>
      </trkpt>
      <trkpt lat="46.1616" lon="6.55138">
        <ele>1421.58</ele>
      </trkpt>
      <trkpt lat="46.1616" lon="6.55138">
        <ele>1421.58</ele>
      </trkpt>
      <trkpt lat="46.16164" lon="6.55141">
        <ele>1422.55</ele>
      </trkpt>
      <trkpt lat="46.16168" lon="6.55144">
        <ele>1423.64</ele>
      </trkpt>
      <trkpt lat="46.16173" lon="6.55149">
        <ele>1424.93</ele>
      </trkpt>
      <trkpt lat="46.16179" lon="6.55155">
        <ele>1426.31</ele>
      </trkpt>
      <trkpt lat="46.16195" lon="6.5517">
        <ele>1428.88</ele>
      </trkpt>
      <trkpt lat="46.16267" lon="6.55238">
        <ele>1421.51</ele>
      </trkpt>
      <trkpt lat="46.16271" lon="6.55241">
        <ele>1421.93</ele>
      </trkpt>
      <trkpt lat="46.16276" lon="6.55244">
        <ele>1422.69</ele>
      </trkpt>
      <trkpt lat="46.1628" lon="6.55247">
        <ele>1422.95</ele>
      </trkpt>
      <trkpt lat="46.16285" lon="6.55248">
        <ele>1422.8</ele>
      </trkpt>
      <trkpt lat="46.1629" lon="6.55249">
        <ele>1422.61</ele>
      </trkpt>
      <trkpt lat="46.16295" lon="6.5525">
        <ele>1422.38</ele>
      </trkpt>
      <trkpt lat="46.16301" lon="6.55249">
        <ele>1422.25</ele>
      </trkpt>
      <trkpt lat="46.16306" lon="6.55248">
        <ele>1422.2</ele>
      </trkpt>
      <trkpt lat="46.16329" lon="6.55243">
        <ele>1422.12</ele>
      </trkpt>
      <trkpt lat="46.16353" lon="6.55237">
        <ele>1425.04</ele>
      </trkpt>
      <trkpt lat="46.16359" lon="6.55236">
        <ele>1425.78</ele>
      </trkpt>
      <trkpt lat="46.16364" lon="6.55235">
        <ele>1426.78</ele>
      </trkpt>
      <trkpt lat="46.16371" lon="6.55235">
        <ele>1428.47</ele>
      </trkpt>
      <trkpt lat="46.1638" lon="6.55236">
        <ele>1430.44</ele>
      </trkpt>
      <trkpt lat="46.16388" lon="6.55237">
        <ele>1432.07</ele>
      </trkpt>
      <trkpt lat="46.16395" lon="6.55238">
        <ele>1431.93</ele>
      </trkpt>
      <trkpt lat="46.16461" lon="6.55246">
        <ele>1432.63</ele>
      </trkpt>
      <trkpt lat="46.16461" lon="6.55246">
        <ele>1432.63</ele>
      </trkpt>
      <trkpt lat="46.16461" lon="6.55246">
        <ele>1432.63</ele>
      </trkpt>
      <trkpt lat="46.16464" lon="6.55196">
        <ele>1437.77</ele>
      </trkpt>
      <trkpt lat="46.16464" lon="6.55196">
        <ele>1437.77</ele>
      </trkpt>
      <trkpt lat="46.16481" lon="6.55139">
        <ele>1444.93</ele>
      </trkpt>
      <trkpt lat="46.16481" lon="6.55139">
        <ele>1444.93</ele>
      </trkpt>
      <trkpt lat="46.16513" lon="6.55055">
        <ele>1454.03</ele>
      </trkpt>
      <trkpt lat="46.16513" lon="6.55055">
        <ele>1454.03</ele>
      </trkpt>
      <trkpt lat="46.16531" lon="6.55025">
        <ele>1457.14</ele>
      </trkpt>
      <trkpt lat="46.16536" lon="6.55021">
        <ele>1457.37</ele>
      </trkpt>
      <trkpt lat="46.16541" lon="6.55018">
        <ele>1457.42</ele>
      </trkpt>
      <trkpt lat="46.16546" lon="6.55018">
        <ele>1456.65</ele>
      </trkpt>
      <trkpt lat="46.16551" lon="6.55017">
        <ele>1456.18</ele>
      </trkpt>
      <trkpt lat="46.16556" lon="6.55016">
        <ele>1455.88</ele>
      </trkpt>
      <trkpt lat="46.16561" lon="6.55016">
        <ele>1456.57</ele>
      </trkpt>
      <trkpt lat="46.16566" lon="6.55016">
        <ele>1457.26</ele>
      </trkpt>
      <trkpt lat="46.1657" lon="6.55017">
        <ele>1457.46</ele>
      </trkpt>
      <trkpt lat="46.16575" lon="6.5502">
        <ele>1457.01</ele>
      </trkpt>
      <trkpt lat="46.16579" lon="6.55025">
        <ele>1455.6</ele>
      </trkpt>
      <trkpt lat="46.16583" lon="6.55029">
        <ele>1454.57</ele>
      </trkpt>
      <trkpt lat="46.16587" lon="6.55032">
        <ele>1454.71</ele>
      </trkpt>
      <trkpt lat="46.16591" lon="6.55036">
        <ele>1454.63</ele>
      </trkpt>
      <trkpt lat="46.16595" lon="6.55041">
        <ele>1454.28</ele>
      </trkpt>
      <trkpt lat="46.16598" lon="6.55046">
        <ele>1453.67</ele>
      </trkpt>
      <trkpt lat="46.16601" lon="6.55052">
        <ele>1452.79</ele>
      </trkpt>
      <trkpt lat="46.16604" lon="6.55057">
        <ele>1452.46</ele>
      </trkpt>
      <trkpt lat="46.16607" lon="6.55063">
        <ele>1452.52</ele>
      </trkpt>
      <trkpt lat="46.16608" lon="6.55064">
        <ele>1452.71</ele>
      </trkpt>
      <trkpt lat="46.16608" lon="6.55064">
        <ele>1452.71</ele>
      </trkpt>
      <trkpt lat="46.1661" lon="6.55063">
        <ele>1453.55</ele>
      </trkpt>
      <trkpt lat="46.16617" lon="6.55077">
        <ele>1455.53</ele>
      </trkpt>
      <trkpt lat="46.1663" lon="6.55106">
        <ele>1457.9</ele>
      </trkpt>
      <trkpt lat="46.16635" lon="6.55113">
        <ele>1459.11</ele>
      </trkpt>
      <trkpt lat="46.16644" lon="6.55123">
        <ele>1463.4</ele>
      </trkpt>
      <trkpt lat="46.16652" lon="6.55139">
        <ele>1467.43</ele>
      </trkpt>
      <trkpt lat="46.16657" lon="6.55153">
        <ele>1469.03</ele>
      </trkpt>
      <trkpt lat="46.16657" lon="6.55153">
        <ele>1469.03</ele>
      </trkpt>
      <trkpt lat="46.16657" lon="6.55153">
        <ele>1469.03</ele>
      </trkpt>
      <trkpt lat="46.16661" lon="6.55165">
        <ele>1469.8</ele>
      </trkpt>
      <trkpt lat="46.16665" lon="6.55173">
        <ele>1470.65</ele>
      </trkpt>
      <trkpt lat="46.1667" lon="6.55181">
        <ele>1471.83</ele>
      </trkpt>
      <trkpt lat="46.16677" lon="6.55189">
        <ele>1474.35</ele>
      </trkpt>
      <trkpt lat="46.16683" lon="6.55197">
        <ele>1476.78</ele>
      </trkpt>
      <trkpt lat="46.16691" lon="6.55207">
        <ele>1480.31</ele>
      </trkpt>
      <trkpt lat="46.16693" lon="6.55212">
        <ele>1480.72</ele>
      </trkpt>
      <trkpt lat="46.16697" lon="6.55218">
        <ele>1481.27</ele>
      </trkpt>
      <trkpt lat="46.167" lon="6.55221">
        <ele>1481.58</ele>
      </trkpt>
      <trkpt lat="46.16712" lon="6.55233">
        <ele>1482.83</ele>
      </trkpt>
      <trkpt lat="46.16719" lon="6.55243">
        <ele>1483.68</ele>
      </trkpt>
      <trkpt lat="46.16723" lon="6.55248">
        <ele>1484.42</ele>
      </trkpt>
      <trkpt lat="46.16729" lon="6.55253">
        <ele>1485.3</ele>
      </trkpt>
      <trkpt lat="46.16733" lon="6.55258">
        <ele>1485.52</ele>
      </trkpt>
      <trkpt lat="46.16737" lon="6.55262">
        <ele>1485.74</ele>
      </trkpt>
      <trkpt lat="46.16742" lon="6.55265">
        <ele>1486.21</ele>
      </trkpt>
      <trkpt lat="46.16742" lon="6.55265">
        <ele>1486.21</ele>
      </trkpt>
      <trkpt lat="46.16742" lon="6.55265">
        <ele>1486.21</ele>
      </trkpt>
      <trkpt lat="46.16742" lon="6.55265">
        <ele>1486.21</ele>
      </trkpt>
      <trkpt lat="46.16746" lon="6.55266">
        <ele>1486.78</ele>
      </trkpt>
      <trkpt lat="46.1677" lon="6.55281">
        <ele>1491.45</ele>
      </trkpt>
      <trkpt lat="46.16777" lon="6.55284">
        <ele>1493.16</ele>
      </trkpt>
      <trkpt lat="46.16777" lon="6.55284">
        <ele>1493.16</ele>
      </trkpt>
      <trkpt lat="46.16777" lon="6.55284">
        <ele>1493.16</ele>
      </trkpt>
      <trkpt lat="46.16792" lon="6.55288">
        <ele>1495.5</ele>
      </trkpt>
      <trkpt lat="46.16795" lon="6.55291">
        <ele>1495.39</ele>
      </trkpt>
      <trkpt lat="46.168" lon="6.5529">
        <ele>1496.72</ele>
      </trkpt>
      <trkpt lat="46.16811" lon="6.5529">
        <ele>1500.4</ele>
      </trkpt>
      <trkpt lat="46.16814" lon="6.55286">
        <ele>1502.51</ele>
      </trkpt>
      <trkpt lat="46.16836" lon="6.55288">
        <ele>1511.79</ele>
      </trkpt>
      <trkpt lat="46.16842" lon="6.55286">
        <ele>1514.41</ele>
      </trkpt>
      <trkpt lat="46.16853" lon="6.55283">
        <ele>1519</ele>
      </trkpt>
      <trkpt lat="46.16867" lon="6.55279">
        <ele>1523.77</ele>
      </trkpt>
      <trkpt lat="46.16882" lon="6.55281">
        <ele>1528.16</ele>
      </trkpt>
      <trkpt lat="46.16901" lon="6.55267">
        <ele>1532.62</ele>
      </trkpt>
      <trkpt lat="46.16905" lon="6.55262">
        <ele>1533.48</ele>
      </trkpt>
      <trkpt lat="46.16908" lon="6.55255">
        <ele>1534.13</ele>
      </trkpt>
      <trkpt lat="46.16911" lon="6.55233">
        <ele>1536.49</ele>
      </trkpt>
      <trkpt lat="46.16907" lon="6.55203">
        <ele>1539.54</ele>
      </trkpt>
      <trkpt lat="46.16903" lon="6.5519">
        <ele>1540.21</ele>
      </trkpt>
      <trkpt lat="46.16903" lon="6.5519">
        <ele>1540.21</ele>
      </trkpt>
      <trkpt lat="46.16903" lon="6.5519">
        <ele>1540.21</ele>
      </trkpt>
      <trkpt lat="46.169" lon="6.5518">
        <ele>1540.58</ele>
      </trkpt>
      <trkpt lat="46.16879" lon="6.55137">
        <ele>1543.03</ele>
      </trkpt>
      <trkpt lat="46.1686" lon="6.55102">
        <ele>1546.51</ele>
      </trkpt>
      <trkpt lat="46.16853" lon="6.55078">
        <ele>1547.59</ele>
      </trkpt>
      <trkpt lat="46.16849" lon="6.55074">
        <ele>1547.41</ele>
      </trkpt>
      <trkpt lat="46.16826" lon="6.55043">
        <ele>1546.56</ele>
      </trkpt>
      <trkpt lat="46.16817" lon="6.55026">
        <ele>1547.57</ele>
      </trkpt>
      <trkpt lat="46.16804" lon="6.54995">
        <ele>1550.5</ele>
      </trkpt>
      <trkpt lat="46.16797" lon="6.54973">
        <ele>1552.4</ele>
      </trkpt>
      <trkpt lat="46.16799" lon="6.54964">
        <ele>1554.3</ele>
      </trkpt>
      <trkpt lat="46.16802" lon="6.5496">
        <ele>1555.74</ele>
      </trkpt>
      <trkpt lat="46.16802" lon="6.54954">
        <ele>1556.6</ele>
      </trkpt>
      <trkpt lat="46.16804" lon="6.5494">
        <ele>1559.04</ele>
      </trkpt>
      <trkpt lat="46.16805" lon="6.54927">
        <ele>1560.74</ele>
      </trkpt>
      <trkpt lat="46.16794" lon="6.54889">
        <ele>1561.08</ele>
      </trkpt>
      <trkpt lat="46.16797" lon="6.54874">
        <ele>1563.29</ele>
      </trkpt>
      <trkpt lat="46.16799" lon="6.54864">
        <ele>1564.82</ele>
      </trkpt>
      <trkpt lat="46.16796" lon="6.5484">
        <ele>1568.29</ele>
      </trkpt>
      <trkpt lat="46.16793" lon="6.54823">
        <ele>1569.97</ele>
      </trkpt>
      <trkpt lat="46.1679" lon="6.54815">
        <ele>1570.04</ele>
      </trkpt>
      <trkpt lat="46.16792" lon="6.54797">
        <ele>1573.5</ele>
      </trkpt>
      <trkpt lat="46.16792" lon="6.54797">
        <ele>1573.5</ele>
      </trkpt>
      <trkpt lat="46.16792" lon="6.54797">
        <ele>1573.5</ele>
      </trkpt>
      <trkpt lat="46.16792" lon="6.54785">
        <ele>1575.44</ele>
      </trkpt>
      <trkpt lat="46.16795" lon="6.54772">
        <ele>1578.7</ele>
      </trkpt>
      <trkpt lat="46.1679" lon="6.54759">
        <ele>1579.72</ele>
      </trkpt>
      <trkpt lat="46.1678" lon="6.5474">
        <ele>1580.47</ele>
      </trkpt>
      <trkpt lat="46.16775" lon="6.54727">
        <ele>1581.82</ele>
      </trkpt>
      <trkpt lat="46.16772" lon="6.54714">
        <ele>1583.56</ele>
      </trkpt>
      <trkpt lat="46.16772" lon="6.54709">
        <ele>1584.28</ele>
      </trkpt>
      <trkpt lat="46.16772" lon="6.547">
        <ele>1585.58</ele>
      </trkpt>
      <trkpt lat="46.16771" lon="6.54694">
        <ele>1586.32</ele>
      </trkpt>
      <trkpt lat="46.16771" lon="6.5469">
        <ele>1586.83</ele>
      </trkpt>
      <trkpt lat="46.1677" lon="6.54687">
        <ele>1587.11</ele>
      </trkpt>
      <trkpt lat="46.1677" lon="6.54681">
        <ele>1587.88</ele>
      </trkpt>
      <trkpt lat="46.1677" lon="6.54674">
        <ele>1588.78</ele>
      </trkpt>
      <trkpt lat="46.16771" lon="6.54671">
        <ele>1589.21</ele>
      </trkpt>
      <trkpt lat="46.16772" lon="6.54667">
        <ele>1589.75</ele>
      </trkpt>
      <trkpt lat="46.16774" lon="6.54664">
        <ele>1590.34</ele>
      </trkpt>
      <trkpt lat="46.16776" lon="6.54658">
        <ele>1591.5</ele>
      </trkpt>
      <trkpt lat="46.16778" lon="6.54654">
        <ele>1592.39</ele>
      </trkpt>
      <trkpt lat="46.16777" lon="6.54651">
        <ele>1592.79</ele>
      </trkpt>
      <trkpt lat="46.16777" lon="6.54648">
        <ele>1593.33</ele>
      </trkpt>
      <trkpt lat="46.16777" lon="6.54646">
        <ele>1593.69</ele>
      </trkpt>
      <trkpt lat="46.16777" lon="6.54642">
        <ele>1594.41</ele>
      </trkpt>
      <trkpt lat="46.16778" lon="6.54638">
        <ele>1595.29</ele>
      </trkpt>
      <trkpt lat="46.16779" lon="6.54636">
        <ele>1596.22</ele>
      </trkpt>
      <trkpt lat="46.16779" lon="6.54635">
        <ele>1596.4</ele>
      </trkpt>
      <trkpt lat="46.16779" lon="6.54632">
        <ele>1596.94</ele>
      </trkpt>
      <trkpt lat="46.16779" lon="6.54626">
        <ele>1598.02</ele>
      </trkpt>
      <trkpt lat="46.1678" lon="6.54622">
        <ele>1599.32</ele>
      </trkpt>
      <trkpt lat="46.16779" lon="6.54618">
        <ele>1599.46</ele>
      </trkpt>
      <trkpt lat="46.16779" lon="6.54615">
        <ele>1600</ele>
      </trkpt>
      <trkpt lat="46.1678" lon="6.54605">
        <ele>1601.79</ele>
      </trkpt>
      <trkpt lat="46.1678" lon="6.54601">
        <ele>1602.12</ele>
      </trkpt>
      <trkpt lat="46.1678" lon="6.54599">
        <ele>1602.29</ele>
      </trkpt>
      <trkpt lat="46.1678" lon="6.54597">
        <ele>1602.46</ele>
      </trkpt>
      <trkpt lat="46.16779" lon="6.54594">
        <ele>1602.04</ele>
      </trkpt>
      <trkpt lat="46.16778" lon="6.54592">
        <ele>1601.53</ele>
      </trkpt>
      <trkpt lat="46.16778" lon="6.5459">
        <ele>1601.67</ele>
      </trkpt>
      <trkpt lat="46.16778" lon="6.54587">
        <ele>1601.89</ele>
      </trkpt>
      <trkpt lat="46.16779" lon="6.54584">
        <ele>1602.83</ele>
      </trkpt>
      <trkpt lat="46.16779" lon="6.54583">
        <ele>1602.93</ele>
      </trkpt>
      <trkpt lat="46.16779" lon="6.54582">
        <ele>1603.07</ele>
      </trkpt>
      <trkpt lat="46.16779" lon="6.54582">
        <ele>1603.07</ele>
      </trkpt>
      <trkpt lat="46.16778" lon="6.5458">
        <ele>1602.64</ele>
      </trkpt>
      <trkpt lat="46.16779" lon="6.54576">
        <ele>1603.91</ele>
      </trkpt>
      <trkpt lat="46.16779" lon="6.54574">
        <ele>1604.19</ele>
      </trkpt>
      <trkpt lat="46.16779" lon="6.5457">
        <ele>1604.76</ele>
      </trkpt>
      <trkpt lat="46.16778" lon="6.54561">
        <ele>1605.36</ele>
      </trkpt>
      <trkpt lat="46.16779" lon="6.54556">
        <ele>1606.73</ele>
      </trkpt>
      <trkpt lat="46.16779" lon="6.54553">
        <ele>1607.24</ele>
      </trkpt>
      <trkpt lat="46.16779" lon="6.5455">
        <ele>1607.77</ele>
      </trkpt>
      <trkpt lat="46.1678" lon="6.54548">
        <ele>1608.73</ele>
      </trkpt>
      <trkpt lat="46.16779" lon="6.54546">
        <ele>1608.47</ele>
      </trkpt>
      <trkpt lat="46.16779" lon="6.54543">
        <ele>1608.99</ele>
      </trkpt>
      <trkpt lat="46.16778" lon="6.54541">
        <ele>1608.75</ele>
      </trkpt>
      <trkpt lat="46.16778" lon="6.54538">
        <ele>1609.29</ele>
      </trkpt>
      <trkpt lat="46.16778" lon="6.54536">
        <ele>1609.65</ele>
      </trkpt>
      <trkpt lat="46.16777" lon="6.54534">
        <ele>1609.74</ele>
      </trkpt>
      <trkpt lat="46.16777" lon="6.54532">
        <ele>1610.09</ele>
      </trkpt>
      <trkpt lat="46.16777" lon="6.5453">
        <ele>1610.44</ele>
      </trkpt>
      <trkpt lat="46.16776" lon="6.54528">
        <ele>1610.58</ele>
      </trkpt>
      <trkpt lat="46.16775" lon="6.54525">
        <ele>1611.15</ele>
      </trkpt>
      <trkpt lat="46.16774" lon="6.54519">
        <ele>1612.5</ele>
      </trkpt>
      <trkpt lat="46.16774" lon="6.54515">
        <ele>1613.55</ele>
      </trkpt>
      <trkpt lat="46.16773" lon="6.54511">
        <ele>1614.28</ele>
      </trkpt>
      <trkpt lat="46.16774" lon="6.54505">
        <ele>1616.19</ele>
      </trkpt>
      <trkpt lat="46.16773" lon="6.54499">
        <ele>1617.34</ele>
      </trkpt>
      <trkpt lat="46.16773" lon="6.54495">
        <ele>1618.28</ele>
      </trkpt>
      <trkpt lat="46.16772" lon="6.5449">
        <ele>1619.1</ele>
      </trkpt>
      <trkpt lat="46.16772" lon="6.54487">
        <ele>1619.81</ele>
      </trkpt>
      <trkpt lat="46.16771" lon="6.54485">
        <ele>1619.95</ele>
      </trkpt>
      <trkpt lat="46.16771" lon="6.54483">
        <ele>1620.44</ele>
      </trkpt>
      <trkpt lat="46.16769" lon="6.54479">
        <ele>1620.78</ele>
      </trkpt>
      <trkpt lat="46.16754" lon="6.54443">
        <ele>1629.25</ele>
      </trkpt>
      <trkpt lat="46.16754" lon="6.5444">
        <ele>1629.78</ele>
      </trkpt>
      <trkpt lat="46.16755" lon="6.54437">
        <ele>1630.22</ele>
      </trkpt>
      <trkpt lat="46.16759" lon="6.54436">
        <ele>1630.04</ele>
      </trkpt>
      <trkpt lat="46.16764" lon="6.54437">
        <ele>1629.53</ele>
      </trkpt>
      <trkpt lat="46.16777" lon="6.54436">
        <ele>1628.46</ele>
      </trkpt>
      <trkpt lat="46.16795" lon="6.54449">
        <ele>1627.2</ele>
      </trkpt>
      <trkpt lat="46.16801" lon="6.54451">
        <ele>1626.93</ele>
      </trkpt>
      <trkpt lat="46.16814" lon="6.54465">
        <ele>1629.42</ele>
      </trkpt>
      <trkpt lat="46.16817" lon="6.54465">
        <ele>1629.85</ele>
      </trkpt>
      <trkpt lat="46.16818" lon="6.54464">
        <ele>1629.82</ele>
      </trkpt>
      <trkpt lat="46.1682" lon="6.5446">
        <ele>1629.36</ele>
      </trkpt>
      <trkpt lat="46.16823" lon="6.54457">
        <ele>1629.12</ele>
      </trkpt>
      <trkpt lat="46.16826" lon="6.54456">
        <ele>1629.21</ele>
      </trkpt>
      <trkpt lat="46.16826" lon="6.54456">
        <ele>1629.21</ele>
      </trkpt>
      <trkpt lat="46.16826" lon="6.54456">
        <ele>1629.21</ele>
      </trkpt>
      <trkpt lat="46.16823" lon="6.54457">
        <ele>1629.12</ele>
      </trkpt>
      <trkpt lat="46.1682" lon="6.5446">
        <ele>1629.36</ele>
      </trkpt>
      <trkpt lat="46.16818" lon="6.54464">
        <ele>1629.82</ele>
      </trkpt>
      <trkpt lat="46.16818" lon="6.54468">
        <ele>1630.51</ele>
      </trkpt>
      <trkpt lat="46.16818" lon="6.54477">
        <ele>1631.78</ele>
      </trkpt>
      <trkpt lat="46.16822" lon="6.54505">
        <ele>1636.1</ele>
      </trkpt>
      <trkpt lat="46.16825" lon="6.54517">
        <ele>1637.71</ele>
      </trkpt>
      <trkpt lat="46.16839" lon="6.54554">
        <ele>1641.52</ele>
      </trkpt>
      <trkpt lat="46.16858" lon="6.54589">
        <ele>1645.32</ele>
      </trkpt>
      <trkpt lat="46.16862" lon="6.54614">
        <ele>1643.75</ele>
      </trkpt>
      <trkpt lat="46.16867" lon="6.54626">
        <ele>1647.41</ele>
      </trkpt>
      <trkpt lat="46.16873" lon="6.54645">
        <ele>1649.7</ele>
      </trkpt>
      <trkpt lat="46.16886" lon="6.5466">
        <ele>1656.01</ele>
      </trkpt>
      <trkpt lat="46.16888" lon="6.5466">
        <ele>1657.36</ele>
      </trkpt>
      <trkpt lat="46.1689" lon="6.54664">
        <ele>1658.2</ele>
      </trkpt>
      <trkpt lat="46.16904" lon="6.54671">
        <ele>1667.11</ele>
      </trkpt>
      <trkpt lat="46.16908" lon="6.54675">
        <ele>1669.37</ele>
      </trkpt>
      <trkpt lat="46.16912" lon="6.54682">
        <ele>1671.25</ele>
      </trkpt>
      <trkpt lat="46.16944" lon="6.54707">
        <ele>1689.42</ele>
      </trkpt>
      <trkpt lat="46.1695" lon="6.54704">
        <ele>1694.48</ele>
      </trkpt>
      <trkpt lat="46.16955" lon="6.54708">
        <ele>1697.54</ele>
      </trkpt>
      <trkpt lat="46.16957" lon="6.54713">
        <ele>1698.15</ele>
      </trkpt>
      <trkpt lat="46.16966" lon="6.54723">
        <ele>1703.08</ele>
      </trkpt>
      <trkpt lat="46.1697" lon="6.54737">
        <ele>1702.15</ele>
      </trkpt>
      <trkpt lat="46.16971" lon="6.54738">
        <ele>1702.58</ele>
      </trkpt>
      <trkpt lat="46.16972" lon="6.54737">
        <ele>1703.58</ele>
      </trkpt>
      <trkpt lat="46.16974" lon="6.54731">
        <ele>1706.48</ele>
      </trkpt>
      <trkpt lat="46.16975" lon="6.5473">
        <ele>1707.33</ele>
      </trkpt>
      <trkpt lat="46.16979" lon="6.54741">
        <ele>1706.33</ele>
      </trkpt>
      <trkpt lat="46.16981" lon="6.54744">
        <ele>1706.54</ele>
      </trkpt>
      <trkpt lat="46.16981" lon="6.54744">
        <ele>1706.54</ele>
      </trkpt>
      <trkpt lat="46.16981" lon="6.54744">
        <ele>1706.54</ele>
      </trkpt>
      <trkpt lat="46.16979" lon="6.54741">
        <ele>1706.33</ele>
      </trkpt>
      <trkpt lat="46.16975" lon="6.5473">
        <ele>1707.33</ele>
      </trkpt>
      <trkpt lat="46.16974" lon="6.54731">
        <ele>1706.48</ele>
      </trkpt>
      <trkpt lat="46.16972" lon="6.54737">
        <ele>1703.58</ele>
      </trkpt>
      <trkpt lat="46.16971" lon="6.54738">
        <ele>1702.58</ele>
      </trkpt>
      <trkpt lat="46.1697" lon="6.54737">
        <ele>1702.15</ele>
      </trkpt>
      <trkpt lat="46.16966" lon="6.54723">
        <ele>1703.08</ele>
      </trkpt>
      <trkpt lat="46.16957" lon="6.54713">
        <ele>1698.15</ele>
      </trkpt>
      <trkpt lat="46.16955" lon="6.54708">
        <ele>1697.54</ele>
      </trkpt>
      <trkpt lat="46.1695" lon="6.54704">
        <ele>1694.48</ele>
      </trkpt>
      <trkpt lat="46.16944" lon="6.54707">
        <ele>1689.42</ele>
      </trkpt>
      <trkpt lat="46.16912" lon="6.54682">
        <ele>1671.25</ele>
      </trkpt>
      <trkpt lat="46.16908" lon="6.54675">
        <ele>1669.37</ele>
      </trkpt>
      <trkpt lat="46.16914" lon="6.54672">
        <ele>1674.28</ele>
      </trkpt>
      <trkpt lat="46.16927" lon="6.54674">
        <ele>1683.83</ele>
      </trkpt>
      <trkpt lat="46.16942" lon="6.54679">
        <ele>1694.07</ele>
      </trkpt>
      <trkpt lat="46.16956" lon="6.54678">
        <ele>1704.14</ele>
      </trkpt>
      <trkpt lat="46.16959" lon="6.54656">
        <ele>1710.72</ele>
      </trkpt>
      <trkpt lat="46.16962" lon="6.54634">
        <ele>1717.1</ele>
      </trkpt>
      <trkpt lat="46.16966" lon="6.54632">
        <ele>1719.85</ele>
      </trkpt>
      <trkpt lat="46.16977" lon="6.5464">
        <ele>1726.27</ele>
      </trkpt>
      <trkpt lat="46.17002" lon="6.54681">
        <ele>1742.28</ele>
      </trkpt>
      <trkpt lat="46.17023" lon="6.54716">
        <ele>1750.07</ele>
      </trkpt>
      <trkpt lat="46.17022" lon="6.54742">
        <ele>1738.87</ele>
      </trkpt>
      <trkpt lat="46.17036" lon="6.54793">
        <ele>1735.29</ele>
      </trkpt>
      <trkpt lat="46.17056" lon="6.54839">
        <ele>1744.01</ele>
      </trkpt>
      <trkpt lat="46.17067" lon="6.54878">
        <ele>1741.23</ele>
      </trkpt>
      <trkpt lat="46.17098" lon="6.54924">
        <ele>1743.9</ele>
      </trkpt>
      <trkpt lat="46.17116" lon="6.54953">
        <ele>1741.98</ele>
      </trkpt>
      <trkpt lat="46.17128" lon="6.54964">
        <ele>1742.24</ele>
      </trkpt>
      <trkpt lat="46.17139" lon="6.54977">
        <ele>1740.18</ele>
      </trkpt>
      <trkpt lat="46.17158" lon="6.5499">
        <ele>1747.34</ele>
      </trkpt>
      <trkpt lat="46.17172" lon="6.55004">
        <ele>1751.41</ele>
      </trkpt>
      <trkpt lat="46.17189" lon="6.55034">
        <ele>1751.45</ele>
      </trkpt>
      <trkpt lat="46.17189" lon="6.55034">
        <ele>1751.45</ele>
      </trkpt>
      <trkpt lat="46.17189" lon="6.55034">
        <ele>1751.45</ele>
      </trkpt>
      <trkpt lat="46.17198" lon="6.5505">
        <ele>1749.66</ele>
      </trkpt>
      <trkpt lat="46.17222" lon="6.55087">
        <ele>1741.22</ele>
      </trkpt>
      <trkpt lat="46.17252" lon="6.55111">
        <ele>1740.57</ele>
      </trkpt>
      <trkpt lat="46.17271" lon="6.55122">
        <ele>1748.1</ele>
      </trkpt>
      <trkpt lat="46.1731" lon="6.55144">
        <ele>1753.71</ele>
      </trkpt>
      <trkpt lat="46.17335" lon="6.55156">
        <ele>1762.21</ele>
      </trkpt>
      <trkpt lat="46.17348" lon="6.5516">
        <ele>1766.05</ele>
      </trkpt>
      <trkpt lat="46.17348" lon="6.5516">
        <ele>1766.05</ele>
      </trkpt>
      <trkpt lat="46.17348" lon="6.5516">
        <ele>1766.05</ele>
      </trkpt>
      <trkpt lat="46.17387" lon="6.5517">
        <ele>1776.23</ele>
      </trkpt>
      <trkpt lat="46.17418" lon="6.55237">
        <ele>1760.55</ele>
      </trkpt>
      <trkpt lat="46.17449" lon="6.55305">
        <ele>1762.01</ele>
      </trkpt>
      <trkpt lat="46.1745" lon="6.55306">
        <ele>1762.26</ele>
      </trkpt>
      <trkpt lat="46.1745" lon="6.55306">
        <ele>1762.26</ele>
      </trkpt>
      <trkpt lat="46.1745" lon="6.55306">
        <ele>1762.26</ele>
      </trkpt>
      <trkpt lat="46.17451" lon="6.5531">
        <ele>1761.62</ele>
      </trkpt>
      <trkpt lat="46.17453" lon="6.55311">
        <ele>1762.49</ele>
      </trkpt>
      <trkpt lat="46.17456" lon="6.55312">
        <ele>1763.93</ele>
      </trkpt>
      <trkpt lat="46.1746" lon="6.55312">
        <ele>1766.27</ele>
      </trkpt>
      <trkpt lat="46.17511" lon="6.55336">
        <ele>1783.9</ele>
      </trkpt>
      <trkpt lat="46.17541" lon="6.55349">
        <ele>1782.74</ele>
      </trkpt>
      <trkpt lat="46.17601" lon="6.55425">
        <ele>1774.2</ele>
      </trkpt>
      <trkpt lat="46.17601" lon="6.55425">
        <ele>1774.2</ele>
      </trkpt>
      <trkpt lat="46.17601" lon="6.55425">
        <ele>1774.2</ele>
      </trkpt>
      <trkpt lat="46.17634" lon="6.55425">
        <ele>1795.96</ele>
      </trkpt>
      <trkpt lat="46.17643" lon="6.55427">
        <ele>1799.8</ele>
      </trkpt>
      <trkpt lat="46.17665" lon="6.55432">
        <ele>1802.19</ele>
      </trkpt>
      <trkpt lat="46.17665" lon="6.55435">
        <ele>1801.12</ele>
      </trkpt>
      <trkpt lat="46.17666" lon="6.55438">
        <ele>1800.21</ele>
      </trkpt>
      <trkpt lat="46.17669" lon="6.5544">
        <ele>1799.15</ele>
      </trkpt>
      <trkpt lat="46.17671" lon="6.55443">
        <ele>1797.72</ele>
      </trkpt>
      <trkpt lat="46.17673" lon="6.55447">
        <ele>1796.17</ele>
      </trkpt>
      <trkpt lat="46.17673" lon="6.5545">
        <ele>1795.35</ele>
      </trkpt>
      <trkpt lat="46.17673" lon="6.55452">
        <ele>1794.81</ele>
      </trkpt>
      <trkpt lat="46.17673" lon="6.55455">
        <ele>1793.99</ele>
      </trkpt>
      <trkpt lat="46.17673" lon="6.55455">
        <ele>1793.99</ele>
      </trkpt>
      <trkpt lat="46.17673" lon="6.55455">
        <ele>1793.99</ele>
      </trkpt>
      <trkpt lat="46.17673" lon="6.55459">
        <ele>1792.91</ele>
      </trkpt>
      <trkpt lat="46.17673" lon="6.55461">
        <ele>1792.36</ele>
      </trkpt>
      <trkpt lat="46.17673" lon="6.55463">
        <ele>1791.82</ele>
      </trkpt>
      <trkpt lat="46.17675" lon="6.55466">
        <ele>1790.76</ele>
      </trkpt>
      <trkpt lat="46.17677" lon="6.55469">
        <ele>1789.73</ele>
      </trkpt>
      <trkpt lat="46.17678" lon="6.55473">
        <ele>1788.68</ele>
      </trkpt>
      <trkpt lat="46.17679" lon="6.55484">
        <ele>1787.21</ele>
      </trkpt>
      <trkpt lat="46.17682" lon="6.55488">
        <ele>1786.33</ele>
      </trkpt>
      <trkpt lat="46.17684" lon="6.55496">
        <ele>1785.03</ele>
      </trkpt>
      <trkpt lat="46.17688" lon="6.55494">
        <ele>1784.74</ele>
      </trkpt>
      <trkpt lat="46.17691" lon="6.55492">
        <ele>1784.61</ele>
      </trkpt>
      <trkpt lat="46.17695" lon="6.5549">
        <ele>1784.28</ele>
      </trkpt>
      <trkpt lat="46.17701" lon="6.55515">
        <ele>1780.03</ele>
      </trkpt>
      <trkpt lat="46.17715" lon="6.55555">
        <ele>1771.12</ele>
      </trkpt>
      <trkpt lat="46.17719" lon="6.55569">
        <ele>1769.38</ele>
      </trkpt>
      <trkpt lat="46.17722" lon="6.55579">
        <ele>1768.33</ele>
      </trkpt>
      <trkpt lat="46.17723" lon="6.55589">
        <ele>1767.36</ele>
      </trkpt>
      <trkpt lat="46.17724" lon="6.556">
        <ele>1766.21</ele>
      </trkpt>
      <trkpt lat="46.17724" lon="6.55609">
        <ele>1765.52</ele>
      </trkpt>
      <trkpt lat="46.17724" lon="6.55614">
        <ele>1764.94</ele>
      </trkpt>
      <trkpt lat="46.17724" lon="6.55618">
        <ele>1764.35</ele>
      </trkpt>
      <trkpt lat="46.17722" lon="6.55622">
        <ele>1764.45</ele>
      </trkpt>
      <trkpt lat="46.1772" lon="6.55636">
        <ele>1762.51</ele>
      </trkpt>
      <trkpt lat="46.17719" lon="6.55642">
        <ele>1761.89</ele>
      </trkpt>
      <trkpt lat="46.17718" lon="6.5565">
        <ele>1761.35</ele>
      </trkpt>
      <trkpt lat="46.17717" lon="6.55654">
        <ele>1761.1</ele>
      </trkpt>
      <trkpt lat="46.17715" lon="6.55659">
        <ele>1760.81</ele>
      </trkpt>
      <trkpt lat="46.17714" lon="6.55664">
        <ele>1760.49</ele>
      </trkpt>
      <trkpt lat="46.17713" lon="6.55669">
        <ele>1760.19</ele>
      </trkpt>
      <trkpt lat="46.17712" lon="6.55672">
        <ele>1760.07</ele>
      </trkpt>
      <trkpt lat="46.17711" lon="6.55682">
        <ele>1759.64</ele>
      </trkpt>
      <trkpt lat="46.17711" lon="6.55685">
        <ele>1759.49</ele>
      </trkpt>
      <trkpt lat="46.1771" lon="6.55687">
        <ele>1759.53</ele>
      </trkpt>
      <trkpt lat="46.1771" lon="6.5569">
        <ele>1759.4</ele>
      </trkpt>
      <trkpt lat="46.17709" lon="6.55696">
        <ele>1759.36</ele>
      </trkpt>
      <trkpt lat="46.17708" lon="6.557">
        <ele>1759.45</ele>
      </trkpt>
      <trkpt lat="46.17707" lon="6.55703">
        <ele>1759.54</ele>
      </trkpt>
      <trkpt lat="46.17706" lon="6.55705">
        <ele>1759.63</ele>
      </trkpt>
      <trkpt lat="46.17706" lon="6.55705">
        <ele>1759.63</ele>
      </trkpt>
      <trkpt lat="46.17706" lon="6.55705">
        <ele>1759.63</ele>
      </trkpt>
      <trkpt lat="46.17717" lon="6.55708">
        <ele>1758.15</ele>
      </trkpt>
      <trkpt lat="46.17722" lon="6.55711">
        <ele>1757.62</ele>
      </trkpt>
      <trkpt lat="46.17759" lon="6.55693">
        <ele>1741.66</ele>
      </trkpt>
      <trkpt lat="46.17759" lon="6.55693">
        <ele>1741.66</ele>
      </trkpt>
      <trkpt lat="46.17759" lon="6.55693">
        <ele>1741.66</ele>
      </trkpt>
      <trkpt lat="46.17769" lon="6.55689">
        <ele>1736.09</ele>
      </trkpt>
      <trkpt lat="46.17822" lon="6.5565">
        <ele>1718.36</ele>
      </trkpt>
      <trkpt lat="46.17876" lon="6.5562">
        <ele>1707.26</ele>
      </trkpt>
      <trkpt lat="46.17909" lon="6.55641">
        <ele>1694.37</ele>
      </trkpt>
      <trkpt lat="46.17876" lon="6.55702">
        <ele>1687.59</ele>
      </trkpt>
      <trkpt lat="46.17894" lon="6.55744">
        <ele>1673.16</ele>
      </trkpt>
      <trkpt lat="46.17932" lon="6.55852">
        <ele>1661.37</ele>
      </trkpt>
      <trkpt lat="46.1798" lon="6.55899">
        <ele>1658.87</ele>
      </trkpt>
      <trkpt lat="46.18016" lon="6.55941">
        <ele>1654.09</ele>
      </trkpt>
      <trkpt lat="46.18016" lon="6.55941">
        <ele>1654.09</ele>
      </trkpt>
      <trkpt lat="46.18016" lon="6.55941">
        <ele>1654.09</ele>
      </trkpt>
      <trkpt lat="46.18023" lon="6.55948">
        <ele>1655.08</ele>
      </trkpt>
      <trkpt lat="46.18022" lon="6.55993">
        <ele>1652.63</ele>
      </trkpt>
      <trkpt lat="46.18066" lon="6.56092">
        <ele>1642.14</ele>
      </trkpt>
      <trkpt lat="46.18108" lon="6.56191">
        <ele>1621.49</ele>
      </trkpt>
      <trkpt lat="46.18121" lon="6.56198">
        <ele>1620.3</ele>
      </trkpt>
      <trkpt lat="46.18125" lon="6.56214">
        <ele>1618.39</ele>
      </trkpt>
      <trkpt lat="46.18147" lon="6.56229">
        <ele>1612.54</ele>
      </trkpt>
      <trkpt lat="46.18161" lon="6.5623">
        <ele>1608.16</ele>
      </trkpt>
      <trkpt lat="46.18167" lon="6.56247">
        <ele>1605.11</ele>
      </trkpt>
      <trkpt lat="46.18215" lon="6.56285">
        <ele>1590.06</ele>
      </trkpt>
      <trkpt lat="46.18215" lon="6.56285">
        <ele>1590.06</ele>
      </trkpt>
      <trkpt lat="46.18215" lon="6.56285">
        <ele>1590.06</ele>
      </trkpt>
      <trkpt lat="46.18191" lon="6.56315">
        <ele>1588.28</ele>
      </trkpt>
      <trkpt lat="46.18129" lon="6.56354">
        <ele>1588.25</ele>
      </trkpt>
      <trkpt lat="46.18108" lon="6.56372">
        <ele>1587.34</ele>
      </trkpt>
      <trkpt lat="46.18102" lon="6.56377">
        <ele>1588.02</ele>
      </trkpt>
      <trkpt lat="46.18096" lon="6.56405">
        <ele>1586.65</ele>
      </trkpt>
      <trkpt lat="46.18081" lon="6.56453">
        <ele>1587.18</ele>
      </trkpt>
      <trkpt lat="46.18063" lon="6.56487">
        <ele>1593.63</ele>
      </trkpt>
      <trkpt lat="46.18042" lon="6.56496">
        <ele>1603.02</ele>
      </trkpt>
      <trkpt lat="46.18029" lon="6.56529">
        <ele>1608.13</ele>
      </trkpt>
      <trkpt lat="46.18029" lon="6.56529">
        <ele>1608.13</ele>
      </trkpt>
      <trkpt lat="46.18029" lon="6.56529">
        <ele>1608.13</ele>
      </trkpt>
      <trkpt lat="46.18028" lon="6.56534">
        <ele>1607.55</ele>
      </trkpt>
      <trkpt lat="46.18022" lon="6.56637">
        <ele>1613.18</ele>
      </trkpt>
      <trkpt lat="46.18057" lon="6.56693">
        <ele>1607.27</ele>
      </trkpt>
      <trkpt lat="46.18072" lon="6.56757">
        <ele>1610.37</ele>
      </trkpt>
      <trkpt lat="46.18087" lon="6.5683">
        <ele>1607.03</ele>
      </trkpt>
      <trkpt lat="46.18092" lon="6.56862">
        <ele>1607.08</ele>
      </trkpt>
      <trkpt lat="46.18092" lon="6.56862">
        <ele>1607.08</ele>
      </trkpt>
      <trkpt lat="46.18093" lon="6.56862">
        <ele>1606.29</ele>
      </trkpt>
      <trkpt lat="46.18096" lon="6.56879">
        <ele>1603.21</ele>
      </trkpt>
      <trkpt lat="46.18087" lon="6.56908">
        <ele>1611.25</ele>
      </trkpt>
      <trkpt lat="46.18084" lon="6.56937">
        <ele>1608.82</ele>
      </trkpt>
      <trkpt lat="46.18086" lon="6.56953">
        <ele>1603.42</ele>
      </trkpt>
      <trkpt lat="46.18075" lon="6.56954">
        <ele>1612.29</ele>
      </trkpt>
      <trkpt lat="46.18068" lon="6.56979">
        <ele>1615.45</ele>
      </trkpt>
      <trkpt lat="46.18033" lon="6.57039">
        <ele>1654.48</ele>
      </trkpt>
      <trkpt lat="46.18002" lon="6.57088">
        <ele>1697.93</ele>
      </trkpt>
      <trkpt lat="46.17989" lon="6.57136">
        <ele>1704.5</ele>
      </trkpt>
      <trkpt lat="46.17984" lon="6.57191">
        <ele>1703.5</ele>
      </trkpt>
      <trkpt lat="46.17991" lon="6.57199">
        <ele>1695.52</ele>
      </trkpt>
      <trkpt lat="46.1799" lon="6.57203">
        <ele>1695.29</ele>
      </trkpt>
      <trkpt lat="46.17991" lon="6.57207">
        <ele>1693.31</ele>
      </trkpt>
      <trkpt lat="46.17988" lon="6.57207">
        <ele>1695.95</ele>
      </trkpt>
      <trkpt lat="46.17976" lon="6.57221">
        <ele>1702.91</ele>
      </trkpt>
      <trkpt lat="46.17968" lon="6.57241">
        <ele>1702.76</ele>
      </trkpt>
      <trkpt lat="46.17969" lon="6.57268">
        <ele>1697.39</ele>
      </trkpt>
      <trkpt lat="46.17977" lon="6.57289">
        <ele>1692.15</ele>
      </trkpt>
      <trkpt lat="46.17973" lon="6.57302">
        <ele>1694.68</ele>
      </trkpt>
      <trkpt lat="46.17976" lon="6.57325">
        <ele>1694.72</ele>
      </trkpt>
      <trkpt lat="46.17959" lon="6.57341">
        <ele>1700.68</ele>
      </trkpt>
      <trkpt lat="46.17926" lon="6.57392">
        <ele>1720.53</ele>
      </trkpt>
      <trkpt lat="46.17876" lon="6.57444">
        <ele>1727.28</ele>
      </trkpt>
      <trkpt lat="46.17831" lon="6.57474">
        <ele>1730.66</ele>
      </trkpt>
      <trkpt lat="46.17787" lon="6.57481">
        <ele>1734.34</ele>
      </trkpt>
      <trkpt lat="46.17777" lon="6.57474">
        <ele>1733.57</ele>
      </trkpt>
      <trkpt lat="46.17765" lon="6.57472">
        <ele>1737.18</ele>
      </trkpt>
      <trkpt lat="46.17758" lon="6.57478">
        <ele>1740</ele>
      </trkpt>
      <trkpt lat="46.17745" lon="6.57481">
        <ele>1745.53</ele>
      </trkpt>
      <trkpt lat="46.1774" lon="6.57479">
        <ele>1748.44</ele>
      </trkpt>
      <trkpt lat="46.1773" lon="6.57482">
        <ele>1754.14</ele>
      </trkpt>
      <trkpt lat="46.17722" lon="6.5748">
        <ele>1759.09</ele>
      </trkpt>
      <trkpt lat="46.17719" lon="6.57481">
        <ele>1761.81</ele>
      </trkpt>
      <trkpt lat="46.17713" lon="6.57479">
        <ele>1767.64</ele>
      </trkpt>
      <trkpt lat="46.17713" lon="6.57481">
        <ele>1767.54</ele>
      </trkpt>
      <trkpt lat="46.1772" lon="6.57506">
        <ele>1759.14</ele>
      </trkpt>
      <trkpt lat="46.17722" lon="6.57547">
        <ele>1766.09</ele>
      </trkpt>
      <trkpt lat="46.17723" lon="6.57563">
        <ele>1769.63</ele>
      </trkpt>
      <trkpt lat="46.17728" lon="6.57574">
        <ele>1769.95</ele>
      </trkpt>
      <trkpt lat="46.17728" lon="6.57574">
        <ele>1769.95</ele>
      </trkpt>
      <trkpt lat="46.17678" lon="6.5755">
        <ele>1789.6</ele>
      </trkpt>
      <trkpt lat="46.17678" lon="6.5755">
        <ele>1789.6</ele>
      </trkpt>
      <trkpt lat="46.17678" lon="6.57551">
        <ele>1789.67</ele>
      </trkpt>
      <trkpt lat="46.17669" lon="6.57545">
        <ele>1790.54</ele>
      </trkpt>
      <trkpt lat="46.17654" lon="6.57517">
        <ele>1790.9</ele>
      </trkpt>
      <trkpt lat="46.17626" lon="6.57496">
        <ele>1799.37</ele>
      </trkpt>
      <trkpt lat="46.17595" lon="6.57495">
        <ele>1805.94</ele>
      </trkpt>
      <trkpt lat="46.17585" lon="6.57502">
        <ele>1806.68</ele>
      </trkpt>
      <trkpt lat="46.17579" lon="6.5752">
        <ele>1805.83</ele>
      </trkpt>
      <trkpt lat="46.17578" lon="6.57525">
        <ele>1805.41</ele>
      </trkpt>
      <trkpt lat="46.17578" lon="6.57525">
        <ele>1805.41</ele>
      </trkpt>
      <trkpt lat="46.17578" lon="6.57525">
        <ele>1805.41</ele>
      </trkpt>
      <trkpt lat="46.17579" lon="6.5752">
        <ele>1805.83</ele>
      </trkpt>
      <trkpt lat="46.17585" lon="6.57502">
        <ele>1806.68</ele>
      </trkpt>
      <trkpt lat="46.17588" lon="6.57533">
        <ele>1804.84</ele>
      </trkpt>
      <trkpt lat="46.17595" lon="6.57552">
        <ele>1802.97</ele>
      </trkpt>
      <trkpt lat="46.17597" lon="6.57571">
        <ele>1801.67</ele>
      </trkpt>
      <trkpt lat="46.17597" lon="6.5759">
        <ele>1803.13</ele>
      </trkpt>
      <trkpt lat="46.17592" lon="6.57619">
        <ele>1810.75</ele>
      </trkpt>
      <trkpt lat="46.17592" lon="6.57643">
        <ele>1817.36</ele>
      </trkpt>
      <trkpt lat="46.17596" lon="6.57654">
        <ele>1821.73</ele>
      </trkpt>
      <trkpt lat="46.17599" lon="6.57663">
        <ele>1825.5</ele>
      </trkpt>
      <trkpt lat="46.17602" lon="6.57661">
        <ele>1826.51</ele>
      </trkpt>
      <trkpt lat="46.17605" lon="6.5765">
        <ele>1824.83</ele>
      </trkpt>
      <trkpt lat="46.17611" lon="6.57639">
        <ele>1823.99</ele>
      </trkpt>
      <trkpt lat="46.17618" lon="6.57643">
        <ele>1825.75</ele>
      </trkpt>
      <trkpt lat="46.17619" lon="6.57653">
        <ele>1828.85</ele>
      </trkpt>
      <trkpt lat="46.17625" lon="6.57667">
        <ele>1833.08</ele>
      </trkpt>
      <trkpt lat="46.1763" lon="6.5768">
        <ele>1836.72</ele>
      </trkpt>
      <trkpt lat="46.17629" lon="6.577">
        <ele>1841.79</ele>
      </trkpt>
      <trkpt lat="46.17638" lon="6.5771">
        <ele>1845.65</ele>
      </trkpt>
      <trkpt lat="46.17652" lon="6.57718">
        <ele>1852.44</ele>
      </trkpt>
      <trkpt lat="46.17652" lon="6.57718">
        <ele>1852.44</ele>
      </trkpt>
      <trkpt lat="46.17652" lon="6.57718">
        <ele>1852.44</ele>
      </trkpt>
      <trkpt lat="46.17666" lon="6.57727">
        <ele>1859.69</ele>
      </trkpt>
      <trkpt lat="46.17685" lon="6.5774">
        <ele>1858.08</ele>
      </trkpt>
      <trkpt lat="46.17691" lon="6.5774">
        <ele>1858.39</ele>
      </trkpt>
      <trkpt lat="46.1771" lon="6.57757">
        <ele>1856.09</ele>
      </trkpt>
      <trkpt lat="46.17722" lon="6.57773">
        <ele>1856.31</ele>
      </trkpt>
      <trkpt lat="46.17727" lon="6.57783">
        <ele>1856.92</ele>
      </trkpt>
      <trkpt lat="46.17731" lon="6.57787">
        <ele>1856.93</ele>
      </trkpt>
      <trkpt lat="46.17735" lon="6.5779">
        <ele>1856.9</ele>
      </trkpt>
      <trkpt lat="46.17736" lon="6.57794">
        <ele>1857.26</ele>
      </trkpt>
      <trkpt lat="46.17739" lon="6.57797">
        <ele>1857.41</ele>
      </trkpt>
      <trkpt lat="46.17744" lon="6.578">
        <ele>1857.5</ele>
      </trkpt>
      <trkpt lat="46.17744" lon="6.57804">
        <ele>1858.02</ele>
      </trkpt>
      <trkpt lat="46.17747" lon="6.57809">
        <ele>1858.44</ele>
      </trkpt>
      <trkpt lat="46.17748" lon="6.57812">
        <ele>1858.72</ele>
      </trkpt>
      <trkpt lat="46.1775" lon="6.57816">
        <ele>1859.13</ele>
      </trkpt>
      <trkpt lat="46.1775" lon="6.5782">
        <ele>1859.56</ele>
      </trkpt>
      <trkpt lat="46.17751" lon="6.57822">
        <ele>1859.59</ele>
      </trkpt>
      <trkpt lat="46.17751" lon="6.57825">
        <ele>1859.92</ele>
      </trkpt>
      <trkpt lat="46.17752" lon="6.57827">
        <ele>1859.98</ele>
      </trkpt>
      <trkpt lat="46.17753" lon="6.57831">
        <ele>1860.29</ele>
      </trkpt>
      <trkpt lat="46.17754" lon="6.57834">
        <ele>1860.53</ele>
      </trkpt>
      <trkpt lat="46.17756" lon="6.57836">
        <ele>1860.6</ele>
      </trkpt>
      <trkpt lat="46.17756" lon="6.57843">
        <ele>1861.83</ele>
      </trkpt>
      <trkpt lat="46.17757" lon="6.57846">
        <ele>1862.28</ele>
      </trkpt>
      <trkpt lat="46.1776" lon="6.57851">
        <ele>1863.02</ele>
      </trkpt>
      <trkpt lat="46.17763" lon="6.57855">
        <ele>1863.71</ele>
      </trkpt>
      <trkpt lat="46.17764" lon="6.57858">
        <ele>1864.33</ele>
      </trkpt>
      <trkpt lat="46.17768" lon="6.57865">
        <ele>1866.48</ele>
      </trkpt>
      <trkpt lat="46.17769" lon="6.57866">
        <ele>1866.9</ele>
      </trkpt>
      <trkpt lat="46.1777" lon="6.57868">
        <ele>1867.74</ele>
      </trkpt>
      <trkpt lat="46.17771" lon="6.57869">
        <ele>1868.21</ele>
      </trkpt>
      <trkpt lat="46.1777" lon="6.57871">
        <ele>1868.93</ele>
      </trkpt>
      <trkpt lat="46.17769" lon="6.57873">
        <ele>1869.62</ele>
      </trkpt>
      <trkpt lat="46.17769" lon="6.57874">
        <ele>1870.01</ele>
      </trkpt>
      <trkpt lat="46.17769" lon="6.57876">
        <ele>1870.78</ele>
      </trkpt>
      <trkpt lat="46.1777" lon="6.57876">
        <ele>1870.92</ele>
      </trkpt>
      <trkpt lat="46.17771" lon="6.57876">
        <ele>1871.05</ele>
      </trkpt>
      <trkpt lat="46.17772" lon="6.57877">
        <ele>1871.6</ele>
      </trkpt>
      <trkpt lat="46.17772" lon="6.57878">
        <ele>1872.02</ele>
      </trkpt>
      <trkpt lat="46.17775" lon="6.57882">
        <ele>1874.25</ele>
      </trkpt>
      <trkpt lat="46.17778" lon="6.57884">
        <ele>1875.7</ele>
      </trkpt>
      <trkpt lat="46.17778" lon="6.57887">
        <ele>1877.11</ele>
      </trkpt>
      <trkpt lat="46.1778" lon="6.57889">
        <ele>1877.95</ele>
      </trkpt>
      <trkpt lat="46.17781" lon="6.57891">
        <ele>1878.39</ele>
      </trkpt>
      <trkpt lat="46.17785" lon="6.57896">
        <ele>1879.68</ele>
      </trkpt>
      <trkpt lat="46.17787" lon="6.579">
        <ele>1880.86</ele>
      </trkpt>
      <trkpt lat="46.17789" lon="6.57902">
        <ele>1881.57</ele>
      </trkpt>
      <trkpt lat="46.1779" lon="6.57903">
        <ele>1881.95</ele>
      </trkpt>
      <trkpt lat="46.1779" lon="6.57905">
        <ele>1882.57</ele>
      </trkpt>
      <trkpt lat="46.17791" lon="6.57907">
        <ele>1883.3</ele>
      </trkpt>
      <trkpt lat="46.17791" lon="6.5791">
        <ele>1884.25</ele>
      </trkpt>
      <trkpt lat="46.17792" lon="6.57912">
        <ele>1885.04</ele>
      </trkpt>
      <trkpt lat="46.17794" lon="6.57914">
        <ele>1886.01</ele>
      </trkpt>
      <trkpt lat="46.17795" lon="6.57916">
        <ele>1886.87</ele>
      </trkpt>
      <trkpt lat="46.17796" lon="6.57918">
        <ele>1887.73</ele>
      </trkpt>
      <trkpt lat="46.17797" lon="6.57921">
        <ele>1888.94</ele>
      </trkpt>
      <trkpt lat="46.17797" lon="6.57923">
        <ele>1889.62</ele>
      </trkpt>
      <trkpt lat="46.17797" lon="6.57925">
        <ele>1890.3</ele>
      </trkpt>
      <trkpt lat="46.17799" lon="6.57928">
        <ele>1891.83</ele>
      </trkpt>
      <trkpt lat="46.17799" lon="6.57933">
        <ele>1893.59</ele>
      </trkpt>
      <trkpt lat="46.17802" lon="6.57937">
        <ele>1895.94</ele>
      </trkpt>
      <trkpt lat="46.17803" lon="6.57942">
        <ele>1898.15</ele>
      </trkpt>
      <trkpt lat="46.17804" lon="6.57945">
        <ele>1899.66</ele>
      </trkpt>
      <trkpt lat="46.17806" lon="6.57948">
        <ele>1901.4</ele>
      </trkpt>
      <trkpt lat="46.17808" lon="6.57954">
        <ele>1903.82</ele>
      </trkpt>
      <trkpt lat="46.1781" lon="6.5796">
        <ele>1906.36</ele>
      </trkpt>
      <trkpt lat="46.17812" lon="6.57963">
        <ele>1907.74</ele>
      </trkpt>
      <trkpt lat="46.17813" lon="6.57965">
        <ele>1908.67</ele>
      </trkpt>
      <trkpt lat="46.17815" lon="6.57967">
        <ele>1909.7</ele>
      </trkpt>
      <trkpt lat="46.17816" lon="6.57971">
        <ele>1911.58</ele>
      </trkpt>
      <trkpt lat="46.17816" lon="6.57974">
        <ele>1912.98</ele>
      </trkpt>
      <trkpt lat="46.17817" lon="6.57983">
        <ele>1917.46</ele>
      </trkpt>
      <trkpt lat="46.17817" lon="6.57988">
        <ele>1919.89</ele>
      </trkpt>
      <trkpt lat="46.17817" lon="6.57992">
        <ele>1921.83</ele>
      </trkpt>
      <trkpt lat="46.17816" lon="6.57997">
        <ele>1923.95</ele>
      </trkpt>
      <trkpt lat="46.17814" lon="6.58002">
        <ele>1925.78</ele>
      </trkpt>
      <trkpt lat="46.17812" lon="6.58007">
        <ele>1927.83</ele>
      </trkpt>
      <trkpt lat="46.17812" lon="6.58009">
        <ele>1928.9</ele>
      </trkpt>
      <trkpt lat="46.17811" lon="6.58012">
        <ele>1930.25</ele>
      </trkpt>
      <trkpt lat="46.17811" lon="6.58015">
        <ele>1931.87</ele>
      </trkpt>
      <trkpt lat="46.17812" lon="6.58016">
        <ele>1932.64</ele>
      </trkpt>
      <trkpt lat="46.17811" lon="6.58023">
        <ele>1936.2</ele>
      </trkpt>
      <trkpt lat="46.1781" lon="6.5803">
        <ele>1939.39</ele>
      </trkpt>
      <trkpt lat="46.17815" lon="6.58033">
        <ele>1941.18</ele>
      </trkpt>
      <trkpt lat="46.17819" lon="6.58029">
        <ele>1940.37</ele>
      </trkpt>
      <trkpt lat="46.17823" lon="6.58025">
        <ele>1939.23</ele>
      </trkpt>
      <trkpt lat="46.17825" lon="6.58025">
        <ele>1939.55</ele>
      </trkpt>
      <trkpt lat="46.17829" lon="6.58023">
        <ele>1939.35</ele>
      </trkpt>
      <trkpt lat="46.17832" lon="6.58023">
        <ele>1939.87</ele>
      </trkpt>
      <trkpt lat="46.17834" lon="6.58021">
        <ele>1939.42</ele>
      </trkpt>
      <trkpt lat="46.17835" lon="6.5802">
        <ele>1939.16</ele>
      </trkpt>
      <trkpt lat="46.17839" lon="6.5802">
        <ele>1939.74</ele>
      </trkpt>
      <trkpt lat="46.17843" lon="6.58026">
        <ele>1943.23</ele>
      </trkpt>
      <trkpt lat="46.17843" lon="6.58032">
        <ele>1946.08</ele>
      </trkpt>
      <trkpt lat="46.17843" lon="6.58036">
        <ele>1947.96</ele>
      </trkpt>
      <trkpt lat="46.17839" lon="6.58048">
        <ele>1952.12</ele>
      </trkpt>
      <trkpt lat="46.17833" lon="6.58057">
        <ele>1954.01</ele>
      </trkpt>
      <trkpt lat="46.17827" lon="6.58061">
        <ele>1955.21</ele>
      </trkpt>
      <trkpt lat="46.17822" lon="6.58061">
        <ele>1953.71</ele>
      </trkpt>
      <trkpt lat="46.1782" lon="6.58061">
        <ele>1953.11</ele>
      </trkpt>
      <trkpt lat="46.17819" lon="6.58062">
        <ele>1953.34</ele>
      </trkpt>
      <trkpt lat="46.17818" lon="6.58064">
        <ele>1954.06</ele>
      </trkpt>
      <trkpt lat="46.17817" lon="6.5807">
        <ele>1956.72</ele>
      </trkpt>
      <trkpt lat="46.17817" lon="6.5807">
        <ele>1956.72</ele>
      </trkpt>
      <trkpt lat="46.17817" lon="6.5807">
        <ele>1956.72</ele>
      </trkpt>
      <trkpt lat="46.17815" lon="6.58077">
        <ele>1959.14</ele>
      </trkpt>
      <trkpt lat="46.17814" lon="6.58082">
        <ele>1960.86</ele>
      </trkpt>
      <trkpt lat="46.1781" lon="6.58085">
        <ele>1959.74</ele>
      </trkpt>
      <trkpt lat="46.17805" lon="6.5809">
        <ele>1959.22</ele>
      </trkpt>
      <trkpt lat="46.17803" lon="6.58091">
        <ele>1958.37</ele>
      </trkpt>
      <trkpt lat="46.17801" lon="6.58091">
        <ele>1956.99</ele>
      </trkpt>
      <trkpt lat="46.17799" lon="6.58094">
        <ele>1957.02</ele>
      </trkpt>
      <trkpt lat="46.17796" lon="6.58095">
        <ele>1955.3</ele>
      </trkpt>
      <trkpt lat="46.17795" lon="6.58097">
        <ele>1955.42</ele>
      </trkpt>
      <trkpt lat="46.17794" lon="6.58097">
        <ele>1954.67</ele>
      </trkpt>
      <trkpt lat="46.17793" lon="6.58097">
        <ele>1953.92</ele>
      </trkpt>
      <trkpt lat="46.17792" lon="6.58098">
        <ele>1953.56</ele>
      </trkpt>
      <trkpt lat="46.17792" lon="6.581">
        <ele>1954.36</ele>
      </trkpt>
      <trkpt lat="46.17792" lon="6.58102">
        <ele>1955.16</ele>
      </trkpt>
      <trkpt lat="46.17794" lon="6.58103">
        <ele>1957.19</ele>
      </trkpt>
      <trkpt lat="46.17795" lon="6.58104">
        <ele>1958.44</ele>
      </trkpt>
      <trkpt lat="46.17795" lon="6.58105">
        <ele>1958.87</ele>
      </trkpt>
      <trkpt lat="46.17797" lon="6.58107">
        <ele>1961.44</ele>
      </trkpt>
      <trkpt lat="46.17798" lon="6.5811">
        <ele>1963.69</ele>
      </trkpt>
      <trkpt lat="46.178" lon="6.58112">
        <ele>1966.2</ele>
      </trkpt>
      <trkpt lat="46.17802" lon="6.58116">
        <ele>1968.94</ele>
      </trkpt>
      <trkpt lat="46.17805" lon="6.58118">
        <ele>1972.22</ele>
      </trkpt>
      <trkpt lat="46.1781" lon="6.58122">
        <ele>1976.05</ele>
      </trkpt>
      <trkpt lat="46.17815" lon="6.58127">
        <ele>1979.96</ele>
      </trkpt>
      <trkpt lat="46.17818" lon="6.58129">
        <ele>1982.07</ele>
      </trkpt>
      <trkpt lat="46.17824" lon="6.58129">
        <ele>1985.23</ele>
      </trkpt>
      <trkpt lat="46.17831" lon="6.58132">
        <ele>1989.78</ele>
      </trkpt>
      <trkpt lat="46.17834" lon="6.58135">
        <ele>1992.21</ele>
      </trkpt>
      <trkpt lat="46.17837" lon="6.58135">
        <ele>1993.71</ele>
      </trkpt>
      <trkpt lat="46.17842" lon="6.5814">
        <ele>1997.42</ele>
      </trkpt>
      <trkpt lat="46.17846" lon="6.58142">
        <ele>1999.59</ele>
      </trkpt>
      <trkpt lat="46.17848" lon="6.58146">
        <ele>2000.93</ele>
      </trkpt>
      <trkpt lat="46.17851" lon="6.58148">
        <ele>2002.74</ele>
      </trkpt>
      <trkpt lat="46.17852" lon="6.58149">
        <ele>2003.39</ele>
      </trkpt>
      <trkpt lat="46.17854" lon="6.58151">
        <ele>2004.71</ele>
      </trkpt>
      <trkpt lat="46.17856" lon="6.58151">
        <ele>2005.85</ele>
      </trkpt>
      <trkpt lat="46.17858" lon="6.58151">
        <ele>2006.98</ele>
      </trkpt>
      <trkpt lat="46.17861" lon="6.58153">
        <ele>2008.97</ele>
      </trkpt>
      <trkpt lat="46.17862" lon="6.58153">
        <ele>2009.59</ele>
      </trkpt>
      <trkpt lat="46.17865" lon="6.58151">
        <ele>2011.22</ele>
      </trkpt>
      <trkpt lat="46.17866" lon="6.58152">
        <ele>2011.98</ele>
      </trkpt>
      <trkpt lat="46.17868" lon="6.58154">
        <ele>2013.48</ele>
      </trkpt>
      <trkpt lat="46.17871" lon="6.58156">
        <ele>2015.57</ele>
      </trkpt>
      <trkpt lat="46.17872" lon="6.58156">
        <ele>2016.19</ele>
      </trkpt>
      <trkpt lat="46.17877" lon="6.58158">
        <ele>2019.44</ele>
      </trkpt>
      <trkpt lat="46.1788" lon="6.58159">
        <ele>2021.34</ele>
      </trkpt>
      <trkpt lat="46.17883" lon="6.58161">
        <ele>2023.27</ele>
      </trkpt>
      <trkpt lat="46.17888" lon="6.58161">
        <ele>2026.26</ele>
      </trkpt>
      <trkpt lat="46.17894" lon="6.58162">
        <ele>2029.96</ele>
      </trkpt>
      <trkpt lat="46.179" lon="6.5816">
        <ele>2033.38</ele>
      </trkpt>
      <trkpt lat="46.17906" lon="6.5816">
        <ele>2036.96</ele>
      </trkpt>
      <trkpt lat="46.17911" lon="6.58162">
        <ele>2040.36</ele>
      </trkpt>
      <trkpt lat="46.17914" lon="6.5816">
        <ele>2041.73</ele>
      </trkpt>
      <trkpt lat="46.17917" lon="6.58162">
        <ele>2043.92</ele>
      </trkpt>
      <trkpt lat="46.17921" lon="6.58166">
        <ele>2045.94</ele>
      </trkpt>
      <trkpt lat="46.17925" lon="6.58167">
        <ele>2047.07</ele>
      </trkpt>
      <trkpt lat="46.17931" lon="6.58167">
        <ele>2048.59</ele>
      </trkpt>
      <trkpt lat="46.17938" lon="6.58165">
        <ele>2050.14</ele>
      </trkpt>
      <trkpt lat="46.17942" lon="6.58164">
        <ele>2051.06</ele>
      </trkpt>
      <trkpt lat="46.17948" lon="6.58163">
        <ele>2054.28</ele>
      </trkpt>
      <trkpt lat="46.17951" lon="6.58163">
        <ele>2056.55</ele>
      </trkpt>
      <trkpt lat="46.17953" lon="6.5816">
        <ele>2057.46</ele>
      </trkpt>
      <trkpt lat="46.17957" lon="6.58157">
        <ele>2059.64</ele>
      </trkpt>
      <trkpt lat="46.17959" lon="6.58156">
        <ele>2060.77</ele>
      </trkpt>
      <trkpt lat="46.17962" lon="6.58157">
        <ele>2063.1</ele>
      </trkpt>
      <trkpt lat="46.17966" lon="6.5816">
        <ele>2066.86</ele>
      </trkpt>
      <trkpt lat="46.17971" lon="6.58164">
        <ele>2072.01</ele>
      </trkpt>
      <trkpt lat="46.17975" lon="6.58168">
        <ele>2073.81</ele>
      </trkpt>
      <trkpt lat="46.17977" lon="6.5817">
        <ele>2073.7</ele>
      </trkpt>
      <trkpt lat="46.17977" lon="6.5817">
        <ele>2073.7</ele>
      </trkpt>
      <trkpt lat="46.18004" lon="6.58162">
        <ele>2071.74</ele>
      </trkpt>
      <trkpt lat="46.18004" lon="6.58162">
        <ele>2071.74</ele>
      </trkpt>
      <trkpt lat="46.18" lon="6.58159">
        <ele>2071.72</ele>
      </trkpt>
      <trkpt lat="46.18006" lon="6.58168">
        <ele>2071.88</ele>
      </trkpt>
      <trkpt lat="46.18004" lon="6.58176">
        <ele>2072.53</ele>
      </trkpt>
      <trkpt lat="46.18" lon="6.58179">
        <ele>2072.89</ele>
      </trkpt>
      <trkpt lat="46.17995" lon="6.5818">
        <ele>2073.15</ele>
      </trkpt>
      <trkpt lat="46.17993" lon="6.58182">
        <ele>2073.33</ele>
      </trkpt>
      <trkpt lat="46.17996" lon="6.58188">
        <ele>2073.6</ele>
      </trkpt>
      <trkpt lat="46.18002" lon="6.58205">
        <ele>2075.93</ele>
      </trkpt>
      <trkpt lat="46.18" lon="6.58211">
        <ele>2077.58</ele>
      </trkpt>
      <trkpt lat="46.18001" lon="6.58217">
        <ele>2078.54</ele>
      </trkpt>
      <trkpt lat="46.18002" lon="6.58225">
        <ele>2078.44</ele>
      </trkpt>
      <trkpt lat="46.17996" lon="6.58224">
        <ele>2078.8</ele>
      </trkpt>
      <trkpt lat="46.17991" lon="6.58229">
        <ele>2076.74</ele>
      </trkpt>
      <trkpt lat="46.17996" lon="6.58244">
        <ele>2073.46</ele>
      </trkpt>
      <trkpt lat="46.17996" lon="6.58244">
        <ele>2073.46</ele>
      </trkpt>
      <trkpt lat="46.17996" lon="6.58244">
        <ele>2073.46</ele>
      </trkpt>
      <trkpt lat="46.17994" lon="6.58249">
        <ele>2072.04</ele>
      </trkpt>
      <trkpt lat="46.17996" lon="6.58255">
        <ele>2071.37</ele>
      </trkpt>
      <trkpt lat="46.17994" lon="6.58264">
        <ele>2070.49</ele>
      </trkpt>
      <trkpt lat="46.17996" lon="6.58274">
        <ele>2069.51</ele>
      </trkpt>
      <trkpt lat="46.17986" lon="6.58294">
        <ele>2061.58</ele>
      </trkpt>
      <trkpt lat="46.17986" lon="6.58305">
        <ele>2056.21</ele>
      </trkpt>
      <trkpt lat="46.17983" lon="6.58312">
        <ele>2052.29</ele>
      </trkpt>
      <trkpt lat="46.17991" lon="6.58331">
        <ele>2048.34</ele>
      </trkpt>
      <trkpt lat="46.17989" lon="6.5835">
        <ele>2045.11</ele>
      </trkpt>
      <trkpt lat="46.17993" lon="6.58359">
        <ele>2045.19</ele>
      </trkpt>
      <trkpt lat="46.17995" lon="6.58372">
        <ele>2043.25</ele>
      </trkpt>
      <trkpt lat="46.18" lon="6.58378">
        <ele>2043.96</ele>
      </trkpt>
      <trkpt lat="46.17999" lon="6.58388">
        <ele>2041.7</ele>
      </trkpt>
      <trkpt lat="46.18002" lon="6.58395">
        <ele>2038.37</ele>
      </trkpt>
      <trkpt lat="46.18001" lon="6.58403">
        <ele>2034.67</ele>
      </trkpt>
      <trkpt lat="46.18" lon="6.58414">
        <ele>2029.34</ele>
      </trkpt>
      <trkpt lat="46.18005" lon="6.58425">
        <ele>2025.22</ele>
      </trkpt>
      <trkpt lat="46.18004" lon="6.58436">
        <ele>2022.3</ele>
      </trkpt>
      <trkpt lat="46.17999" lon="6.58451">
        <ele>2019.24</ele>
      </trkpt>
      <trkpt lat="46.18003" lon="6.58465">
        <ele>2018.04</ele>
      </trkpt>
      <trkpt lat="46.18005" lon="6.58469">
        <ele>2017.28</ele>
      </trkpt>
      <trkpt lat="46.18005" lon="6.58469">
        <ele>2017.28</ele>
      </trkpt>
      <trkpt lat="46.18005" lon="6.58469">
        <ele>2017.28</ele>
      </trkpt>
      <trkpt lat="46.18011" lon="6.58485">
        <ele>2010.55</ele>
      </trkpt>
      <trkpt lat="46.18021" lon="6.58518">
        <ele>2003.12</ele>
      </trkpt>
      <trkpt lat="46.18028" lon="6.58538">
        <ele>2000.32</ele>
      </trkpt>
      <trkpt lat="46.18032" lon="6.58551">
        <ele>1995.17</ele>
      </trkpt>
      <trkpt lat="46.18039" lon="6.58583">
        <ele>1985.03</ele>
      </trkpt>
      <trkpt lat="46.1805" lon="6.58614">
        <ele>1974.12</ele>
      </trkpt>
      <trkpt lat="46.18051" lon="6.58626">
        <ele>1972.08</ele>
      </trkpt>
      <trkpt lat="46.18051" lon="6.58635">
        <ele>1970.63</ele>
      </trkpt>
      <trkpt lat="46.18051" lon="6.58635">
        <ele>1970.63</ele>
      </trkpt>
      <trkpt lat="46.18051" lon="6.58635">
        <ele>1970.63</ele>
      </trkpt>
      <trkpt lat="46.18051" lon="6.58638">
        <ele>1970.14</ele>
      </trkpt>
      <trkpt lat="46.18048" lon="6.58648">
        <ele>1967.79</ele>
      </trkpt>
      <trkpt lat="46.1805" lon="6.58653">
        <ele>1966.55</ele>
      </trkpt>
      <trkpt lat="46.18045" lon="6.58668">
        <ele>1963.01</ele>
      </trkpt>
      <trkpt lat="46.18046" lon="6.58682">
        <ele>1959.12</ele>
      </trkpt>
      <trkpt lat="46.18047" lon="6.58693">
        <ele>1956.02</ele>
      </trkpt>
      <trkpt lat="46.18041" lon="6.58697">
        <ele>1955.86</ele>
      </trkpt>
      <trkpt lat="46.18041" lon="6.58697">
        <ele>1955.86</ele>
      </trkpt>
      <trkpt lat="46.18041" lon="6.58697">
        <ele>1955.86</ele>
      </trkpt>
      <trkpt lat="46.18029" lon="6.58697">
        <ele>1956.64</ele>
      </trkpt>
      <trkpt lat="46.18003" lon="6.58681">
        <ele>1955.09</ele>
      </trkpt>
      <trkpt lat="46.17977" lon="6.58679">
        <ele>1945.01</ele>
      </trkpt>
      <trkpt lat="46.17973" lon="6.58677">
        <ele>1943.97</ele>
      </trkpt>
      <trkpt lat="46.17968" lon="6.58679">
        <ele>1940.22</ele>
      </trkpt>
      <trkpt lat="46.17965" lon="6.58676">
        <ele>1939.29</ele>
      </trkpt>
      <trkpt lat="46.17961" lon="6.58676">
        <ele>1936.7</ele>
      </trkpt>
      <trkpt lat="46.17961" lon="6.58676">
        <ele>1936.7</ele>
      </trkpt>
      <trkpt lat="46.17961" lon="6.58676">
        <ele>1936.7</ele>
      </trkpt>
      <trkpt lat="46.17946" lon="6.58696">
        <ele>1918.02</ele>
      </trkpt>
      <trkpt lat="46.17941" lon="6.58701">
        <ele>1913.46</ele>
      </trkpt>
      <trkpt lat="46.17938" lon="6.58699">
        <ele>1914.95</ele>
      </trkpt>
      <trkpt lat="46.17925" lon="6.58703">
        <ele>1913.13</ele>
      </trkpt>
      <trkpt lat="46.17923" lon="6.58706">
        <ele>1911.61</ele>
      </trkpt>
      <trkpt lat="46.17918" lon="6.58712">
        <ele>1908.97</ele>
      </trkpt>
      <trkpt lat="46.17912" lon="6.58718">
        <ele>1905.09</ele>
      </trkpt>
      <trkpt lat="46.17907" lon="6.58721">
        <ele>1902.51</ele>
      </trkpt>
      <trkpt lat="46.17902" lon="6.58734">
        <ele>1894.39</ele>
      </trkpt>
      <trkpt lat="46.17897" lon="6.58739">
        <ele>1891.77</ele>
      </trkpt>
      <trkpt lat="46.17892" lon="6.58749">
        <ele>1887.84</ele>
      </trkpt>
      <trkpt lat="46.17893" lon="6.58757">
        <ele>1884.31</ele>
      </trkpt>
      <trkpt lat="46.17898" lon="6.58756">
        <ele>1883.91</ele>
      </trkpt>
      <trkpt lat="46.17902" lon="6.58757">
        <ele>1882.85</ele>
      </trkpt>
      <trkpt lat="46.17906" lon="6.58755">
        <ele>1882.98</ele>
      </trkpt>
      <trkpt lat="46.17921" lon="6.58759">
        <ele>1882.26</ele>
      </trkpt>
      <trkpt lat="46.17923" lon="6.58761">
        <ele>1882.65</ele>
      </trkpt>
      <trkpt lat="46.17923" lon="6.58761">
        <ele>1882.65</ele>
      </trkpt>
      <trkpt lat="46.17923" lon="6.58761">
        <ele>1882.65</ele>
      </trkpt>
      <trkpt lat="46.17933" lon="6.58774">
        <ele>1882.83</ele>
      </trkpt>
      <trkpt lat="46.17948" lon="6.58787">
        <ele>1881.92</ele>
      </trkpt>
      <trkpt lat="46.17979" lon="6.58825">
        <ele>1883.32</ele>
      </trkpt>
      <trkpt lat="46.17985" lon="6.58828">
        <ele>1885.97</ele>
      </trkpt>
      <trkpt lat="46.17987" lon="6.58833">
        <ele>1885.24</ele>
      </trkpt>
      <trkpt lat="46.17991" lon="6.5884">
        <ele>1884.88</ele>
      </trkpt>
      <trkpt lat="46.18001" lon="6.58852">
        <ele>1885.24</ele>
      </trkpt>
      <trkpt lat="46.18001" lon="6.58852">
        <ele>1885.24</ele>
      </trkpt>
      <trkpt lat="46.18001" lon="6.58852">
        <ele>1885.24</ele>
      </trkpt>
      <trkpt lat="46.18003" lon="6.58855">
        <ele>1883.7</ele>
      </trkpt>
      <trkpt lat="46.18017" lon="6.5887">
        <ele>1872.84</ele>
      </trkpt>
      <trkpt lat="46.18018" lon="6.58875">
        <ele>1869.2</ele>
      </trkpt>
      <trkpt lat="46.18024" lon="6.58888">
        <ele>1859.75</ele>
      </trkpt>
      <trkpt lat="46.18034" lon="6.58904">
        <ele>1851.88</ele>
      </trkpt>
      <trkpt lat="46.18039" lon="6.5892">
        <ele>1846.04</ele>
      </trkpt>
      <trkpt lat="46.18046" lon="6.58929">
        <ele>1843.96</ele>
      </trkpt>
      <trkpt lat="46.18074" lon="6.58958">
        <ele>1836.94</ele>
      </trkpt>
      <trkpt lat="46.1808" lon="6.58965">
        <ele>1835.04</ele>
      </trkpt>
      <trkpt lat="46.1808" lon="6.58965">
        <ele>1835.04</ele>
      </trkpt>
      <trkpt lat="46.1808" lon="6.58965">
        <ele>1835.04</ele>
      </trkpt>
      <trkpt lat="46.18087" lon="6.58975">
        <ele>1832.13</ele>
      </trkpt>
      <trkpt lat="46.18098" lon="6.58985">
        <ele>1828.78</ele>
      </trkpt>
      <trkpt lat="46.18106" lon="6.58991">
        <ele>1826.05</ele>
      </trkpt>
      <trkpt lat="46.18112" lon="6.59001">
        <ele>1822.86</ele>
      </trkpt>
      <trkpt lat="46.18112" lon="6.59001">
        <ele>1822.86</ele>
      </trkpt>
      <trkpt lat="46.18112" lon="6.59001">
        <ele>1822.86</ele>
      </trkpt>
      <trkpt lat="46.18111" lon="6.59008">
        <ele>1821.87</ele>
      </trkpt>
      <trkpt lat="46.18111" lon="6.59015">
        <ele>1820.86</ele>
      </trkpt>
      <trkpt lat="46.18113" lon="6.59044">
        <ele>1821.66</ele>
      </trkpt>
      <trkpt lat="46.18121" lon="6.59145">
        <ele>1831.52</ele>
      </trkpt>
      <trkpt lat="46.18126" lon="6.59186">
        <ele>1837.14</ele>
      </trkpt>
      <trkpt lat="46.18147" lon="6.59265">
        <ele>1837.18</ele>
      </trkpt>
      <trkpt lat="46.18153" lon="6.5936">
        <ele>1833.05</ele>
      </trkpt>
      <trkpt lat="46.18165" lon="6.59389">
        <ele>1826.93</ele>
      </trkpt>
      <trkpt lat="46.18172" lon="6.59431">
        <ele>1814.02</ele>
      </trkpt>
      <trkpt lat="46.18194" lon="6.59512">
        <ele>1818.38</ele>
      </trkpt>
      <trkpt lat="46.18207" lon="6.59575">
        <ele>1835.22</ele>
      </trkpt>
      <trkpt lat="46.18229" lon="6.59622">
        <ele>1838.49</ele>
      </trkpt>
      <trkpt lat="46.18239" lon="6.59648">
        <ele>1841.31</ele>
      </trkpt>
      <trkpt lat="46.18239" lon="6.59648">
        <ele>1841.31</ele>
      </trkpt>
      <trkpt lat="46.18239" lon="6.59648">
        <ele>1841.31</ele>
      </trkpt>
      <trkpt lat="46.18242" lon="6.59656">
        <ele>1842.71</ele>
      </trkpt>
      <trkpt lat="46.18268" lon="6.59735">
        <ele>1853.62</ele>
      </trkpt>
      <trkpt lat="46.18302" lon="6.5976">
        <ele>1856.09</ele>
      </trkpt>
      <trkpt lat="46.18346" lon="6.59805">
        <ele>1871.32</ele>
      </trkpt>
      <trkpt lat="46.18385" lon="6.59838">
        <ele>1877.55</ele>
      </trkpt>
      <trkpt lat="46.18436" lon="6.5989">
        <ele>1895.25</ele>
      </trkpt>
      <trkpt lat="46.1847" lon="6.59933">
        <ele>1909.62</ele>
      </trkpt>
      <trkpt lat="46.18513" lon="6.59982">
        <ele>1909.13</ele>
      </trkpt>
      <trkpt lat="46.18555" lon="6.60041">
        <ele>1905.42</ele>
      </trkpt>
      <trkpt lat="46.18577" lon="6.60065">
        <ele>1907.36</ele>
      </trkpt>
      <trkpt lat="46.18577" lon="6.60065">
        <ele>1907.36</ele>
      </trkpt>
      <trkpt lat="46.18577" lon="6.60065">
        <ele>1907.36</ele>
      </trkpt>
      <trkpt lat="46.18612" lon="6.60103">
        <ele>1928.17</ele>
      </trkpt>
      <trkpt lat="46.18646" lon="6.6014">
        <ele>1951.18</ele>
      </trkpt>
      <trkpt lat="46.18659" lon="6.60163">
        <ele>1958.02</ele>
      </trkpt>
      <trkpt lat="46.18668" lon="6.60158">
        <ele>1960.33</ele>
      </trkpt>
      <trkpt lat="46.18671" lon="6.60172">
        <ele>1962.95</ele>
      </trkpt>
      <trkpt lat="46.18705" lon="6.60222">
        <ele>1990.24</ele>
      </trkpt>
      <trkpt lat="46.18717" lon="6.60247">
        <ele>1998.74</ele>
      </trkpt>
      <trkpt lat="46.18735" lon="6.60261">
        <ele>2017.79</ele>
      </trkpt>
      <trkpt lat="46.18739" lon="6.60277">
        <ele>2018.9</ele>
      </trkpt>
      <trkpt lat="46.18751" lon="6.60283">
        <ele>2030.42</ele>
      </trkpt>
      <trkpt lat="46.18767" lon="6.60298">
        <ele>2043.42</ele>
      </trkpt>
      <trkpt lat="46.18774" lon="6.60343">
        <ele>2041.68</ele>
      </trkpt>
      <trkpt lat="46.1878" lon="6.60338">
        <ele>2048.34</ele>
      </trkpt>
      <trkpt lat="46.18791" lon="6.60348">
        <ele>2066.66</ele>
      </trkpt>
      <trkpt lat="46.18796" lon="6.60348">
        <ele>2074.03</ele>
      </trkpt>
      <trkpt lat="46.18808" lon="6.6034">
        <ele>2090.68</ele>
      </trkpt>
      <trkpt lat="46.18807" lon="6.6033">
        <ele>2088.08</ele>
      </trkpt>
      <trkpt lat="46.18817" lon="6.60338">
        <ele>2104.32</ele>
      </trkpt>
      <trkpt lat="46.18821" lon="6.60334">
        <ele>2110.47</ele>
      </trkpt>
      <trkpt lat="46.18826" lon="6.60341">
        <ele>2118.07</ele>
      </trkpt>
      <trkpt lat="46.18835" lon="6.60343">
        <ele>2129.2</ele>
      </trkpt>
      <trkpt lat="46.18846" lon="6.6035">
        <ele>2131.12</ele>
      </trkpt>
      <trkpt lat="46.18856" lon="6.60356">
        <ele>2134.36</ele>
      </trkpt>
      <trkpt lat="46.18856" lon="6.60368">
        <ele>2138.17</ele>
      </trkpt>
      <trkpt lat="46.18852" lon="6.60388">
        <ele>2142.54</ele>
      </trkpt>
      <trkpt lat="46.1886" lon="6.60396">
        <ele>2151.49</ele>
      </trkpt>
      <trkpt lat="46.18874" lon="6.6039">
        <ele>2153.44</ele>
      </trkpt>
      <trkpt lat="46.18876" lon="6.60396">
        <ele>2153.42</ele>
      </trkpt>
      <trkpt lat="46.18882" lon="6.60399">
        <ele>2153.66</ele>
      </trkpt>
      <trkpt lat="46.18881" lon="6.60408">
        <ele>2153.52</ele>
      </trkpt>
      <trkpt lat="46.18884" lon="6.60419">
        <ele>2153.75</ele>
      </trkpt>
      <trkpt lat="46.18886" lon="6.60445">
        <ele>2154.87</ele>
      </trkpt>
      <trkpt lat="46.18882" lon="6.60457">
        <ele>2154.63</ele>
      </trkpt>
      <trkpt lat="46.18877" lon="6.60455">
        <ele>2154.95</ele>
      </trkpt>
      <trkpt lat="46.18872" lon="6.60467">
        <ele>2156.22</ele>
      </trkpt>
      <trkpt lat="46.18867" lon="6.60473">
        <ele>2157.67</ele>
      </trkpt>
      <trkpt lat="46.18873" lon="6.60481">
        <ele>2156.16</ele>
      </trkpt>
      <trkpt lat="46.18873" lon="6.60487">
        <ele>2155.97</ele>
      </trkpt>
      <trkpt lat="46.18867" lon="6.60494">
        <ele>2156.21</ele>
      </trkpt>
      <trkpt lat="46.18872" lon="6.60502">
        <ele>2155.39</ele>
      </trkpt>
      <trkpt lat="46.18872" lon="6.60502">
        <ele>2155.39</ele>
      </trkpt>
      <trkpt lat="46.18872" lon="6.60502">
        <ele>2155.39</ele>
      </trkpt>
      <trkpt lat="46.18876" lon="6.60509">
        <ele>2154.71</ele>
      </trkpt>
      <trkpt lat="46.18885" lon="6.60521">
        <ele>2154.61</ele>
      </trkpt>
      <trkpt lat="46.18887" lon="6.60534">
        <ele>2156.04</ele>
      </trkpt>
      <trkpt lat="46.18886" lon="6.60542">
        <ele>2157.55</ele>
      </trkpt>
      <trkpt lat="46.18877" lon="6.60559">
        <ele>2159.55</ele>
      </trkpt>
      <trkpt lat="46.1887" lon="6.6058">
        <ele>2166.39</ele>
      </trkpt>
      <trkpt lat="46.18871" lon="6.60592">
        <ele>2167.77</ele>
      </trkpt>
      <trkpt lat="46.18877" lon="6.60593">
        <ele>2168.92</ele>
      </trkpt>
      <trkpt lat="46.18876" lon="6.60605">
        <ele>2170.31</ele>
      </trkpt>
      <trkpt lat="46.18883" lon="6.60613">
        <ele>2174.99</ele>
      </trkpt>
      <trkpt lat="46.18883" lon="6.60627">
        <ele>2172</ele>
      </trkpt>
      <trkpt lat="46.18883" lon="6.6064">
        <ele>2169.38</ele>
      </trkpt>
      <trkpt lat="46.18877" lon="6.60649">
        <ele>2166.14</ele>
      </trkpt>
      <trkpt lat="46.18878" lon="6.60658">
        <ele>2165.92</ele>
      </trkpt>
      <trkpt lat="46.18874" lon="6.6067">
        <ele>2163.36</ele>
      </trkpt>
      <trkpt lat="46.18877" lon="6.60682">
        <ele>2163.44</ele>
      </trkpt>
      <trkpt lat="46.18881" lon="6.60701">
        <ele>2158.12</ele>
      </trkpt>
      <trkpt lat="46.18882" lon="6.60716">
        <ele>2148.31</ele>
      </trkpt>
      <trkpt lat="46.18879" lon="6.60726">
        <ele>2138.97</ele>
      </trkpt>
      <trkpt lat="46.18878" lon="6.60734">
        <ele>2135.35</ele>
      </trkpt>
      <trkpt lat="46.18887" lon="6.60752">
        <ele>2135.34</ele>
      </trkpt>
      <trkpt lat="46.18887" lon="6.6078">
        <ele>2117.66</ele>
      </trkpt>
      <trkpt lat="46.18897" lon="6.608">
        <ele>2123.38</ele>
      </trkpt>
      <trkpt lat="46.18905" lon="6.60844">
        <ele>2127.75</ele>
      </trkpt>
      <trkpt lat="46.18901" lon="6.60875">
        <ele>2119.1</ele>
      </trkpt>
      <trkpt lat="46.18897" lon="6.6088">
        <ele>2114.22</ele>
      </trkpt>
      <trkpt lat="46.189" lon="6.60887">
        <ele>2112.38</ele>
      </trkpt>
      <trkpt lat="46.18897" lon="6.6089">
        <ele>2109.31</ele>
      </trkpt>
      <trkpt lat="46.18904" lon="6.60905">
        <ele>2115.64</ele>
      </trkpt>
      <trkpt lat="46.18916" lon="6.60924">
        <ele>2124.92</ele>
      </trkpt>
      <trkpt lat="46.1892" lon="6.60959">
        <ele>2145.37</ele>
      </trkpt>
      <trkpt lat="46.18926" lon="6.60981">
        <ele>2158.13</ele>
      </trkpt>
      <trkpt lat="46.18927" lon="6.60991">
        <ele>2160.21</ele>
      </trkpt>
      <trkpt lat="46.18924" lon="6.6099">
        <ele>2159.86</ele>
      </trkpt>
      <trkpt lat="46.18927" lon="6.61006">
        <ele>2163.18</ele>
      </trkpt>
      <trkpt lat="46.18919" lon="6.61003">
        <ele>2162.22</ele>
      </trkpt>
      <trkpt lat="46.18918" lon="6.61011">
        <ele>2162.62</ele>
      </trkpt>
      <trkpt lat="46.18921" lon="6.61011">
        <ele>2163.14</ele>
      </trkpt>
      <trkpt lat="46.18923" lon="6.61016">
        <ele>2164.15</ele>
      </trkpt>
      <trkpt lat="46.18923" lon="6.61016">
        <ele>2164.15</ele>
      </trkpt>
      <trkpt lat="46.18923" lon="6.61016">
        <ele>2164.15</ele>
      </trkpt>
      <trkpt lat="46.18924" lon="6.6102">
        <ele>2165</ele>
      </trkpt>
      <trkpt lat="46.18925" lon="6.61026">
        <ele>2166.31</ele>
      </trkpt>
      <trkpt lat="46.18933" lon="6.6104">
        <ele>2172.31</ele>
      </trkpt>
      <trkpt lat="46.18942" lon="6.61046">
        <ele>2175.18</ele>
      </trkpt>
      <trkpt lat="46.18942" lon="6.61051">
        <ele>2175.52</ele>
      </trkpt>
      <trkpt lat="46.18942" lon="6.61054">
        <ele>2175.72</ele>
      </trkpt>
      <trkpt lat="46.18959" lon="6.61076">
        <ele>2180.65</ele>
      </trkpt>
      <trkpt lat="46.18992" lon="6.61108">
        <ele>2181.95</ele>
      </trkpt>
      <trkpt lat="46.19004" lon="6.61108">
        <ele>2181.42</ele>
      </trkpt>
      <trkpt lat="46.19014" lon="6.61101">
        <ele>2180.9</ele>
      </trkpt>
      <trkpt lat="46.19034" lon="6.6111">
        <ele>2176.76</ele>
      </trkpt>
      <trkpt lat="46.19068" lon="6.61125">
        <ele>2171.66</ele>
      </trkpt>
      <trkpt lat="46.19092" lon="6.61131">
        <ele>2172.94</ele>
      </trkpt>
      <trkpt lat="46.19093" lon="6.61135">
        <ele>2173.95</ele>
      </trkpt>
      <trkpt lat="46.19098" lon="6.61135">
        <ele>2174.87</ele>
      </trkpt>
      <trkpt lat="46.19101" lon="6.61136">
        <ele>2175.62</ele>
      </trkpt>
      <trkpt lat="46.19104" lon="6.61136">
        <ele>2176.17</ele>
      </trkpt>
      <trkpt lat="46.19113" lon="6.61142">
        <ele>2178.85</ele>
      </trkpt>
      <trkpt lat="46.19124" lon="6.6114">
        <ele>2181.46</ele>
      </trkpt>
      <trkpt lat="46.19127" lon="6.61143">
        <ele>2182.87</ele>
      </trkpt>
      <trkpt lat="46.19135" lon="6.61143">
        <ele>2185.1</ele>
      </trkpt>
      <trkpt lat="46.1914" lon="6.61143">
        <ele>2186.68</ele>
      </trkpt>
      <trkpt lat="46.19149" lon="6.61141">
        <ele>2190.43</ele>
      </trkpt>
      <trkpt lat="46.19151" lon="6.61143">
        <ele>2191.64</ele>
      </trkpt>
      <trkpt lat="46.19155" lon="6.61147">
        <ele>2193.76</ele>
      </trkpt>
      <trkpt lat="46.19166" lon="6.61157">
        <ele>2197.52</ele>
      </trkpt>
      <trkpt lat="46.19178" lon="6.61169">
        <ele>2197.96</ele>
      </trkpt>
      <trkpt lat="46.19181" lon="6.61177">
        <ele>2198.14</ele>
      </trkpt>
      <trkpt lat="46.19188" lon="6.61186">
        <ele>2196.46</ele>
      </trkpt>
      <trkpt lat="46.19193" lon="6.61196">
        <ele>2193.48</ele>
      </trkpt>
      <trkpt lat="46.19196" lon="6.61198">
        <ele>2192.85</ele>
      </trkpt>
      <trkpt lat="46.19205" lon="6.61209">
        <ele>2191.88</ele>
      </trkpt>
      <trkpt lat="46.19205" lon="6.61209">
        <ele>2191.88</ele>
      </trkpt>
      <trkpt lat="46.19205" lon="6.61209">
        <ele>2191.88</ele>
      </trkpt>
      <trkpt lat="46.19225" lon="6.61234">
        <ele>2182.81</ele>
      </trkpt>
      <trkpt lat="46.19222" lon="6.61237">
        <ele>2182.64</ele>
      </trkpt>
      <trkpt lat="46.19245" lon="6.61261">
        <ele>2169.75</ele>
      </trkpt>
      <trkpt lat="46.19239" lon="6.61261">
        <ele>2170.82</ele>
      </trkpt>
      <trkpt lat="46.19263" lon="6.61294">
        <ele>2150.75</ele>
      </trkpt>
      <trkpt lat="46.19272" lon="6.61311">
        <ele>2142.8</ele>
      </trkpt>
      <trkpt lat="46.19275" lon="6.61315">
        <ele>2141.3</ele>
      </trkpt>
      <trkpt lat="46.19271" lon="6.61319">
        <ele>2141.43</ele>
      </trkpt>
      <trkpt lat="46.19275" lon="6.61323">
        <ele>2139.95</ele>
      </trkpt>
      <trkpt lat="46.19269" lon="6.61327">
        <ele>2140.05</ele>
      </trkpt>
      <trkpt lat="46.19285" lon="6.61338">
        <ele>2134.47</ele>
      </trkpt>
      <trkpt lat="46.19286" lon="6.61348">
        <ele>2130.8</ele>
      </trkpt>
      <trkpt lat="46.1929" lon="6.61345">
        <ele>2129.79</ele>
      </trkpt>
      <trkpt lat="46.1929" lon="6.61354">
        <ele>2126.18</ele>
      </trkpt>
      <trkpt lat="46.19294" lon="6.61348">
        <ele>2126.37</ele>
      </trkpt>
      <trkpt lat="46.19297" lon="6.61358">
        <ele>2119.42</ele>
      </trkpt>
      <trkpt lat="46.19307" lon="6.61383">
        <ele>2101</ele>
      </trkpt>
      <trkpt lat="46.19312" lon="6.61377">
        <ele>2101.35</ele>
      </trkpt>
      <trkpt lat="46.19314" lon="6.61396">
        <ele>2092.9</ele>
      </trkpt>
      <trkpt lat="46.19317" lon="6.61411">
        <ele>2084.24</ele>
      </trkpt>
      <trkpt lat="46.19323" lon="6.61428">
        <ele>2068.6</ele>
      </trkpt>
      <trkpt lat="46.19331" lon="6.61438">
        <ele>2051.53</ele>
      </trkpt>
      <trkpt lat="46.19331" lon="6.61447">
        <ele>2042.89</ele>
      </trkpt>
      <trkpt lat="46.19341" lon="6.61458">
        <ele>2028.88</ele>
      </trkpt>
      <trkpt lat="46.19341" lon="6.61446">
        <ele>2035.85</ele>
      </trkpt>
      <trkpt lat="46.19346" lon="6.61445">
        <ele>2033.06</ele>
      </trkpt>
      <trkpt lat="46.19352" lon="6.61448">
        <ele>2027.88</ele>
      </trkpt>
      <trkpt lat="46.19355" lon="6.61455">
        <ele>2023.73</ele>
      </trkpt>
      <trkpt lat="46.19364" lon="6.61467">
        <ele>2014.83</ele>
      </trkpt>
      <trkpt lat="46.19379" lon="6.61493">
        <ele>1978.18</ele>
      </trkpt>
      <trkpt lat="46.19395" lon="6.61536">
        <ele>1941.12</ele>
      </trkpt>
      <trkpt lat="46.19398" lon="6.61527">
        <ele>1946.22</ele>
      </trkpt>
      <trkpt lat="46.19397" lon="6.61515">
        <ele>1953.6</ele>
      </trkpt>
      <trkpt lat="46.19418" lon="6.61552">
        <ele>1916.01</ele>
      </trkpt>
      <trkpt lat="46.19421" lon="6.61583">
        <ele>1900.19</ele>
      </trkpt>
      <trkpt lat="46.19421" lon="6.61583">
        <ele>1900.19</ele>
      </trkpt>
      <trkpt lat="46.19421" lon="6.61583">
        <ele>1900.19</ele>
      </trkpt>
      <trkpt lat="46.19425" lon="6.61583">
        <ele>1897.45</ele>
      </trkpt>
      <trkpt lat="46.19425" lon="6.6159">
        <ele>1897.85</ele>
      </trkpt>
      <trkpt lat="46.19431" lon="6.61598">
        <ele>1894.52</ele>
      </trkpt>
      <trkpt lat="46.19426" lon="6.61605">
        <ele>1898.44</ele>
      </trkpt>
      <trkpt lat="46.19419" lon="6.61605">
        <ele>1903.03</ele>
      </trkpt>
      <trkpt lat="46.19414" lon="6.61598">
        <ele>1905.87</ele>
      </trkpt>
      <trkpt lat="46.19398" lon="6.61581">
        <ele>1916.94</ele>
      </trkpt>
      <trkpt lat="46.19376" lon="6.61567">
        <ele>1933.66</ele>
      </trkpt>
      <trkpt lat="46.19359" lon="6.61564">
        <ele>1947.55</ele>
      </trkpt>
      <trkpt lat="46.19345" lon="6.6156">
        <ele>1958.85</ele>
      </trkpt>
      <trkpt lat="46.19316" lon="6.6156">
        <ele>1966.24</ele>
      </trkpt>
      <trkpt lat="46.19293" lon="6.61561">
        <ele>1965.69</ele>
      </trkpt>
      <trkpt lat="46.1927" lon="6.61567">
        <ele>1963.13</ele>
      </trkpt>
      <trkpt lat="46.19247" lon="6.61582">
        <ele>1959.02</ele>
      </trkpt>
      <trkpt lat="46.19237" lon="6.61599">
        <ele>1955.96</ele>
      </trkpt>
      <trkpt lat="46.19235" lon="6.61607">
        <ele>1954.1</ele>
      </trkpt>
      <trkpt lat="46.19226" lon="6.61633">
        <ele>1948.58</ele>
      </trkpt>
      <trkpt lat="46.19227" lon="6.61644">
        <ele>1944.07</ele>
      </trkpt>
      <trkpt lat="46.19229" lon="6.61648">
        <ele>1941.62</ele>
      </trkpt>
      <trkpt lat="46.19228" lon="6.61655">
        <ele>1938.96</ele>
      </trkpt>
      <trkpt lat="46.19214" lon="6.61685">
        <ele>1934.67</ele>
      </trkpt>
      <trkpt lat="46.19207" lon="6.61701">
        <ele>1933.21</ele>
      </trkpt>
      <trkpt lat="46.19194" lon="6.61716">
        <ele>1934.21</ele>
      </trkpt>
      <trkpt lat="46.19182" lon="6.61728">
        <ele>1935.55</ele>
      </trkpt>
      <trkpt lat="46.19167" lon="6.61735">
        <ele>1938.82</ele>
      </trkpt>
      <trkpt lat="46.1916" lon="6.61733">
        <ele>1940.25</ele>
      </trkpt>
      <trkpt lat="46.19157" lon="6.61738">
        <ele>1938.69</ele>
      </trkpt>
      <trkpt lat="46.19162" lon="6.61752">
        <ele>1933.07</ele>
      </trkpt>
      <trkpt lat="46.19155" lon="6.61766">
        <ele>1930.46</ele>
      </trkpt>
      <trkpt lat="46.19163" lon="6.61792">
        <ele>1921.1</ele>
      </trkpt>
      <trkpt lat="46.19164" lon="6.6181">
        <ele>1916.14</ele>
      </trkpt>
      <trkpt lat="46.19156" lon="6.61814">
        <ele>1918.2</ele>
      </trkpt>
      <trkpt lat="46.19153" lon="6.61827">
        <ele>1916.68</ele>
      </trkpt>
      <trkpt lat="46.19147" lon="6.61837">
        <ele>1916.88</ele>
      </trkpt>
      <trkpt lat="46.1914" lon="6.61839">
        <ele>1918.83</ele>
      </trkpt>
      <trkpt lat="46.19126" lon="6.6183">
        <ele>1922.63</ele>
      </trkpt>
      <trkpt lat="46.1911" lon="6.61818">
        <ele>1927.38</ele>
      </trkpt>
      <trkpt lat="46.19102" lon="6.61815">
        <ele>1924.58</ele>
      </trkpt>
      <trkpt lat="46.19094" lon="6.61813">
        <ele>1921.45</ele>
      </trkpt>
      <trkpt lat="46.19072" lon="6.61815">
        <ele>1909.5</ele>
      </trkpt>
      <trkpt lat="46.1906" lon="6.6181">
        <ele>1903.05</ele>
      </trkpt>
      <trkpt lat="46.19055" lon="6.61804">
        <ele>1901.15</ele>
      </trkpt>
      <trkpt lat="46.19045" lon="6.6178">
        <ele>1902.4</ele>
      </trkpt>
      <trkpt lat="46.19025" lon="6.61767">
        <ele>1897.88</ele>
      </trkpt>
      <trkpt lat="46.1902" lon="6.61764">
        <ele>1898.34</ele>
      </trkpt>
      <trkpt lat="46.19003" lon="6.61763">
        <ele>1898.24</ele>
      </trkpt>
      <trkpt lat="46.18993" lon="6.61762">
        <ele>1898.91</ele>
      </trkpt>
      <trkpt lat="46.18974" lon="6.61774">
        <ele>1897.69</ele>
      </trkpt>
      <trkpt lat="46.18968" lon="6.61785">
        <ele>1895.59</ele>
      </trkpt>
      <trkpt lat="46.1896" lon="6.61793">
        <ele>1894.15</ele>
      </trkpt>
      <trkpt lat="46.18957" lon="6.61791">
        <ele>1894.69</ele>
      </trkpt>
      <trkpt lat="46.18955" lon="6.61791">
        <ele>1894.76</ele>
      </trkpt>
      <trkpt lat="46.1894" lon="6.61814">
        <ele>1892.13</ele>
      </trkpt>
      <trkpt lat="46.18934" lon="6.6183">
        <ele>1892.18</ele>
      </trkpt>
      <trkpt lat="46.18932" lon="6.6187">
        <ele>1890.8</ele>
      </trkpt>
      <trkpt lat="46.18931" lon="6.61876">
        <ele>1891.71</ele>
      </trkpt>
      <trkpt lat="46.18931" lon="6.61882">
        <ele>1891.92</ele>
      </trkpt>
      <trkpt lat="46.18933" lon="6.61889">
        <ele>1890.67</ele>
      </trkpt>
      <trkpt lat="46.18933" lon="6.61896">
        <ele>1891.83</ele>
      </trkpt>
      <trkpt lat="46.18934" lon="6.61904">
        <ele>1892.41</ele>
      </trkpt>
      <trkpt lat="46.18933" lon="6.6192">
        <ele>1895.85</ele>
      </trkpt>
      <trkpt lat="46.18936" lon="6.61935">
        <ele>1897.27</ele>
      </trkpt>
      <trkpt lat="46.1894" lon="6.61936">
        <ele>1895.82</ele>
      </trkpt>
      <trkpt lat="46.1894" lon="6.61937">
        <ele>1896.11</ele>
      </trkpt>
      <trkpt lat="46.18942" lon="6.61938">
        <ele>1895.63</ele>
      </trkpt>
      <trkpt lat="46.18943" lon="6.6194">
        <ele>1895.92</ele>
      </trkpt>
      <trkpt lat="46.18945" lon="6.61943">
        <ele>1896.11</ele>
      </trkpt>
      <trkpt lat="46.18946" lon="6.61945">
        <ele>1895.84</ele>
      </trkpt>
      <trkpt lat="46.18947" lon="6.61948">
        <ele>1894.64</ele>
      </trkpt>
      <trkpt lat="46.18946" lon="6.61951">
        <ele>1894.78</ele>
      </trkpt>
      <trkpt lat="46.18946" lon="6.61951">
        <ele>1894.78</ele>
      </trkpt>
      <trkpt lat="46.18946" lon="6.61951">
        <ele>1894.78</ele>
      </trkpt>
      <trkpt lat="46.18947" lon="6.61948">
        <ele>1894.64</ele>
      </trkpt>
      <trkpt lat="46.18946" lon="6.61945">
        <ele>1895.84</ele>
      </trkpt>
      <trkpt lat="46.18945" lon="6.61943">
        <ele>1896.11</ele>
      </trkpt>
      <trkpt lat="46.18943" lon="6.6194">
        <ele>1895.92</ele>
      </trkpt>
      <trkpt lat="46.18942" lon="6.61938">
        <ele>1895.63</ele>
      </trkpt>
      <trkpt lat="46.1894" lon="6.61937">
        <ele>1896.11</ele>
      </trkpt>
      <trkpt lat="46.1894" lon="6.61936">
        <ele>1895.82</ele>
      </trkpt>
      <trkpt lat="46.18936" lon="6.61935">
        <ele>1897.27</ele>
      </trkpt>
      <trkpt lat="46.18936" lon="6.61938">
        <ele>1897.96</ele>
      </trkpt>
      <trkpt lat="46.18935" lon="6.61941">
        <ele>1898.99</ele>
      </trkpt>
      <trkpt lat="46.18934" lon="6.61945">
        <ele>1899.95</ele>
      </trkpt>
      <trkpt lat="46.18934" lon="6.61957">
        <ele>1898.77</ele>
      </trkpt>
      <trkpt lat="46.18936" lon="6.61975">
        <ele>1896.26</ele>
      </trkpt>
      <trkpt lat="46.18941" lon="6.6199">
        <ele>1894.14</ele>
      </trkpt>
      <trkpt lat="46.18944" lon="6.62005">
        <ele>1893</ele>
      </trkpt>
      <trkpt lat="46.1894" lon="6.62016">
        <ele>1894.18</ele>
      </trkpt>
      <trkpt lat="46.18935" lon="6.62035">
        <ele>1896.34</ele>
      </trkpt>
      <trkpt lat="46.18928" lon="6.62047">
        <ele>1899.77</ele>
      </trkpt>
      <trkpt lat="46.18919" lon="6.62064">
        <ele>1904.18</ele>
      </trkpt>
      <trkpt lat="46.1891" lon="6.62074">
        <ele>1904.53</ele>
      </trkpt>
      <trkpt lat="46.18902" lon="6.62074">
        <ele>1903.57</ele>
      </trkpt>
      <trkpt lat="46.18898" lon="6.62077">
        <ele>1903.16</ele>
      </trkpt>
      <trkpt lat="46.18897" lon="6.6208">
        <ele>1903.1</ele>
      </trkpt>
      <trkpt lat="46.18919" lon="6.62093">
        <ele>1905.9</ele>
      </trkpt>
      <trkpt lat="46.18925" lon="6.62092">
        <ele>1906.61</ele>
      </trkpt>
      <trkpt lat="46.18934" lon="6.62098">
        <ele>1906.98</ele>
      </trkpt>
      <trkpt lat="46.18938" lon="6.62098">
        <ele>1907.33</ele>
      </trkpt>
      <trkpt lat="46.18935" lon="6.62103">
        <ele>1906.53</ele>
      </trkpt>
      <trkpt lat="46.18937" lon="6.62122">
        <ele>1905.02</ele>
      </trkpt>
      <trkpt lat="46.18941" lon="6.62138">
        <ele>1904.55</ele>
      </trkpt>
      <trkpt lat="46.18952" lon="6.62165">
        <ele>1903.86</ele>
      </trkpt>
      <trkpt lat="46.18955" lon="6.62178">
        <ele>1906.55</ele>
      </trkpt>
      <trkpt lat="46.18963" lon="6.62192">
        <ele>1910.24</ele>
      </trkpt>
      <trkpt lat="46.18973" lon="6.62213">
        <ele>1912.67</ele>
      </trkpt>
      <trkpt lat="46.18981" lon="6.62225">
        <ele>1911.72</ele>
      </trkpt>
      <trkpt lat="46.18988" lon="6.62233">
        <ele>1911.22</ele>
      </trkpt>
      <trkpt lat="46.19002" lon="6.62275">
        <ele>1913.34</ele>
      </trkpt>
      <trkpt lat="46.19011" lon="6.62287">
        <ele>1908.13</ele>
      </trkpt>
      <trkpt lat="46.19018" lon="6.62324">
        <ele>1906.13</ele>
      </trkpt>
      <trkpt lat="46.19019" lon="6.62337">
        <ele>1904.53</ele>
      </trkpt>
      <trkpt lat="46.19027" lon="6.62371">
        <ele>1905.25</ele>
      </trkpt>
      <trkpt lat="46.19038" lon="6.62393">
        <ele>1905.63</ele>
      </trkpt>
      <trkpt lat="46.19043" lon="6.62401">
        <ele>1906.36</ele>
      </trkpt>
      <trkpt lat="46.1905" lon="6.62421">
        <ele>1910.17</ele>
      </trkpt>
      <trkpt lat="46.1905" lon="6.62421">
        <ele>1910.17</ele>
      </trkpt>
      <trkpt lat="46.1905" lon="6.62421">
        <ele>1910.17</ele>
      </trkpt>
      <trkpt lat="46.19056" lon="6.62429">
        <ele>1907.69</ele>
      </trkpt>
      <trkpt lat="46.19062" lon="6.6244">
        <ele>1903.12</ele>
      </trkpt>
      <trkpt lat="46.19063" lon="6.6245">
        <ele>1902.23</ele>
      </trkpt>
      <trkpt lat="46.19047" lon="6.62438">
        <ele>1906.41</ele>
      </trkpt>
      <trkpt lat="46.19031" lon="6.62438">
        <ele>1907.87</ele>
      </trkpt>
      <trkpt lat="46.19023" lon="6.62447">
        <ele>1905.35</ele>
      </trkpt>
      <trkpt lat="46.19013" lon="6.6245">
        <ele>1903.19</ele>
      </trkpt>
      <trkpt lat="46.1901" lon="6.62458">
        <ele>1901.42</ele>
      </trkpt>
      <trkpt lat="46.18989" lon="6.62473">
        <ele>1895.54</ele>
      </trkpt>
      <trkpt lat="46.18989" lon="6.62473">
        <ele>1895.54</ele>
      </trkpt>
      <trkpt lat="46.18989" lon="6.62473">
        <ele>1895.54</ele>
      </trkpt>
      <trkpt lat="46.18967" lon="6.62487">
        <ele>1886.5</ele>
      </trkpt>
      <trkpt lat="46.18966" lon="6.62493">
        <ele>1885.55</ele>
      </trkpt>
      <trkpt lat="46.18954" lon="6.62511">
        <ele>1874.38</ele>
      </trkpt>
      <trkpt lat="46.18948" lon="6.62514">
        <ele>1870.35</ele>
      </trkpt>
      <trkpt lat="46.18926" lon="6.6255">
        <ele>1841.28</ele>
      </trkpt>
      <trkpt lat="46.18922" lon="6.62568">
        <ele>1836.54</ele>
      </trkpt>
      <trkpt lat="46.18913" lon="6.62574">
        <ele>1833.79</ele>
      </trkpt>
      <trkpt lat="46.18902" lon="6.62588">
        <ele>1832.85</ele>
      </trkpt>
      <trkpt lat="46.18902" lon="6.62588">
        <ele>1832.85</ele>
      </trkpt>
      <trkpt lat="46.18902" lon="6.62588">
        <ele>1832.85</ele>
      </trkpt>
      <trkpt lat="46.18896" lon="6.62605">
        <ele>1833.92</ele>
      </trkpt>
      <trkpt lat="46.18884" lon="6.62617">
        <ele>1833.23</ele>
      </trkpt>
      <trkpt lat="46.18859" lon="6.62628">
        <ele>1832.04</ele>
      </trkpt>
      <trkpt lat="46.18855" lon="6.62632">
        <ele>1830.24</ele>
      </trkpt>
      <trkpt lat="46.1885" lon="6.62644">
        <ele>1823.59</ele>
      </trkpt>
      <trkpt lat="46.18844" lon="6.62657">
        <ele>1813.55</ele>
      </trkpt>
      <trkpt lat="46.18841" lon="6.62658">
        <ele>1813.05</ele>
      </trkpt>
      <trkpt lat="46.18841" lon="6.62658">
        <ele>1813.05</ele>
      </trkpt>
      <trkpt lat="46.18841" lon="6.62658">
        <ele>1813.05</ele>
      </trkpt>
      <trkpt lat="46.18832" lon="6.62661">
        <ele>1812.18</ele>
      </trkpt>
      <trkpt lat="46.18803" lon="6.62654">
        <ele>1811.24</ele>
      </trkpt>
      <trkpt lat="46.18783" lon="6.62638">
        <ele>1807.74</ele>
      </trkpt>
      <trkpt lat="46.18775" lon="6.62636">
        <ele>1807.26</ele>
      </trkpt>
      <trkpt lat="46.18775" lon="6.62636">
        <ele>1807.26</ele>
      </trkpt>
      <trkpt lat="46.18775" lon="6.62636">
        <ele>1807.26</ele>
      </trkpt>
      <trkpt lat="46.1877" lon="6.62635">
        <ele>1808.11</ele>
      </trkpt>
      <trkpt lat="46.18744" lon="6.62643">
        <ele>1806.62</ele>
      </trkpt>
      <trkpt lat="46.18732" lon="6.62643">
        <ele>1802.24</ele>
      </trkpt>
      <trkpt lat="46.18732" lon="6.62643">
        <ele>1802.24</ele>
      </trkpt>
      <trkpt lat="46.18695" lon="6.62583">
        <ele>1782.36</ele>
      </trkpt>
      <trkpt lat="46.18695" lon="6.62583">
        <ele>1782.36</ele>
      </trkpt>
      <trkpt lat="46.18639" lon="6.62579">
        <ele>1763.39</ele>
      </trkpt>
      <trkpt lat="46.18582" lon="6.62574">
        <ele>1738.13</ele>
      </trkpt>
      <trkpt lat="46.18582" lon="6.62574">
        <ele>1738.13</ele>
      </trkpt>
      <trkpt lat="46.18535" lon="6.62554">
        <ele>1724.17</ele>
      </trkpt>
      <trkpt lat="46.18488" lon="6.62533">
        <ele>1714.49</ele>
      </trkpt>
      <trkpt lat="46.18488" lon="6.62533">
        <ele>1714.49</ele>
      </trkpt>
      <trkpt lat="46.18438" lon="6.62526">
        <ele>1698.12</ele>
      </trkpt>
      <trkpt lat="46.18433" lon="6.62522">
        <ele>1695.07</ele>
      </trkpt>
      <trkpt lat="46.18429" lon="6.6252">
        <ele>1692.49</ele>
      </trkpt>
      <trkpt lat="46.18424" lon="6.62518">
        <ele>1689.16</ele>
      </trkpt>
      <trkpt lat="46.18419" lon="6.62513">
        <ele>1685.54</ele>
      </trkpt>
      <trkpt lat="46.18414" lon="6.62511">
        <ele>1683.14</ele>
      </trkpt>
      <trkpt lat="46.18409" lon="6.62508">
        <ele>1681.92</ele>
      </trkpt>
      <trkpt lat="46.18404" lon="6.62506">
        <ele>1680.92</ele>
      </trkpt>
      <trkpt lat="46.184" lon="6.62504">
        <ele>1680.28</ele>
      </trkpt>
      <trkpt lat="46.18395" lon="6.62502">
        <ele>1679.63</ele>
      </trkpt>
      <trkpt lat="46.1839" lon="6.625">
        <ele>1679.16</ele>
      </trkpt>
      <trkpt lat="46.18385" lon="6.62497">
        <ele>1677.54</ele>
      </trkpt>
      <trkpt lat="46.18381" lon="6.62495">
        <ele>1676.13</ele>
      </trkpt>
      <trkpt lat="46.18376" lon="6.62491">
        <ele>1674.65</ele>
      </trkpt>
      <trkpt lat="46.18371" lon="6.62488">
        <ele>1673.31</ele>
      </trkpt>
      <trkpt lat="46.18365" lon="6.62485">
        <ele>1671.86</ele>
      </trkpt>
      <trkpt lat="46.18361" lon="6.62484">
        <ele>1670.85</ele>
      </trkpt>
      <trkpt lat="46.18355" lon="6.62483">
        <ele>1669.35</ele>
      </trkpt>
      <trkpt lat="46.1835" lon="6.62482">
        <ele>1668.16</ele>
      </trkpt>
      <trkpt lat="46.18344" lon="6.62482">
        <ele>1666.49</ele>
      </trkpt>
      <trkpt lat="46.18339" lon="6.62481">
        <ele>1665.34</ele>
      </trkpt>
      <trkpt lat="46.18335" lon="6.62483">
        <ele>1663.75</ele>
      </trkpt>
      <trkpt lat="46.1833" lon="6.62484">
        <ele>1662.34</ele>
      </trkpt>
      <trkpt lat="46.18325" lon="6.62485">
        <ele>1661.09</ele>
      </trkpt>
      <trkpt lat="46.1832" lon="6.62488">
        <ele>1659.48</ele>
      </trkpt>
      <trkpt lat="46.18314" lon="6.62491">
        <ele>1657.81</ele>
      </trkpt>
      <trkpt lat="46.18309" lon="6.62493">
        <ele>1656.6</ele>
      </trkpt>
      <trkpt lat="46.18307" lon="6.62498">
        <ele>1655.51</ele>
      </trkpt>
      <trkpt lat="46.18307" lon="6.62498">
        <ele>1655.51</ele>
      </trkpt>
      <trkpt lat="46.18292" lon="6.62511">
        <ele>1649.13</ele>
      </trkpt>
      <trkpt lat="46.18287" lon="6.62512">
        <ele>1647.35</ele>
      </trkpt>
      <trkpt lat="46.18282" lon="6.62514">
        <ele>1645.35</ele>
      </trkpt>
      <trkpt lat="46.18278" lon="6.62516">
        <ele>1643.62</ele>
      </trkpt>
      <trkpt lat="46.18273" lon="6.62517">
        <ele>1641.62</ele>
      </trkpt>
      <trkpt lat="46.18267" lon="6.62515">
        <ele>1639.76</ele>
      </trkpt>
      <trkpt lat="46.18261" lon="6.62514">
        <ele>1637.65</ele>
      </trkpt>
      <trkpt lat="46.18256" lon="6.62513">
        <ele>1635.83</ele>
      </trkpt>
      <trkpt lat="46.18252" lon="6.6251">
        <ele>1634.45</ele>
      </trkpt>
      <trkpt lat="46.18248" lon="6.62505">
        <ele>1632.92</ele>
      </trkpt>
      <trkpt lat="46.18244" lon="6.625">
        <ele>1631.19</ele>
      </trkpt>
      <trkpt lat="46.1824" lon="6.62496">
        <ele>1629.36</ele>
      </trkpt>
      <trkpt lat="46.18235" lon="6.62492">
        <ele>1626.96</ele>
      </trkpt>
      <trkpt lat="46.18231" lon="6.62489">
        <ele>1624.96</ele>
      </trkpt>
      <trkpt lat="46.18226" lon="6.62485">
        <ele>1622.37</ele>
      </trkpt>
      <trkpt lat="46.18222" lon="6.62482">
        <ele>1620.26</ele>
      </trkpt>
      <trkpt lat="46.18217" lon="6.62478">
        <ele>1618.14</ele>
      </trkpt>
      <trkpt lat="46.18213" lon="6.62475">
        <ele>1616.45</ele>
      </trkpt>
      <trkpt lat="46.18208" lon="6.62472">
        <ele>1614.38</ele>
      </trkpt>
      <trkpt lat="46.18204" lon="6.6247">
        <ele>1612.92</ele>
      </trkpt>
      <trkpt lat="46.18198" lon="6.62468">
        <ele>1610.69</ele>
      </trkpt>
      <trkpt lat="46.18193" lon="6.62469">
        <ele>1608.65</ele>
      </trkpt>
      <trkpt lat="46.18188" lon="6.6247">
        <ele>1606.59</ele>
      </trkpt>
      <trkpt lat="46.18182" lon="6.6247">
        <ele>1604.2</ele>
      </trkpt>
      <trkpt lat="46.18177" lon="6.6247">
        <ele>1602.2</ele>
      </trkpt>
      <trkpt lat="46.18173" lon="6.62468">
        <ele>1600.69</ele>
      </trkpt>
      <trkpt lat="46.18168" lon="6.62464">
        <ele>1598.84</ele>
      </trkpt>
      <trkpt lat="46.18165" lon="6.62458">
        <ele>1597.85</ele>
      </trkpt>
      <trkpt lat="46.18163" lon="6.62451">
        <ele>1597.31</ele>
      </trkpt>
      <trkpt lat="46.18161" lon="6.62445">
        <ele>1596.74</ele>
      </trkpt>
      <trkpt lat="46.18159" lon="6.62438">
        <ele>1596.84</ele>
      </trkpt>
      <trkpt lat="46.18156" lon="6.62433">
        <ele>1595.98</ele>
      </trkpt>
      <trkpt lat="46.18152" lon="6.62428">
        <ele>1594.24</ele>
      </trkpt>
      <trkpt lat="46.18148" lon="6.62423">
        <ele>1592.09</ele>
      </trkpt>
      <trkpt lat="46.18145" lon="6.62417">
        <ele>1590.18</ele>
      </trkpt>
      <trkpt lat="46.18142" lon="6.62411">
        <ele>1590.67</ele>
      </trkpt>
      <trkpt lat="46.18139" lon="6.62406">
        <ele>1591.06</ele>
      </trkpt>
      <trkpt lat="46.18135" lon="6.62402">
        <ele>1591.63</ele>
      </trkpt>
      <trkpt lat="46.18132" lon="6.62396">
        <ele>1592.9</ele>
      </trkpt>
      <trkpt lat="46.18129" lon="6.6239">
        <ele>1593.65</ele>
      </trkpt>
      <trkpt lat="46.18125" lon="6.62385">
        <ele>1592.07</ele>
      </trkpt>
      <trkpt lat="46.18122" lon="6.62379">
        <ele>1590.63</ele>
      </trkpt>
      <trkpt lat="46.1812" lon="6.62374">
        <ele>1589.65</ele>
      </trkpt>
      <trkpt lat="46.18116" lon="6.62368">
        <ele>1587.6</ele>
      </trkpt>
      <trkpt lat="46.18113" lon="6.62363">
        <ele>1586.02</ele>
      </trkpt>
      <trkpt lat="46.1811" lon="6.62358">
        <ele>1584.82</ele>
      </trkpt>
      <trkpt lat="46.18106" lon="6.62353">
        <ele>1583.74</ele>
      </trkpt>
      <trkpt lat="46.18102" lon="6.62347">
        <ele>1582.74</ele>
      </trkpt>
      <trkpt lat="46.18098" lon="6.62342">
        <ele>1581.66</ele>
      </trkpt>
      <trkpt lat="46.18095" lon="6.62337">
        <ele>1580.94</ele>
      </trkpt>
      <trkpt lat="46.1809" lon="6.62332">
        <ele>1579.63</ele>
      </trkpt>
      <trkpt lat="46.18086" lon="6.62328">
        <ele>1578.78</ele>
      </trkpt>
      <trkpt lat="46.18083" lon="6.62323">
        <ele>1578.36</ele>
      </trkpt>
      <trkpt lat="46.1808" lon="6.62317">
        <ele>1578.1</ele>
      </trkpt>
      <trkpt lat="46.18078" lon="6.62311">
        <ele>1578.26</ele>
      </trkpt>
      <trkpt lat="46.18075" lon="6.62305">
        <ele>1578.14</ele>
      </trkpt>
      <trkpt lat="46.18072" lon="6.62299">
        <ele>1578.57</ele>
      </trkpt>
      <trkpt lat="46.18068" lon="6.62294">
        <ele>1578.39</ele>
      </trkpt>
      <trkpt lat="46.18066" lon="6.62288">
        <ele>1579.18</ele>
      </trkpt>
      <trkpt lat="46.18064" lon="6.62281">
        <ele>1580.23</ele>
      </trkpt>
      <trkpt lat="46.18063" lon="6.62275">
        <ele>1581.72</ele>
      </trkpt>
      <trkpt lat="46.18063" lon="6.62275">
        <ele>1581.72</ele>
      </trkpt>
      <trkpt lat="46.18064" lon="6.62268">
        <ele>1584.62</ele>
      </trkpt>
      <trkpt lat="46.18062" lon="6.62261">
        <ele>1586.73</ele>
      </trkpt>
      <trkpt lat="46.18061" lon="6.62254">
        <ele>1589.23</ele>
      </trkpt>
      <trkpt lat="46.18058" lon="6.62248">
        <ele>1590.8</ele>
      </trkpt>
      <trkpt lat="46.18056" lon="6.62242">
        <ele>1591.81</ele>
      </trkpt>
      <trkpt lat="46.18053" lon="6.62236">
        <ele>1591.69</ele>
      </trkpt>
      <trkpt lat="46.18051" lon="6.6223">
        <ele>1592.05</ele>
      </trkpt>
      <trkpt lat="46.18048" lon="6.62224">
        <ele>1592.03</ele>
      </trkpt>
      <trkpt lat="46.18045" lon="6.62217">
        <ele>1593.26</ele>
      </trkpt>
      <trkpt lat="46.18042" lon="6.62209">
        <ele>1594.93</ele>
      </trkpt>
      <trkpt lat="46.18041" lon="6.62203">
        <ele>1596.7</ele>
      </trkpt>
      <trkpt lat="46.1804" lon="6.62196">
        <ele>1598.76</ele>
      </trkpt>
      <trkpt lat="46.18038" lon="6.6219">
        <ele>1597.57</ele>
      </trkpt>
      <trkpt lat="46.18035" lon="6.62184">
        <ele>1594.91</ele>
      </trkpt>
      <trkpt lat="46.18032" lon="6.62178">
        <ele>1592.2</ele>
      </trkpt>
      <trkpt lat="46.18028" lon="6.62173">
        <ele>1588.84</ele>
      </trkpt>
      <trkpt lat="46.18025" lon="6.62168">
        <ele>1587.1</ele>
      </trkpt>
      <trkpt lat="46.18022" lon="6.62162">
        <ele>1586.9</ele>
      </trkpt>
      <trkpt lat="46.18018" lon="6.62157">
        <ele>1586.71</ele>
      </trkpt>
      <trkpt lat="46.18015" lon="6.62152">
        <ele>1587.01</ele>
      </trkpt>
      <trkpt lat="46.18011" lon="6.62146">
        <ele>1587.48</ele>
      </trkpt>
      <trkpt lat="46.18009" lon="6.62139">
        <ele>1588.91</ele>
      </trkpt>
      <trkpt lat="46.18008" lon="6.62131">
        <ele>1590.92</ele>
      </trkpt>
      <trkpt lat="46.18008" lon="6.62123">
        <ele>1593.15</ele>
      </trkpt>
      <trkpt lat="46.18007" lon="6.62116">
        <ele>1594.7</ele>
      </trkpt>
      <trkpt lat="46.18004" lon="6.62108">
        <ele>1595.1</ele>
      </trkpt>
      <trkpt lat="46.18001" lon="6.62101">
        <ele>1594.28</ele>
      </trkpt>
      <trkpt lat="46.17998" lon="6.62095">
        <ele>1593.23</ele>
      </trkpt>
      <trkpt lat="46.17996" lon="6.62089">
        <ele>1592.95</ele>
      </trkpt>
      <trkpt lat="46.17992" lon="6.62083">
        <ele>1592.27</ele>
      </trkpt>
      <trkpt lat="46.17988" lon="6.62078">
        <ele>1592.87</ele>
      </trkpt>
      <trkpt lat="46.17984" lon="6.62072">
        <ele>1593.54</ele>
      </trkpt>
      <trkpt lat="46.17979" lon="6.62065">
        <ele>1593.69</ele>
      </trkpt>
      <trkpt lat="46.17976" lon="6.62061">
        <ele>1593.45</ele>
      </trkpt>
      <trkpt lat="46.17972" lon="6.62056">
        <ele>1592.75</ele>
      </trkpt>
      <trkpt lat="46.17968" lon="6.62053">
        <ele>1591.3</ele>
      </trkpt>
      <trkpt lat="46.17964" lon="6.62049">
        <ele>1590.12</ele>
      </trkpt>
      <trkpt lat="46.17961" lon="6.62044">
        <ele>1589.77</ele>
      </trkpt>
      <trkpt lat="46.17957" lon="6.62039">
        <ele>1589.01</ele>
      </trkpt>
      <trkpt lat="46.17955" lon="6.62032">
        <ele>1589.84</ele>
      </trkpt>
      <trkpt lat="46.17953" lon="6.62027">
        <ele>1590.29</ele>
      </trkpt>
      <trkpt lat="46.1795" lon="6.6202">
        <ele>1591.34</ele>
      </trkpt>
      <trkpt lat="46.17946" lon="6.62014">
        <ele>1591.3</ele>
      </trkpt>
      <trkpt lat="46.17943" lon="6.62009">
        <ele>1591.6</ele>
      </trkpt>
      <trkpt lat="46.17941" lon="6.62003">
        <ele>1592.81</ele>
      </trkpt>
      <trkpt lat="46.17937" lon="6.61998">
        <ele>1593.07</ele>
      </trkpt>
      <trkpt lat="46.17934" lon="6.61992">
        <ele>1594.19</ele>
      </trkpt>
      <trkpt lat="46.17931" lon="6.61986">
        <ele>1595.22</ele>
      </trkpt>
      <trkpt lat="46.17927" lon="6.61981">
        <ele>1595.38</ele>
      </trkpt>
      <trkpt lat="46.17923" lon="6.61976">
        <ele>1595.45</ele>
      </trkpt>
      <trkpt lat="46.1792" lon="6.61971">
        <ele>1595.76</ele>
      </trkpt>
      <trkpt lat="46.17916" lon="6.61967">
        <ele>1595.16</ele>
      </trkpt>
      <trkpt lat="46.17912" lon="6.61961">
        <ele>1595.62</ele>
      </trkpt>
      <trkpt lat="46.17909" lon="6.61956">
        <ele>1595.95</ele>
      </trkpt>
      <trkpt lat="46.17905" lon="6.6195">
        <ele>1596.07</ele>
      </trkpt>
      <trkpt lat="46.179" lon="6.61945">
        <ele>1595.5</ele>
      </trkpt>
      <trkpt lat="46.17897" lon="6.61941">
        <ele>1595.9</ele>
      </trkpt>
      <trkpt lat="46.17893" lon="6.61936">
        <ele>1596.42</ele>
      </trkpt>
      <trkpt lat="46.17889" lon="6.61932">
        <ele>1596.52</ele>
      </trkpt>
      <trkpt lat="46.17885" lon="6.61928">
        <ele>1595.32</ele>
      </trkpt>
      <trkpt lat="46.17881" lon="6.61925">
        <ele>1593.69</ele>
      </trkpt>
      <trkpt lat="46.17878" lon="6.61921">
        <ele>1593.05</ele>
      </trkpt>
      <trkpt lat="46.17873" lon="6.61916">
        <ele>1591.44</ele>
      </trkpt>
      <trkpt lat="46.17869" lon="6.61911">
        <ele>1591.17</ele>
      </trkpt>
      <trkpt lat="46.17865" lon="6.61906">
        <ele>1591.15</ele>
      </trkpt>
      <trkpt lat="46.17862" lon="6.619">
        <ele>1592.51</ele>
      </trkpt>
      <trkpt lat="46.17859" lon="6.61893">
        <ele>1594.39</ele>
      </trkpt>
      <trkpt lat="46.17857" lon="6.61886">
        <ele>1596.17</ele>
      </trkpt>
      <trkpt lat="46.17854" lon="6.6188">
        <ele>1596.01</ele>
      </trkpt>
      <trkpt lat="46.17852" lon="6.61873">
        <ele>1596.74</ele>
      </trkpt>
      <trkpt lat="46.17848" lon="6.61867">
        <ele>1595.42</ele>
      </trkpt>
      <trkpt lat="46.17844" lon="6.61861">
        <ele>1593.87</ele>
      </trkpt>
      <trkpt lat="46.17841" lon="6.61855">
        <ele>1593.19</ele>
      </trkpt>
      <trkpt lat="46.17837" lon="6.61849">
        <ele>1591.38</ele>
      </trkpt>
      <trkpt lat="46.17833" lon="6.61845">
        <ele>1588.86</ele>
      </trkpt>
      <trkpt lat="46.17829" lon="6.6184">
        <ele>1587.54</ele>
      </trkpt>
      <trkpt lat="46.17826" lon="6.61835">
        <ele>1586.64</ele>
      </trkpt>
      <trkpt lat="46.17823" lon="6.6183">
        <ele>1586.3</ele>
      </trkpt>
      <trkpt lat="46.17823" lon="6.6183">
        <ele>1586.3</ele>
      </trkpt>
      <trkpt lat="46.17823" lon="6.6183">
        <ele>1586.3</ele>
      </trkpt>
      <trkpt lat="46.17823" lon="6.61827">
        <ele>1587.52</ele>
      </trkpt>
      <trkpt lat="46.17818" lon="6.61824">
        <ele>1585.39</ele>
      </trkpt>
      <trkpt lat="46.17812" lon="6.61821">
        <ele>1582.63</ele>
      </trkpt>
      <trkpt lat="46.17807" lon="6.61817">
        <ele>1581.01</ele>
      </trkpt>
      <trkpt lat="46.17803" lon="6.61813">
        <ele>1580.86</ele>
      </trkpt>
      <trkpt lat="46.17797" lon="6.61809">
        <ele>1580.59</ele>
      </trkpt>
      <trkpt lat="46.17793" lon="6.61805">
        <ele>1581.19</ele>
      </trkpt>
      <trkpt lat="46.17789" lon="6.61801">
        <ele>1581.74</ele>
      </trkpt>
      <trkpt lat="46.17784" lon="6.61796">
        <ele>1582.3</ele>
      </trkpt>
      <trkpt lat="46.1778" lon="6.61791">
        <ele>1583.09</ele>
      </trkpt>
      <trkpt lat="46.17776" lon="6.61788">
        <ele>1582.77</ele>
      </trkpt>
      <trkpt lat="46.17771" lon="6.61784">
        <ele>1582.27</ele>
      </trkpt>
      <trkpt lat="46.17768" lon="6.6178">
        <ele>1582.76</ele>
      </trkpt>
      <trkpt lat="46.17763" lon="6.61773">
        <ele>1582.96</ele>
      </trkpt>
      <trkpt lat="46.17757" lon="6.61767">
        <ele>1581.55</ele>
      </trkpt>
      <trkpt lat="46.17752" lon="6.61761">
        <ele>1580.14</ele>
      </trkpt>
      <trkpt lat="46.17748" lon="6.61757">
        <ele>1578.82</ele>
      </trkpt>
      <trkpt lat="46.17743" lon="6.61752">
        <ele>1577.38</ele>
      </trkpt>
      <trkpt lat="46.17739" lon="6.61748">
        <ele>1576.26</ele>
      </trkpt>
      <trkpt lat="46.17733" lon="6.61742">
        <ele>1574.6</ele>
      </trkpt>
      <trkpt lat="46.17728" lon="6.61734">
        <ele>1573.7</ele>
      </trkpt>
      <trkpt lat="46.17722" lon="6.61728">
        <ele>1571.85</ele>
      </trkpt>
      <trkpt lat="46.17719" lon="6.61723">
        <ele>1571.23</ele>
      </trkpt>
      <trkpt lat="46.17715" lon="6.61719">
        <ele>1569.94</ele>
      </trkpt>
      <trkpt lat="46.17709" lon="6.61716">
        <ele>1567.46</ele>
      </trkpt>
      <trkpt lat="46.17705" lon="6.61713">
        <ele>1565.98</ele>
      </trkpt>
      <trkpt lat="46.177" lon="6.61713">
        <ele>1563.46</ele>
      </trkpt>
      <trkpt lat="46.17695" lon="6.61713">
        <ele>1560.94</ele>
      </trkpt>
      <trkpt lat="46.17691" lon="6.61713">
        <ele>1558.35</ele>
      </trkpt>
      <trkpt lat="46.17686" lon="6.61713">
        <ele>1554.99</ele>
      </trkpt>
      <trkpt lat="46.17682" lon="6.61712">
        <ele>1552.45</ele>
      </trkpt>
      <trkpt lat="46.17677" lon="6.61712">
        <ele>1549.07</ele>
      </trkpt>
      <trkpt lat="46.1767" lon="6.61712">
        <ele>1544.35</ele>
      </trkpt>
      <trkpt lat="46.17666" lon="6.61713">
        <ele>1541.61</ele>
      </trkpt>
      <trkpt lat="46.17661" lon="6.61714">
        <ele>1538.62</ele>
      </trkpt>
      <trkpt lat="46.17656" lon="6.61716">
        <ele>1535.53</ele>
      </trkpt>
      <trkpt lat="46.17652" lon="6.61717">
        <ele>1533.12</ele>
      </trkpt>
      <trkpt lat="46.17646" lon="6.61718">
        <ele>1529.55</ele>
      </trkpt>
      <trkpt lat="46.1764" lon="6.61718">
        <ele>1526.1</ele>
      </trkpt>
      <trkpt lat="46.17635" lon="6.61718">
        <ele>1523.43</ele>
      </trkpt>
      <trkpt lat="46.17631" lon="6.61717">
        <ele>1521.43</ele>
      </trkpt>
      <trkpt lat="46.17624" lon="6.61715">
        <ele>1517.86</ele>
      </trkpt>
      <trkpt lat="46.1762" lon="6.61714">
        <ele>1515.76</ele>
      </trkpt>
      <trkpt lat="46.17615" lon="6.61712">
        <ele>1513.11</ele>
      </trkpt>
      <trkpt lat="46.17613" lon="6.61706">
        <ele>1512.07</ele>
      </trkpt>
      <trkpt lat="46.17609" lon="6.61701">
        <ele>1509.1</ele>
      </trkpt>
      <trkpt lat="46.17607" lon="6.61693">
        <ele>1507.22</ele>
      </trkpt>
      <trkpt lat="46.17603" lon="6.61687">
        <ele>1503.68</ele>
      </trkpt>
      <trkpt lat="46.17599" lon="6.61684">
        <ele>1500.61</ele>
      </trkpt>
      <trkpt lat="46.17593" lon="6.61682">
        <ele>1496.28</ele>
      </trkpt>
      <trkpt lat="46.17589" lon="6.61683">
        <ele>1493.14</ele>
      </trkpt>
      <trkpt lat="46.17582" lon="6.61681">
        <ele>1488.55</ele>
      </trkpt>
      <trkpt lat="46.17578" lon="6.61678">
        <ele>1486.73</ele>
      </trkpt>
      <trkpt lat="46.17573" lon="6.61673">
        <ele>1484.59</ele>
      </trkpt>
      <trkpt lat="46.17569" lon="6.61669">
        <ele>1482.74</ele>
      </trkpt>
      <trkpt lat="46.17565" lon="6.61666">
        <ele>1480.41</ele>
      </trkpt>
      <trkpt lat="46.1756" lon="6.61662">
        <ele>1476.7</ele>
      </trkpt>
      <trkpt lat="46.17555" lon="6.6166">
        <ele>1473</ele>
      </trkpt>
      <trkpt lat="46.17551" lon="6.61658">
        <ele>1469.07</ele>
      </trkpt>
      <trkpt lat="46.17545" lon="6.61657">
        <ele>1463.28</ele>
      </trkpt>
      <trkpt lat="46.17539" lon="6.61657">
        <ele>1457.57</ele>
      </trkpt>
      <trkpt lat="46.17535" lon="6.61657">
        <ele>1453.77</ele>
      </trkpt>
      <trkpt lat="46.17533" lon="6.61651">
        <ele>1450.74</ele>
      </trkpt>
      <trkpt lat="46.17533" lon="6.61644">
        <ele>1449.42</ele>
      </trkpt>
      <trkpt lat="46.17533" lon="6.61636">
        <ele>1448.06</ele>
      </trkpt>
      <trkpt lat="46.17534" lon="6.6163">
        <ele>1448.29</ele>
      </trkpt>
      <trkpt lat="46.17533" lon="6.61623">
        <ele>1446.27</ele>
      </trkpt>
      <trkpt lat="46.17531" lon="6.61617">
        <ele>1443.3</ele>
      </trkpt>
      <trkpt lat="46.17527" lon="6.61612">
        <ele>1438.65</ele>
      </trkpt>
      <trkpt lat="46.17526" lon="6.61609">
        <ele>1437.54</ele>
      </trkpt>
      <trkpt lat="46.17526" lon="6.61609">
        <ele>1437.54</ele>
      </trkpt>
      <trkpt lat="46.17522" lon="6.61608">
        <ele>1434.93</ele>
      </trkpt>
      <trkpt lat="46.17521" lon="6.61601">
        <ele>1433.12</ele>
      </trkpt>
      <trkpt lat="46.1752" lon="6.61592">
        <ele>1430.99</ele>
      </trkpt>
      <trkpt lat="46.17518" lon="6.61585">
        <ele>1428.65</ele>
      </trkpt>
      <trkpt lat="46.17515" lon="6.61579">
        <ele>1427</ele>
      </trkpt>
      <trkpt lat="46.17512" lon="6.61573">
        <ele>1425.97</ele>
      </trkpt>
      <trkpt lat="46.17511" lon="6.61566">
        <ele>1426.22</ele>
      </trkpt>
      <trkpt lat="46.17509" lon="6.61559">
        <ele>1426.14</ele>
      </trkpt>
      <trkpt lat="46.17505" lon="6.61554">
        <ele>1424.5</ele>
      </trkpt>
      <trkpt lat="46.17501" lon="6.61551">
        <ele>1421.8</ele>
      </trkpt>
      <trkpt lat="46.17496" lon="6.6155">
        <ele>1418.47</ele>
      </trkpt>
      <trkpt lat="46.17491" lon="6.61551">
        <ele>1415.58</ele>
      </trkpt>
      <trkpt lat="46.17487" lon="6.61553">
        <ele>1413.49</ele>
      </trkpt>
      <trkpt lat="46.17483" lon="6.61551">
        <ele>1410.43</ele>
      </trkpt>
      <trkpt lat="46.17478" lon="6.61547">
        <ele>1406.58</ele>
      </trkpt>
      <trkpt lat="46.17475" lon="6.61542">
        <ele>1404.09</ele>
      </trkpt>
      <trkpt lat="46.17472" lon="6.61537">
        <ele>1401.9</ele>
      </trkpt>
      <trkpt lat="46.17469" lon="6.61532">
        <ele>1400.05</ele>
      </trkpt>
      <trkpt lat="46.17464" lon="6.6153">
        <ele>1397.66</ele>
      </trkpt>
      <trkpt lat="46.1746" lon="6.61524">
        <ele>1395.3</ele>
      </trkpt>
      <trkpt lat="46.1746" lon="6.61516">
        <ele>1394.4</ele>
      </trkpt>
      <trkpt lat="46.17461" lon="6.6151">
        <ele>1394.11</ele>
      </trkpt>
      <trkpt lat="46.17461" lon="6.61502">
        <ele>1393.19</ele>
      </trkpt>
      <trkpt lat="46.17461" lon="6.61495">
        <ele>1392.31</ele>
      </trkpt>
      <trkpt lat="46.1746" lon="6.61487">
        <ele>1390.93</ele>
      </trkpt>
      <trkpt lat="46.17458" lon="6.61479">
        <ele>1389.24</ele>
      </trkpt>
      <trkpt lat="46.17457" lon="6.61471">
        <ele>1387.92</ele>
      </trkpt>
      <trkpt lat="46.17456" lon="6.61463">
        <ele>1386.67</ele>
      </trkpt>
      <trkpt lat="46.17455" lon="6.61455">
        <ele>1385.47</ele>
      </trkpt>
      <trkpt lat="46.17453" lon="6.61448">
        <ele>1384.22</ele>
      </trkpt>
      <trkpt lat="46.17449" lon="6.61444">
        <ele>1382.93</ele>
      </trkpt>
      <trkpt lat="46.17444" lon="6.6144">
        <ele>1381.09</ele>
      </trkpt>
      <trkpt lat="46.1744" lon="6.61437">
        <ele>1378.25</ele>
      </trkpt>
      <trkpt lat="46.17435" lon="6.61432">
        <ele>1374.58</ele>
      </trkpt>
      <trkpt lat="46.17432" lon="6.61428">
        <ele>1372.28</ele>
      </trkpt>
      <trkpt lat="46.1743" lon="6.61421">
        <ele>1370.22</ele>
      </trkpt>
      <trkpt lat="46.17428" lon="6.61414">
        <ele>1368.03</ele>
      </trkpt>
      <trkpt lat="46.17427" lon="6.61408">
        <ele>1366.36</ele>
      </trkpt>
      <trkpt lat="46.17425" lon="6.61401">
        <ele>1364.04</ele>
      </trkpt>
      <trkpt lat="46.17424" lon="6.61393">
        <ele>1362.14</ele>
      </trkpt>
      <trkpt lat="46.17423" lon="6.61387">
        <ele>1360.95</ele>
      </trkpt>
      <trkpt lat="46.17422" lon="6.61381">
        <ele>1360.51</ele>
      </trkpt>
      <trkpt lat="46.17418" lon="6.61375">
        <ele>1359</ele>
      </trkpt>
      <trkpt lat="46.17415" lon="6.61369">
        <ele>1358.3</ele>
      </trkpt>
      <trkpt lat="46.17412" lon="6.61364">
        <ele>1357.72</ele>
      </trkpt>
      <trkpt lat="46.17408" lon="6.61359">
        <ele>1356.84</ele>
      </trkpt>
      <trkpt lat="46.17405" lon="6.61354">
        <ele>1356.17</ele>
      </trkpt>
      <trkpt lat="46.17401" lon="6.61349">
        <ele>1355.3</ele>
      </trkpt>
      <trkpt lat="46.174" lon="6.61345">
        <ele>1355.15</ele>
      </trkpt>
      <trkpt lat="46.174" lon="6.61345">
        <ele>1355.15</ele>
      </trkpt>
      <trkpt lat="46.17398" lon="6.6134">
        <ele>1354.81</ele>
      </trkpt>
      <trkpt lat="46.17397" lon="6.61333">
        <ele>1354.76</ele>
      </trkpt>
      <trkpt lat="46.17396" lon="6.61325">
        <ele>1354.61</ele>
      </trkpt>
      <trkpt lat="46.17395" lon="6.61315">
        <ele>1354.47</ele>
      </trkpt>
      <trkpt lat="46.17395" lon="6.61304">
        <ele>1354.55</ele>
      </trkpt>
      <trkpt lat="46.17394" lon="6.61298">
        <ele>1354.36</ele>
      </trkpt>
      <trkpt lat="46.17394" lon="6.61297">
        <ele>1354.37</ele>
      </trkpt>
      <trkpt lat="46.17394" lon="6.61297">
        <ele>1354.37</ele>
      </trkpt>
      <trkpt lat="46.17394" lon="6.61297">
        <ele>1354.37</ele>
      </trkpt>
      <trkpt lat="46.17395" lon="6.61293">
        <ele>1354.59</ele>
      </trkpt>
      <trkpt lat="46.17398" lon="6.61252">
        <ele>1354.38</ele>
      </trkpt>
      <trkpt lat="46.17398" lon="6.61241">
        <ele>1354.22</ele>
      </trkpt>
      <trkpt lat="46.17398" lon="6.61231">
        <ele>1354.1</ele>
      </trkpt>
      <trkpt lat="46.17397" lon="6.6122">
        <ele>1354.03</ele>
      </trkpt>
      <trkpt lat="46.17395" lon="6.6121">
        <ele>1354.25</ele>
      </trkpt>
      <trkpt lat="46.17392" lon="6.61202">
        <ele>1354.56</ele>
      </trkpt>
      <trkpt lat="46.17389" lon="6.61193">
        <ele>1355.04</ele>
      </trkpt>
      <trkpt lat="46.17384" lon="6.61182">
        <ele>1355.86</ele>
      </trkpt>
      <trkpt lat="46.17381" lon="6.61176">
        <ele>1356.51</ele>
      </trkpt>
      <trkpt lat="46.17381" lon="6.61176">
        <ele>1356.51</ele>
      </trkpt>
      <trkpt lat="46.17381" lon="6.61176">
        <ele>1356.51</ele>
      </trkpt>
      <trkpt lat="46.17379" lon="6.6117">
        <ele>1357.18</ele>
      </trkpt>
      <trkpt lat="46.17378" lon="6.61166">
        <ele>1357.62</ele>
      </trkpt>
      <trkpt lat="46.17378" lon="6.61164">
        <ele>1357.78</ele>
      </trkpt>
      <trkpt lat="46.17378" lon="6.61157">
        <ele>1358.33</ele>
      </trkpt>
      <trkpt lat="46.17379" lon="6.61153">
        <ele>1358.44</ele>
      </trkpt>
      <trkpt lat="46.17379" lon="6.61149">
        <ele>1358.74</ele>
      </trkpt>
      <trkpt lat="46.17382" lon="6.6113">
        <ele>1360.57</ele>
      </trkpt>
      <trkpt lat="46.17383" lon="6.61122">
        <ele>1361.82</ele>
      </trkpt>
      <trkpt lat="46.17383" lon="6.61115">
        <ele>1363.2</ele>
      </trkpt>
      <trkpt lat="46.17383" lon="6.61108">
        <ele>1364.78</ele>
      </trkpt>
      <trkpt lat="46.17382" lon="6.61101">
        <ele>1367.11</ele>
      </trkpt>
      <trkpt lat="46.17382" lon="6.61094">
        <ele>1368.94</ele>
      </trkpt>
      <trkpt lat="46.17382" lon="6.61087">
        <ele>1370.76</ele>
      </trkpt>
      <trkpt lat="46.17383" lon="6.6108">
        <ele>1372.22</ele>
      </trkpt>
      <trkpt lat="46.17396" lon="6.61021">
        <ele>1385.46</ele>
      </trkpt>
      <trkpt lat="46.17403" lon="6.61001">
        <ele>1391.23</ele>
      </trkpt>
      <trkpt lat="46.1744" lon="6.60901">
        <ele>1388.53</ele>
      </trkpt>
      <trkpt lat="46.17454" lon="6.60871">
        <ele>1388.78</ele>
      </trkpt>
      <trkpt lat="46.17454" lon="6.60871">
        <ele>1388.78</ele>
      </trkpt>
      <trkpt lat="46.17454" lon="6.60871">
        <ele>1388.78</ele>
      </trkpt>
      <trkpt lat="46.17462" lon="6.60853">
        <ele>1388.24</ele>
      </trkpt>
      <trkpt lat="46.1748" lon="6.60747">
        <ele>1398.99</ele>
      </trkpt>
      <trkpt lat="46.17482" lon="6.60737">
        <ele>1399.76</ele>
      </trkpt>
      <trkpt lat="46.17487" lon="6.60717">
        <ele>1400.98</ele>
      </trkpt>
      <trkpt lat="46.17491" lon="6.60698">
        <ele>1404.04</ele>
      </trkpt>
      <trkpt lat="46.17493" lon="6.60684">
        <ele>1407.31</ele>
      </trkpt>
      <trkpt lat="46.17496" lon="6.60667">
        <ele>1411.9</ele>
      </trkpt>
      <trkpt lat="46.17498" lon="6.60661">
        <ele>1412.8</ele>
      </trkpt>
      <trkpt lat="46.175" lon="6.60656">
        <ele>1413.3</ele>
      </trkpt>
      <trkpt lat="46.17505" lon="6.60648">
        <ele>1413.59</ele>
      </trkpt>
      <trkpt lat="46.17508" lon="6.60645">
        <ele>1413.38</ele>
      </trkpt>
      <trkpt lat="46.1751" lon="6.6064">
        <ele>1413.88</ele>
      </trkpt>
      <trkpt lat="46.17512" lon="6.60634">
        <ele>1414.72</ele>
      </trkpt>
      <trkpt lat="46.17512" lon="6.60628">
        <ele>1416.17</ele>
      </trkpt>
      <trkpt lat="46.17512" lon="6.60622">
        <ele>1417.62</ele>
      </trkpt>
      <trkpt lat="46.17513" lon="6.60617">
        <ele>1418.45</ele>
      </trkpt>
      <trkpt lat="46.17515" lon="6.60612">
        <ele>1418.86</ele>
      </trkpt>
      <trkpt lat="46.17516" lon="6.60605">
        <ele>1419.26</ele>
      </trkpt>
      <trkpt lat="46.1752" lon="6.60578">
        <ele>1420.65</ele>
      </trkpt>
      <trkpt lat="46.17522" lon="6.60571">
        <ele>1420.72</ele>
      </trkpt>
      <trkpt lat="46.17524" lon="6.60563">
        <ele>1420.99</ele>
      </trkpt>
      <trkpt lat="46.17527" lon="6.60556">
        <ele>1421.09</ele>
      </trkpt>
      <trkpt lat="46.17534" lon="6.60546">
        <ele>1423.5</ele>
      </trkpt>
      <trkpt lat="46.17536" lon="6.6054">
        <ele>1424.75</ele>
      </trkpt>
      <trkpt lat="46.17542" lon="6.60535">
        <ele>1425.84</ele>
      </trkpt>
      <trkpt lat="46.17553" lon="6.60523">
        <ele>1427.06</ele>
      </trkpt>
      <trkpt lat="46.17558" lon="6.60519">
        <ele>1426.76</ele>
      </trkpt>
      <trkpt lat="46.17572" lon="6.60508">
        <ele>1425.65</ele>
      </trkpt>
      <trkpt lat="46.17581" lon="6.60501">
        <ele>1425.14</ele>
      </trkpt>
      <trkpt lat="46.17585" lon="6.60498">
        <ele>1425.21</ele>
      </trkpt>
      <trkpt lat="46.1759" lon="6.60498">
        <ele>1425.18</ele>
      </trkpt>
      <trkpt lat="46.1759" lon="6.60498">
        <ele>1425.18</ele>
      </trkpt>
      <trkpt lat="46.1759" lon="6.60498">
        <ele>1425.18</ele>
      </trkpt>
      <trkpt lat="46.17593" lon="6.60501">
        <ele>1424.95</ele>
      </trkpt>
      <trkpt lat="46.17598" lon="6.60508">
        <ele>1424.56</ele>
      </trkpt>
      <trkpt lat="46.17608" lon="6.6052">
        <ele>1423.64</ele>
      </trkpt>
      <trkpt lat="46.17612" lon="6.60521">
        <ele>1423.72</ele>
      </trkpt>
      <trkpt lat="46.17616" lon="6.60522">
        <ele>1424.68</ele>
      </trkpt>
      <trkpt lat="46.1762" lon="6.60525">
        <ele>1425.47</ele>
      </trkpt>
      <trkpt lat="46.17624" lon="6.60529">
        <ele>1426.2</ele>
      </trkpt>
      <trkpt lat="46.17631" lon="6.60538">
        <ele>1427.64</ele>
      </trkpt>
      <trkpt lat="46.17637" lon="6.60547">
        <ele>1428.83</ele>
      </trkpt>
      <trkpt lat="46.17641" lon="6.6055">
        <ele>1429.88</ele>
      </trkpt>
      <trkpt lat="46.17645" lon="6.60552">
        <ele>1431.11</ele>
      </trkpt>
      <trkpt lat="46.17649" lon="6.60554">
        <ele>1432.33</ele>
      </trkpt>
      <trkpt lat="46.17654" lon="6.60555">
        <ele>1433.92</ele>
      </trkpt>
      <trkpt lat="46.17658" lon="6.60557">
        <ele>1434.93</ele>
      </trkpt>
      <trkpt lat="46.17662" lon="6.60559">
        <ele>1435.81</ele>
      </trkpt>
      <trkpt lat="46.17674" lon="6.60566">
        <ele>1435.02</ele>
      </trkpt>
      <trkpt lat="46.17679" lon="6.60572">
        <ele>1433.81</ele>
      </trkpt>
      <trkpt lat="46.17684" lon="6.60576">
        <ele>1433.22</ele>
      </trkpt>
      <trkpt lat="46.17688" lon="6.60579">
        <ele>1432.99</ele>
      </trkpt>
      <trkpt lat="46.17693" lon="6.60579">
        <ele>1433</ele>
      </trkpt>
      <trkpt lat="46.17696" lon="6.60578">
        <ele>1433.17</ele>
      </trkpt>
      <trkpt lat="46.17698" lon="6.60574">
        <ele>1433.47</ele>
      </trkpt>
      <trkpt lat="46.17699" lon="6.60569">
        <ele>1433.75</ele>
      </trkpt>
      <trkpt lat="46.17699" lon="6.60561">
        <ele>1433.99</ele>
      </trkpt>
      <trkpt lat="46.17699" lon="6.60549">
        <ele>1435.21</ele>
      </trkpt>
      <trkpt lat="46.17703" lon="6.60502">
        <ele>1442.94</ele>
      </trkpt>
      <trkpt lat="46.17703" lon="6.60493">
        <ele>1444.41</ele>
      </trkpt>
      <trkpt lat="46.17703" lon="6.60482">
        <ele>1446.27</ele>
      </trkpt>
      <trkpt lat="46.17703" lon="6.60472">
        <ele>1447.96</ele>
      </trkpt>
      <trkpt lat="46.17703" lon="6.60461">
        <ele>1449.7</ele>
      </trkpt>
      <trkpt lat="46.17701" lon="6.60452">
        <ele>1451</ele>
      </trkpt>
      <trkpt lat="46.177" lon="6.60444">
        <ele>1452.28</ele>
      </trkpt>
      <trkpt lat="46.17697" lon="6.60435">
        <ele>1453.82</ele>
      </trkpt>
      <trkpt lat="46.17695" lon="6.60429">
        <ele>1454.81</ele>
      </trkpt>
      <trkpt lat="46.17696" lon="6.60424">
        <ele>1455.78</ele>
      </trkpt>
      <trkpt lat="46.17698" lon="6.60421">
        <ele>1456.46</ele>
      </trkpt>
      <trkpt lat="46.17702" lon="6.60421">
        <ele>1456.72</ele>
      </trkpt>
      <trkpt lat="46.17702" lon="6.60421">
        <ele>1456.72</ele>
      </trkpt>
      <trkpt lat="46.17702" lon="6.60421">
        <ele>1456.72</ele>
      </trkpt>
      <trkpt lat="46.17704" lon="6.60422">
        <ele>1456.66</ele>
      </trkpt>
      <trkpt lat="46.17707" lon="6.60427">
        <ele>1455.88</ele>
      </trkpt>
      <trkpt lat="46.17712" lon="6.6043">
        <ele>1455.56</ele>
      </trkpt>
      <trkpt lat="46.17716" lon="6.60432">
        <ele>1455.36</ele>
      </trkpt>
      <trkpt lat="46.17721" lon="6.60433">
        <ele>1455.41</ele>
      </trkpt>
      <trkpt lat="46.17726" lon="6.60434">
        <ele>1455.87</ele>
      </trkpt>
      <trkpt lat="46.17733" lon="6.60432">
        <ele>1457.32</ele>
      </trkpt>
      <trkpt lat="46.17744" lon="6.60426">
        <ele>1459.61</ele>
      </trkpt>
      <trkpt lat="46.1777" lon="6.60413">
        <ele>1466.62</ele>
      </trkpt>
      <trkpt lat="46.17774" lon="6.60409">
        <ele>1467.35</ele>
      </trkpt>
      <trkpt lat="46.17775" lon="6.60405">
        <ele>1467.23</ele>
      </trkpt>
      <trkpt lat="46.17775" lon="6.60401">
        <ele>1466.9</ele>
      </trkpt>
      <trkpt lat="46.17772" lon="6.60397">
        <ele>1466.24</ele>
      </trkpt>
      <trkpt lat="46.17769" lon="6.60393">
        <ele>1465.8</ele>
      </trkpt>
      <trkpt lat="46.17762" lon="6.60384">
        <ele>1466.49</ele>
      </trkpt>
      <trkpt lat="46.17755" lon="6.60373">
        <ele>1468.61</ele>
      </trkpt>
      <trkpt lat="46.17747" lon="6.60359">
        <ele>1471.15</ele>
      </trkpt>
      <trkpt lat="46.1774" lon="6.60345">
        <ele>1472.76</ele>
      </trkpt>
      <trkpt lat="46.17735" lon="6.60334">
        <ele>1473.75</ele>
      </trkpt>
      <trkpt lat="46.17732" lon="6.60327">
        <ele>1474.17</ele>
      </trkpt>
      <trkpt lat="46.17722" lon="6.60303">
        <ele>1475.81</ele>
      </trkpt>
      <trkpt lat="46.17716" lon="6.60288">
        <ele>1479.82</ele>
      </trkpt>
      <trkpt lat="46.17711" lon="6.60274">
        <ele>1483.07</ele>
      </trkpt>
      <trkpt lat="46.177" lon="6.60251">
        <ele>1487.71</ele>
      </trkpt>
      <trkpt lat="46.17686" lon="6.60217">
        <ele>1493.67</ele>
      </trkpt>
      <trkpt lat="46.17681" lon="6.60206">
        <ele>1495.37</ele>
      </trkpt>
      <trkpt lat="46.17673" lon="6.60191">
        <ele>1497.53</ele>
      </trkpt>
      <trkpt lat="46.17662" lon="6.60164">
        <ele>1501.19</ele>
      </trkpt>
      <trkpt lat="46.17654" lon="6.60145">
        <ele>1503.7</ele>
      </trkpt>
      <trkpt lat="46.17651" lon="6.60137">
        <ele>1504.43</ele>
      </trkpt>
      <trkpt lat="46.17648" lon="6.60134">
        <ele>1504.22</ele>
      </trkpt>
      <trkpt lat="46.17646" lon="6.60131">
        <ele>1504.14</ele>
      </trkpt>
      <trkpt lat="46.17643" lon="6.60129">
        <ele>1503.66</ele>
      </trkpt>
      <trkpt lat="46.17639" lon="6.60127">
        <ele>1502.88</ele>
      </trkpt>
      <trkpt lat="46.17636" lon="6.60125">
        <ele>1502.38</ele>
      </trkpt>
      <trkpt lat="46.17628" lon="6.60115">
        <ele>1501.65</ele>
      </trkpt>
      <trkpt lat="46.17573" lon="6.6001">
        <ele>1516.86</ele>
      </trkpt>
      <trkpt lat="46.17579" lon="6.59986">
        <ele>1521.07</ele>
      </trkpt>
      <trkpt lat="46.17567" lon="6.59965">
        <ele>1520.99</ele>
      </trkpt>
      <trkpt lat="46.17558" lon="6.59934">
        <ele>1523.48</ele>
      </trkpt>
      <trkpt lat="46.17533" lon="6.59849">
        <ele>1536.72</ele>
      </trkpt>
      <trkpt lat="46.17507" lon="6.59797">
        <ele>1549.81</ele>
      </trkpt>
      <trkpt lat="46.17507" lon="6.59797">
        <ele>1549.81</ele>
      </trkpt>
      <trkpt lat="46.17507" lon="6.59797">
        <ele>1549.81</ele>
      </trkpt>
      <trkpt lat="46.17486" lon="6.59757">
        <ele>1561.5</ele>
      </trkpt>
      <trkpt lat="46.17472" lon="6.59738">
        <ele>1565.33</ele>
      </trkpt>
      <trkpt lat="46.17441" lon="6.59687">
        <ele>1582.42</ele>
      </trkpt>
      <trkpt lat="46.17366" lon="6.5961">
        <ele>1612.7</ele>
      </trkpt>
      <trkpt lat="46.17338" lon="6.59577">
        <ele>1626.27</ele>
      </trkpt>
      <trkpt lat="46.17349" lon="6.59565">
        <ele>1626.76</ele>
      </trkpt>
      <trkpt lat="46.17329" lon="6.59539">
        <ele>1642.63</ele>
      </trkpt>
      <trkpt lat="46.17325" lon="6.59537">
        <ele>1645.02</ele>
      </trkpt>
      <trkpt lat="46.17292" lon="6.59502">
        <ele>1658.8</ele>
      </trkpt>
      <trkpt lat="46.1728" lon="6.59496">
        <ele>1660.92</ele>
      </trkpt>
      <trkpt lat="46.17272" lon="6.59482">
        <ele>1661.65</ele>
      </trkpt>
      <trkpt lat="46.17267" lon="6.59452">
        <ele>1660.47</ele>
      </trkpt>
      <trkpt lat="46.17247" lon="6.59383">
        <ele>1646.63</ele>
      </trkpt>
      <trkpt lat="46.17247" lon="6.59383">
        <ele>1646.63</ele>
      </trkpt>
      <trkpt lat="46.17247" lon="6.59383">
        <ele>1646.63</ele>
      </trkpt>
      <trkpt lat="46.17245" lon="6.59376">
        <ele>1644.83</ele>
      </trkpt>
      <trkpt lat="46.17251" lon="6.59344">
        <ele>1645.69</ele>
      </trkpt>
      <trkpt lat="46.17257" lon="6.59304">
        <ele>1642.16</ele>
      </trkpt>
      <trkpt lat="46.17274" lon="6.59243">
        <ele>1637.12</ele>
      </trkpt>
      <trkpt lat="46.1729" lon="6.59201">
        <ele>1636.09</ele>
      </trkpt>
      <trkpt lat="46.17294" lon="6.59184">
        <ele>1635.51</ele>
      </trkpt>
      <trkpt lat="46.17298" lon="6.59172">
        <ele>1635.76</ele>
      </trkpt>
      <trkpt lat="46.17314" lon="6.59133">
        <ele>1636.95</ele>
      </trkpt>
      <trkpt lat="46.1734" lon="6.59087">
        <ele>1638.97</ele>
      </trkpt>
      <trkpt lat="46.17349" lon="6.59069">
        <ele>1640.99</ele>
      </trkpt>
      <trkpt lat="46.17358" lon="6.59062">
        <ele>1645.51</ele>
      </trkpt>
      <trkpt lat="46.17365" lon="6.59052">
        <ele>1649.81</ele>
      </trkpt>
      <trkpt lat="46.17366" lon="6.59038">
        <ele>1649.15</ele>
      </trkpt>
      <trkpt lat="46.1736" lon="6.59024">
        <ele>1643.95</ele>
      </trkpt>
      <trkpt lat="46.1736" lon="6.59007">
        <ele>1637.95</ele>
      </trkpt>
      <trkpt lat="46.17371" lon="6.5885">
        <ele>1641.29</ele>
      </trkpt>
      <trkpt lat="46.1737" lon="6.58822">
        <ele>1641.58</ele>
      </trkpt>
      <trkpt lat="46.17372" lon="6.588">
        <ele>1641.48</ele>
      </trkpt>
      <trkpt lat="46.17375" lon="6.58792">
        <ele>1642.02</ele>
      </trkpt>
      <trkpt lat="46.17375" lon="6.58792">
        <ele>1642.02</ele>
      </trkpt>
      <trkpt lat="46.17375" lon="6.58792">
        <ele>1642.02</ele>
      </trkpt>
      <trkpt lat="46.17382" lon="6.58774">
        <ele>1643.96</ele>
      </trkpt>
      <trkpt lat="46.17384" lon="6.58761">
        <ele>1644.68</ele>
      </trkpt>
      <trkpt lat="46.17385" lon="6.58739">
        <ele>1644.98</ele>
      </trkpt>
      <trkpt lat="46.17389" lon="6.58678">
        <ele>1653.41</ele>
      </trkpt>
      <trkpt lat="46.17383" lon="6.58632">
        <ele>1661.93</ele>
      </trkpt>
      <trkpt lat="46.17371" lon="6.58585">
        <ele>1661.92</ele>
      </trkpt>
      <trkpt lat="46.17369" lon="6.58581">
        <ele>1661.84</ele>
      </trkpt>
      <trkpt lat="46.17369" lon="6.58581">
        <ele>1661.84</ele>
      </trkpt>
      <trkpt lat="46.17325" lon="6.58583">
        <ele>1635.48</ele>
      </trkpt>
      <trkpt lat="46.17321" lon="6.58591">
        <ele>1632.69</ele>
      </trkpt>
      <trkpt lat="46.17319" lon="6.58597">
        <ele>1631.09</ele>
      </trkpt>
      <trkpt lat="46.17315" lon="6.58601">
        <ele>1628.96</ele>
      </trkpt>
      <trkpt lat="46.17311" lon="6.58607">
        <ele>1626.63</ele>
      </trkpt>
      <trkpt lat="46.17306" lon="6.58616">
        <ele>1623.64</ele>
      </trkpt>
      <trkpt lat="46.17301" lon="6.58622">
        <ele>1622.13</ele>
      </trkpt>
      <trkpt lat="46.17294" lon="6.58635">
        <ele>1620.06</ele>
      </trkpt>
      <trkpt lat="46.17291" lon="6.58643">
        <ele>1619.05</ele>
      </trkpt>
      <trkpt lat="46.17287" lon="6.58647">
        <ele>1618.12</ele>
      </trkpt>
      <trkpt lat="46.17282" lon="6.58647">
        <ele>1617.42</ele>
      </trkpt>
      <trkpt lat="46.17278" lon="6.58647">
        <ele>1616.86</ele>
      </trkpt>
      <trkpt lat="46.17273" lon="6.58647">
        <ele>1616.27</ele>
      </trkpt>
      <trkpt lat="46.17269" lon="6.58647">
        <ele>1615.79</ele>
      </trkpt>
      <trkpt lat="46.17264" lon="6.58648">
        <ele>1615.04</ele>
      </trkpt>
      <trkpt lat="46.1726" lon="6.58652">
        <ele>1613.89</ele>
      </trkpt>
      <trkpt lat="46.17253" lon="6.58654">
        <ele>1612.66</ele>
      </trkpt>
      <trkpt lat="46.17249" lon="6.58654">
        <ele>1612.28</ele>
      </trkpt>
      <trkpt lat="46.17244" lon="6.58657">
        <ele>1611.67</ele>
      </trkpt>
      <trkpt lat="46.1724" lon="6.58664">
        <ele>1610.19</ele>
      </trkpt>
      <trkpt lat="46.17235" lon="6.5867">
        <ele>1608.68</ele>
      </trkpt>
      <trkpt lat="46.17232" lon="6.58675">
        <ele>1607.36</ele>
      </trkpt>
      <trkpt lat="46.17229" lon="6.58682">
        <ele>1605.51</ele>
      </trkpt>
      <trkpt lat="46.17226" lon="6.58691">
        <ele>1603.12</ele>
      </trkpt>
      <trkpt lat="46.17223" lon="6.58698">
        <ele>1601.69</ele>
      </trkpt>
      <trkpt lat="46.1722" lon="6.58705">
        <ele>1600.74</ele>
      </trkpt>
      <trkpt lat="46.17219" lon="6.58712">
        <ele>1599.81</ele>
      </trkpt>
      <trkpt lat="46.17217" lon="6.5872">
        <ele>1598.55</ele>
      </trkpt>
      <trkpt lat="46.17212" lon="6.58727">
        <ele>1596.82</ele>
      </trkpt>
      <trkpt lat="46.17209" lon="6.58732">
        <ele>1595.54</ele>
      </trkpt>
      <trkpt lat="46.17205" lon="6.58736">
        <ele>1594.11</ele>
      </trkpt>
      <trkpt lat="46.172" lon="6.58739">
        <ele>1592.54</ele>
      </trkpt>
      <trkpt lat="46.17195" lon="6.58739">
        <ele>1591.49</ele>
      </trkpt>
      <trkpt lat="46.17191" lon="6.5874">
        <ele>1590.63</ele>
      </trkpt>
      <trkpt lat="46.17186" lon="6.58742">
        <ele>1589.38</ele>
      </trkpt>
      <trkpt lat="46.17181" lon="6.58745">
        <ele>1587.83</ele>
      </trkpt>
      <trkpt lat="46.17176" lon="6.58747">
        <ele>1586.47</ele>
      </trkpt>
      <trkpt lat="46.1717" lon="6.5875">
        <ele>1584.6</ele>
      </trkpt>
      <trkpt lat="46.17166" lon="6.58754">
        <ele>1582.44</ele>
      </trkpt>
      <trkpt lat="46.17162" lon="6.58755">
        <ele>1580.55</ele>
      </trkpt>
      <trkpt lat="46.17159" lon="6.58762">
        <ele>1577.52</ele>
      </trkpt>
      <trkpt lat="46.17156" lon="6.58769">
        <ele>1574.81</ele>
      </trkpt>
      <trkpt lat="46.17153" lon="6.58777">
        <ele>1572.22</ele>
      </trkpt>
      <trkpt lat="46.17152" lon="6.58785">
        <ele>1571.57</ele>
      </trkpt>
      <trkpt lat="46.17153" lon="6.58794">
        <ele>1571.46</ele>
      </trkpt>
      <trkpt lat="46.17154" lon="6.58801">
        <ele>1571.43</ele>
      </trkpt>
      <trkpt lat="46.17153" lon="6.58809">
        <ele>1570.92</ele>
      </trkpt>
      <trkpt lat="46.17153" lon="6.58817">
        <ele>1570.64</ele>
      </trkpt>
      <trkpt lat="46.17149" lon="6.5882">
        <ele>1569.66</ele>
      </trkpt>
      <trkpt lat="46.17143" lon="6.58819">
        <ele>1568.4</ele>
      </trkpt>
      <trkpt lat="46.17137" lon="6.58819">
        <ele>1566.97</ele>
      </trkpt>
      <trkpt lat="46.17132" lon="6.58821">
        <ele>1565.49</ele>
      </trkpt>
      <trkpt lat="46.17126" lon="6.58826">
        <ele>1563.77</ele>
      </trkpt>
      <trkpt lat="46.17121" lon="6.58832">
        <ele>1562.48</ele>
      </trkpt>
      <trkpt lat="46.17117" lon="6.58835">
        <ele>1561.45</ele>
      </trkpt>
      <trkpt lat="46.17111" lon="6.58834">
        <ele>1559.97</ele>
      </trkpt>
      <trkpt lat="46.17106" lon="6.58832">
        <ele>1558.67</ele>
      </trkpt>
      <trkpt lat="46.171" lon="6.58832">
        <ele>1557.17</ele>
      </trkpt>
      <trkpt lat="46.17094" lon="6.58831">
        <ele>1555.66</ele>
      </trkpt>
      <trkpt lat="46.17088" lon="6.5883">
        <ele>1554.16</ele>
      </trkpt>
      <trkpt lat="46.17082" lon="6.5883">
        <ele>1552.53</ele>
      </trkpt>
      <trkpt lat="46.17075" lon="6.58832">
        <ele>1550.03</ele>
      </trkpt>
      <trkpt lat="46.1707" lon="6.58831">
        <ele>1548.28</ele>
      </trkpt>
      <trkpt lat="46.17064" lon="6.58831">
        <ele>1546.16</ele>
      </trkpt>
      <trkpt lat="46.1706" lon="6.58832">
        <ele>1544.68</ele>
      </trkpt>
      <trkpt lat="46.17055" lon="6.58833">
        <ele>1542.71</ele>
      </trkpt>
      <trkpt lat="46.1705" lon="6.58835">
        <ele>1539.56</ele>
      </trkpt>
      <trkpt lat="46.17045" lon="6.58833">
        <ele>1536.97</ele>
      </trkpt>
      <trkpt lat="46.1704" lon="6.58832">
        <ele>1534.3</ele>
      </trkpt>
      <trkpt lat="46.17035" lon="6.5883">
        <ele>1531.93</ele>
      </trkpt>
      <trkpt lat="46.17027" lon="6.58831">
        <ele>1527.2</ele>
      </trkpt>
      <trkpt lat="46.17021" lon="6.58832">
        <ele>1523.24</ele>
      </trkpt>
      <trkpt lat="46.17014" lon="6.58829">
        <ele>1519.82</ele>
      </trkpt>
      <trkpt lat="46.1701" lon="6.5883">
        <ele>1517.08</ele>
      </trkpt>
      <trkpt lat="46.17004" lon="6.58831">
        <ele>1513.12</ele>
      </trkpt>
      <trkpt lat="46.17" lon="6.58833">
        <ele>1510.1</ele>
      </trkpt>
      <trkpt lat="46.16995" lon="6.58834">
        <ele>1509.27</ele>
      </trkpt>
      <trkpt lat="46.1699" lon="6.58838">
        <ele>1508.44</ele>
      </trkpt>
      <trkpt lat="46.16987" lon="6.58843">
        <ele>1507.8</ele>
      </trkpt>
      <trkpt lat="46.16984" lon="6.58848">
        <ele>1507.09</ele>
      </trkpt>
      <trkpt lat="46.16979" lon="6.58853">
        <ele>1505.91</ele>
      </trkpt>
      <trkpt lat="46.16974" lon="6.58857">
        <ele>1504.66</ele>
      </trkpt>
      <trkpt lat="46.16968" lon="6.58861">
        <ele>1502.94</ele>
      </trkpt>
      <trkpt lat="46.16964" lon="6.58862">
        <ele>1501.82</ele>
      </trkpt>
      <trkpt lat="46.16959" lon="6.58865">
        <ele>1500.18</ele>
      </trkpt>
      <trkpt lat="46.16954" lon="6.58866">
        <ele>1498.76</ele>
      </trkpt>
      <trkpt lat="46.16949" lon="6.58869">
        <ele>1497.06</ele>
      </trkpt>
      <trkpt lat="46.16945" lon="6.5887">
        <ele>1495.87</ele>
      </trkpt>
      <trkpt lat="46.1694" lon="6.58872">
        <ele>1494.15</ele>
      </trkpt>
      <trkpt lat="46.16935" lon="6.58871">
        <ele>1492.78</ele>
      </trkpt>
      <trkpt lat="46.16929" lon="6.58869">
        <ele>1491.09</ele>
      </trkpt>
      <trkpt lat="46.16925" lon="6.58864">
        <ele>1489.95</ele>
      </trkpt>
      <trkpt lat="46.1692" lon="6.58861">
        <ele>1488.2</ele>
      </trkpt>
      <trkpt lat="46.16918" lon="6.58854">
        <ele>1487.52</ele>
      </trkpt>
      <trkpt lat="46.16917" lon="6.58846">
        <ele>1487.14</ele>
      </trkpt>
      <trkpt lat="46.16916" lon="6.58839">
        <ele>1486.86</ele>
      </trkpt>
      <trkpt lat="46.16914" lon="6.58832">
        <ele>1486.46</ele>
      </trkpt>
      <trkpt lat="46.16913" lon="6.58825">
        <ele>1486.43</ele>
      </trkpt>
      <trkpt lat="46.16909" lon="6.58821">
        <ele>1485.54</ele>
      </trkpt>
      <trkpt lat="46.16905" lon="6.58816">
        <ele>1484.58</ele>
      </trkpt>
      <trkpt lat="46.16901" lon="6.5881">
        <ele>1483.51</ele>
      </trkpt>
      <trkpt lat="46.16896" lon="6.58807">
        <ele>1482.07</ele>
      </trkpt>
      <trkpt lat="46.16893" lon="6.58801">
        <ele>1481.02</ele>
      </trkpt>
      <trkpt lat="46.16891" lon="6.58794">
        <ele>1480.19</ele>
      </trkpt>
      <trkpt lat="46.16891" lon="6.58788">
        <ele>1479.98</ele>
      </trkpt>
      <trkpt lat="46.1689" lon="6.5878">
        <ele>1479.4</ele>
      </trkpt>
      <trkpt lat="46.16889" lon="6.58771">
        <ele>1478.06</ele>
      </trkpt>
      <trkpt lat="46.16888" lon="6.58763">
        <ele>1476.6</ele>
      </trkpt>
      <trkpt lat="46.16887" lon="6.58756">
        <ele>1475.31</ele>
      </trkpt>
      <trkpt lat="46.16885" lon="6.58749">
        <ele>1473.82</ele>
      </trkpt>
      <trkpt lat="46.16883" lon="6.58743">
        <ele>1472.78</ele>
      </trkpt>
      <trkpt lat="46.16882" lon="6.58734">
        <ele>1471.73</ele>
      </trkpt>
      <trkpt lat="46.1688" lon="6.58728">
        <ele>1470.38</ele>
      </trkpt>
      <trkpt lat="46.16878" lon="6.5872">
        <ele>1469.05</ele>
      </trkpt>
      <trkpt lat="46.16874" lon="6.58715">
        <ele>1467.57</ele>
      </trkpt>
      <trkpt lat="46.16869" lon="6.58716">
        <ele>1465.24</ele>
      </trkpt>
      <trkpt lat="46.16867" lon="6.58723">
        <ele>1463.89</ele>
      </trkpt>
      <trkpt lat="46.16867" lon="6.58723">
        <ele>1463.89</ele>
      </trkpt>
      <trkpt lat="46.16867" lon="6.58723">
        <ele>1463.89</ele>
      </trkpt>
      <trkpt lat="46.16862" lon="6.58712">
        <ele>1462.5</ele>
      </trkpt>
      <trkpt lat="46.1686" lon="6.58705">
        <ele>1462.69</ele>
      </trkpt>
      <trkpt lat="46.16858" lon="6.58698">
        <ele>1463.08</ele>
      </trkpt>
      <trkpt lat="46.16854" lon="6.58692">
        <ele>1463.05</ele>
      </trkpt>
      <trkpt lat="46.1685" lon="6.58685">
        <ele>1463.02</ele>
      </trkpt>
      <trkpt lat="46.16844" lon="6.58683">
        <ele>1461.71</ele>
      </trkpt>
      <trkpt lat="46.1684" lon="6.5868">
        <ele>1460.82</ele>
      </trkpt>
      <trkpt lat="46.16836" lon="6.58677">
        <ele>1459.78</ele>
      </trkpt>
      <trkpt lat="46.16832" lon="6.58675">
        <ele>1458.69</ele>
      </trkpt>
      <trkpt lat="46.16827" lon="6.58674">
        <ele>1457.56</ele>
      </trkpt>
      <trkpt lat="46.16822" lon="6.58672">
        <ele>1456.57</ele>
      </trkpt>
      <trkpt lat="46.16815" lon="6.58669">
        <ele>1455.42</ele>
      </trkpt>
      <trkpt lat="46.1681" lon="6.58667">
        <ele>1454.75</ele>
      </trkpt>
      <trkpt lat="46.16804" lon="6.58665">
        <ele>1453.79</ele>
      </trkpt>
      <trkpt lat="46.16799" lon="6.58663">
        <ele>1452.34</ele>
      </trkpt>
      <trkpt lat="46.16795" lon="6.5866">
        <ele>1451.37</ele>
      </trkpt>
      <trkpt lat="46.16791" lon="6.58657">
        <ele>1450.3</ele>
      </trkpt>
      <trkpt lat="46.16788" lon="6.58651">
        <ele>1449.99</ele>
      </trkpt>
      <trkpt lat="46.16784" lon="6.58646">
        <ele>1448.97</ele>
      </trkpt>
      <trkpt lat="46.16781" lon="6.58641">
        <ele>1448.25</ele>
      </trkpt>
      <trkpt lat="46.16779" lon="6.58635">
        <ele>1448.55</ele>
      </trkpt>
      <trkpt lat="46.16775" lon="6.58631">
        <ele>1448.27</ele>
      </trkpt>
      <trkpt lat="46.16772" lon="6.58626">
        <ele>1448.61</ele>
      </trkpt>
      <trkpt lat="46.16768" lon="6.58622">
        <ele>1448.29</ele>
      </trkpt>
      <trkpt lat="46.16764" lon="6.58618">
        <ele>1447.8</ele>
      </trkpt>
      <trkpt lat="46.16759" lon="6.58614">
        <ele>1446.79</ele>
      </trkpt>
      <trkpt lat="46.16754" lon="6.5861">
        <ele>1445.63</ele>
      </trkpt>
      <trkpt lat="46.16748" lon="6.58606">
        <ele>1444.46</ele>
      </trkpt>
      <trkpt lat="46.16743" lon="6.58603">
        <ele>1443.8</ele>
      </trkpt>
      <trkpt lat="46.16738" lon="6.58601">
        <ele>1442.91</ele>
      </trkpt>
      <trkpt lat="46.16731" lon="6.586">
        <ele>1441.35</ele>
      </trkpt>
      <trkpt lat="46.16726" lon="6.586">
        <ele>1440.12</ele>
      </trkpt>
      <trkpt lat="46.1672" lon="6.58599">
        <ele>1439.11</ele>
      </trkpt>
      <trkpt lat="46.16714" lon="6.58597">
        <ele>1438.78</ele>
      </trkpt>
      <trkpt lat="46.16709" lon="6.58595">
        <ele>1438.51</ele>
      </trkpt>
      <trkpt lat="46.16704" lon="6.58597">
        <ele>1437.88</ele>
      </trkpt>
      <trkpt lat="46.16698" lon="6.58598">
        <ele>1437.26</ele>
      </trkpt>
      <trkpt lat="46.16692" lon="6.58597">
        <ele>1437.54</ele>
      </trkpt>
      <trkpt lat="46.16688" lon="6.586">
        <ele>1438.19</ele>
      </trkpt>
      <trkpt lat="46.16684" lon="6.58602">
        <ele>1438.91</ele>
      </trkpt>
      <trkpt lat="46.16679" lon="6.58603">
        <ele>1439.92</ele>
      </trkpt>
      <trkpt lat="46.16674" lon="6.58605">
        <ele>1440.86</ele>
      </trkpt>
      <trkpt lat="46.1667" lon="6.58608">
        <ele>1441.5</ele>
      </trkpt>
      <trkpt lat="46.16666" lon="6.58611">
        <ele>1442.03</ele>
      </trkpt>
      <trkpt lat="46.16663" lon="6.58616">
        <ele>1441.17</ele>
      </trkpt>
      <trkpt lat="46.1666" lon="6.58623">
        <ele>1440.08</ele>
      </trkpt>
      <trkpt lat="46.16658" lon="6.5863">
        <ele>1439.08</ele>
      </trkpt>
      <trkpt lat="46.16657" lon="6.58637">
        <ele>1438.05</ele>
      </trkpt>
      <trkpt lat="46.16654" lon="6.58644">
        <ele>1437.38</ele>
      </trkpt>
      <trkpt lat="46.16652" lon="6.58651">
        <ele>1436.44</ele>
      </trkpt>
      <trkpt lat="46.16649" lon="6.58658">
        <ele>1435.55</ele>
      </trkpt>
      <trkpt lat="46.16648" lon="6.58665">
        <ele>1434.34</ele>
      </trkpt>
      <trkpt lat="46.16646" lon="6.58673">
        <ele>1434</ele>
      </trkpt>
      <trkpt lat="46.16645" lon="6.5868">
        <ele>1433.92</ele>
      </trkpt>
      <trkpt lat="46.16643" lon="6.58687">
        <ele>1434.12</ele>
      </trkpt>
      <trkpt lat="46.16642" lon="6.58695">
        <ele>1434.13</ele>
      </trkpt>
      <trkpt lat="46.1664" lon="6.58702">
        <ele>1433.43</ele>
      </trkpt>
      <trkpt lat="46.16639" lon="6.58709">
        <ele>1432.36</ele>
      </trkpt>
      <trkpt lat="46.16637" lon="6.58717">
        <ele>1430.71</ele>
      </trkpt>
      <trkpt lat="46.16636" lon="6.58724">
        <ele>1429.64</ele>
      </trkpt>
      <trkpt lat="46.16635" lon="6.58731">
        <ele>1429.71</ele>
      </trkpt>
      <trkpt lat="46.16632" lon="6.5874">
        <ele>1429.49</ele>
      </trkpt>
      <trkpt lat="46.16629" lon="6.58745">
        <ele>1429.1</ele>
      </trkpt>
      <trkpt lat="46.16625" lon="6.5875">
        <ele>1428.5</ele>
      </trkpt>
      <trkpt lat="46.1662" lon="6.58753">
        <ele>1427.54</ele>
      </trkpt>
      <trkpt lat="46.16616" lon="6.58754">
        <ele>1426.9</ele>
      </trkpt>
      <trkpt lat="46.16609" lon="6.58754">
        <ele>1425.96</ele>
      </trkpt>
      <trkpt lat="46.16604" lon="6.58757">
        <ele>1425.74</ele>
      </trkpt>
      <trkpt lat="46.166" lon="6.58762">
        <ele>1425.92</ele>
      </trkpt>
      <trkpt lat="46.16595" lon="6.58763">
        <ele>1425.81</ele>
      </trkpt>
      <trkpt lat="46.1659" lon="6.58767">
        <ele>1426.19</ele>
      </trkpt>
      <trkpt lat="46.16586" lon="6.58772">
        <ele>1426.94</ele>
      </trkpt>
      <trkpt lat="46.16581" lon="6.58775">
        <ele>1426.48</ele>
      </trkpt>
      <trkpt lat="46.16576" lon="6.58777">
        <ele>1424.49</ele>
      </trkpt>
      <trkpt lat="46.16571" lon="6.58781">
        <ele>1421.7</ele>
      </trkpt>
      <trkpt lat="46.16566" lon="6.58784">
        <ele>1418.91</ele>
      </trkpt>
      <trkpt lat="46.1656" lon="6.5879">
        <ele>1415.25</ele>
      </trkpt>
      <trkpt lat="46.16556" lon="6.58794">
        <ele>1412.86</ele>
      </trkpt>
      <trkpt lat="46.16553" lon="6.58799">
        <ele>1411.79</ele>
      </trkpt>
      <trkpt lat="46.16549" lon="6.58804">
        <ele>1411.13</ele>
      </trkpt>
      <trkpt lat="46.16546" lon="6.58809">
        <ele>1410.99</ele>
      </trkpt>
      <trkpt lat="46.1654" lon="6.5881">
        <ele>1410.78</ele>
      </trkpt>
      <trkpt lat="46.16535" lon="6.58811">
        <ele>1410.52</ele>
      </trkpt>
      <trkpt lat="46.1653" lon="6.58812">
        <ele>1410.18</ele>
      </trkpt>
      <trkpt lat="46.16524" lon="6.58819">
        <ele>1408.81</ele>
      </trkpt>
      <trkpt lat="46.16521" lon="6.58824">
        <ele>1407.62</ele>
      </trkpt>
      <trkpt lat="46.16518" lon="6.58829">
        <ele>1406.19</ele>
      </trkpt>
      <trkpt lat="46.16514" lon="6.58833">
        <ele>1404.6</ele>
      </trkpt>
      <trkpt lat="46.1651" lon="6.58838">
        <ele>1403.16</ele>
      </trkpt>
      <trkpt lat="46.16507" lon="6.58843">
        <ele>1402.13</ele>
      </trkpt>
      <trkpt lat="46.16504" lon="6.58848">
        <ele>1401.28</ele>
      </trkpt>
      <trkpt lat="46.165" lon="6.58853">
        <ele>1400.58</ele>
      </trkpt>
      <trkpt lat="46.16497" lon="6.58858">
        <ele>1400.02</ele>
      </trkpt>
      <trkpt lat="46.16492" lon="6.58862">
        <ele>1399.41</ele>
      </trkpt>
      <trkpt lat="46.16487" lon="6.58861">
        <ele>1399.07</ele>
      </trkpt>
      <trkpt lat="46.16482" lon="6.58862">
        <ele>1398.68</ele>
      </trkpt>
      <trkpt lat="46.16477" lon="6.58862">
        <ele>1398.32</ele>
      </trkpt>
      <trkpt lat="46.16472" lon="6.58864">
        <ele>1397.89</ele>
      </trkpt>
      <trkpt lat="46.16468" lon="6.58866">
        <ele>1397.78</ele>
      </trkpt>
      <trkpt lat="46.16463" lon="6.58868">
        <ele>1397.75</ele>
      </trkpt>
      <trkpt lat="46.16458" lon="6.58869">
        <ele>1397.79</ele>
      </trkpt>
      <trkpt lat="46.16454" lon="6.58871">
        <ele>1397.92</ele>
      </trkpt>
      <trkpt lat="46.16449" lon="6.58873">
        <ele>1398.17</ele>
      </trkpt>
      <trkpt lat="46.16445" lon="6.58874">
        <ele>1398.37</ele>
      </trkpt>
      <trkpt lat="46.1644" lon="6.58877">
        <ele>1397.82</ele>
      </trkpt>
      <trkpt lat="46.16434" lon="6.58875">
        <ele>1396.43</ele>
      </trkpt>
      <trkpt lat="46.16428" lon="6.58874">
        <ele>1395.16</ele>
      </trkpt>
      <trkpt lat="46.16422" lon="6.58874">
        <ele>1393.98</ele>
      </trkpt>
      <trkpt lat="46.16417" lon="6.58874">
        <ele>1392.99</ele>
      </trkpt>
      <trkpt lat="46.16412" lon="6.58872">
        <ele>1391.69</ele>
      </trkpt>
      <trkpt lat="46.16407" lon="6.58871">
        <ele>1390.63</ele>
      </trkpt>
      <trkpt lat="46.16402" lon="6.5887">
        <ele>1389.75</ele>
      </trkpt>
      <trkpt lat="46.16395" lon="6.5887">
        <ele>1388.37</ele>
      </trkpt>
      <trkpt lat="46.16389" lon="6.58871">
        <ele>1386.75</ele>
      </trkpt>
      <trkpt lat="46.16384" lon="6.58869">
        <ele>1386.48</ele>
      </trkpt>
      <trkpt lat="46.16379" lon="6.58868">
        <ele>1385.71</ele>
      </trkpt>
      <trkpt lat="46.16374" lon="6.58867">
        <ele>1384.85</ele>
      </trkpt>
      <trkpt lat="46.16369" lon="6.58865">
        <ele>1384.19</ele>
      </trkpt>
      <trkpt lat="46.16364" lon="6.58863">
        <ele>1383.38</ele>
      </trkpt>
      <trkpt lat="46.16358" lon="6.58861">
        <ele>1383.05</ele>
      </trkpt>
      <trkpt lat="46.16353" lon="6.58858">
        <ele>1384.24</ele>
      </trkpt>
      <trkpt lat="46.16347" lon="6.58861">
        <ele>1383.04</ele>
      </trkpt>
      <trkpt lat="46.16342" lon="6.58863">
        <ele>1382.36</ele>
      </trkpt>
      <trkpt lat="46.16343" lon="6.58864">
        <ele>1382.04</ele>
      </trkpt>
      <trkpt lat="46.16343" lon="6.58864">
        <ele>1382.04</ele>
      </trkpt>
      <trkpt lat="46.16335" lon="6.58863">
        <ele>1382.27</ele>
      </trkpt>
      <trkpt lat="46.16331" lon="6.58861">
        <ele>1382.51</ele>
      </trkpt>
      <trkpt lat="46.16325" lon="6.58866">
        <ele>1379.95</ele>
      </trkpt>
      <trkpt lat="46.16319" lon="6.58869">
        <ele>1378.69</ele>
      </trkpt>
      <trkpt lat="46.16313" lon="6.58872">
        <ele>1378.03</ele>
      </trkpt>
      <trkpt lat="46.16308" lon="6.58874">
        <ele>1377.93</ele>
      </trkpt>
      <trkpt lat="46.16304" lon="6.58874">
        <ele>1377.91</ele>
      </trkpt>
      <trkpt lat="46.16299" lon="6.58876">
        <ele>1377.93</ele>
      </trkpt>
      <trkpt lat="46.16292" lon="6.58878">
        <ele>1377.81</ele>
      </trkpt>
      <trkpt lat="46.16288" lon="6.58882">
        <ele>1377.71</ele>
      </trkpt>
      <trkpt lat="46.16284" lon="6.58885">
        <ele>1377.49</ele>
      </trkpt>
      <trkpt lat="46.16279" lon="6.58886">
        <ele>1377.18</ele>
      </trkpt>
      <trkpt lat="46.16274" lon="6.58887">
        <ele>1375.61</ele>
      </trkpt>
      <trkpt lat="46.1627" lon="6.58887">
        <ele>1374.06</ele>
      </trkpt>
      <trkpt lat="46.16265" lon="6.58888">
        <ele>1372.03</ele>
      </trkpt>
      <trkpt lat="46.1626" lon="6.58888">
        <ele>1370.07</ele>
      </trkpt>
      <trkpt lat="46.16256" lon="6.58888">
        <ele>1368.51</ele>
      </trkpt>
      <trkpt lat="46.16251" lon="6.58888">
        <ele>1366.55</ele>
      </trkpt>
      <trkpt lat="46.16245" lon="6.58886">
        <ele>1365.78</ele>
      </trkpt>
      <trkpt lat="46.16239" lon="6.58884">
        <ele>1365.23</ele>
      </trkpt>
      <trkpt lat="46.16234" lon="6.58883">
        <ele>1364.63</ele>
      </trkpt>
      <trkpt lat="46.16227" lon="6.58881">
        <ele>1363.87</ele>
      </trkpt>
      <trkpt lat="46.16222" lon="6.58879">
        <ele>1363.42</ele>
      </trkpt>
      <trkpt lat="46.16217" lon="6.58878">
        <ele>1363.57</ele>
      </trkpt>
      <trkpt lat="46.1621" lon="6.58877">
        <ele>1363.71</ele>
      </trkpt>
      <trkpt lat="46.16204" lon="6.5888">
        <ele>1363.28</ele>
      </trkpt>
      <trkpt lat="46.162" lon="6.58883">
        <ele>1362.85</ele>
      </trkpt>
      <trkpt lat="46.16193" lon="6.58888">
        <ele>1361.98</ele>
      </trkpt>
      <trkpt lat="46.16188" lon="6.58889">
        <ele>1361.3</ele>
      </trkpt>
      <trkpt lat="46.16182" lon="6.58892">
        <ele>1360.39</ele>
      </trkpt>
      <trkpt lat="46.16177" lon="6.58895">
        <ele>1359.48</ele>
      </trkpt>
      <trkpt lat="46.16172" lon="6.58895">
        <ele>1358.82</ele>
      </trkpt>
      <trkpt lat="46.16167" lon="6.58895">
        <ele>1358.16</ele>
      </trkpt>
      <trkpt lat="46.16162" lon="6.58897">
        <ele>1357.15</ele>
      </trkpt>
      <trkpt lat="46.16158" lon="6.58897">
        <ele>1356.57</ele>
      </trkpt>
      <trkpt lat="46.16151" lon="6.58899">
        <ele>1354.98</ele>
      </trkpt>
      <trkpt lat="46.16145" lon="6.58899">
        <ele>1354</ele>
      </trkpt>
      <trkpt lat="46.16141" lon="6.58903">
        <ele>1351.83</ele>
      </trkpt>
      <trkpt lat="46.16136" lon="6.58903">
        <ele>1350.84</ele>
      </trkpt>
      <trkpt lat="46.16131" lon="6.58906">
        <ele>1348.76</ele>
      </trkpt>
      <trkpt lat="46.16124" lon="6.58908">
        <ele>1346.79</ele>
      </trkpt>
      <trkpt lat="46.1612" lon="6.5891">
        <ele>1345.43</ele>
      </trkpt>
      <trkpt lat="46.16116" lon="6.58913">
        <ele>1343.83</ele>
      </trkpt>
      <trkpt lat="46.16111" lon="6.58915">
        <ele>1342.48</ele>
      </trkpt>
      <trkpt lat="46.16106" lon="6.58918">
        <ele>1341.93</ele>
      </trkpt>
      <trkpt lat="46.16102" lon="6.58922">
        <ele>1341.68</ele>
      </trkpt>
      <trkpt lat="46.16097" lon="6.58925">
        <ele>1341.4</ele>
      </trkpt>
      <trkpt lat="46.16093" lon="6.58928">
        <ele>1341.06</ele>
      </trkpt>
      <trkpt lat="46.16089" lon="6.58933">
        <ele>1340.48</ele>
      </trkpt>
      <trkpt lat="46.16085" lon="6.58936">
        <ele>1340</ele>
      </trkpt>
      <trkpt lat="46.1608" lon="6.58939">
        <ele>1339.3</ele>
      </trkpt>
      <trkpt lat="46.16074" lon="6.58945">
        <ele>1337.98</ele>
      </trkpt>
      <trkpt lat="46.16071" lon="6.5895">
        <ele>1337.49</ele>
      </trkpt>
      <trkpt lat="46.16068" lon="6.58955">
        <ele>1336.92</ele>
      </trkpt>
      <trkpt lat="46.16065" lon="6.58961">
        <ele>1336.23</ele>
      </trkpt>
      <trkpt lat="46.16059" lon="6.58965">
        <ele>1335.08</ele>
      </trkpt>
      <trkpt lat="46.16056" lon="6.58973">
        <ele>1334.22</ele>
      </trkpt>
      <trkpt lat="46.16053" lon="6.58978">
        <ele>1334.78</ele>
      </trkpt>
      <trkpt lat="46.16049" lon="6.58983">
        <ele>1335.1</ele>
      </trkpt>
      <trkpt lat="46.16045" lon="6.58988">
        <ele>1335.22</ele>
      </trkpt>
      <trkpt lat="46.16041" lon="6.58991">
        <ele>1334.92</ele>
      </trkpt>
      <trkpt lat="46.16036" lon="6.58994">
        <ele>1334.3</ele>
      </trkpt>
      <trkpt lat="46.16032" lon="6.58996">
        <ele>1333.68</ele>
      </trkpt>
      <trkpt lat="46.16027" lon="6.58997">
        <ele>1332.83</ele>
      </trkpt>
      <trkpt lat="46.16024" lon="6.59003">
        <ele>1332.94</ele>
      </trkpt>
      <trkpt lat="46.16021" lon="6.59008">
        <ele>1333.09</ele>
      </trkpt>
      <trkpt lat="46.16017" lon="6.59011">
        <ele>1333.02</ele>
      </trkpt>
      <trkpt lat="46.16013" lon="6.59014">
        <ele>1332.94</ele>
      </trkpt>
      <trkpt lat="46.16008" lon="6.5902">
        <ele>1333.02</ele>
      </trkpt>
      <trkpt lat="46.16005" lon="6.59026">
        <ele>1333.23</ele>
      </trkpt>
      <trkpt lat="46.16001" lon="6.59029">
        <ele>1333.46</ele>
      </trkpt>
      <trkpt lat="46.15996" lon="6.59035">
        <ele>1333.89</ele>
      </trkpt>
      <trkpt lat="46.15992" lon="6.59039">
        <ele>1333.58</ele>
      </trkpt>
      <trkpt lat="46.15987" lon="6.59041">
        <ele>1332.18</ele>
      </trkpt>
      <trkpt lat="46.15981" lon="6.59044">
        <ele>1330.5</ele>
      </trkpt>
      <trkpt lat="46.15976" lon="6.59046">
        <ele>1328.86</ele>
      </trkpt>
      <trkpt lat="46.15972" lon="6.59049">
        <ele>1327.75</ele>
      </trkpt>
      <trkpt lat="46.15967" lon="6.59052">
        <ele>1326.55</ele>
      </trkpt>
      <trkpt lat="46.15962" lon="6.59057">
        <ele>1325.71</ele>
      </trkpt>
      <trkpt lat="46.15958" lon="6.59061">
        <ele>1325.46</ele>
      </trkpt>
      <trkpt lat="46.15954" lon="6.59066">
        <ele>1325.68</ele>
      </trkpt>
      <trkpt lat="46.1595" lon="6.59071">
        <ele>1326.12</ele>
      </trkpt>
      <trkpt lat="46.15946" lon="6.59077">
        <ele>1327.11</ele>
      </trkpt>
      <trkpt lat="46.15943" lon="6.59084">
        <ele>1328.56</ele>
      </trkpt>
      <trkpt lat="46.15942" lon="6.59091">
        <ele>1330.62</ele>
      </trkpt>
      <trkpt lat="46.1594" lon="6.591">
        <ele>1332.92</ele>
      </trkpt>
      <trkpt lat="46.15938" lon="6.59108">
        <ele>1334.86</ele>
      </trkpt>
      <trkpt lat="46.15935" lon="6.59113">
        <ele>1335.01</ele>
      </trkpt>
      <trkpt lat="46.15933" lon="6.59122">
        <ele>1336.25</ele>
      </trkpt>
      <trkpt lat="46.15931" lon="6.59129">
        <ele>1337.17</ele>
      </trkpt>
      <trkpt lat="46.15929" lon="6.59135">
        <ele>1337.98</ele>
      </trkpt>
      <trkpt lat="46.15926" lon="6.5914">
        <ele>1338.22</ele>
      </trkpt>
      <trkpt lat="46.15923" lon="6.59145">
        <ele>1338.15</ele>
      </trkpt>
      <trkpt lat="46.15919" lon="6.5915">
        <ele>1337.76</ele>
      </trkpt>
      <trkpt lat="46.15914" lon="6.59154">
        <ele>1336.24</ele>
      </trkpt>
      <trkpt lat="46.15909" lon="6.59159">
        <ele>1334.53</ele>
      </trkpt>
      <trkpt lat="46.15903" lon="6.5916">
        <ele>1331.56</ele>
      </trkpt>
      <trkpt lat="46.15897" lon="6.5916">
        <ele>1328.38</ele>
      </trkpt>
      <trkpt lat="46.15891" lon="6.59162">
        <ele>1325.76</ele>
      </trkpt>
      <trkpt lat="46.15887" lon="6.59163">
        <ele>1323.87</ele>
      </trkpt>
      <trkpt lat="46.15882" lon="6.59167">
        <ele>1322.16</ele>
      </trkpt>
      <trkpt lat="46.15878" lon="6.59172">
        <ele>1321.8</ele>
      </trkpt>
      <trkpt lat="46.15875" lon="6.59177">
        <ele>1322.09</ele>
      </trkpt>
      <trkpt lat="46.15872" lon="6.59182">
        <ele>1322.46</ele>
      </trkpt>
      <trkpt lat="46.15866" lon="6.59192">
        <ele>1323.44</ele>
      </trkpt>
      <trkpt lat="46.15863" lon="6.59197">
        <ele>1323.45</ele>
      </trkpt>
      <trkpt lat="46.15861" lon="6.59204">
        <ele>1324.03</ele>
      </trkpt>
      <trkpt lat="46.15858" lon="6.59212">
        <ele>1325</ele>
      </trkpt>
      <trkpt lat="46.15855" lon="6.59218">
        <ele>1325.67</ele>
      </trkpt>
      <trkpt lat="46.15852" lon="6.59224">
        <ele>1326.22</ele>
      </trkpt>
      <trkpt lat="46.15849" lon="6.59229">
        <ele>1326.12</ele>
      </trkpt>
      <trkpt lat="46.15846" lon="6.59238">
        <ele>1326.44</ele>
      </trkpt>
      <trkpt lat="46.15843" lon="6.59242">
        <ele>1326.22</ele>
      </trkpt>
      <trkpt lat="46.1584" lon="6.59247">
        <ele>1326.12</ele>
      </trkpt>
      <trkpt lat="46.15836" lon="6.59254">
        <ele>1326.38</ele>
      </trkpt>
      <trkpt lat="46.15833" lon="6.59261">
        <ele>1327.14</ele>
      </trkpt>
      <trkpt lat="46.15831" lon="6.59269">
        <ele>1327.42</ele>
      </trkpt>
      <trkpt lat="46.15829" lon="6.59275">
        <ele>1327.28</ele>
      </trkpt>
      <trkpt lat="46.15828" lon="6.59284">
        <ele>1328.63</ele>
      </trkpt>
      <trkpt lat="46.15828" lon="6.59292">
        <ele>1330.53</ele>
      </trkpt>
      <trkpt lat="46.15826" lon="6.59298">
        <ele>1330.66</ele>
      </trkpt>
      <trkpt lat="46.15822" lon="6.59303">
        <ele>1329.4</ele>
      </trkpt>
      <trkpt lat="46.15819" lon="6.59314">
        <ele>1327.47</ele>
      </trkpt>
      <trkpt lat="46.15817" lon="6.59322">
        <ele>1325.58</ele>
      </trkpt>
      <trkpt lat="46.15814" lon="6.59327">
        <ele>1323.39</ele>
      </trkpt>
      <trkpt lat="46.15811" lon="6.59332">
        <ele>1321.24</ele>
      </trkpt>
      <trkpt lat="46.15807" lon="6.59338">
        <ele>1319.66</ele>
      </trkpt>
      <trkpt lat="46.15804" lon="6.59346">
        <ele>1319.64</ele>
      </trkpt>
      <trkpt lat="46.158" lon="6.59355">
        <ele>1319.43</ele>
      </trkpt>
      <trkpt lat="46.15797" lon="6.5936">
        <ele>1318.83</ele>
      </trkpt>
      <trkpt lat="46.15794" lon="6.59367">
        <ele>1318.56</ele>
      </trkpt>
      <trkpt lat="46.15794" lon="6.59374">
        <ele>1319.72</ele>
      </trkpt>
      <trkpt lat="46.15795" lon="6.5938">
        <ele>1321.2</ele>
      </trkpt>
      <trkpt lat="46.15794" lon="6.59388">
        <ele>1322.03</ele>
      </trkpt>
      <trkpt lat="46.15793" lon="6.59396">
        <ele>1322.98</ele>
      </trkpt>
      <trkpt lat="46.15792" lon="6.59404">
        <ele>1323.9</ele>
      </trkpt>
      <trkpt lat="46.15791" lon="6.59411">
        <ele>1324.61</ele>
      </trkpt>
      <trkpt lat="46.15795" lon="6.59416">
        <ele>1327.79</ele>
      </trkpt>
      <trkpt lat="46.15798" lon="6.59418">
        <ele>1329.79</ele>
      </trkpt>
      <trkpt lat="46.15798" lon="6.59418">
        <ele>1329.79</ele>
      </trkpt>
      <trkpt lat="46.15797" lon="6.59422">
        <ele>1329.65</ele>
      </trkpt>
      <trkpt lat="46.15811" lon="6.59424">
        <ele>1336.61</ele>
      </trkpt>
      <trkpt lat="46.15817" lon="6.59431">
        <ele>1339.47</ele>
      </trkpt>
      <trkpt lat="46.1583" lon="6.59435">
        <ele>1344.48</ele>
      </trkpt>
      <trkpt lat="46.15841" lon="6.59443">
        <ele>1346.79</ele>
      </trkpt>
      <trkpt lat="46.15846" lon="6.5945">
        <ele>1347.47</ele>
      </trkpt>
      <trkpt lat="46.1585" lon="6.59457">
        <ele>1348.27</ele>
      </trkpt>
      <trkpt lat="46.15851" lon="6.59463">
        <ele>1348.94</ele>
      </trkpt>
      <trkpt lat="46.15851" lon="6.5947">
        <ele>1349.68</ele>
      </trkpt>
      <trkpt lat="46.1585" lon="6.59478">
        <ele>1351.26</ele>
      </trkpt>
      <trkpt lat="46.15838" lon="6.59511">
        <ele>1357.44</ele>
      </trkpt>
      <trkpt lat="46.15834" lon="6.59537">
        <ele>1367.2</ele>
      </trkpt>
      <trkpt lat="46.15823" lon="6.59558">
        <ele>1374.85</ele>
      </trkpt>
      <trkpt lat="46.15817" lon="6.5957">
        <ele>1378.68</ele>
      </trkpt>
      <trkpt lat="46.15804" lon="6.59573">
        <ele>1375.37</ele>
      </trkpt>
      <trkpt lat="46.15794" lon="6.59584">
        <ele>1374.64</ele>
      </trkpt>
      <trkpt lat="46.15793" lon="6.59609">
        <ele>1385.03</ele>
      </trkpt>
      <trkpt lat="46.15799" lon="6.5963">
        <ele>1400</ele>
      </trkpt>
      <trkpt lat="46.15801" lon="6.5966">
        <ele>1415.86</ele>
      </trkpt>
      <trkpt lat="46.15804" lon="6.59703">
        <ele>1428.61</ele>
      </trkpt>
      <trkpt lat="46.15805" lon="6.59708">
        <ele>1429.65</ele>
      </trkpt>
      <trkpt lat="46.15808" lon="6.59712">
        <ele>1431</ele>
      </trkpt>
      <trkpt lat="46.15821" lon="6.59729">
        <ele>1435.56</ele>
      </trkpt>
      <trkpt lat="46.15823" lon="6.59732">
        <ele>1436.15</ele>
      </trkpt>
      <trkpt lat="46.15825" lon="6.59737">
        <ele>1436.76</ele>
      </trkpt>
      <trkpt lat="46.15827" lon="6.59746">
        <ele>1437.37</ele>
      </trkpt>
      <trkpt lat="46.15827" lon="6.59753">
        <ele>1437.35</ele>
      </trkpt>
      <trkpt lat="46.15827" lon="6.59761">
        <ele>1437.19</ele>
      </trkpt>
      <trkpt lat="46.15828" lon="6.59763">
        <ele>1437.37</ele>
      </trkpt>
      <trkpt lat="46.15829" lon="6.59769">
        <ele>1437.44</ele>
      </trkpt>
      <trkpt lat="46.15828" lon="6.59773">
        <ele>1437.15</ele>
      </trkpt>
      <trkpt lat="46.15827" lon="6.59779">
        <ele>1436.96</ele>
      </trkpt>
      <trkpt lat="46.15826" lon="6.59786">
        <ele>1437.33</ele>
      </trkpt>
      <trkpt lat="46.15824" lon="6.59797">
        <ele>1437.7</ele>
      </trkpt>
      <trkpt lat="46.15824" lon="6.59801">
        <ele>1437.99</ele>
      </trkpt>
      <trkpt lat="46.15824" lon="6.59805">
        <ele>1438.27</ele>
      </trkpt>
      <trkpt lat="46.15825" lon="6.59809">
        <ele>1439.07</ele>
      </trkpt>
      <trkpt lat="46.15826" lon="6.59817">
        <ele>1440.51</ele>
      </trkpt>
      <trkpt lat="46.15827" lon="6.59821">
        <ele>1441.45</ele>
      </trkpt>
      <trkpt lat="46.15828" lon="6.59825">
        <ele>1442.43</ele>
      </trkpt>
      <trkpt lat="46.15831" lon="6.59834">
        <ele>1445.15</ele>
      </trkpt>
      <trkpt lat="46.15832" lon="6.59838">
        <ele>1446.58</ele>
      </trkpt>
      <trkpt lat="46.15832" lon="6.59843">
        <ele>1447.81</ele>
      </trkpt>
      <trkpt lat="46.15831" lon="6.59847">
        <ele>1448.31</ele>
      </trkpt>
      <trkpt lat="46.15825" lon="6.59863">
        <ele>1448.94</ele>
      </trkpt>
      <trkpt lat="46.15826" lon="6.59869">
        <ele>1450.88</ele>
      </trkpt>
      <trkpt lat="46.15824" lon="6.59879">
        <ele>1452.04</ele>
      </trkpt>
      <trkpt lat="46.15825" lon="6.59884">
        <ele>1453.77</ele>
      </trkpt>
      <trkpt lat="46.15828" lon="6.59888">
        <ele>1456.52</ele>
      </trkpt>
      <trkpt lat="46.15826" lon="6.59896">
        <ele>1456.67</ele>
      </trkpt>
      <trkpt lat="46.15816" lon="6.59924">
        <ele>1455.99</ele>
      </trkpt>
      <trkpt lat="46.15812" lon="6.5993">
        <ele>1455.28</ele>
      </trkpt>
      <trkpt lat="46.15808" lon="6.59935">
        <ele>1454.65</ele>
      </trkpt>
      <trkpt lat="46.15806" lon="6.59937">
        <ele>1454.31</ele>
      </trkpt>
      <trkpt lat="46.15806" lon="6.59941">
        <ele>1455.3</ele>
      </trkpt>
      <trkpt lat="46.15806" lon="6.59944">
        <ele>1456.05</ele>
      </trkpt>
      <trkpt lat="46.15808" lon="6.59947">
        <ele>1457.49</ele>
      </trkpt>
      <trkpt lat="46.1581" lon="6.59947">
        <ele>1458.19</ele>
      </trkpt>
      <trkpt lat="46.15814" lon="6.59946">
        <ele>1459.36</ele>
      </trkpt>
      <trkpt lat="46.15817" lon="6.59946">
        <ele>1460.42</ele>
      </trkpt>
      <trkpt lat="46.15825" lon="6.59946">
        <ele>1463.24</ele>
      </trkpt>
      <trkpt lat="46.15829" lon="6.59947">
        <ele>1464.77</ele>
      </trkpt>
      <trkpt lat="46.15832" lon="6.59948">
        <ele>1465.93</ele>
      </trkpt>
      <trkpt lat="46.15835" lon="6.59949">
        <ele>1466.67</ele>
      </trkpt>
      <trkpt lat="46.1584" lon="6.59948">
        <ele>1467.16</ele>
      </trkpt>
      <trkpt lat="46.15842" lon="6.59947">
        <ele>1467.35</ele>
      </trkpt>
      <trkpt lat="46.15844" lon="6.59949">
        <ele>1467.65</ele>
      </trkpt>
      <trkpt lat="46.15845" lon="6.59952">
        <ele>1467.81</ele>
      </trkpt>
      <trkpt lat="46.15845" lon="6.59956">
        <ele>1467.88</ele>
      </trkpt>
      <trkpt lat="46.15844" lon="6.59959">
        <ele>1467.9</ele>
      </trkpt>
      <trkpt lat="46.15839" lon="6.59979">
        <ele>1469.08</ele>
      </trkpt>
      <trkpt lat="46.15838" lon="6.59992">
        <ele>1469.97</ele>
      </trkpt>
      <trkpt lat="46.15845" lon="6.59992">
        <ele>1470.37</ele>
      </trkpt>
      <trkpt lat="46.15843" lon="6.60004">
        <ele>1471.73</ele>
      </trkpt>
      <trkpt lat="46.15852" lon="6.60004">
        <ele>1472.93</ele>
      </trkpt>
      <trkpt lat="46.15861" lon="6.60011">
        <ele>1476.15</ele>
      </trkpt>
      <trkpt lat="46.15867" lon="6.60012">
        <ele>1480.24</ele>
      </trkpt>
      <trkpt lat="46.15871" lon="6.60021">
        <ele>1485.64</ele>
      </trkpt>
      <trkpt lat="46.15868" lon="6.60025">
        <ele>1484.86</ele>
      </trkpt>
      <trkpt lat="46.15868" lon="6.60025">
        <ele>1484.86</ele>
      </trkpt>
      <trkpt lat="46.15868" lon="6.60025">
        <ele>1484.86</ele>
      </trkpt>
      <trkpt lat="46.15862" lon="6.60033">
        <ele>1484.4</ele>
      </trkpt>
      <trkpt lat="46.15865" lon="6.60036">
        <ele>1487.93</ele>
      </trkpt>
      <trkpt lat="46.15868" lon="6.60041">
        <ele>1492.38</ele>
      </trkpt>
      <trkpt lat="46.1586" lon="6.60071">
        <ele>1503.08</ele>
      </trkpt>
      <trkpt lat="46.15854" lon="6.60075">
        <ele>1501.17</ele>
      </trkpt>
      <trkpt lat="46.15843" lon="6.60084">
        <ele>1498.06</ele>
      </trkpt>
      <trkpt lat="46.15838" lon="6.60107">
        <ele>1509.81</ele>
      </trkpt>
      <trkpt lat="46.15841" lon="6.60117">
        <ele>1518.72</ele>
      </trkpt>
      <trkpt lat="46.15879" lon="6.60106">
        <ele>1531.78</ele>
      </trkpt>
      <trkpt lat="46.15892" lon="6.60105">
        <ele>1535.07</ele>
      </trkpt>
      <trkpt lat="46.15894" lon="6.60106">
        <ele>1535.92</ele>
      </trkpt>
      <trkpt lat="46.15895" lon="6.60108">
        <ele>1536.9</ele>
      </trkpt>
      <trkpt lat="46.15896" lon="6.60119">
        <ele>1540.12</ele>
      </trkpt>
      <trkpt lat="46.15897" lon="6.60121">
        <ele>1540.68</ele>
      </trkpt>
      <trkpt lat="46.15898" lon="6.60122">
        <ele>1541</ele>
      </trkpt>
      <trkpt lat="46.15906" lon="6.60123">
        <ele>1541.92</ele>
      </trkpt>
      <trkpt lat="46.15908" lon="6.60123">
        <ele>1542.1</ele>
      </trkpt>
      <trkpt lat="46.15912" lon="6.60126">
        <ele>1542.77</ele>
      </trkpt>
      <trkpt lat="46.15915" lon="6.60126">
        <ele>1542.96</ele>
      </trkpt>
      <trkpt lat="46.15916" lon="6.60127">
        <ele>1543.11</ele>
      </trkpt>
      <trkpt lat="46.1592" lon="6.60128">
        <ele>1543.74</ele>
      </trkpt>
      <trkpt lat="46.15922" lon="6.6013">
        <ele>1544.19</ele>
      </trkpt>
      <trkpt lat="46.15922" lon="6.60131">
        <ele>1544.25</ele>
      </trkpt>
      <trkpt lat="46.15922" lon="6.60133">
        <ele>1544.38</ele>
      </trkpt>
      <trkpt lat="46.1592" lon="6.60138">
        <ele>1544.42</ele>
      </trkpt>
      <trkpt lat="46.1592" lon="6.6014">
        <ele>1544.64</ele>
      </trkpt>
      <trkpt lat="46.15918" lon="6.60148">
        <ele>1545.52</ele>
      </trkpt>
      <trkpt lat="46.15917" lon="6.6015">
        <ele>1545.65</ele>
      </trkpt>
      <trkpt lat="46.15917" lon="6.60152">
        <ele>1545.94</ele>
      </trkpt>
      <trkpt lat="46.15915" lon="6.60154">
        <ele>1546.27</ele>
      </trkpt>
      <trkpt lat="46.15914" lon="6.60157">
        <ele>1546.77</ele>
      </trkpt>
      <trkpt lat="46.15913" lon="6.60159">
        <ele>1547.12</ele>
      </trkpt>
      <trkpt lat="46.15912" lon="6.6016">
        <ele>1547.34</ele>
      </trkpt>
      <trkpt lat="46.15911" lon="6.60162">
        <ele>1547.7</ele>
      </trkpt>
      <trkpt lat="46.1591" lon="6.60163">
        <ele>1547.92</ele>
      </trkpt>
      <trkpt lat="46.15909" lon="6.60166">
        <ele>1548.45</ele>
      </trkpt>
      <trkpt lat="46.15908" lon="6.60167">
        <ele>1548.7</ele>
      </trkpt>
      <trkpt lat="46.15905" lon="6.60168">
        <ele>1549.12</ele>
      </trkpt>
      <trkpt lat="46.15903" lon="6.60169">
        <ele>1549.45</ele>
      </trkpt>
      <trkpt lat="46.15902" lon="6.6017">
        <ele>1549.71</ele>
      </trkpt>
      <trkpt lat="46.159" lon="6.60172">
        <ele>1550.2</ele>
      </trkpt>
      <trkpt lat="46.15899" lon="6.60173">
        <ele>1550.43</ele>
      </trkpt>
      <trkpt lat="46.15896" lon="6.60175">
        <ele>1550.92</ele>
      </trkpt>
      <trkpt lat="46.15895" lon="6.60176">
        <ele>1551.13</ele>
      </trkpt>
      <trkpt lat="46.15894" lon="6.60178">
        <ele>1551.49</ele>
      </trkpt>
      <trkpt lat="46.15894" lon="6.60181">
        <ele>1551.98</ele>
      </trkpt>
      <trkpt lat="46.15893" lon="6.60183">
        <ele>1552.32</ele>
      </trkpt>
      <trkpt lat="46.15892" lon="6.60185">
        <ele>1552.64</ele>
      </trkpt>
      <trkpt lat="46.1589" lon="6.60186">
        <ele>1552.79</ele>
      </trkpt>
      <trkpt lat="46.1589" lon="6.60188">
        <ele>1553.08</ele>
      </trkpt>
      <trkpt lat="46.15886" lon="6.60198">
        <ele>1554.27</ele>
      </trkpt>
      <trkpt lat="46.15886" lon="6.602">
        <ele>1554.48</ele>
      </trkpt>
      <trkpt lat="46.15886" lon="6.60201">
        <ele>1554.58</ele>
      </trkpt>
      <trkpt lat="46.15886" lon="6.60202">
        <ele>1554.68</ele>
      </trkpt>
      <trkpt lat="46.15887" lon="6.60203">
        <ele>1554.84</ele>
      </trkpt>
      <trkpt lat="46.15891" lon="6.60203">
        <ele>1555.07</ele>
      </trkpt>
      <trkpt lat="46.15908" lon="6.60206">
        <ele>1556.79</ele>
      </trkpt>
      <trkpt lat="46.1591" lon="6.60206">
        <ele>1556.96</ele>
      </trkpt>
      <trkpt lat="46.15913" lon="6.60205">
        <ele>1557</ele>
      </trkpt>
      <trkpt lat="46.15916" lon="6.60204">
        <ele>1557.02</ele>
      </trkpt>
      <trkpt lat="46.15918" lon="6.60204">
        <ele>1557.45</ele>
      </trkpt>
      <trkpt lat="46.1593" lon="6.60204">
        <ele>1560.92</ele>
      </trkpt>
      <trkpt lat="46.15932" lon="6.60205">
        <ele>1561.77</ele>
      </trkpt>
      <trkpt lat="46.15937" lon="6.60206">
        <ele>1563.53</ele>
      </trkpt>
      <trkpt lat="46.1594" lon="6.60206">
        <ele>1564.42</ele>
      </trkpt>
      <trkpt lat="46.15945" lon="6.60207">
        <ele>1566.29</ele>
      </trkpt>
      <trkpt lat="46.15954" lon="6.60208">
        <ele>1570.18</ele>
      </trkpt>
      <trkpt lat="46.15955" lon="6.60208">
        <ele>1570.57</ele>
      </trkpt>
      <trkpt lat="46.15956" lon="6.60209">
        <ele>1571.29</ele>
      </trkpt>
      <trkpt lat="46.15956" lon="6.6021">
        <ele>1571.62</ele>
      </trkpt>
      <trkpt lat="46.15956" lon="6.60211">
        <ele>1571.94</ele>
      </trkpt>
      <trkpt lat="46.15952" lon="6.60223">
        <ele>1574.25</ele>
      </trkpt>
      <trkpt lat="46.1595" lon="6.6023">
        <ele>1575.83</ele>
      </trkpt>
      <trkpt lat="46.15949" lon="6.60234">
        <ele>1576.84</ele>
      </trkpt>
      <trkpt lat="46.15947" lon="6.60238">
        <ele>1577.54</ele>
      </trkpt>
      <trkpt lat="46.15946" lon="6.60242">
        <ele>1578.62</ele>
      </trkpt>
      <trkpt lat="46.15945" lon="6.60245">
        <ele>1579.37</ele>
      </trkpt>
      <trkpt lat="46.15943" lon="6.60247">
        <ele>1579.4</ele>
      </trkpt>
      <trkpt lat="46.1594" lon="6.60252">
        <ele>1579.78</ele>
      </trkpt>
      <trkpt lat="46.15939" lon="6.60255">
        <ele>1580.01</ele>
      </trkpt>
      <trkpt lat="46.15938" lon="6.60256">
        <ele>1579.86</ele>
      </trkpt>
      <trkpt lat="46.15938" lon="6.60258">
        <ele>1580.25</ele>
      </trkpt>
      <trkpt lat="46.15939" lon="6.60261">
        <ele>1581.18</ele>
      </trkpt>
      <trkpt lat="46.15947" lon="6.6029">
        <ele>1588.19</ele>
      </trkpt>
      <trkpt lat="46.15949" lon="6.60296">
        <ele>1589.29</ele>
      </trkpt>
      <trkpt lat="46.15951" lon="6.60302">
        <ele>1590.29</ele>
      </trkpt>
      <trkpt lat="46.1596" lon="6.60319">
        <ele>1592.65</ele>
      </trkpt>
      <trkpt lat="46.15962" lon="6.60325">
        <ele>1593.3</ele>
      </trkpt>
      <trkpt lat="46.1597" lon="6.60318">
        <ele>1593.66</ele>
      </trkpt>
      <trkpt lat="46.15981" lon="6.60308">
        <ele>1596.31</ele>
      </trkpt>
      <trkpt lat="46.15993" lon="6.603">
        <ele>1600.43</ele>
      </trkpt>
      <trkpt lat="46.16" lon="6.60295">
        <ele>1603</ele>
      </trkpt>
      <trkpt lat="46.1601" lon="6.60289">
        <ele>1607.62</ele>
      </trkpt>
      <trkpt lat="46.16016" lon="6.60285">
        <ele>1609.81</ele>
      </trkpt>
      <trkpt lat="46.16022" lon="6.60284">
        <ele>1612.16</ele>
      </trkpt>
      <trkpt lat="46.1603" lon="6.60285">
        <ele>1615.38</ele>
      </trkpt>
      <trkpt lat="46.16039" lon="6.60282">
        <ele>1617.05</ele>
      </trkpt>
      <trkpt lat="46.1605" lon="6.60275">
        <ele>1618.84</ele>
      </trkpt>
      <trkpt lat="46.16059" lon="6.60273">
        <ele>1619.97</ele>
      </trkpt>
      <trkpt lat="46.16069" lon="6.6027">
        <ele>1619.32</ele>
      </trkpt>
      <trkpt lat="46.16076" lon="6.60269">
        <ele>1619.1</ele>
      </trkpt>
      <trkpt lat="46.16097" lon="6.60268">
        <ele>1623.34</ele>
      </trkpt>
      <trkpt lat="46.16102" lon="6.60266">
        <ele>1624.69</ele>
      </trkpt>
      <trkpt lat="46.16105" lon="6.60266">
        <ele>1625.69</ele>
      </trkpt>
      <trkpt lat="46.16114" lon="6.60263">
        <ele>1628.57</ele>
      </trkpt>
      <trkpt lat="46.16129" lon="6.60259">
        <ele>1634.74</ele>
      </trkpt>
      <trkpt lat="46.16141" lon="6.60256">
        <ele>1639.95</ele>
      </trkpt>
      <trkpt lat="46.16163" lon="6.60247">
        <ele>1645.12</ele>
      </trkpt>
      <trkpt lat="46.16166" lon="6.60245">
        <ele>1645.22</ele>
      </trkpt>
      <trkpt lat="46.16175" lon="6.60238">
        <ele>1646.25</ele>
      </trkpt>
      <trkpt lat="46.16177" lon="6.60237">
        <ele>1646.78</ele>
      </trkpt>
      <trkpt lat="46.16183" lon="6.60235">
        <ele>1648.8</ele>
      </trkpt>
      <trkpt lat="46.16188" lon="6.60231">
        <ele>1650.42</ele>
      </trkpt>
      <trkpt lat="46.16189" lon="6.60229">
        <ele>1650.69</ele>
      </trkpt>
      <trkpt lat="46.16196" lon="6.60224">
        <ele>1653.28</ele>
      </trkpt>
      <trkpt lat="46.162" lon="6.60221">
        <ele>1653.54</ele>
      </trkpt>
      <trkpt lat="46.16205" lon="6.60218">
        <ele>1653.61</ele>
      </trkpt>
      <trkpt lat="46.16208" lon="6.60217">
        <ele>1653.82</ele>
      </trkpt>
      <trkpt lat="46.16209" lon="6.60214">
        <ele>1653.32</ele>
      </trkpt>
      <trkpt lat="46.16212" lon="6.60211">
        <ele>1653.1</ele>
      </trkpt>
      <trkpt lat="46.16217" lon="6.60208">
        <ele>1653.18</ele>
      </trkpt>
      <trkpt lat="46.1622" lon="6.60207">
        <ele>1653.39</ele>
      </trkpt>
      <trkpt lat="46.16222" lon="6.60205">
        <ele>1653.25</ele>
      </trkpt>
      <trkpt lat="46.16225" lon="6.60205">
        <ele>1653.58</ele>
      </trkpt>
      <trkpt lat="46.1623" lon="6.60203">
        <ele>1653.84</ele>
      </trkpt>
      <trkpt lat="46.16235" lon="6.60198">
        <ele>1654.06</ele>
      </trkpt>
      <trkpt lat="46.16237" lon="6.60195">
        <ele>1654.23</ele>
      </trkpt>
      <trkpt lat="46.1624" lon="6.60195">
        <ele>1654.86</ele>
      </trkpt>
      <trkpt lat="46.16242" lon="6.60194">
        <ele>1655.3</ele>
      </trkpt>
      <trkpt lat="46.16242" lon="6.60194">
        <ele>1655.3</ele>
      </trkpt>
      <trkpt lat="46.16242" lon="6.60194">
        <ele>1655.3</ele>
      </trkpt>
      <trkpt lat="46.16245" lon="6.60192">
        <ele>1656.16</ele>
      </trkpt>
      <trkpt lat="46.16248" lon="6.60193">
        <ele>1656.75</ele>
      </trkpt>
      <trkpt lat="46.16255" lon="6.60189">
        <ele>1659.55</ele>
      </trkpt>
      <trkpt lat="46.16259" lon="6.60188">
        <ele>1661.04</ele>
      </trkpt>
      <trkpt lat="46.16261" lon="6.60186">
        <ele>1661.85</ele>
      </trkpt>
      <trkpt lat="46.16263" lon="6.60183">
        <ele>1662.64</ele>
      </trkpt>
      <trkpt lat="46.16272" lon="6.60178">
        <ele>1665.27</ele>
      </trkpt>
      <trkpt lat="46.16276" lon="6.60175">
        <ele>1666.16</ele>
      </trkpt>
      <trkpt lat="46.16283" lon="6.60172">
        <ele>1669.24</ele>
      </trkpt>
      <trkpt lat="46.16287" lon="6.60174">
        <ele>1671.6</ele>
      </trkpt>
      <trkpt lat="46.16303" lon="6.60182">
        <ele>1681.23</ele>
      </trkpt>
      <trkpt lat="46.16339" lon="6.60178">
        <ele>1699.04</ele>
      </trkpt>
      <trkpt lat="46.16364" lon="6.60166">
        <ele>1708.62</ele>
      </trkpt>
      <trkpt lat="46.16363" lon="6.60172">
        <ele>1707.93</ele>
      </trkpt>
      <trkpt lat="46.16369" lon="6.60166">
        <ele>1711.29</ele>
      </trkpt>
      <trkpt lat="46.16376" lon="6.6016">
        <ele>1714.99</ele>
      </trkpt>
      <trkpt lat="46.16378" lon="6.60159">
        <ele>1715.94</ele>
      </trkpt>
      <trkpt lat="46.16379" lon="6.60156">
        <ele>1716.33</ele>
      </trkpt>
      <trkpt lat="46.16381" lon="6.60151">
        <ele>1717.01</ele>
      </trkpt>
      <trkpt lat="46.16384" lon="6.60145">
        <ele>1717.84</ele>
      </trkpt>
      <trkpt lat="46.16386" lon="6.60139">
        <ele>1718.07</ele>
      </trkpt>
      <trkpt lat="46.16387" lon="6.60134">
        <ele>1718.58</ele>
      </trkpt>
      <trkpt lat="46.16387" lon="6.60125">
        <ele>1718.92</ele>
      </trkpt>
      <trkpt lat="46.16388" lon="6.60113">
        <ele>1719.67</ele>
      </trkpt>
      <trkpt lat="46.16389" lon="6.60104">
        <ele>1720.85</ele>
      </trkpt>
      <trkpt lat="46.16393" lon="6.6009">
        <ele>1725.43</ele>
      </trkpt>
      <trkpt lat="46.16394" lon="6.60083">
        <ele>1727.07</ele>
      </trkpt>
      <trkpt lat="46.16396" lon="6.6008">
        <ele>1728.87</ele>
      </trkpt>
      <trkpt lat="46.16398" lon="6.60078">
        <ele>1730.66</ele>
      </trkpt>
      <trkpt lat="46.16401" lon="6.60077">
        <ele>1733.22</ele>
      </trkpt>
      <trkpt lat="46.16403" lon="6.60074">
        <ele>1735.19</ele>
      </trkpt>
      <trkpt lat="46.16405" lon="6.60072">
        <ele>1737.11</ele>
      </trkpt>
      <trkpt lat="46.1641" lon="6.60061">
        <ele>1742.97</ele>
      </trkpt>
      <trkpt lat="46.16414" lon="6.60053">
        <ele>1747.68</ele>
      </trkpt>
      <trkpt lat="46.16417" lon="6.60048">
        <ele>1750.46</ele>
      </trkpt>
      <trkpt lat="46.16418" lon="6.60043">
        <ele>1751.23</ele>
      </trkpt>
      <trkpt lat="46.1642" lon="6.60027">
        <ele>1753.45</ele>
      </trkpt>
      <trkpt lat="46.16422" lon="6.60016">
        <ele>1757.27</ele>
      </trkpt>
      <trkpt lat="46.16424" lon="6.60009">
        <ele>1760.25</ele>
      </trkpt>
      <trkpt lat="46.16424" lon="6.59994">
        <ele>1763.4</ele>
      </trkpt>
      <trkpt lat="46.16426" lon="6.59985">
        <ele>1766.42</ele>
      </trkpt>
      <trkpt lat="46.16427" lon="6.59971">
        <ele>1769.6</ele>
      </trkpt>
      <trkpt lat="46.16427" lon="6.59965">
        <ele>1770.95</ele>
      </trkpt>
      <trkpt lat="46.16429" lon="6.5996">
        <ele>1773.24</ele>
      </trkpt>
      <trkpt lat="46.16431" lon="6.59945">
        <ele>1777.62</ele>
      </trkpt>
      <trkpt lat="46.16433" lon="6.59927">
        <ele>1782.11</ele>
      </trkpt>
      <trkpt lat="46.16432" lon="6.59913">
        <ele>1784.28</ele>
      </trkpt>
      <trkpt lat="46.16433" lon="6.59904">
        <ele>1786.34</ele>
      </trkpt>
      <trkpt lat="46.16436" lon="6.59879">
        <ele>1791.96</ele>
      </trkpt>
      <trkpt lat="46.16438" lon="6.59869">
        <ele>1794.19</ele>
      </trkpt>
      <trkpt lat="46.16439" lon="6.59847">
        <ele>1797.05</ele>
      </trkpt>
      <trkpt lat="46.1644" lon="6.59835">
        <ele>1798.55</ele>
      </trkpt>
      <trkpt lat="46.16441" lon="6.5983">
        <ele>1799.22</ele>
      </trkpt>
      <trkpt lat="46.16442" lon="6.59815">
        <ele>1800.5</ele>
      </trkpt>
      <trkpt lat="46.16442" lon="6.59811">
        <ele>1800.76</ele>
      </trkpt>
      <trkpt lat="46.1644" lon="6.59807">
        <ele>1800.31</ele>
      </trkpt>
      <trkpt lat="46.16438" lon="6.59799">
        <ele>1800.33</ele>
      </trkpt>
      <trkpt lat="46.16437" lon="6.59781">
        <ele>1801.74</ele>
      </trkpt>
      <trkpt lat="46.16436" lon="6.59765">
        <ele>1801.06</ele>
      </trkpt>
      <trkpt lat="46.16437" lon="6.59758">
        <ele>1801.15</ele>
      </trkpt>
      <trkpt lat="46.16438" lon="6.59752">
        <ele>1801.3</ele>
      </trkpt>
      <trkpt lat="46.1644" lon="6.5975">
        <ele>1802.08</ele>
      </trkpt>
      <trkpt lat="46.16443" lon="6.59748">
        <ele>1802.88</ele>
      </trkpt>
      <trkpt lat="46.16445" lon="6.59746">
        <ele>1803.26</ele>
      </trkpt>
      <trkpt lat="46.16447" lon="6.59743">
        <ele>1803.45</ele>
      </trkpt>
      <trkpt lat="46.16447" lon="6.59739">
        <ele>1802.41</ele>
      </trkpt>
      <trkpt lat="46.16447" lon="6.59739">
        <ele>1802.41</ele>
      </trkpt>
      <trkpt lat="46.16447" lon="6.59739">
        <ele>1802.41</ele>
      </trkpt>
      <trkpt lat="46.1645" lon="6.5974">
        <ele>1804.06</ele>
      </trkpt>
      <trkpt lat="46.16451" lon="6.5974">
        <ele>1804.53</ele>
      </trkpt>
      <trkpt lat="46.16452" lon="6.59739">
        <ele>1804.71</ele>
      </trkpt>
      <trkpt lat="46.16453" lon="6.59739">
        <ele>1805.17</ele>
      </trkpt>
      <trkpt lat="46.16454" lon="6.5974">
        <ele>1805.92</ele>
      </trkpt>
      <trkpt lat="46.16457" lon="6.59741">
        <ele>1807.62</ele>
      </trkpt>
      <trkpt lat="46.16458" lon="6.5974">
        <ele>1807.78</ele>
      </trkpt>
      <trkpt lat="46.16459" lon="6.5974">
        <ele>1808.25</ele>
      </trkpt>
      <trkpt lat="46.1646" lon="6.59741">
        <ele>1809.03</ele>
      </trkpt>
      <trkpt lat="46.16461" lon="6.59742">
        <ele>1809.81</ele>
      </trkpt>
      <trkpt lat="46.16462" lon="6.59742">
        <ele>1810.29</ele>
      </trkpt>
      <trkpt lat="46.16463" lon="6.59743">
        <ele>1811.08</ele>
      </trkpt>
      <trkpt lat="46.16464" lon="6.59743">
        <ele>1811.56</ele>
      </trkpt>
      <trkpt lat="46.16465" lon="6.59744">
        <ele>1812.37</ele>
      </trkpt>
      <trkpt lat="46.16467" lon="6.59746">
        <ele>1814.01</ele>
      </trkpt>
      <trkpt lat="46.16468" lon="6.59747">
        <ele>1814.84</ele>
      </trkpt>
      <trkpt lat="46.16469" lon="6.59748">
        <ele>1815.68</ele>
      </trkpt>
      <trkpt lat="46.16469" lon="6.59749">
        <ele>1816.03</ele>
      </trkpt>
      <trkpt lat="46.16471" lon="6.59753">
        <ele>1817.8</ele>
      </trkpt>
      <trkpt lat="46.16472" lon="6.59754">
        <ele>1818.46</ele>
      </trkpt>
      <trkpt lat="46.16473" lon="6.59754">
        <ele>1818.89</ele>
      </trkpt>
      <trkpt lat="46.16474" lon="6.59753">
        <ele>1819.15</ele>
      </trkpt>
      <trkpt lat="46.16474" lon="6.59752">
        <ele>1819</ele>
      </trkpt>
      <trkpt lat="46.16475" lon="6.59751">
        <ele>1819.25</ele>
      </trkpt>
      <trkpt lat="46.16476" lon="6.59751">
        <ele>1819.65</ele>
      </trkpt>
      <trkpt lat="46.16477" lon="6.59752">
        <ele>1820.2</ele>
      </trkpt>
      <trkpt lat="46.16477" lon="6.59753">
        <ele>1820.36</ele>
      </trkpt>
      <trkpt lat="46.16478" lon="6.59754">
        <ele>1820.92</ele>
      </trkpt>
      <trkpt lat="46.16482" lon="6.59757">
        <ele>1823.06</ele>
      </trkpt>
      <trkpt lat="46.16484" lon="6.59757">
        <ele>1823.89</ele>
      </trkpt>
      <trkpt lat="46.16486" lon="6.59759">
        <ele>1825.07</ele>
      </trkpt>
      <trkpt lat="46.16491" lon="6.5976">
        <ele>1827.36</ele>
      </trkpt>
      <trkpt lat="46.16492" lon="6.5976">
        <ele>1827.78</ele>
      </trkpt>
      <trkpt lat="46.16494" lon="6.59761">
        <ele>1828.83</ele>
      </trkpt>
      <trkpt lat="46.16495" lon="6.59763">
        <ele>1829.66</ele>
      </trkpt>
      <trkpt lat="46.16495" lon="6.59765">
        <ele>1830.07</ele>
      </trkpt>
      <trkpt lat="46.16498" lon="6.59766">
        <ele>1831.58</ele>
      </trkpt>
      <trkpt lat="46.16501" lon="6.5977">
        <ele>1833.44</ele>
      </trkpt>
      <trkpt lat="46.16502" lon="6.5977">
        <ele>1833.56</ele>
      </trkpt>
      <trkpt lat="46.16505" lon="6.59773">
        <ele>1834.54</ele>
      </trkpt>
      <trkpt lat="46.16506" lon="6.59773">
        <ele>1834.65</ele>
      </trkpt>
      <trkpt lat="46.16509" lon="6.59774">
        <ele>1835.2</ele>
      </trkpt>
      <trkpt lat="46.1651" lon="6.59773">
        <ele>1835.11</ele>
      </trkpt>
      <trkpt lat="46.16511" lon="6.59773">
        <ele>1835.22</ele>
      </trkpt>
      <trkpt lat="46.16516" lon="6.59776">
        <ele>1836.38</ele>
      </trkpt>
      <trkpt lat="46.16522" lon="6.5978">
        <ele>1837.6</ele>
      </trkpt>
      <trkpt lat="46.16523" lon="6.5978">
        <ele>1837.72</ele>
      </trkpt>
      <trkpt lat="46.1653" lon="6.59786">
        <ele>1839.69</ele>
      </trkpt>
      <trkpt lat="46.16531" lon="6.59786">
        <ele>1839.91</ele>
      </trkpt>
      <trkpt lat="46.16531" lon="6.59788">
        <ele>1840.21</ele>
      </trkpt>
      <trkpt lat="46.16532" lon="6.59789">
        <ele>1840.59</ele>
      </trkpt>
      <trkpt lat="46.16533" lon="6.59789">
        <ele>1840.82</ele>
      </trkpt>
      <trkpt lat="46.16534" lon="6.5979">
        <ele>1841.2</ele>
      </trkpt>
      <trkpt lat="46.16535" lon="6.5979">
        <ele>1841.43</ele>
      </trkpt>
      <trkpt lat="46.16535" lon="6.59791">
        <ele>1841.59</ele>
      </trkpt>
      <trkpt lat="46.16536" lon="6.59792">
        <ele>1841.98</ele>
      </trkpt>
      <trkpt lat="46.16536" lon="6.59793">
        <ele>1842.13</ele>
      </trkpt>
      <trkpt lat="46.16537" lon="6.59793">
        <ele>1842.37</ele>
      </trkpt>
      <trkpt lat="46.16539" lon="6.59793">
        <ele>1842.84</ele>
      </trkpt>
      <trkpt lat="46.16541" lon="6.59794">
        <ele>1843.47</ele>
      </trkpt>
      <trkpt lat="46.16542" lon="6.59795">
        <ele>1843.87</ele>
      </trkpt>
      <trkpt lat="46.16544" lon="6.59795">
        <ele>1844.35</ele>
      </trkpt>
      <trkpt lat="46.16546" lon="6.59797">
        <ele>1845.16</ele>
      </trkpt>
      <trkpt lat="46.16548" lon="6.59797">
        <ele>1845.64</ele>
      </trkpt>
      <trkpt lat="46.1655" lon="6.59797">
        <ele>1846.12</ele>
      </trkpt>
      <trkpt lat="46.16556" lon="6.59802">
        <ele>1848.37</ele>
      </trkpt>
      <trkpt lat="46.16557" lon="6.59802">
        <ele>1848.4</ele>
      </trkpt>
      <trkpt lat="46.16559" lon="6.59803">
        <ele>1848.64</ele>
      </trkpt>
      <trkpt lat="46.1656" lon="6.59803">
        <ele>1848.67</ele>
      </trkpt>
      <trkpt lat="46.16561" lon="6.59804">
        <ele>1848.89</ele>
      </trkpt>
      <trkpt lat="46.16561" lon="6.59806">
        <ele>1849.3</ele>
      </trkpt>
      <trkpt lat="46.16562" lon="6.59807">
        <ele>1849.59</ele>
      </trkpt>
      <trkpt lat="46.16563" lon="6.59808">
        <ele>1849.9</ele>
      </trkpt>
      <trkpt lat="46.16565" lon="6.5981">
        <ele>1850.58</ele>
      </trkpt>
      <trkpt lat="46.16568" lon="6.59814">
        <ele>1852.06</ele>
      </trkpt>
      <trkpt lat="46.16571" lon="6.59815">
        <ele>1852.77</ele>
      </trkpt>
      <trkpt lat="46.16575" lon="6.59819">
        <ele>1854.83</ele>
      </trkpt>
      <trkpt lat="46.16579" lon="6.59823">
        <ele>1857.22</ele>
      </trkpt>
      <trkpt lat="46.16581" lon="6.59824">
        <ele>1858.1</ele>
      </trkpt>
      <trkpt lat="46.16581" lon="6.59825">
        <ele>1858.55</ele>
      </trkpt>
      <trkpt lat="46.16583" lon="6.59828">
        <ele>1860.41</ele>
      </trkpt>
      <trkpt lat="46.16584" lon="6.59828">
        <ele>1860.56</ele>
      </trkpt>
      <trkpt lat="46.16585" lon="6.59826">
        <ele>1859.7</ele>
      </trkpt>
      <trkpt lat="46.16586" lon="6.59826">
        <ele>1859.79</ele>
      </trkpt>
      <trkpt lat="46.1659" lon="6.5983">
        <ele>1861.95</ele>
      </trkpt>
      <trkpt lat="46.16591" lon="6.59832">
        <ele>1862.94</ele>
      </trkpt>
      <trkpt lat="46.16592" lon="6.59833">
        <ele>1863.47</ele>
      </trkpt>
      <trkpt lat="46.16594" lon="6.59832">
        <ele>1863.16</ele>
      </trkpt>
      <trkpt lat="46.16595" lon="6.59833">
        <ele>1863.69</ele>
      </trkpt>
      <trkpt lat="46.16597" lon="6.59835">
        <ele>1864.46</ele>
      </trkpt>
      <trkpt lat="46.166" lon="6.59837">
        <ele>1865.28</ele>
      </trkpt>
      <trkpt lat="46.16602" lon="6.59839">
        <ele>1866.05</ele>
      </trkpt>
      <trkpt lat="46.16604" lon="6.5984">
        <ele>1866.53</ele>
      </trkpt>
      <trkpt lat="46.16609" lon="6.59849">
        <ele>1869.84</ele>
      </trkpt>
      <trkpt lat="46.1661" lon="6.59851">
        <ele>1870.59</ele>
      </trkpt>
      <trkpt lat="46.16611" lon="6.59851">
        <ele>1870.71</ele>
      </trkpt>
      <trkpt lat="46.16617" lon="6.59851">
        <ele>1870.9</ele>
      </trkpt>
      <trkpt lat="46.16618" lon="6.59852">
        <ele>1871.21</ele>
      </trkpt>
      <trkpt lat="46.16619" lon="6.59853">
        <ele>1871.5</ele>
      </trkpt>
      <trkpt lat="46.16619" lon="6.59854">
        <ele>1871.78</ele>
      </trkpt>
      <trkpt lat="46.1662" lon="6.59854">
        <ele>1871.79</ele>
      </trkpt>
      <trkpt lat="46.16623" lon="6.59855">
        <ele>1872.06</ele>
      </trkpt>
      <trkpt lat="46.16624" lon="6.59852">
        <ele>1871.34</ele>
      </trkpt>
      <trkpt lat="46.16625" lon="6.59851">
        <ele>1871.13</ele>
      </trkpt>
      <trkpt lat="46.16626" lon="6.59851">
        <ele>1871.16</ele>
      </trkpt>
      <trkpt lat="46.16627" lon="6.59852">
        <ele>1871.41</ele>
      </trkpt>
      <trkpt lat="46.16628" lon="6.59852">
        <ele>1871.44</ele>
      </trkpt>
      <trkpt lat="46.16632" lon="6.59854">
        <ele>1871.91</ele>
      </trkpt>
      <trkpt lat="46.16639" lon="6.59856">
        <ele>1872.28</ele>
      </trkpt>
      <trkpt lat="46.16642" lon="6.59857">
        <ele>1872.77</ele>
      </trkpt>
      <trkpt lat="46.16646" lon="6.5986">
        <ele>1874</ele>
      </trkpt>
      <trkpt lat="46.1665" lon="6.5986">
        <ele>1874.65</ele>
      </trkpt>
      <trkpt lat="46.16652" lon="6.59861">
        <ele>1875.32</ele>
      </trkpt>
      <trkpt lat="46.16652" lon="6.59862">
        <ele>1875.99</ele>
      </trkpt>
      <trkpt lat="46.16654" lon="6.59862">
        <ele>1876.37</ele>
      </trkpt>
      <trkpt lat="46.16657" lon="6.59865">
        <ele>1879.19</ele>
      </trkpt>
      <trkpt lat="46.16658" lon="6.59865">
        <ele>1879.4</ele>
      </trkpt>
      <trkpt lat="46.16659" lon="6.59867">
        <ele>1881.14</ele>
      </trkpt>
      <trkpt lat="46.16661" lon="6.59869">
        <ele>1883.16</ele>
      </trkpt>
      <trkpt lat="46.16663" lon="6.59869">
        <ele>1883.65</ele>
      </trkpt>
      <trkpt lat="46.16664" lon="6.5987">
        <ele>1884.7</ele>
      </trkpt>
      <trkpt lat="46.16667" lon="6.59872">
        <ele>1887.17</ele>
      </trkpt>
      <trkpt lat="46.16668" lon="6.59873">
        <ele>1888.43</ele>
      </trkpt>
      <trkpt lat="46.1667" lon="6.59875">
        <ele>1890.94</ele>
      </trkpt>
      <trkpt lat="46.16671" lon="6.59875">
        <ele>1891.37</ele>
      </trkpt>
      <trkpt lat="46.16673" lon="6.59875">
        <ele>1892.24</ele>
      </trkpt>
      <trkpt lat="46.16674" lon="6.59875">
        <ele>1892.67</ele>
      </trkpt>
      <trkpt lat="46.16676" lon="6.59876">
        <ele>1894.31</ele>
      </trkpt>
      <trkpt lat="46.16677" lon="6.59875">
        <ele>1893.96</ele>
      </trkpt>
      <trkpt lat="46.16678" lon="6.59878">
        <ele>1896.7</ele>
      </trkpt>
      <trkpt lat="46.1668" lon="6.5988">
        <ele>1899.05</ele>
      </trkpt>
      <trkpt lat="46.16682" lon="6.59879">
        <ele>1899.12</ele>
      </trkpt>
      <trkpt lat="46.16683" lon="6.5988">
        <ele>1900.27</ele>
      </trkpt>
      <trkpt lat="46.16685" lon="6.5988">
        <ele>1901.08</ele>
      </trkpt>
      <trkpt lat="46.16687" lon="6.59882">
        <ele>1903.34</ele>
      </trkpt>
      <trkpt lat="46.16689" lon="6.59885">
        <ele>1906.27</ele>
      </trkpt>
      <trkpt lat="46.16691" lon="6.59885">
        <ele>1907.03</ele>
      </trkpt>
      <trkpt lat="46.16692" lon="6.59887">
        <ele>1908.8</ele>
      </trkpt>
      <trkpt lat="46.16694" lon="6.59889">
        <ele>1910.85</ele>
      </trkpt>
      <trkpt lat="46.16695" lon="6.59892">
        <ele>1911.26</ele>
      </trkpt>
      <trkpt lat="46.16699" lon="6.59898">
        <ele>1911.7</ele>
      </trkpt>
      <trkpt lat="46.16702" lon="6.59903">
        <ele>1912.55</ele>
      </trkpt>
      <trkpt lat="46.16705" lon="6.59908">
        <ele>1913.78</ele>
      </trkpt>
      <trkpt lat="46.16706" lon="6.5991">
        <ele>1914.36</ele>
      </trkpt>
      <trkpt lat="46.16707" lon="6.5991">
        <ele>1914.46</ele>
      </trkpt>
      <trkpt lat="46.16709" lon="6.59911">
        <ele>1914.94</ele>
      </trkpt>
      <trkpt lat="46.16712" lon="6.59915">
        <ele>1916.6</ele>
      </trkpt>
      <trkpt lat="46.16713" lon="6.59915">
        <ele>1916.76</ele>
      </trkpt>
      <trkpt lat="46.16715" lon="6.59916">
        <ele>1917.45</ele>
      </trkpt>
      <trkpt lat="46.16716" lon="6.59919">
        <ele>1918.15</ele>
      </trkpt>
      <trkpt lat="46.1672" lon="6.59922">
        <ele>1919.19</ele>
      </trkpt>
      <trkpt lat="46.1672" lon="6.59924">
        <ele>1919.41</ele>
      </trkpt>
      <trkpt lat="46.16723" lon="6.59928">
        <ele>1920.29</ele>
      </trkpt>
      <trkpt lat="46.16724" lon="6.5993">
        <ele>1920.62</ele>
      </trkpt>
      <trkpt lat="46.16725" lon="6.59931">
        <ele>1920.86</ele>
      </trkpt>
      <trkpt lat="46.16725" lon="6.59933">
        <ele>1921.12</ele>
      </trkpt>
      <trkpt lat="46.16727" lon="6.59935">
        <ele>1921.66</ele>
      </trkpt>
      <trkpt lat="46.16728" lon="6.59936">
        <ele>1921.96</ele>
      </trkpt>
      <trkpt lat="46.16728" lon="6.59937">
        <ele>1922.11</ele>
      </trkpt>
      <trkpt lat="46.16731" lon="6.59939">
        <ele>1922.94</ele>
      </trkpt>
      <trkpt lat="46.16732" lon="6.59942">
        <ele>1923.66</ele>
      </trkpt>
      <trkpt lat="46.16733" lon="6.59943">
        <ele>1924.05</ele>
      </trkpt>
      <trkpt lat="46.16735" lon="6.59943">
        <ele>1924.46</ele>
      </trkpt>
      <trkpt lat="46.16736" lon="6.59943">
        <ele>1924.67</ele>
      </trkpt>
      <trkpt lat="46.16737" lon="6.59944">
        <ele>1925.09</ele>
      </trkpt>
      <trkpt lat="46.16738" lon="6.59944">
        <ele>1925.31</ele>
      </trkpt>
      <trkpt lat="46.16739" lon="6.59945">
        <ele>1925.65</ele>
      </trkpt>
      <trkpt lat="46.16742" lon="6.59948">
        <ele>1926.44</ele>
      </trkpt>
      <trkpt lat="46.16745" lon="6.5995">
        <ele>1927.16</ele>
      </trkpt>
      <trkpt lat="46.16747" lon="6.59951">
        <ele>1927.61</ele>
      </trkpt>
      <trkpt lat="46.16754" lon="6.59954">
        <ele>1928.97</ele>
      </trkpt>
      <trkpt lat="46.16758" lon="6.59955">
        <ele>1929.68</ele>
      </trkpt>
      <trkpt lat="46.16761" lon="6.59957">
        <ele>1930.36</ele>
      </trkpt>
      <trkpt lat="46.16764" lon="6.59958">
        <ele>1930.98</ele>
      </trkpt>
      <trkpt lat="46.16766" lon="6.59958">
        <ele>1931.34</ele>
      </trkpt>
      <trkpt lat="46.16767" lon="6.59959">
        <ele>1931.64</ele>
      </trkpt>
      <trkpt lat="46.1677" lon="6.59961">
        <ele>1932.47</ele>
      </trkpt>
      <trkpt lat="46.16772" lon="6.59961">
        <ele>1932.86</ele>
      </trkpt>
      <trkpt lat="46.16774" lon="6.59963">
        <ele>1933.57</ele>
      </trkpt>
      <trkpt lat="46.16777" lon="6.59968">
        <ele>1935.06</ele>
      </trkpt>
      <trkpt lat="46.16781" lon="6.59972">
        <ele>1935.61</ele>
      </trkpt>
      <trkpt lat="46.16782" lon="6.59973">
        <ele>1935.5</ele>
      </trkpt>
      <trkpt lat="46.16785" lon="6.59973">
        <ele>1935.21</ele>
      </trkpt>
      <trkpt lat="46.16787" lon="6.59975">
        <ele>1935.04</ele>
      </trkpt>
      <trkpt lat="46.1679" lon="6.59977">
        <ele>1934.92</ele>
      </trkpt>
      <trkpt lat="46.16791" lon="6.59978">
        <ele>1934.94</ele>
      </trkpt>
      <trkpt lat="46.16793" lon="6.59978">
        <ele>1934.87</ele>
      </trkpt>
      <trkpt lat="46.16798" lon="6.59983">
        <ele>1935.48</ele>
      </trkpt>
      <trkpt lat="46.16801" lon="6.59984">
        <ele>1935.76</ele>
      </trkpt>
      <trkpt lat="46.16803" lon="6.59985">
        <ele>1936.07</ele>
      </trkpt>
      <trkpt lat="46.16805" lon="6.59986">
        <ele>1936.43</ele>
      </trkpt>
      <trkpt lat="46.1681" lon="6.59986">
        <ele>1935.59</ele>
      </trkpt>
      <trkpt lat="46.16811" lon="6.59987">
        <ele>1935.66</ele>
      </trkpt>
      <trkpt lat="46.16812" lon="6.59984">
        <ele>1934.64</ele>
      </trkpt>
      <trkpt lat="46.16814" lon="6.59984">
        <ele>1934.23</ele>
      </trkpt>
      <trkpt lat="46.16819" lon="6.59982">
        <ele>1932.59</ele>
      </trkpt>
      <trkpt lat="46.16821" lon="6.59982">
        <ele>1932.16</ele>
      </trkpt>
      <trkpt lat="46.1683" lon="6.59988">
        <ele>1932.32</ele>
      </trkpt>
      <trkpt lat="46.16831" lon="6.59989">
        <ele>1932.48</ele>
      </trkpt>
      <trkpt lat="46.16834" lon="6.59992">
        <ele>1932.97</ele>
      </trkpt>
      <trkpt lat="46.16835" lon="6.59995">
        <ele>1933.83</ele>
      </trkpt>
      <trkpt lat="46.16836" lon="6.59997">
        <ele>1934.33</ele>
      </trkpt>
      <trkpt lat="46.16837" lon="6.59999">
        <ele>1934.84</ele>
      </trkpt>
      <trkpt lat="46.1684" lon="6.59997">
        <ele>1933.45</ele>
      </trkpt>
      <trkpt lat="46.1684" lon="6.59997">
        <ele>1933.45</ele>
      </trkpt>
      <trkpt lat="46.16663" lon="6.59901">
        <ele>1903.79</ele>
      </trkpt>
      <trkpt lat="46.16658" lon="6.59903">
        <ele>1902.33</ele>
      </trkpt>
      <trkpt lat="46.16652" lon="6.59906">
        <ele>1900.7</ele>
      </trkpt>
      <trkpt lat="46.16648" lon="6.59913">
        <ele>1901.12</ele>
      </trkpt>
      <trkpt lat="46.16643" lon="6.59916">
        <ele>1899.72</ele>
      </trkpt>
      <trkpt lat="46.16638" lon="6.5992">
        <ele>1897.07</ele>
      </trkpt>
      <trkpt lat="46.16633" lon="6.59921">
        <ele>1894.41</ele>
      </trkpt>
      <trkpt lat="46.16628" lon="6.59927">
        <ele>1891.02</ele>
      </trkpt>
      <trkpt lat="46.16623" lon="6.59928">
        <ele>1888.36</ele>
      </trkpt>
      <trkpt lat="46.16617" lon="6.59929">
        <ele>1885.19</ele>
      </trkpt>
      <trkpt lat="46.16612" lon="6.59931">
        <ele>1882.38</ele>
      </trkpt>
      <trkpt lat="46.16608" lon="6.59932">
        <ele>1880.16</ele>
      </trkpt>
      <trkpt lat="46.16603" lon="6.59934">
        <ele>1877.23</ele>
      </trkpt>
      <trkpt lat="46.16598" lon="6.59934">
        <ele>1874.6</ele>
      </trkpt>
      <trkpt lat="46.16594" lon="6.59936">
        <ele>1872.16</ele>
      </trkpt>
      <trkpt lat="46.16589" lon="6.59936">
        <ele>1869.52</ele>
      </trkpt>
      <trkpt lat="46.16585" lon="6.59941">
        <ele>1866.51</ele>
      </trkpt>
      <trkpt lat="46.1658" lon="6.59943">
        <ele>1863.1</ele>
      </trkpt>
      <trkpt lat="46.16576" lon="6.59948">
        <ele>1858.82</ele>
      </trkpt>
      <trkpt lat="46.1657" lon="6.59952">
        <ele>1853.74</ele>
      </trkpt>
      <trkpt lat="46.16566" lon="6.59957">
        <ele>1849.87</ele>
      </trkpt>
      <trkpt lat="46.16561" lon="6.5996">
        <ele>1846.4</ele>
      </trkpt>
      <trkpt lat="46.16557" lon="6.59962">
        <ele>1843.91</ele>
      </trkpt>
      <trkpt lat="46.16552" lon="6.59964">
        <ele>1840.73</ele>
      </trkpt>
      <trkpt lat="46.16547" lon="6.59969">
        <ele>1836.77</ele>
      </trkpt>
      <trkpt lat="46.16543" lon="6.5997">
        <ele>1834.25</ele>
      </trkpt>
      <trkpt lat="46.16536" lon="6.59974">
        <ele>1829.33</ele>
      </trkpt>
      <trkpt lat="46.16531" lon="6.59976">
        <ele>1826.02</ele>
      </trkpt>
      <trkpt lat="46.16523" lon="6.59978">
        <ele>1820.76</ele>
      </trkpt>
      <trkpt lat="46.16518" lon="6.59981">
        <ele>1817.1</ele>
      </trkpt>
      <trkpt lat="46.16511" lon="6.59984">
        <ele>1812.35</ele>
      </trkpt>
      <trkpt lat="46.16505" lon="6.59988">
        <ele>1808.23</ele>
      </trkpt>
      <trkpt lat="46.16501" lon="6.59988">
        <ele>1805.88</ele>
      </trkpt>
      <trkpt lat="46.16496" lon="6.5999">
        <ele>1803.66</ele>
      </trkpt>
      <trkpt lat="46.16491" lon="6.59991">
        <ele>1801.71</ele>
      </trkpt>
      <trkpt lat="46.16487" lon="6.59992">
        <ele>1800.06</ele>
      </trkpt>
      <trkpt lat="46.16481" lon="6.59992">
        <ele>1797.84</ele>
      </trkpt>
      <trkpt lat="46.16476" lon="6.59992">
        <ele>1795.99</ele>
      </trkpt>
      <trkpt lat="46.16471" lon="6.59995">
        <ele>1792.91</ele>
      </trkpt>
      <trkpt lat="46.16467" lon="6.59997">
        <ele>1790.03</ele>
      </trkpt>
      <trkpt lat="46.16462" lon="6.60001">
        <ele>1786.21</ele>
      </trkpt>
      <trkpt lat="46.16458" lon="6.60004">
        <ele>1783.24</ele>
      </trkpt>
      <trkpt lat="46.16453" lon="6.60007">
        <ele>1779.78</ele>
      </trkpt>
      <trkpt lat="46.16449" lon="6.6001">
        <ele>1776.88</ele>
      </trkpt>
      <trkpt lat="46.16444" lon="6.60014">
        <ele>1773.16</ele>
      </trkpt>
      <trkpt lat="46.16441" lon="6.60019">
        <ele>1769.82</ele>
      </trkpt>
      <trkpt lat="46.16438" lon="6.60023">
        <ele>1766.76</ele>
      </trkpt>
      <trkpt lat="46.16434" lon="6.6003">
        <ele>1762.53</ele>
      </trkpt>
      <trkpt lat="46.16431" lon="6.60038">
        <ele>1759.49</ele>
      </trkpt>
      <trkpt lat="46.1643" lon="6.60047">
        <ele>1757.77</ele>
      </trkpt>
      <trkpt lat="46.16429" lon="6.60055">
        <ele>1756.28</ele>
      </trkpt>
      <trkpt lat="46.16429" lon="6.60064">
        <ele>1754.02</ele>
      </trkpt>
      <trkpt lat="46.16429" lon="6.60072">
        <ele>1751.94</ele>
      </trkpt>
      <trkpt lat="46.16426" lon="6.6008">
        <ele>1748.83</ele>
      </trkpt>
      <trkpt lat="46.16423" lon="6.60086">
        <ele>1746.48</ele>
      </trkpt>
      <trkpt lat="46.16419" lon="6.60089">
        <ele>1744.53</ele>
      </trkpt>
      <trkpt lat="46.16414" lon="6.60092">
        <ele>1741.11</ele>
      </trkpt>
      <trkpt lat="46.1641" lon="6.60094">
        <ele>1737.69</ele>
      </trkpt>
      <trkpt lat="46.16405" lon="6.60097">
        <ele>1733.43</ele>
      </trkpt>
      <trkpt lat="46.16401" lon="6.60099">
        <ele>1730.16</ele>
      </trkpt>
      <trkpt lat="46.16398" lon="6.60104">
        <ele>1727.25</ele>
      </trkpt>
      <trkpt lat="46.16394" lon="6.60108">
        <ele>1723.89</ele>
      </trkpt>
      <trkpt lat="46.1639" lon="6.60115">
        <ele>1720.61</ele>
      </trkpt>
      <trkpt lat="46.16388" lon="6.60121">
        <ele>1719.38</ele>
      </trkpt>
      <trkpt lat="46.16387" lon="6.60129">
        <ele>1718.77</ele>
      </trkpt>
      <trkpt lat="46.16386" lon="6.6014">
        <ele>1718.16</ele>
      </trkpt>
      <trkpt lat="46.16386" lon="6.60147">
        <ele>1718.76</ele>
      </trkpt>
      <trkpt lat="46.16383" lon="6.60155">
        <ele>1718.09</ele>
      </trkpt>
      <trkpt lat="46.16379" lon="6.6016">
        <ele>1716.45</ele>
      </trkpt>
      <trkpt lat="46.16375" lon="6.60161">
        <ele>1714.5</ele>
      </trkpt>
      <trkpt lat="46.16368" lon="6.60165">
        <ele>1710.81</ele>
      </trkpt>
      <trkpt lat="46.16364" lon="6.60168">
        <ele>1708.53</ele>
      </trkpt>
      <trkpt lat="46.16359" lon="6.60172">
        <ele>1706.24</ele>
      </trkpt>
      <trkpt lat="46.16355" lon="6.60175">
        <ele>1704.8</ele>
      </trkpt>
      <trkpt lat="46.1635" lon="6.6018">
        <ele>1703</ele>
      </trkpt>
      <trkpt lat="46.16345" lon="6.60183">
        <ele>1701.2</ele>
      </trkpt>
      <trkpt lat="46.16342" lon="6.60188">
        <ele>1700.12</ele>
      </trkpt>
      <trkpt lat="46.16338" lon="6.60193">
        <ele>1698.68</ele>
      </trkpt>
      <trkpt lat="46.16333" lon="6.60197">
        <ele>1696.57</ele>
      </trkpt>
      <trkpt lat="46.16328" lon="6.60202">
        <ele>1693.84</ele>
      </trkpt>
      <trkpt lat="46.16322" lon="6.60205">
        <ele>1691.02</ele>
      </trkpt>
      <trkpt lat="46.16315" lon="6.60207">
        <ele>1687.96</ele>
      </trkpt>
      <trkpt lat="46.16311" lon="6.60211">
        <ele>1686.2</ele>
      </trkpt>
      <trkpt lat="46.16305" lon="6.60213">
        <ele>1683.68</ele>
      </trkpt>
      <trkpt lat="46.163" lon="6.60213">
        <ele>1680.8</ele>
      </trkpt>
      <trkpt lat="46.16295" lon="6.60213">
        <ele>1677.92</ele>
      </trkpt>
      <trkpt lat="46.16288" lon="6.60212">
        <ele>1673.89</ele>
      </trkpt>
      <trkpt lat="46.16283" lon="6.60212">
        <ele>1671.01</ele>
      </trkpt>
      <trkpt lat="46.16278" lon="6.6021">
        <ele>1668.13</ele>
      </trkpt>
      <trkpt lat="46.16272" lon="6.6021">
        <ele>1665.48</ele>
      </trkpt>
      <trkpt lat="46.16265" lon="6.60212">
        <ele>1662.36</ele>
      </trkpt>
      <trkpt lat="46.1626" lon="6.60213">
        <ele>1660.1</ele>
      </trkpt>
      <trkpt lat="46.16254" lon="6.60215">
        <ele>1657.32</ele>
      </trkpt>
      <trkpt lat="46.16248" lon="6.60218">
        <ele>1655.36</ele>
      </trkpt>
      <trkpt lat="46.16242" lon="6.6022">
        <ele>1655.55</ele>
      </trkpt>
      <trkpt lat="46.16231" lon="6.60224">
        <ele>1656.3</ele>
      </trkpt>
      <trkpt lat="46.16227" lon="6.60227">
        <ele>1656.48</ele>
      </trkpt>
      <trkpt lat="46.16223" lon="6.6023">
        <ele>1656.66</ele>
      </trkpt>
      <trkpt lat="46.16218" lon="6.6023">
        <ele>1656.2</ele>
      </trkpt>
      <trkpt lat="46.16212" lon="6.60232">
        <ele>1655.44</ele>
      </trkpt>
      <trkpt lat="46.16207" lon="6.60237">
        <ele>1654.86</ele>
      </trkpt>
      <trkpt lat="46.16202" lon="6.6024">
        <ele>1654.38</ele>
      </trkpt>
      <trkpt lat="46.16198" lon="6.60243">
        <ele>1654.07</ele>
      </trkpt>
      <trkpt lat="46.16193" lon="6.60246">
        <ele>1653.43</ele>
      </trkpt>
      <trkpt lat="46.16186" lon="6.60249">
        <ele>1651.75</ele>
      </trkpt>
      <trkpt lat="46.16181" lon="6.6025">
        <ele>1650.61</ele>
      </trkpt>
      <trkpt lat="46.16177" lon="6.60253">
        <ele>1649.51</ele>
      </trkpt>
      <trkpt lat="46.16171" lon="6.60253">
        <ele>1648.12</ele>
      </trkpt>
      <trkpt lat="46.16165" lon="6.60255">
        <ele>1646.72</ele>
      </trkpt>
      <trkpt lat="46.16157" lon="6.60258">
        <ele>1644.45</ele>
      </trkpt>
      <trkpt lat="46.16148" lon="6.60259">
        <ele>1641.75</ele>
      </trkpt>
      <trkpt lat="46.16142" lon="6.60261">
        <ele>1639.77</ele>
      </trkpt>
      <trkpt lat="46.16137" lon="6.60261">
        <ele>1638.02</ele>
      </trkpt>
      <trkpt lat="46.16132" lon="6.60261">
        <ele>1635.93</ele>
      </trkpt>
      <trkpt lat="46.16127" lon="6.60262">
        <ele>1633.82</ele>
      </trkpt>
      <trkpt lat="46.16122" lon="6.60264">
        <ele>1631.81</ele>
      </trkpt>
      <trkpt lat="46.16117" lon="6.60265">
        <ele>1629.9</ele>
      </trkpt>
      <trkpt lat="46.16116" lon="6.60268">
        <ele>1629.72</ele>
      </trkpt>
      <trkpt lat="46.16116" lon="6.60268">
        <ele>1629.72</ele>
      </trkpt>
      <trkpt lat="46.16107" lon="6.60273">
        <ele>1627.22</ele>
      </trkpt>
      <trkpt lat="46.161" lon="6.6028">
        <ele>1625.75</ele>
      </trkpt>
      <trkpt lat="46.16094" lon="6.60283">
        <ele>1624.2</ele>
      </trkpt>
      <trkpt lat="46.16088" lon="6.60285">
        <ele>1622.86</ele>
      </trkpt>
      <trkpt lat="46.16081" lon="6.60289">
        <ele>1622.21</ele>
      </trkpt>
      <trkpt lat="46.16077" lon="6.60291">
        <ele>1622.43</ele>
      </trkpt>
      <trkpt lat="46.16071" lon="6.60293">
        <ele>1622.64</ele>
      </trkpt>
      <trkpt lat="46.16063" lon="6.60293">
        <ele>1622.64</ele>
      </trkpt>
      <trkpt lat="46.16058" lon="6.60294">
        <ele>1622.75</ele>
      </trkpt>
      <trkpt lat="46.1605" lon="6.60294">
        <ele>1621.62</ele>
      </trkpt>
      <trkpt lat="46.16042" lon="6.60295">
        <ele>1620.17</ele>
      </trkpt>
      <trkpt lat="46.16034" lon="6.60296">
        <ele>1618.8</ele>
      </trkpt>
      <trkpt lat="46.16026" lon="6.60296">
        <ele>1616.66</ele>
      </trkpt>
      <trkpt lat="46.1602" lon="6.60297">
        <ele>1613.69</ele>
      </trkpt>
      <trkpt lat="46.16012" lon="6.60302">
        <ele>1609.96</ele>
      </trkpt>
      <trkpt lat="46.16006" lon="6.60304">
        <ele>1606.59</ele>
      </trkpt>
      <trkpt lat="46.16001" lon="6.60309">
        <ele>1603.72</ele>
      </trkpt>
      <trkpt lat="46.15997" lon="6.60311">
        <ele>1602.14</ele>
      </trkpt>
      <trkpt lat="46.15991" lon="6.60316">
        <ele>1600.26</ele>
      </trkpt>
      <trkpt lat="46.15987" lon="6.60318">
        <ele>1598.98</ele>
      </trkpt>
      <trkpt lat="46.15984" lon="6.60323">
        <ele>1598.23</ele>
      </trkpt>
      <trkpt lat="46.15979" lon="6.60326">
        <ele>1596.73</ele>
      </trkpt>
      <trkpt lat="46.15976" lon="6.60331">
        <ele>1596.07</ele>
      </trkpt>
      <trkpt lat="46.15972" lon="6.60337">
        <ele>1594.98</ele>
      </trkpt>
      <trkpt lat="46.15968" lon="6.60344">
        <ele>1594.6</ele>
      </trkpt>
      <trkpt lat="46.15965" lon="6.6035">
        <ele>1594.38</ele>
      </trkpt>
      <trkpt lat="46.15964" lon="6.60361">
        <ele>1594.41</ele>
      </trkpt>
      <trkpt lat="46.15965" lon="6.60368">
        <ele>1594.3</ele>
      </trkpt>
      <trkpt lat="46.15968" lon="6.60374">
        <ele>1594.3</ele>
      </trkpt>
      <trkpt lat="46.15971" lon="6.6038">
        <ele>1594.26</ele>
      </trkpt>
      <trkpt lat="46.15975" lon="6.60386">
        <ele>1594.54</ele>
      </trkpt>
      <trkpt lat="46.15979" lon="6.60392">
        <ele>1594.84</ele>
      </trkpt>
      <trkpt lat="46.15983" lon="6.60398">
        <ele>1595.1</ele>
      </trkpt>
      <trkpt lat="46.15987" lon="6.60402">
        <ele>1595.4</ele>
      </trkpt>
      <trkpt lat="46.15991" lon="6.60406">
        <ele>1595.67</ele>
      </trkpt>
      <trkpt lat="46.15993" lon="6.60412">
        <ele>1595.54</ele>
      </trkpt>
      <trkpt lat="46.15996" lon="6.6042">
        <ele>1594.08</ele>
      </trkpt>
      <trkpt lat="46.15997" lon="6.60421">
        <ele>1593.68</ele>
      </trkpt>
      <trkpt lat="46.15997" lon="6.60421">
        <ele>1593.68</ele>
      </trkpt>
      <trkpt lat="46.16002" lon="6.60432">
        <ele>1587.78</ele>
      </trkpt>
      <trkpt lat="46.16004" lon="6.60441">
        <ele>1582.84</ele>
      </trkpt>
      <trkpt lat="46.16008" lon="6.60448">
        <ele>1579.05</ele>
      </trkpt>
      <trkpt lat="46.1601" lon="6.60456">
        <ele>1575.8</ele>
      </trkpt>
      <trkpt lat="46.16012" lon="6.60463">
        <ele>1572.82</ele>
      </trkpt>
      <trkpt lat="46.16013" lon="6.60473">
        <ele>1569.02</ele>
      </trkpt>
      <trkpt lat="46.16013" lon="6.60483">
        <ele>1565.97</ele>
      </trkpt>
      <trkpt lat="46.16012" lon="6.60491">
        <ele>1563.84</ele>
      </trkpt>
      <trkpt lat="46.16012" lon="6.605">
        <ele>1561.11</ele>
      </trkpt>
      <trkpt lat="46.16012" lon="6.60508">
        <ele>1559.43</ele>
      </trkpt>
      <trkpt lat="46.16012" lon="6.60516">
        <ele>1557.75</ele>
      </trkpt>
      <trkpt lat="46.16011" lon="6.60523">
        <ele>1556.45</ele>
      </trkpt>
      <trkpt lat="46.16011" lon="6.60531">
        <ele>1555.11</ele>
      </trkpt>
      <trkpt lat="46.16011" lon="6.60542">
        <ele>1554.08</ele>
      </trkpt>
      <trkpt lat="46.16011" lon="6.60549">
        <ele>1553.43</ele>
      </trkpt>
      <trkpt lat="46.1601" lon="6.60562">
        <ele>1551.91</ele>
      </trkpt>
      <trkpt lat="46.1601" lon="6.60571">
        <ele>1550.5</ele>
      </trkpt>
      <trkpt lat="46.1601" lon="6.60579">
        <ele>1549.24</ele>
      </trkpt>
      <trkpt lat="46.16011" lon="6.60588">
        <ele>1547.51</ele>
      </trkpt>
      <trkpt lat="46.16011" lon="6.606">
        <ele>1545.19</ele>
      </trkpt>
      <trkpt lat="46.16011" lon="6.60614">
        <ele>1542.17</ele>
      </trkpt>
      <trkpt lat="46.16011" lon="6.60625">
        <ele>1538.84</ele>
      </trkpt>
      <trkpt lat="46.16011" lon="6.60634">
        <ele>1536.12</ele>
      </trkpt>
      <trkpt lat="46.16012" lon="6.60642">
        <ele>1533.21</ele>
      </trkpt>
      <trkpt lat="46.16013" lon="6.60652">
        <ele>1529.54</ele>
      </trkpt>
      <trkpt lat="46.16013" lon="6.6066">
        <ele>1526.91</ele>
      </trkpt>
      <trkpt lat="46.16015" lon="6.60669">
        <ele>1523.52</ele>
      </trkpt>
      <trkpt lat="46.16015" lon="6.60677">
        <ele>1521.13</ele>
      </trkpt>
      <trkpt lat="46.16017" lon="6.60686">
        <ele>1518.19</ele>
      </trkpt>
      <trkpt lat="46.1602" lon="6.60694">
        <ele>1515.68</ele>
      </trkpt>
      <trkpt lat="46.16021" lon="6.60704">
        <ele>1514.8</ele>
      </trkpt>
      <trkpt lat="46.16022" lon="6.60712">
        <ele>1514.15</ele>
      </trkpt>
      <trkpt lat="46.16022" lon="6.6072">
        <ele>1513.58</ele>
      </trkpt>
      <trkpt lat="46.16023" lon="6.60727">
        <ele>1512.94</ele>
      </trkpt>
      <trkpt lat="46.16023" lon="6.60737">
        <ele>1512.1</ele>
      </trkpt>
      <trkpt lat="46.1602" lon="6.60741">
        <ele>1511.83</ele>
      </trkpt>
      <trkpt lat="46.16016" lon="6.60748">
        <ele>1511.21</ele>
      </trkpt>
      <trkpt lat="46.16012" lon="6.60755">
        <ele>1510.28</ele>
      </trkpt>
      <trkpt lat="46.16009" lon="6.6076">
        <ele>1509.56</ele>
      </trkpt>
      <trkpt lat="46.16005" lon="6.60765">
        <ele>1508.84</ele>
      </trkpt>
      <trkpt lat="46.16001" lon="6.60771">
        <ele>1507.98</ele>
      </trkpt>
      <trkpt lat="46.15998" lon="6.60775">
        <ele>1507.33</ele>
      </trkpt>
      <trkpt lat="46.15993" lon="6.60785">
        <ele>1505.71</ele>
      </trkpt>
      <trkpt lat="46.1599" lon="6.60794">
        <ele>1504.56</ele>
      </trkpt>
      <trkpt lat="46.15988" lon="6.608">
        <ele>1503.95</ele>
      </trkpt>
      <trkpt lat="46.15986" lon="6.60806">
        <ele>1503.46</ele>
      </trkpt>
      <trkpt lat="46.15985" lon="6.60814">
        <ele>1502.52</ele>
      </trkpt>
      <trkpt lat="46.15984" lon="6.60826">
        <ele>1500.98</ele>
      </trkpt>
      <trkpt lat="46.15982" lon="6.60832">
        <ele>1500.19</ele>
      </trkpt>
      <trkpt lat="46.15981" lon="6.6084">
        <ele>1499.27</ele>
      </trkpt>
      <trkpt lat="46.15981" lon="6.60847">
        <ele>1498.5</ele>
      </trkpt>
      <trkpt lat="46.15981" lon="6.60858">
        <ele>1497.29</ele>
      </trkpt>
      <trkpt lat="46.15979" lon="6.60867">
        <ele>1496.05</ele>
      </trkpt>
      <trkpt lat="46.15979" lon="6.60875">
        <ele>1495.12</ele>
      </trkpt>
      <trkpt lat="46.15978" lon="6.60882">
        <ele>1494.34</ele>
      </trkpt>
      <trkpt lat="46.15977" lon="6.6089">
        <ele>1493.33</ele>
      </trkpt>
      <trkpt lat="46.15977" lon="6.60898">
        <ele>1490.98</ele>
      </trkpt>
      <trkpt lat="46.15977" lon="6.60905">
        <ele>1488.92</ele>
      </trkpt>
      <trkpt lat="46.15979" lon="6.60913">
        <ele>1486.36</ele>
      </trkpt>
      <trkpt lat="46.15983" lon="6.60918">
        <ele>1484.56</ele>
      </trkpt>
      <trkpt lat="46.15987" lon="6.60921">
        <ele>1483.46</ele>
      </trkpt>
      <trkpt lat="46.15993" lon="6.60922">
        <ele>1482.51</ele>
      </trkpt>
      <trkpt lat="46.16001" lon="6.60923">
        <ele>1481.41</ele>
      </trkpt>
      <trkpt lat="46.16006" lon="6.60924">
        <ele>1481.13</ele>
      </trkpt>
      <trkpt lat="46.16014" lon="6.60924">
        <ele>1481.1</ele>
      </trkpt>
      <trkpt lat="46.1602" lon="6.60924">
        <ele>1481.07</ele>
      </trkpt>
      <trkpt lat="46.16026" lon="6.60924">
        <ele>1481.05</ele>
      </trkpt>
      <trkpt lat="46.16032" lon="6.60925">
        <ele>1479.76</ele>
      </trkpt>
      <trkpt lat="46.16037" lon="6.60926">
        <ele>1478.42</ele>
      </trkpt>
      <trkpt lat="46.16041" lon="6.60929">
        <ele>1476.49</ele>
      </trkpt>
      <trkpt lat="46.16046" lon="6.60931">
        <ele>1475.04</ele>
      </trkpt>
      <trkpt lat="46.1605" lon="6.60934">
        <ele>1473.53</ele>
      </trkpt>
      <trkpt lat="46.16055" lon="6.60937">
        <ele>1472.18</ele>
      </trkpt>
      <trkpt lat="46.16059" lon="6.60942">
        <ele>1470.7</ele>
      </trkpt>
      <trkpt lat="46.16065" lon="6.60945">
        <ele>1469.86</ele>
      </trkpt>
      <trkpt lat="46.16068" lon="6.6095">
        <ele>1468.6</ele>
      </trkpt>
      <trkpt lat="46.16072" lon="6.60956">
        <ele>1467.09</ele>
      </trkpt>
      <trkpt lat="46.16077" lon="6.60961">
        <ele>1465.83</ele>
      </trkpt>
      <trkpt lat="46.16081" lon="6.60964">
        <ele>1465.07</ele>
      </trkpt>
      <trkpt lat="46.16086" lon="6.60969">
        <ele>1464.27</ele>
      </trkpt>
      <trkpt lat="46.16089" lon="6.60974">
        <ele>1463.7</ele>
      </trkpt>
      <trkpt lat="46.16092" lon="6.60978">
        <ele>1463.52</ele>
      </trkpt>
      <trkpt lat="46.16096" lon="6.60986">
        <ele>1462.8</ele>
      </trkpt>
      <trkpt lat="46.16098" lon="6.60992">
        <ele>1462.08</ele>
      </trkpt>
      <trkpt lat="46.161" lon="6.61">
        <ele>1461</ele>
      </trkpt>
      <trkpt lat="46.16102" lon="6.6101">
        <ele>1459.93</ele>
      </trkpt>
      <trkpt lat="46.16103" lon="6.61019">
        <ele>1458.89</ele>
      </trkpt>
      <trkpt lat="46.16105" lon="6.6103">
        <ele>1458.11</ele>
      </trkpt>
      <trkpt lat="46.16106" lon="6.61038">
        <ele>1457.96</ele>
      </trkpt>
      <trkpt lat="46.16107" lon="6.61047">
        <ele>1457.82</ele>
      </trkpt>
      <trkpt lat="46.16107" lon="6.61055">
        <ele>1457.4</ele>
      </trkpt>
      <trkpt lat="46.16108" lon="6.61063">
        <ele>1456.67</ele>
      </trkpt>
      <trkpt lat="46.16111" lon="6.61068">
        <ele>1457.16</ele>
      </trkpt>
      <trkpt lat="46.16116" lon="6.61071">
        <ele>1457.3</ele>
      </trkpt>
      <trkpt lat="46.1612" lon="6.61076">
        <ele>1457.02</ele>
      </trkpt>
      <trkpt lat="46.16125" lon="6.61079">
        <ele>1457.12</ele>
      </trkpt>
      <trkpt lat="46.16129" lon="6.61084">
        <ele>1456.82</ele>
      </trkpt>
      <trkpt lat="46.16133" lon="6.61089">
        <ele>1456.39</ele>
      </trkpt>
      <trkpt lat="46.16137" lon="6.61094">
        <ele>1455.9</ele>
      </trkpt>
      <trkpt lat="46.16142" lon="6.61102">
        <ele>1454.61</ele>
      </trkpt>
      <trkpt lat="46.16145" lon="6.61106">
        <ele>1453.98</ele>
      </trkpt>
      <trkpt lat="46.16148" lon="6.61111">
        <ele>1453.34</ele>
      </trkpt>
      <trkpt lat="46.16153" lon="6.61115">
        <ele>1452.87</ele>
      </trkpt>
      <trkpt lat="46.16157" lon="6.61116">
        <ele>1452.78</ele>
      </trkpt>
      <trkpt lat="46.16162" lon="6.6112">
        <ele>1452.07</ele>
      </trkpt>
      <trkpt lat="46.16167" lon="6.61123">
        <ele>1451.48</ele>
      </trkpt>
      <trkpt lat="46.16169" lon="6.61129">
        <ele>1450.39</ele>
      </trkpt>
      <trkpt lat="46.16173" lon="6.61139">
        <ele>1448.44</ele>
      </trkpt>
      <trkpt lat="46.16176" lon="6.61147">
        <ele>1447.11</ele>
      </trkpt>
      <trkpt lat="46.16178" lon="6.61153">
        <ele>1446.07</ele>
      </trkpt>
      <trkpt lat="46.1618" lon="6.6116">
        <ele>1444.8</ele>
      </trkpt>
      <trkpt lat="46.16181" lon="6.61166">
        <ele>1443.65</ele>
      </trkpt>
      <trkpt lat="46.16182" lon="6.61172">
        <ele>1442.02</ele>
      </trkpt>
      <trkpt lat="46.16185" lon="6.61184">
        <ele>1438.67</ele>
      </trkpt>
      <trkpt lat="46.16185" lon="6.61192">
        <ele>1436.36</ele>
      </trkpt>
      <trkpt lat="46.16185" lon="6.61199">
        <ele>1434.02</ele>
      </trkpt>
      <trkpt lat="46.16185" lon="6.61209">
        <ele>1430.42</ele>
      </trkpt>
      <trkpt lat="46.16186" lon="6.61215">
        <ele>1428.3</ele>
      </trkpt>
      <trkpt lat="46.16187" lon="6.61222">
        <ele>1425.81</ele>
      </trkpt>
      <trkpt lat="46.16189" lon="6.61228">
        <ele>1423.47</ele>
      </trkpt>
      <trkpt lat="46.16192" lon="6.61234">
        <ele>1420.97</ele>
      </trkpt>
      <trkpt lat="46.16193" lon="6.61241">
        <ele>1417.98</ele>
      </trkpt>
      <trkpt lat="46.16194" lon="6.61247">
        <ele>1415.34</ele>
      </trkpt>
      <trkpt lat="46.16197" lon="6.61254">
        <ele>1412.36</ele>
      </trkpt>
      <trkpt lat="46.16201" lon="6.6126">
        <ele>1410.06</ele>
      </trkpt>
      <trkpt lat="46.16205" lon="6.61264">
        <ele>1408.65</ele>
      </trkpt>
      <trkpt lat="46.16209" lon="6.61269">
        <ele>1407.03</ele>
      </trkpt>
      <trkpt lat="46.16213" lon="6.61271">
        <ele>1406.53</ele>
      </trkpt>
      <trkpt lat="46.16218" lon="6.61276">
        <ele>1405.24</ele>
      </trkpt>
      <trkpt lat="46.16223" lon="6.61281">
        <ele>1404.34</ele>
      </trkpt>
      <trkpt lat="46.16228" lon="6.61286">
        <ele>1403.56</ele>
      </trkpt>
      <trkpt lat="46.16233" lon="6.61289">
        <ele>1403.28</ele>
      </trkpt>
      <trkpt lat="46.16237" lon="6.61294">
        <ele>1402.65</ele>
      </trkpt>
      <trkpt lat="46.1624" lon="6.61299">
        <ele>1402.03</ele>
      </trkpt>
      <trkpt lat="46.16245" lon="6.61303">
        <ele>1401.86</ele>
      </trkpt>
      <trkpt lat="46.16248" lon="6.61308">
        <ele>1401.32</ele>
      </trkpt>
      <trkpt lat="46.16253" lon="6.61311">
        <ele>1401.75</ele>
      </trkpt>
      <trkpt lat="46.16254" lon="6.61318">
        <ele>1400.7</ele>
      </trkpt>
      <trkpt lat="46.16256" lon="6.61324">
        <ele>1400.05</ele>
      </trkpt>
      <trkpt lat="46.1626" lon="6.61329">
        <ele>1400</ele>
      </trkpt>
      <trkpt lat="46.16266" lon="6.61331">
        <ele>1400.92</ele>
      </trkpt>
      <trkpt lat="46.16272" lon="6.61335">
        <ele>1400.9</ele>
      </trkpt>
      <trkpt lat="46.16276" lon="6.61338">
        <ele>1400.25</ele>
      </trkpt>
      <trkpt lat="46.1628" lon="6.61343">
        <ele>1398.05</ele>
      </trkpt>
      <trkpt lat="46.16283" lon="6.6135">
        <ele>1394.56</ele>
      </trkpt>
      <trkpt lat="46.16287" lon="6.61357">
        <ele>1391.26</ele>
      </trkpt>
      <trkpt lat="46.16289" lon="6.61363">
        <ele>1388.47</ele>
      </trkpt>
      <trkpt lat="46.1629" lon="6.6137">
        <ele>1385.13</ele>
      </trkpt>
      <trkpt lat="46.16293" lon="6.61376">
        <ele>1382.79</ele>
      </trkpt>
      <trkpt lat="46.16294" lon="6.61383">
        <ele>1379.87</ele>
      </trkpt>
      <trkpt lat="46.16289" lon="6.61387">
        <ele>1376.57</ele>
      </trkpt>
      <trkpt lat="46.16283" lon="6.6139">
        <ele>1373.24</ele>
      </trkpt>
      <trkpt lat="46.16279" lon="6.61394">
        <ele>1370.36</ele>
      </trkpt>
      <trkpt lat="46.16276" lon="6.61401">
        <ele>1366.79</ele>
      </trkpt>
      <trkpt lat="46.16274" lon="6.61407">
        <ele>1363.92</ele>
      </trkpt>
      <trkpt lat="46.16273" lon="6.61415">
        <ele>1360.47</ele>
      </trkpt>
      <trkpt lat="46.16272" lon="6.61421">
        <ele>1358.15</ele>
      </trkpt>
      <trkpt lat="46.16268" lon="6.61425">
        <ele>1356.29</ele>
      </trkpt>
      <trkpt lat="46.16265" lon="6.61432">
        <ele>1354.25</ele>
      </trkpt>
      <trkpt lat="46.1626" lon="6.61434">
        <ele>1353.65</ele>
      </trkpt>
      <trkpt lat="46.16254" lon="6.61437">
        <ele>1353.22</ele>
      </trkpt>
      <trkpt lat="46.16249" lon="6.61438">
        <ele>1352.85</ele>
      </trkpt>
      <trkpt lat="46.16245" lon="6.61439">
        <ele>1351.21</ele>
      </trkpt>
      <trkpt lat="46.1624" lon="6.61441">
        <ele>1348.89</ele>
      </trkpt>
      <trkpt lat="46.16235" lon="6.6144">
        <ele>1347</ele>
      </trkpt>
      <trkpt lat="46.16231" lon="6.6144">
        <ele>1345.36</ele>
      </trkpt>
      <trkpt lat="46.16226" lon="6.61441">
        <ele>1342.96</ele>
      </trkpt>
      <trkpt lat="46.16222" lon="6.61444">
        <ele>1340.18</ele>
      </trkpt>
      <trkpt lat="46.16217" lon="6.61446">
        <ele>1339.57</ele>
      </trkpt>
      <trkpt lat="46.16213" lon="6.61451">
        <ele>1338.03</ele>
      </trkpt>
      <trkpt lat="46.16208" lon="6.61454">
        <ele>1336.89</ele>
      </trkpt>
      <trkpt lat="46.16204" lon="6.61458">
        <ele>1335.3</ele>
      </trkpt>
      <trkpt lat="46.16204" lon="6.61466">
        <ele>1332.53</ele>
      </trkpt>
      <trkpt lat="46.16205" lon="6.61468">
        <ele>1331.96</ele>
      </trkpt>
      <trkpt lat="46.16205" lon="6.61468">
        <ele>1331.96</ele>
      </trkpt>
      <trkpt lat="46.16205" lon="6.61469">
        <ele>1331.62</ele>
      </trkpt>
      <trkpt lat="46.16208" lon="6.61476">
        <ele>1329.79</ele>
      </trkpt>
      <trkpt lat="46.16212" lon="6.61482">
        <ele>1328.58</ele>
      </trkpt>
      <trkpt lat="46.16214" lon="6.61488">
        <ele>1327.1</ele>
      </trkpt>
      <trkpt lat="46.16217" lon="6.61493">
        <ele>1326.12</ele>
      </trkpt>
      <trkpt lat="46.16221" lon="6.61497">
        <ele>1325.65</ele>
      </trkpt>
      <trkpt lat="46.16225" lon="6.615">
        <ele>1325.5</ele>
      </trkpt>
      <trkpt lat="46.1623" lon="6.61503">
        <ele>1325.56</ele>
      </trkpt>
      <trkpt lat="46.16234" lon="6.61507">
        <ele>1325.45</ele>
      </trkpt>
      <trkpt lat="46.16236" lon="6.61515">
        <ele>1324.22</ele>
      </trkpt>
      <trkpt lat="46.16236" lon="6.61521">
        <ele>1322.92</ele>
      </trkpt>
      <trkpt lat="46.16235" lon="6.6153">
        <ele>1319.77</ele>
      </trkpt>
      <trkpt lat="46.16235" lon="6.61537">
        <ele>1315.95</ele>
      </trkpt>
      <trkpt lat="46.16239" lon="6.6154">
        <ele>1315.62</ele>
      </trkpt>
      <trkpt lat="46.16245" lon="6.61542">
        <ele>1316.25</ele>
      </trkpt>
      <trkpt lat="46.16249" lon="6.61545">
        <ele>1315.33</ele>
      </trkpt>
      <trkpt lat="46.16252" lon="6.6155">
        <ele>1312.76</ele>
      </trkpt>
      <trkpt lat="46.16253" lon="6.61556">
        <ele>1309.23</ele>
      </trkpt>
      <trkpt lat="46.16253" lon="6.61563">
        <ele>1306.46</ele>
      </trkpt>
      <trkpt lat="46.16253" lon="6.61571">
        <ele>1303.29</ele>
      </trkpt>
      <trkpt lat="46.16253" lon="6.61579">
        <ele>1300.12</ele>
      </trkpt>
      <trkpt lat="46.16252" lon="6.61586">
        <ele>1297.11</ele>
      </trkpt>
      <trkpt lat="46.16249" lon="6.61593">
        <ele>1294.12</ele>
      </trkpt>
      <trkpt lat="46.16248" lon="6.616">
        <ele>1292.03</ele>
      </trkpt>
      <trkpt lat="46.16248" lon="6.61607">
        <ele>1290.03</ele>
      </trkpt>
      <trkpt lat="46.16249" lon="6.61614">
        <ele>1287.67</ele>
      </trkpt>
      <trkpt lat="46.16249" lon="6.61621">
        <ele>1284.62</ele>
      </trkpt>
      <trkpt lat="46.16247" lon="6.61627">
        <ele>1281.73</ele>
      </trkpt>
      <trkpt lat="46.16243" lon="6.61631">
        <ele>1279.36</ele>
      </trkpt>
      <trkpt lat="46.16238" lon="6.61633">
        <ele>1277.66</ele>
      </trkpt>
      <trkpt lat="46.16233" lon="6.61633">
        <ele>1276.87</ele>
      </trkpt>
      <trkpt lat="46.16229" lon="6.61633">
        <ele>1276.24</ele>
      </trkpt>
      <trkpt lat="46.16224" lon="6.61634">
        <ele>1274.93</ele>
      </trkpt>
      <trkpt lat="46.16219" lon="6.61635">
        <ele>1273.55</ele>
      </trkpt>
      <trkpt lat="46.16213" lon="6.61636">
        <ele>1272.06</ele>
      </trkpt>
      <trkpt lat="46.16208" lon="6.61636">
        <ele>1271.25</ele>
      </trkpt>
      <trkpt lat="46.16204" lon="6.61636">
        <ele>1270.59</ele>
      </trkpt>
      <trkpt lat="46.16199" lon="6.61636">
        <ele>1269.78</ele>
      </trkpt>
      <trkpt lat="46.16194" lon="6.61635">
        <ele>1269.27</ele>
      </trkpt>
      <trkpt lat="46.16189" lon="6.61635">
        <ele>1267.86</ele>
      </trkpt>
      <trkpt lat="46.16184" lon="6.61634">
        <ele>1266.82</ele>
      </trkpt>
      <trkpt lat="46.16179" lon="6.61634">
        <ele>1265.41</ele>
      </trkpt>
      <trkpt lat="46.16174" lon="6.61634">
        <ele>1264</ele>
      </trkpt>
      <trkpt lat="46.16169" lon="6.61634">
        <ele>1262.59</ele>
      </trkpt>
      <trkpt lat="46.16164" lon="6.61636">
        <ele>1261.5</ele>
      </trkpt>
      <trkpt lat="46.16159" lon="6.61638">
        <ele>1261.43</ele>
      </trkpt>
      <trkpt lat="46.16154" lon="6.6164">
        <ele>1261.51</ele>
      </trkpt>
      <trkpt lat="46.1615" lon="6.61644">
        <ele>1260.85</ele>
      </trkpt>
      <trkpt lat="46.16145" lon="6.61651">
        <ele>1259.14</ele>
      </trkpt>
      <trkpt lat="46.16141" lon="6.61655">
        <ele>1258.07</ele>
      </trkpt>
      <trkpt lat="46.16137" lon="6.6166">
        <ele>1256.24</ele>
      </trkpt>
      <trkpt lat="46.16134" lon="6.61667">
        <ele>1253.92</ele>
      </trkpt>
      <trkpt lat="46.16131" lon="6.61673">
        <ele>1252.66</ele>
      </trkpt>
      <trkpt lat="46.16128" lon="6.61678">
        <ele>1251.78</ele>
      </trkpt>
      <trkpt lat="46.16125" lon="6.61683">
        <ele>1251.06</ele>
      </trkpt>
      <trkpt lat="46.16121" lon="6.61688">
        <ele>1250.6</ele>
      </trkpt>
      <trkpt lat="46.16119" lon="6.61693">
        <ele>1250.08</ele>
      </trkpt>
      <trkpt lat="46.16116" lon="6.61699">
        <ele>1249.12</ele>
      </trkpt>
      <trkpt lat="46.16111" lon="6.61699">
        <ele>1249.85</ele>
      </trkpt>
      <trkpt lat="46.16106" lon="6.61699">
        <ele>1249.79</ele>
      </trkpt>
      <trkpt lat="46.16103" lon="6.61699">
        <ele>1249.76</ele>
      </trkpt>
      <trkpt lat="46.16103" lon="6.61699">
        <ele>1249.76</ele>
      </trkpt>
      <trkpt lat="46.16102" lon="6.61702">
        <ele>1248.92</ele>
      </trkpt>
      <trkpt lat="46.16098" lon="6.61702">
        <ele>1248.84</ele>
      </trkpt>
      <trkpt lat="46.16093" lon="6.61705">
        <ele>1247.84</ele>
      </trkpt>
      <trkpt lat="46.16088" lon="6.61706">
        <ele>1247.4</ele>
      </trkpt>
      <trkpt lat="46.16083" lon="6.61707">
        <ele>1246.94</ele>
      </trkpt>
      <trkpt lat="46.16077" lon="6.61706">
        <ele>1247.37</ele>
      </trkpt>
      <trkpt lat="46.16072" lon="6.61705">
        <ele>1247.87</ele>
      </trkpt>
      <trkpt lat="46.16067" lon="6.61706">
        <ele>1247.55</ele>
      </trkpt>
      <trkpt lat="46.16062" lon="6.61706">
        <ele>1247.64</ele>
      </trkpt>
      <trkpt lat="46.16057" lon="6.61706">
        <ele>1247.73</ele>
      </trkpt>
      <trkpt lat="46.16052" lon="6.61707">
        <ele>1246.87</ele>
      </trkpt>
      <trkpt lat="46.16048" lon="6.61707">
        <ele>1246.47</ele>
      </trkpt>
      <trkpt lat="46.16043" lon="6.61709">
        <ele>1245.06</ele>
      </trkpt>
      <trkpt lat="46.16038" lon="6.61709">
        <ele>1244.64</ele>
      </trkpt>
      <trkpt lat="46.16033" lon="6.61708">
        <ele>1244.6</ele>
      </trkpt>
      <trkpt lat="46.16028" lon="6.61705">
        <ele>1245.22</ele>
      </trkpt>
      <trkpt lat="46.16024" lon="6.61705">
        <ele>1245.11</ele>
      </trkpt>
      <trkpt lat="46.16018" lon="6.61708">
        <ele>1243.62</ele>
      </trkpt>
      <trkpt lat="46.16016" lon="6.61713">
        <ele>1241.19</ele>
      </trkpt>
      <trkpt lat="46.16014" lon="6.6172">
        <ele>1237.6</ele>
      </trkpt>
      <trkpt lat="46.16014" lon="6.61728">
        <ele>1234.96</ele>
      </trkpt>
      <trkpt lat="46.16013" lon="6.61735">
        <ele>1232.88</ele>
      </trkpt>
      <trkpt lat="46.16013" lon="6.61744">
        <ele>1230.43</ele>
      </trkpt>
      <trkpt lat="46.16011" lon="6.6175">
        <ele>1228.38</ele>
      </trkpt>
      <trkpt lat="46.16007" lon="6.61757">
        <ele>1225.11</ele>
      </trkpt>
      <trkpt lat="46.16003" lon="6.61764">
        <ele>1222.29</ele>
      </trkpt>
      <trkpt lat="46.16001" lon="6.6177">
        <ele>1220.3</ele>
      </trkpt>
      <trkpt lat="46.15997" lon="6.61772">
        <ele>1219.16</ele>
      </trkpt>
      <trkpt lat="46.15992" lon="6.61774">
        <ele>1217.82</ele>
      </trkpt>
      <trkpt lat="46.15987" lon="6.61778">
        <ele>1216.05</ele>
      </trkpt>
      <trkpt lat="46.15982" lon="6.61782">
        <ele>1214.17</ele>
      </trkpt>
      <trkpt lat="46.15978" lon="6.61785">
        <ele>1212.95</ele>
      </trkpt>
      <trkpt lat="46.15974" lon="6.61788">
        <ele>1211.91</ele>
      </trkpt>
      <trkpt lat="46.15969" lon="6.61789">
        <ele>1210.86</ele>
      </trkpt>
      <trkpt lat="46.15964" lon="6.61789">
        <ele>1209.74</ele>
      </trkpt>
      <trkpt lat="46.15959" lon="6.61789">
        <ele>1208.63</ele>
      </trkpt>
      <trkpt lat="46.15954" lon="6.6179">
        <ele>1207.35</ele>
      </trkpt>
      <trkpt lat="46.15949" lon="6.6179">
        <ele>1206.24</ele>
      </trkpt>
      <trkpt lat="46.15943" lon="6.6179">
        <ele>1205.19</ele>
      </trkpt>
      <trkpt lat="46.15942" lon="6.6179">
        <ele>1205.15</ele>
      </trkpt>
      <trkpt lat="46.15942" lon="6.6179">
        <ele>1205.15</ele>
      </trkpt>
      <trkpt lat="46.15941" lon="6.6179">
        <ele>1205.12</ele>
      </trkpt>
      <trkpt lat="46.15936" lon="6.61793">
        <ele>1204.5</ele>
      </trkpt>
      <trkpt lat="46.1593" lon="6.61795">
        <ele>1204</ele>
      </trkpt>
      <trkpt lat="46.15924" lon="6.61797">
        <ele>1203.5</ele>
      </trkpt>
      <trkpt lat="46.15918" lon="6.61797">
        <ele>1203.28</ele>
      </trkpt>
      <trkpt lat="46.15913" lon="6.61797">
        <ele>1203.24</ele>
      </trkpt>
      <trkpt lat="46.15908" lon="6.61797">
        <ele>1203.26</ele>
      </trkpt>
      <trkpt lat="46.15904" lon="6.61796">
        <ele>1203.58</ele>
      </trkpt>
      <trkpt lat="46.15897" lon="6.61796">
        <ele>1203.69</ele>
      </trkpt>
      <trkpt lat="46.15892" lon="6.61796">
        <ele>1203.77</ele>
      </trkpt>
      <trkpt lat="46.15887" lon="6.61797">
        <ele>1203.83</ele>
      </trkpt>
      <trkpt lat="46.15881" lon="6.61797">
        <ele>1205.47</ele>
      </trkpt>
      <trkpt lat="46.15875" lon="6.61798">
        <ele>1206.81</ele>
      </trkpt>
      <trkpt lat="46.15869" lon="6.61799">
        <ele>1208.32</ele>
      </trkpt>
      <trkpt lat="46.15864" lon="6.618">
        <ele>1209.68</ele>
      </trkpt>
      <trkpt lat="46.15858" lon="6.61801">
        <ele>1210.23</ele>
      </trkpt>
      <trkpt lat="46.15853" lon="6.618">
        <ele>1209.96</ele>
      </trkpt>
      <trkpt lat="46.15848" lon="6.618">
        <ele>1209.56</ele>
      </trkpt>
      <trkpt lat="46.15844" lon="6.618">
        <ele>1209.24</ele>
      </trkpt>
      <trkpt lat="46.15839" lon="6.61801">
        <ele>1208.63</ele>
      </trkpt>
      <trkpt lat="46.15835" lon="6.61802">
        <ele>1208.05</ele>
      </trkpt>
      <trkpt lat="46.1583" lon="6.61803">
        <ele>1206.54</ele>
      </trkpt>
      <trkpt lat="46.15829" lon="6.61802">
        <ele>1206.45</ele>
      </trkpt>
      <trkpt lat="46.15829" lon="6.61802">
        <ele>1206.45</ele>
      </trkpt>
      <trkpt lat="46.1583" lon="6.61798">
        <ele>1207.76</ele>
      </trkpt>
      <trkpt lat="46.15777" lon="6.61779">
        <ele>1198.84</ele>
      </trkpt>
      <trkpt lat="46.15707" lon="6.61752">
        <ele>1195.69</ele>
      </trkpt>
      <trkpt lat="46.15697" lon="6.6175">
        <ele>1195.18</ele>
      </trkpt>
      <trkpt lat="46.15688" lon="6.61748">
        <ele>1194.65</ele>
      </trkpt>
      <trkpt lat="46.15679" lon="6.61748">
        <ele>1193.65</ele>
      </trkpt>
      <trkpt lat="46.15669" lon="6.61748">
        <ele>1192.55</ele>
      </trkpt>
      <trkpt lat="46.15644" lon="6.61751">
        <ele>1188.62</ele>
      </trkpt>
      <trkpt lat="46.15644" lon="6.61751">
        <ele>1188.62</ele>
      </trkpt>
      <trkpt lat="46.15644" lon="6.61751">
        <ele>1188.62</ele>
      </trkpt>
      <trkpt lat="46.15595" lon="6.61758">
        <ele>1186.32</ele>
      </trkpt>
      <trkpt lat="46.15589" lon="6.61757">
        <ele>1186.3</ele>
      </trkpt>
      <trkpt lat="46.15581" lon="6.61754">
        <ele>1187.1</ele>
      </trkpt>
      <trkpt lat="46.15575" lon="6.61751">
        <ele>1188.94</ele>
      </trkpt>
      <trkpt lat="46.15567" lon="6.61747">
        <ele>1191.19</ele>
      </trkpt>
      <trkpt lat="46.15513" lon="6.61715">
        <ele>1193.66</ele>
      </trkpt>
      <trkpt lat="46.15498" lon="6.61705">
        <ele>1192.03</ele>
      </trkpt>
      <trkpt lat="46.15489" lon="6.61699">
        <ele>1189.87</ele>
      </trkpt>
      <trkpt lat="46.1548" lon="6.61691">
        <ele>1188.37</ele>
      </trkpt>
      <trkpt lat="46.15469" lon="6.61681">
        <ele>1187.49</ele>
      </trkpt>
      <trkpt lat="46.15465" lon="6.61675">
        <ele>1187.42</ele>
      </trkpt>
      <trkpt lat="46.15449" lon="6.61654">
        <ele>1186.59</ele>
      </trkpt>
      <trkpt lat="46.15445" lon="6.61649">
        <ele>1186.34</ele>
      </trkpt>
      <trkpt lat="46.1544" lon="6.61644">
        <ele>1186</ele>
      </trkpt>
      <trkpt lat="46.15433" lon="6.61637">
        <ele>1186.3</ele>
      </trkpt>
      <trkpt lat="46.15418" lon="6.61626">
        <ele>1186.55</ele>
      </trkpt>
      <trkpt lat="46.15418" lon="6.61626">
        <ele>1186.55</ele>
      </trkpt>
      <trkpt lat="46.15418" lon="6.61626">
        <ele>1186.55</ele>
      </trkpt>
      <trkpt lat="46.15381" lon="6.616">
        <ele>1192.04</ele>
      </trkpt>
      <trkpt lat="46.15374" lon="6.61594">
        <ele>1192.22</ele>
      </trkpt>
      <trkpt lat="46.15359" lon="6.61579">
        <ele>1194.66</ele>
      </trkpt>
      <trkpt lat="46.15348" lon="6.61568">
        <ele>1196.33</ele>
      </trkpt>
      <trkpt lat="46.15338" lon="6.61557">
        <ele>1196.55</ele>
      </trkpt>
      <trkpt lat="46.153" lon="6.61506">
        <ele>1194.38</ele>
      </trkpt>
      <trkpt lat="46.15251" lon="6.61445">
        <ele>1180.28</ele>
      </trkpt>
      <trkpt lat="46.15246" lon="6.61438">
        <ele>1179.44</ele>
      </trkpt>
      <trkpt lat="46.15242" lon="6.61433">
        <ele>1178.58</ele>
      </trkpt>
      <trkpt lat="46.15238" lon="6.61426">
        <ele>1177.68</ele>
      </trkpt>
      <trkpt lat="46.15235" lon="6.61419">
        <ele>1176.94</ele>
      </trkpt>
      <trkpt lat="46.15232" lon="6.61412">
        <ele>1175.69</ele>
      </trkpt>
      <trkpt lat="46.15223" lon="6.61367">
        <ele>1173.14</ele>
      </trkpt>
      <trkpt lat="46.15208" lon="6.61317">
        <ele>1170.66</ele>
      </trkpt>
      <trkpt lat="46.15201" lon="6.61286">
        <ele>1170.61</ele>
      </trkpt>
      <trkpt lat="46.15195" lon="6.61259">
        <ele>1170.43</ele>
      </trkpt>
      <trkpt lat="46.15188" lon="6.61223">
        <ele>1167.94</ele>
      </trkpt>
      <trkpt lat="46.15182" lon="6.61181">
        <ele>1183.62</ele>
      </trkpt>
      <trkpt lat="46.15181" lon="6.6117">
        <ele>1188.48</ele>
      </trkpt>
      <trkpt lat="46.15178" lon="6.6116">
        <ele>1189.98</ele>
      </trkpt>
      <trkpt lat="46.15176" lon="6.61152">
        <ele>1190.27</ele>
      </trkpt>
      <trkpt lat="46.15172" lon="6.61146">
        <ele>1189.77</ele>
      </trkpt>
      <trkpt lat="46.15149" lon="6.61132">
        <ele>1190.53</ele>
      </trkpt>
      <trkpt lat="46.15145" lon="6.61132">
        <ele>1190.32</ele>
      </trkpt>
      <trkpt lat="46.15142" lon="6.61134">
        <ele>1189.82</ele>
      </trkpt>
      <trkpt lat="46.15139" lon="6.61139">
        <ele>1188.97</ele>
      </trkpt>
      <trkpt lat="46.15136" lon="6.61146">
        <ele>1187.83</ele>
      </trkpt>
      <trkpt lat="46.15133" lon="6.61174">
        <ele>1179.65</ele>
      </trkpt>
      <trkpt lat="46.15131" lon="6.61183">
        <ele>1175.89</ele>
      </trkpt>
      <trkpt lat="46.15128" lon="6.6119">
        <ele>1173.73</ele>
      </trkpt>
      <trkpt lat="46.15123" lon="6.61196">
        <ele>1173.4</ele>
      </trkpt>
      <trkpt lat="46.15118" lon="6.61199">
        <ele>1174.75</ele>
      </trkpt>
      <trkpt lat="46.15081" lon="6.61207">
        <ele>1195.64</ele>
      </trkpt>
      <trkpt lat="46.15074" lon="6.61211">
        <ele>1199.62</ele>
      </trkpt>
      <trkpt lat="46.15064" lon="6.6122">
        <ele>1204.86</ele>
      </trkpt>
      <trkpt lat="46.15056" lon="6.61227">
        <ele>1207.21</ele>
      </trkpt>
      <trkpt lat="46.15052" lon="6.61233">
        <ele>1204.22</ele>
      </trkpt>
      <trkpt lat="46.15032" lon="6.61269">
        <ele>1196.3</ele>
      </trkpt>
      <trkpt lat="46.15027" lon="6.61276">
        <ele>1195.86</ele>
      </trkpt>
      <trkpt lat="46.15021" lon="6.61281">
        <ele>1194.09</ele>
      </trkpt>
      <trkpt lat="46.15017" lon="6.61284">
        <ele>1192.55</ele>
      </trkpt>
      <trkpt lat="46.14994" lon="6.61294">
        <ele>1185.59</ele>
      </trkpt>
      <trkpt lat="46.14969" lon="6.61309">
        <ele>1172.57</ele>
      </trkpt>
      <trkpt lat="46.1494" lon="6.61316">
        <ele>1166.82</ele>
      </trkpt>
      <trkpt lat="46.1492" lon="6.61318">
        <ele>1164.95</ele>
      </trkpt>
      <trkpt lat="46.14899" lon="6.61324">
        <ele>1162.64</ele>
      </trkpt>
      <trkpt lat="46.14896" lon="6.61324">
        <ele>1162.86</ele>
      </trkpt>
    </trkseg>
  </trk>
</gpx>
