<?xml version="1.0" encoding="UTF-8"?>
<gpx schemaLocation="http://www.topografix.com/GPX/1/1 http://www.topografix.com/GPX/1/1/gpx.xsd http://www.garmin.com/xmlschemas/GpxExtensions/v3 http://www.garmin.com/xmlschemas/GpxExtensionsv3.xsd http://www.garmin.com/xmlschemas/TrackPointExtension/v1 http://www.garmin.com/xmlschemas/TrackPointExtensionv1.xsd http://www.garmin.com/xmlschemas/PowerExtension/v1 http://www.garmin.com/xmlschemas/PowerExtensionv1.xsd http://www.topografix.com/GPX/gpx_style/0/2 http://www.topografix.com/GPX/gpx_style/0/2/gpx_style.xsd" version="1.1" creator="VisuGPX - https://www.visugpx.com" xmlns="http://www.topografix.com/GPX/1/1" xmlns:xsi="http://www.w3.org/2001/XMLSchema-instance" xsi:schemaLocation="http://www.topografix.com/GPX/1/1 http://www.topografix.com/GPX/1/1/gpx.xsd http://www.garmin.com/xmlschemas/GpxExtensions/v3 http://www.garmin.com/xmlschemas/GpxExtensionsv3.xsd http://www.garmin.com/xmlschemas/TrackPointExtension/v1 http://www.garmin.com/xmlschemas/TrackPointExtensionv1.xsd http://www.garmin.com/xmlschemas/PowerExtension/v1 http://www.garmin.com/xmlschemas/PowerExtensionv1.xsd http://www.topografix.com/GPX/gpx_style/0/2 http://www.topografix.com/GPX/gpx_style/0/2/gpx_style.xsd" xmlns:gpxtpx="http://www.garmin.com/xmlschemas/TrackPointExtension/v1" xmlns:gpxx="http://www.garmin.com/xmlschemas/GpxExtensions/v3" xmlns:gpxpx="http://www.garmin.com/xmlschemas/PowerExtension/v1" xmlns:gpx_style="http://www.topografix.com/GPX/gpx_style/0/2">
  <metadata>
    <name>Lac de la Vogealle2</name>
    <desc>Lac de la Vogealle par le cirque du fer à cheval et le pas du boret</desc>
    <author>
      <name>gpx.studio</name>
      <link href="https://gpx.studio"/>
    </author>
  </metadata>
  <trk>
    <name>Lac de la Vogealle2</name>
    <trkseg>
      <trkpt lat="46.07743" lon="6.83807">
        <ele>949.77</ele>
        <time>2015-07-06T05:43:56.000Z</time>
      </trkpt>
      <trkpt lat="46.07757" lon="6.83823">
        <ele>949.08</ele>
        <time>2015-07-06T05:44:17.000Z</time>
      </trkpt>
      <trkpt lat="46.07766" lon="6.83843">
        <ele>948.52</ele>
        <time>2015-07-06T05:44:35.000Z</time>
      </trkpt>
      <trkpt lat="46.07774" lon="6.83883">
        <ele>946.37</ele>
        <time>2015-07-06T05:44:57.000Z</time>
      </trkpt>
      <trkpt lat="46.07763" lon="6.83911">
        <ele>944.85</ele>
        <time>2015-07-06T05:45:18.000Z</time>
      </trkpt>
      <trkpt lat="46.0776" lon="6.83914">
        <ele>944.95</ele>
        <time>2015-07-06T05:45:21.000Z</time>
      </trkpt>
      <trkpt lat="46.07747" lon="6.83932">
        <ele>944.87</ele>
        <time>2015-07-06T05:45:39.000Z</time>
      </trkpt>
      <trkpt lat="46.07748" lon="6.83936">
        <ele>944.68</ele>
        <time>2015-07-06T05:45:42.000Z</time>
      </trkpt>
      <trkpt lat="46.07749" lon="6.83953">
        <ele>943.34</ele>
        <time>2015-07-06T05:45:55.000Z</time>
      </trkpt>
      <trkpt lat="46.07746" lon="6.8398">
        <ele>939.98</ele>
        <time>2015-07-06T05:46:10.000Z</time>
      </trkpt>
      <trkpt lat="46.07739" lon="6.84015">
        <ele>938.23</ele>
        <time>2015-07-06T05:46:30.000Z</time>
      </trkpt>
      <trkpt lat="46.07738" lon="6.84022">
        <ele>938.18</ele>
        <time>2015-07-06T05:46:35.000Z</time>
      </trkpt>
      <trkpt lat="46.07728" lon="6.84052">
        <ele>941.65</ele>
        <time>2015-07-06T05:46:55.000Z</time>
      </trkpt>
      <trkpt lat="46.07727" lon="6.84051">
        <ele>945.6</ele>
        <time>2015-07-06T05:47:26.000Z</time>
      </trkpt>
      <trkpt lat="46.07731" lon="6.84044">
        <ele>947.13</ele>
        <time>2015-07-06T05:47:41.000Z</time>
      </trkpt>
      <trkpt lat="46.07732" lon="6.84048">
        <ele>947.08</ele>
        <time>2015-07-06T05:47:52.000Z</time>
      </trkpt>
      <trkpt lat="46.07735" lon="6.84057">
        <ele>947.31</ele>
        <time>2015-07-06T05:47:57.000Z</time>
      </trkpt>
      <trkpt lat="46.07755" lon="6.84068">
        <ele>948.36</ele>
        <time>2015-07-06T05:48:12.000Z</time>
      </trkpt>
      <trkpt lat="46.07774" lon="6.84055">
        <ele>951.32</ele>
        <time>2015-07-06T05:48:27.000Z</time>
      </trkpt>
      <trkpt lat="46.07797" lon="6.84051">
        <ele>954.43</ele>
        <time>2015-07-06T05:48:44.000Z</time>
      </trkpt>
      <trkpt lat="46.07816" lon="6.84053">
        <ele>957.3</ele>
        <time>2015-07-06T05:48:57.000Z</time>
      </trkpt>
      <trkpt lat="46.07835" lon="6.8405">
        <ele>958.85</ele>
        <time>2015-07-06T05:49:11.000Z</time>
      </trkpt>
      <trkpt lat="46.07854" lon="6.84048">
        <ele>960.78</ele>
        <time>2015-07-06T05:49:25.000Z</time>
      </trkpt>
      <trkpt lat="46.07872" lon="6.84045">
        <ele>961.13</ele>
        <time>2015-07-06T05:49:39.000Z</time>
      </trkpt>
      <trkpt lat="46.07889" lon="6.84038">
        <ele>960.36</ele>
        <time>2015-07-06T05:49:52.000Z</time>
      </trkpt>
      <trkpt lat="46.07893" lon="6.84036">
        <ele>960.38</ele>
        <time>2015-07-06T05:49:56.000Z</time>
      </trkpt>
      <trkpt lat="46.0791" lon="6.84034">
        <ele>959.39</ele>
        <time>2015-07-06T05:50:12.000Z</time>
      </trkpt>
      <trkpt lat="46.07922" lon="6.84033">
        <ele>958.78</ele>
        <time>2015-07-06T05:50:20.000Z</time>
      </trkpt>
      <trkpt lat="46.07925" lon="6.84033">
        <ele>958.81</ele>
        <time>2015-07-06T05:50:22.000Z</time>
      </trkpt>
      <trkpt lat="46.07943" lon="6.84025">
        <ele>959.11</ele>
        <time>2015-07-06T05:50:35.000Z</time>
      </trkpt>
      <trkpt lat="46.07951" lon="6.84022">
        <ele>959.89</ele>
        <time>2015-07-06T05:50:41.000Z</time>
      </trkpt>
      <trkpt lat="46.07958" lon="6.84022">
        <ele>960.57</ele>
        <time>2015-07-06T05:50:46.000Z</time>
      </trkpt>
      <trkpt lat="46.07964" lon="6.84022">
        <ele>960.63</ele>
        <time>2015-07-06T05:50:50.000Z</time>
      </trkpt>
      <trkpt lat="46.07982" lon="6.84025">
        <ele>961.18</ele>
        <time>2015-07-06T05:51:05.000Z</time>
      </trkpt>
      <trkpt lat="46.07997" lon="6.8403">
        <ele>963.09</ele>
        <time>2015-07-06T05:51:18.000Z</time>
      </trkpt>
      <trkpt lat="46.08005" lon="6.84035">
        <ele>965.29</ele>
        <time>2015-07-06T05:51:26.000Z</time>
      </trkpt>
      <trkpt lat="46.08008" lon="6.84036">
        <ele>965.73</ele>
        <time>2015-07-06T05:51:29.000Z</time>
      </trkpt>
      <trkpt lat="46.08022" lon="6.84039">
        <ele>969.38</ele>
        <time>2015-07-06T05:51:41.000Z</time>
      </trkpt>
      <trkpt lat="46.08035" lon="6.84033">
        <ele>974.25</ele>
        <time>2015-07-06T05:51:54.000Z</time>
      </trkpt>
      <trkpt lat="46.08052" lon="6.84027">
        <ele>978.82</ele>
        <time>2015-07-06T05:52:07.000Z</time>
      </trkpt>
      <trkpt lat="46.08053" lon="6.84027">
        <ele>979.24</ele>
        <time>2015-07-06T05:52:08.000Z</time>
      </trkpt>
      <trkpt lat="46.08059" lon="6.84028">
        <ele>981.4</ele>
        <time>2015-07-06T05:52:13.000Z</time>
      </trkpt>
      <trkpt lat="46.08073" lon="6.84024">
        <ele>986.98</ele>
        <time>2015-07-06T05:52:29.000Z</time>
      </trkpt>
      <trkpt lat="46.0809" lon="6.84023">
        <ele>990.44</ele>
        <time>2015-07-06T05:52:48.000Z</time>
      </trkpt>
      <trkpt lat="46.08114" lon="6.84022">
        <ele>989.09</ele>
        <time>2015-07-06T05:53:08.000Z</time>
      </trkpt>
      <trkpt lat="46.0813" lon="6.84017">
        <ele>990.76</ele>
        <time>2015-07-06T05:53:26.000Z</time>
      </trkpt>
      <trkpt lat="46.08154" lon="6.8401">
        <ele>992.43</ele>
        <time>2015-07-06T05:53:47.000Z</time>
      </trkpt>
      <trkpt lat="46.0817" lon="6.84017">
        <ele>997.27</ele>
        <time>2015-07-06T05:54:03.000Z</time>
      </trkpt>
      <trkpt lat="46.08189" lon="6.84024">
        <ele>997.94</ele>
        <time>2015-07-06T05:54:18.000Z</time>
      </trkpt>
      <trkpt lat="46.08194" lon="6.84024">
        <ele>997.59</ele>
        <time>2015-07-06T05:54:21.000Z</time>
      </trkpt>
      <trkpt lat="46.08199" lon="6.84026">
        <ele>997.46</ele>
        <time>2015-07-06T05:54:26.000Z</time>
      </trkpt>
      <trkpt lat="46.08206" lon="6.84032">
        <ele>998.78</ele>
        <time>2015-07-06T05:54:34.000Z</time>
      </trkpt>
      <trkpt lat="46.08213" lon="6.84051">
        <ele>1001.3</ele>
        <time>2015-07-06T05:54:48.000Z</time>
      </trkpt>
      <trkpt lat="46.08214" lon="6.84055">
        <ele>1001.09</ele>
        <time>2015-07-06T05:54:50.000Z</time>
      </trkpt>
      <trkpt lat="46.08226" lon="6.84077">
        <ele>996.81</ele>
        <time>2015-07-06T05:55:03.000Z</time>
      </trkpt>
      <trkpt lat="46.0823" lon="6.84081">
        <ele>996.21</ele>
        <time>2015-07-06T05:55:06.000Z</time>
      </trkpt>
      <trkpt lat="46.08233" lon="6.84083">
        <ele>995.61</ele>
        <time>2015-07-06T05:55:08.000Z</time>
      </trkpt>
      <trkpt lat="46.0824" lon="6.84092">
        <ele>993.14</ele>
        <time>2015-07-06T05:55:14.000Z</time>
      </trkpt>
      <trkpt lat="46.08253" lon="6.84112">
        <ele>989.77</ele>
        <time>2015-07-06T05:55:28.000Z</time>
      </trkpt>
      <trkpt lat="46.08256" lon="6.84125">
        <ele>987.6</ele>
        <time>2015-07-06T05:55:36.000Z</time>
      </trkpt>
      <trkpt lat="46.08272" lon="6.84137">
        <ele>984.78</ele>
        <time>2015-07-06T05:55:49.000Z</time>
      </trkpt>
      <trkpt lat="46.08283" lon="6.84139">
        <ele>984.7</ele>
        <time>2015-07-06T05:56:00.000Z</time>
      </trkpt>
      <trkpt lat="46.083" lon="6.84138">
        <ele>984.08</ele>
        <time>2015-07-06T05:56:15.000Z</time>
      </trkpt>
      <trkpt lat="46.08311" lon="6.84136">
        <ele>983.42</ele>
        <time>2015-07-06T05:56:25.000Z</time>
      </trkpt>
      <trkpt lat="46.0833" lon="6.84133">
        <ele>984.62</ele>
        <time>2015-07-06T05:56:44.000Z</time>
      </trkpt>
      <trkpt lat="46.08352" lon="6.8413">
        <ele>987.12</ele>
        <time>2015-07-06T05:57:02.000Z</time>
      </trkpt>
      <trkpt lat="46.08371" lon="6.84127">
        <ele>989.31</ele>
        <time>2015-07-06T05:57:20.000Z</time>
      </trkpt>
      <trkpt lat="46.08383" lon="6.84122">
        <ele>991.4</ele>
        <time>2015-07-06T05:57:28.000Z</time>
      </trkpt>
      <trkpt lat="46.08406" lon="6.84118">
        <ele>992.85</ele>
        <time>2015-07-06T05:57:48.000Z</time>
      </trkpt>
      <trkpt lat="46.08426" lon="6.84115">
        <ele>997.37</ele>
        <time>2015-07-06T05:58:05.000Z</time>
      </trkpt>
      <trkpt lat="46.08445" lon="6.84118">
        <ele>1003.16</ele>
        <time>2015-07-06T05:58:24.000Z</time>
      </trkpt>
      <trkpt lat="46.0846" lon="6.84117">
        <ele>1008.11</ele>
        <time>2015-07-06T05:58:41.000Z</time>
      </trkpt>
      <trkpt lat="46.08479" lon="6.84116">
        <ele>1011.2</ele>
        <time>2015-07-06T05:58:59.000Z</time>
      </trkpt>
      <trkpt lat="46.08499" lon="6.84124">
        <ele>1011.12</ele>
        <time>2015-07-06T05:59:15.000Z</time>
      </trkpt>
      <trkpt lat="46.08502" lon="6.84126">
        <ele>1010.8</ele>
        <time>2015-07-06T05:59:18.000Z</time>
      </trkpt>
      <trkpt lat="46.08514" lon="6.84128">
        <ele>1011</ele>
        <time>2015-07-06T05:59:30.000Z</time>
      </trkpt>
      <trkpt lat="46.08521" lon="6.84128">
        <ele>1011.25</ele>
        <time>2015-07-06T05:59:36.000Z</time>
      </trkpt>
      <trkpt lat="46.08525" lon="6.84131">
        <ele>1010.52</ele>
        <time>2015-07-06T05:59:53.000Z</time>
      </trkpt>
      <trkpt lat="46.08527" lon="6.84131">
        <ele>1010.55</ele>
        <time>2015-07-06T05:59:56.000Z</time>
      </trkpt>
      <trkpt lat="46.08534" lon="6.84128">
        <ele>1011.12</ele>
        <time>2015-07-06T06:00:02.000Z</time>
      </trkpt>
      <trkpt lat="46.08552" lon="6.84126">
        <ele>1011.48</ele>
        <time>2015-07-06T06:00:15.000Z</time>
      </trkpt>
      <trkpt lat="46.08568" lon="6.84126">
        <ele>1012.24</ele>
        <time>2015-07-06T06:00:27.000Z</time>
      </trkpt>
      <trkpt lat="46.08585" lon="6.84124">
        <ele>1010.92</ele>
        <time>2015-07-06T06:00:40.000Z</time>
      </trkpt>
      <trkpt lat="46.08589" lon="6.84121">
        <ele>1010.13</ele>
        <time>2015-07-06T06:00:44.000Z</time>
      </trkpt>
      <trkpt lat="46.08592" lon="6.8412">
        <ele>1009.59</ele>
        <time>2015-07-06T06:00:46.000Z</time>
      </trkpt>
      <trkpt lat="46.08607" lon="6.84122">
        <ele>1007.45</ele>
        <time>2015-07-06T06:01:01.000Z</time>
      </trkpt>
      <trkpt lat="46.08613" lon="6.84123">
        <ele>1007.64</ele>
        <time>2015-07-06T06:01:06.000Z</time>
      </trkpt>
      <trkpt lat="46.08618" lon="6.84125">
        <ele>1008.85</ele>
        <time>2015-07-06T06:01:09.000Z</time>
      </trkpt>
      <trkpt lat="46.08624" lon="6.84127">
        <ele>1009.96</ele>
        <time>2015-07-06T06:01:13.000Z</time>
      </trkpt>
      <trkpt lat="46.08628" lon="6.84129">
        <ele>1010.35</ele>
        <time>2015-07-06T06:01:16.000Z</time>
      </trkpt>
      <trkpt lat="46.08647" lon="6.84131">
        <ele>1011.37</ele>
        <time>2015-07-06T06:01:30.000Z</time>
      </trkpt>
      <trkpt lat="46.08665" lon="6.84133">
        <ele>1013.42</ele>
        <time>2015-07-06T06:01:44.000Z</time>
      </trkpt>
      <trkpt lat="46.08679" lon="6.84135">
        <ele>1014.99</ele>
        <time>2015-07-06T06:01:55.000Z</time>
      </trkpt>
      <trkpt lat="46.0868" lon="6.84135">
        <ele>1015.14</ele>
        <time>2015-07-06T06:01:56.000Z</time>
      </trkpt>
      <trkpt lat="46.08696" lon="6.84136">
        <ele>1018.26</ele>
        <time>2015-07-06T06:02:09.000Z</time>
      </trkpt>
      <trkpt lat="46.08708" lon="6.84137">
        <ele>1018.9</ele>
        <time>2015-07-06T06:02:20.000Z</time>
      </trkpt>
      <trkpt lat="46.08714" lon="6.84138">
        <ele>1019.62</ele>
        <time>2015-07-06T06:02:25.000Z</time>
      </trkpt>
      <trkpt lat="46.08729" lon="6.84142">
        <ele>1020.43</ele>
        <time>2015-07-06T06:02:37.000Z</time>
      </trkpt>
      <trkpt lat="46.08735" lon="6.84145">
        <ele>1021.22</ele>
        <time>2015-07-06T06:02:42.000Z</time>
      </trkpt>
      <trkpt lat="46.08748" lon="6.84151">
        <ele>1021.59</ele>
        <time>2015-07-06T06:02:52.000Z</time>
      </trkpt>
      <trkpt lat="46.08755" lon="6.84153">
        <ele>1021.91</ele>
        <time>2015-07-06T06:02:57.000Z</time>
      </trkpt>
      <trkpt lat="46.08771" lon="6.84161">
        <ele>1020.74</ele>
        <time>2015-07-06T06:03:10.000Z</time>
      </trkpt>
      <trkpt lat="46.08789" lon="6.84161">
        <ele>1019.46</ele>
        <time>2015-07-06T06:03:25.000Z</time>
      </trkpt>
      <trkpt lat="46.08792" lon="6.84162">
        <ele>1019.34</ele>
        <time>2015-07-06T06:03:28.000Z</time>
      </trkpt>
      <trkpt lat="46.08816" lon="6.84169">
        <ele>1019.03</ele>
        <time>2015-07-06T06:03:46.000Z</time>
      </trkpt>
      <trkpt lat="46.08835" lon="6.84169">
        <ele>1020.06</ele>
        <time>2015-07-06T06:04:00.000Z</time>
      </trkpt>
      <trkpt lat="46.08856" lon="6.84169">
        <ele>1019.28</ele>
        <time>2015-07-06T06:04:16.000Z</time>
      </trkpt>
      <trkpt lat="46.08869" lon="6.84171">
        <ele>1017.69</ele>
        <time>2015-07-06T06:04:26.000Z</time>
      </trkpt>
      <trkpt lat="46.08875" lon="6.84171">
        <ele>1017.37</ele>
        <time>2015-07-06T06:04:30.000Z</time>
      </trkpt>
      <trkpt lat="46.08891" lon="6.84174">
        <ele>1016.1</ele>
        <time>2015-07-06T06:04:43.000Z</time>
      </trkpt>
      <trkpt lat="46.08893" lon="6.84175">
        <ele>1016.54</ele>
        <time>2015-07-06T06:04:45.000Z</time>
      </trkpt>
      <trkpt lat="46.08904" lon="6.84177">
        <ele>1017</ele>
        <time>2015-07-06T06:04:53.000Z</time>
      </trkpt>
      <trkpt lat="46.0891" lon="6.84179">
        <ele>1017.37</ele>
        <time>2015-07-06T06:04:57.000Z</time>
      </trkpt>
      <trkpt lat="46.08912" lon="6.8418">
        <ele>1017.34</ele>
        <time>2015-07-06T06:04:59.000Z</time>
      </trkpt>
      <trkpt lat="46.08927" lon="6.84194">
        <ele>1014.41</ele>
        <time>2015-07-06T06:05:13.000Z</time>
      </trkpt>
      <trkpt lat="46.08929" lon="6.84196">
        <ele>1014.15</ele>
        <time>2015-07-06T06:05:15.000Z</time>
      </trkpt>
      <trkpt lat="46.08943" lon="6.84213">
        <ele>1012.63</ele>
        <time>2015-07-06T06:05:28.000Z</time>
      </trkpt>
      <trkpt lat="46.08947" lon="6.84216">
        <ele>1011.83</ele>
        <time>2015-07-06T06:05:32.000Z</time>
      </trkpt>
      <trkpt lat="46.08952" lon="6.84217">
        <ele>1011.71</ele>
        <time>2015-07-06T06:05:35.000Z</time>
      </trkpt>
      <trkpt lat="46.08969" lon="6.84221">
        <ele>1015.82</ele>
        <time>2015-07-06T06:05:49.000Z</time>
      </trkpt>
      <trkpt lat="46.08977" lon="6.84223">
        <ele>1016.17</ele>
        <time>2015-07-06T06:05:55.000Z</time>
      </trkpt>
      <trkpt lat="46.08981" lon="6.84224">
        <ele>1016.95</ele>
        <time>2015-07-06T06:05:58.000Z</time>
      </trkpt>
      <trkpt lat="46.08999" lon="6.84235">
        <ele>1016.34</ele>
        <time>2015-07-06T06:06:12.000Z</time>
      </trkpt>
      <trkpt lat="46.09006" lon="6.8424">
        <ele>1016.48</ele>
        <time>2015-07-06T06:06:18.000Z</time>
      </trkpt>
      <trkpt lat="46.0902" lon="6.84249">
        <ele>1017.26</ele>
        <time>2015-07-06T06:06:30.000Z</time>
      </trkpt>
      <trkpt lat="46.0903" lon="6.84257">
        <ele>1019.57</ele>
        <time>2015-07-06T06:06:40.000Z</time>
      </trkpt>
      <trkpt lat="46.09035" lon="6.84258">
        <ele>1020.45</ele>
        <time>2015-07-06T06:06:44.000Z</time>
      </trkpt>
      <trkpt lat="46.09038" lon="6.8426">
        <ele>1020.21</ele>
        <time>2015-07-06T06:06:48.000Z</time>
      </trkpt>
      <trkpt lat="46.09041" lon="6.84259">
        <ele>1020.14</ele>
        <time>2015-07-06T06:06:50.000Z</time>
      </trkpt>
      <trkpt lat="46.09051" lon="6.84256">
        <ele>1018.55</ele>
        <time>2015-07-06T06:06:58.000Z</time>
      </trkpt>
      <trkpt lat="46.09056" lon="6.84256">
        <ele>1017.86</ele>
        <time>2015-07-06T06:07:02.000Z</time>
      </trkpt>
      <trkpt lat="46.09073" lon="6.84251">
        <ele>1019.49</ele>
        <time>2015-07-06T06:07:17.000Z</time>
      </trkpt>
      <trkpt lat="46.09089" lon="6.84237">
        <ele>1021.39</ele>
        <time>2015-07-06T06:07:34.000Z</time>
      </trkpt>
      <trkpt lat="46.09109" lon="6.84234">
        <ele>1023.56</ele>
        <time>2015-07-06T06:07:55.000Z</time>
      </trkpt>
      <trkpt lat="46.09127" lon="6.84248">
        <ele>1024.1</ele>
        <time>2015-07-06T06:08:12.000Z</time>
      </trkpt>
      <trkpt lat="46.09131" lon="6.84254">
        <ele>1024.75</ele>
        <time>2015-07-06T06:08:17.000Z</time>
      </trkpt>
      <trkpt lat="46.09134" lon="6.84256">
        <ele>1025.3</ele>
        <time>2015-07-06T06:08:20.000Z</time>
      </trkpt>
      <trkpt lat="46.09143" lon="6.84267">
        <ele>1027.55</ele>
        <time>2015-07-06T06:08:30.000Z</time>
      </trkpt>
      <trkpt lat="46.09145" lon="6.84268">
        <ele>1027.69</ele>
        <time>2015-07-06T06:08:31.000Z</time>
      </trkpt>
      <trkpt lat="46.0915" lon="6.84272">
        <ele>1028.59</ele>
        <time>2015-07-06T06:08:37.000Z</time>
      </trkpt>
      <trkpt lat="46.0916" lon="6.84273">
        <ele>1027.28</ele>
        <time>2015-07-06T06:08:43.000Z</time>
      </trkpt>
      <trkpt lat="46.09175" lon="6.8428">
        <ele>1025.44</ele>
        <time>2015-07-06T06:08:56.000Z</time>
      </trkpt>
      <trkpt lat="46.09185" lon="6.84286">
        <ele>1024.69</ele>
        <time>2015-07-06T06:09:04.000Z</time>
      </trkpt>
      <trkpt lat="46.09192" lon="6.84291">
        <ele>1023.52</ele>
        <time>2015-07-06T06:09:10.000Z</time>
      </trkpt>
      <trkpt lat="46.09199" lon="6.84292">
        <ele>1022.16</ele>
        <time>2015-07-06T06:09:15.000Z</time>
      </trkpt>
      <trkpt lat="46.09215" lon="6.84297">
        <ele>1018.71</ele>
        <time>2015-07-06T06:09:28.000Z</time>
      </trkpt>
      <trkpt lat="46.09216" lon="6.84297">
        <ele>1018.77</ele>
        <time>2015-07-06T06:09:29.000Z</time>
      </trkpt>
      <trkpt lat="46.09225" lon="6.843">
        <ele>1018.4</ele>
        <time>2015-07-06T06:09:37.000Z</time>
      </trkpt>
      <trkpt lat="46.09228" lon="6.84299">
        <ele>1018.11</ele>
        <time>2015-07-06T06:09:39.000Z</time>
      </trkpt>
      <trkpt lat="46.09244" lon="6.84296">
        <ele>1017.58</ele>
        <time>2015-07-06T06:09:52.000Z</time>
      </trkpt>
      <trkpt lat="46.09252" lon="6.84302">
        <ele>1017.31</ele>
        <time>2015-07-06T06:09:59.000Z</time>
      </trkpt>
      <trkpt lat="46.09257" lon="6.84309">
        <ele>1017.51</ele>
        <time>2015-07-06T06:10:05.000Z</time>
      </trkpt>
      <trkpt lat="46.09266" lon="6.84321">
        <ele>1017.95</ele>
        <time>2015-07-06T06:10:15.000Z</time>
      </trkpt>
      <trkpt lat="46.09281" lon="6.84336">
        <ele>1018.98</ele>
        <time>2015-07-06T06:10:29.000Z</time>
      </trkpt>
      <trkpt lat="46.09285" lon="6.84339">
        <ele>1018.92</ele>
        <time>2015-07-06T06:10:32.000Z</time>
      </trkpt>
      <trkpt lat="46.09288" lon="6.84341">
        <ele>1018.79</ele>
        <time>2015-07-06T06:10:35.000Z</time>
      </trkpt>
      <trkpt lat="46.09296" lon="6.84347">
        <ele>1019.08</ele>
        <time>2015-07-06T06:10:43.000Z</time>
      </trkpt>
      <trkpt lat="46.0931" lon="6.84355">
        <ele>1019.91</ele>
        <time>2015-07-06T06:10:56.000Z</time>
      </trkpt>
      <trkpt lat="46.09311" lon="6.84357">
        <ele>1019.8</ele>
        <time>2015-07-06T06:10:58.000Z</time>
      </trkpt>
      <trkpt lat="46.09316" lon="6.84363">
        <ele>1020.07</ele>
        <time>2015-07-06T06:11:04.000Z</time>
      </trkpt>
      <trkpt lat="46.09328" lon="6.8438">
        <ele>1021.24</ele>
        <time>2015-07-06T06:11:22.000Z</time>
      </trkpt>
      <trkpt lat="46.09344" lon="6.84392">
        <ele>1022.92</ele>
        <time>2015-07-06T06:11:39.000Z</time>
      </trkpt>
      <trkpt lat="46.09358" lon="6.84418">
        <ele>1026.26</ele>
        <time>2015-07-06T06:12:01.000Z</time>
      </trkpt>
      <trkpt lat="46.09362" lon="6.84425">
        <ele>1026.55</ele>
        <time>2015-07-06T06:12:06.000Z</time>
      </trkpt>
      <trkpt lat="46.09364" lon="6.84433">
        <ele>1026.78</ele>
        <time>2015-07-06T06:12:12.000Z</time>
      </trkpt>
      <trkpt lat="46.09373" lon="6.84455">
        <ele>1027.64</ele>
        <time>2015-07-06T06:12:27.000Z</time>
      </trkpt>
      <trkpt lat="46.0938" lon="6.84466">
        <ele>1027.93</ele>
        <time>2015-07-06T06:12:38.000Z</time>
      </trkpt>
      <trkpt lat="46.09388" lon="6.84473">
        <ele>1028.61</ele>
        <time>2015-07-06T06:12:48.000Z</time>
      </trkpt>
      <trkpt lat="46.09403" lon="6.84481">
        <ele>1029.37</ele>
        <time>2015-07-06T06:13:03.000Z</time>
      </trkpt>
      <trkpt lat="46.09404" lon="6.84482">
        <ele>1029.48</ele>
        <time>2015-07-06T06:13:04.000Z</time>
      </trkpt>
      <trkpt lat="46.09417" lon="6.84485">
        <ele>1027.78</ele>
        <time>2015-07-06T06:13:17.000Z</time>
      </trkpt>
      <trkpt lat="46.0942" lon="6.84487">
        <ele>1026.93</ele>
        <time>2015-07-06T06:13:20.000Z</time>
      </trkpt>
      <trkpt lat="46.09422" lon="6.84491">
        <ele>1026.47</ele>
        <time>2015-07-06T06:13:23.000Z</time>
      </trkpt>
      <trkpt lat="46.09431" lon="6.84507">
        <ele>1023.24</ele>
        <time>2015-07-06T06:13:38.000Z</time>
      </trkpt>
      <trkpt lat="46.09436" lon="6.84513">
        <ele>1021.83</ele>
        <time>2015-07-06T06:13:44.000Z</time>
      </trkpt>
      <trkpt lat="46.09446" lon="6.84527">
        <ele>1019.65</ele>
        <time>2015-07-06T06:13:59.000Z</time>
      </trkpt>
      <trkpt lat="46.09459" lon="6.84536">
        <ele>1020.6</ele>
        <time>2015-07-06T06:14:13.000Z</time>
      </trkpt>
      <trkpt lat="46.09462" lon="6.84537">
        <ele>1021.28</ele>
        <time>2015-07-06T06:14:16.000Z</time>
      </trkpt>
      <trkpt lat="46.09477" lon="6.84542">
        <ele>1023.77</ele>
        <time>2015-07-06T06:14:30.000Z</time>
      </trkpt>
      <trkpt lat="46.09482" lon="6.84545">
        <ele>1025.42</ele>
        <time>2015-07-06T06:14:36.000Z</time>
      </trkpt>
      <trkpt lat="46.09497" lon="6.8455">
        <ele>1030.72</ele>
        <time>2015-07-06T06:14:52.000Z</time>
      </trkpt>
      <trkpt lat="46.0951" lon="6.84556">
        <ele>1033.33</ele>
        <time>2015-07-06T06:15:05.000Z</time>
      </trkpt>
      <trkpt lat="46.09525" lon="6.84552">
        <ele>1036.42</ele>
        <time>2015-07-06T06:15:21.000Z</time>
      </trkpt>
      <trkpt lat="46.09535" lon="6.84549">
        <ele>1039.14</ele>
        <time>2015-07-06T06:15:35.000Z</time>
      </trkpt>
      <trkpt lat="46.09539" lon="6.84543">
        <ele>1039.92</ele>
        <time>2015-07-06T06:15:53.000Z</time>
      </trkpt>
      <trkpt lat="46.09545" lon="6.84533">
        <ele>1040.89</ele>
        <time>2015-07-06T06:16:10.000Z</time>
      </trkpt>
      <trkpt lat="46.09558" lon="6.84541">
        <ele>1040.32</ele>
        <time>2015-07-06T06:16:27.000Z</time>
      </trkpt>
      <trkpt lat="46.0957" lon="6.84546">
        <ele>1039.31</ele>
        <time>2015-07-06T06:16:47.000Z</time>
      </trkpt>
      <trkpt lat="46.09583" lon="6.84556">
        <ele>1038.85</ele>
        <time>2015-07-06T06:17:06.000Z</time>
      </trkpt>
      <trkpt lat="46.09591" lon="6.84567">
        <ele>1039.78</ele>
        <time>2015-07-06T06:17:24.000Z</time>
      </trkpt>
      <trkpt lat="46.09601" lon="6.84578">
        <ele>1040.06</ele>
        <time>2015-07-06T06:17:41.000Z</time>
      </trkpt>
      <trkpt lat="46.0961" lon="6.84588">
        <ele>1042.21</ele>
        <time>2015-07-06T06:17:59.000Z</time>
      </trkpt>
      <trkpt lat="46.09623" lon="6.84593">
        <ele>1044.15</ele>
        <time>2015-07-06T06:18:14.000Z</time>
      </trkpt>
      <trkpt lat="46.09631" lon="6.84593">
        <ele>1046.65</ele>
        <time>2015-07-06T06:18:22.000Z</time>
      </trkpt>
      <trkpt lat="46.09641" lon="6.84596">
        <ele>1051.07</ele>
        <time>2015-07-06T06:18:36.000Z</time>
      </trkpt>
      <trkpt lat="46.09644" lon="6.84596">
        <ele>1052.03</ele>
        <time>2015-07-06T06:18:38.000Z</time>
      </trkpt>
      <trkpt lat="46.09654" lon="6.84602">
        <ele>1056.15</ele>
        <time>2015-07-06T06:18:51.000Z</time>
      </trkpt>
      <trkpt lat="46.09666" lon="6.84603">
        <ele>1059.46</ele>
        <time>2015-07-06T06:19:05.000Z</time>
      </trkpt>
      <trkpt lat="46.09668" lon="6.84604">
        <ele>1059.72</ele>
        <time>2015-07-06T06:19:07.000Z</time>
      </trkpt>
      <trkpt lat="46.09671" lon="6.84605">
        <ele>1059.99</ele>
        <time>2015-07-06T06:19:10.000Z</time>
      </trkpt>
      <trkpt lat="46.09676" lon="6.84598">
        <ele>1065.02</ele>
        <time>2015-07-06T06:19:22.000Z</time>
      </trkpt>
      <trkpt lat="46.09687" lon="6.84595">
        <ele>1070.01</ele>
        <time>2015-07-06T06:19:38.000Z</time>
      </trkpt>
      <trkpt lat="46.09699" lon="6.84595">
        <ele>1073.6</ele>
        <time>2015-07-06T06:19:53.000Z</time>
      </trkpt>
      <trkpt lat="46.09714" lon="6.84588">
        <ele>1076.82</ele>
        <time>2015-07-06T06:20:13.000Z</time>
      </trkpt>
      <trkpt lat="46.0972" lon="6.8458">
        <ele>1078.96</ele>
        <time>2015-07-06T06:20:26.000Z</time>
      </trkpt>
      <trkpt lat="46.09723" lon="6.84588">
        <ele>1079.52</ele>
        <time>2015-07-06T06:20:32.000Z</time>
      </trkpt>
      <trkpt lat="46.09734" lon="6.84581">
        <ele>1081.33</ele>
        <time>2015-07-06T06:20:46.000Z</time>
      </trkpt>
      <trkpt lat="46.0974" lon="6.84586">
        <ele>1082.49</ele>
        <time>2015-07-06T06:21:01.000Z</time>
      </trkpt>
      <trkpt lat="46.09751" lon="6.84586">
        <ele>1082.72</ele>
        <time>2015-07-06T06:21:19.000Z</time>
      </trkpt>
      <trkpt lat="46.09764" lon="6.84589">
        <ele>1083.58</ele>
        <time>2015-07-06T06:21:39.000Z</time>
      </trkpt>
      <trkpt lat="46.09774" lon="6.84593">
        <ele>1079.8</ele>
        <time>2015-07-06T06:21:58.000Z</time>
      </trkpt>
      <trkpt lat="46.09785" lon="6.84583">
        <ele>1077.26</ele>
        <time>2015-07-06T06:22:20.000Z</time>
      </trkpt>
      <trkpt lat="46.09794" lon="6.84589">
        <ele>1079.78</ele>
        <time>2015-07-06T06:22:36.000Z</time>
      </trkpt>
      <trkpt lat="46.09802" lon="6.84602">
        <ele>1082.3</ele>
        <time>2015-07-06T06:22:53.000Z</time>
      </trkpt>
      <trkpt lat="46.09804" lon="6.84614">
        <ele>1084.64</ele>
        <time>2015-07-06T06:23:11.000Z</time>
      </trkpt>
      <trkpt lat="46.0981" lon="6.84618">
        <ele>1086.51</ele>
        <time>2015-07-06T06:23:28.000Z</time>
      </trkpt>
      <trkpt lat="46.09813" lon="6.84625">
        <ele>1088.29</ele>
        <time>2015-07-06T06:23:47.000Z</time>
      </trkpt>
      <trkpt lat="46.09819" lon="6.84627">
        <ele>1090.36</ele>
        <time>2015-07-06T06:24:05.000Z</time>
      </trkpt>
      <trkpt lat="46.09825" lon="6.8462">
        <ele>1093.07</ele>
        <time>2015-07-06T06:24:23.000Z</time>
      </trkpt>
      <trkpt lat="46.09826" lon="6.84613">
        <ele>1094.62</ele>
        <time>2015-07-06T06:24:37.000Z</time>
      </trkpt>
      <trkpt lat="46.09827" lon="6.84607">
        <ele>1095.46</ele>
        <time>2015-07-06T06:24:42.000Z</time>
      </trkpt>
      <trkpt lat="46.09829" lon="6.84603">
        <ele>1095.9</ele>
        <time>2015-07-06T06:24:45.000Z</time>
      </trkpt>
      <trkpt lat="46.0983" lon="6.84593">
        <ele>1096.61</ele>
        <time>2015-07-06T06:24:51.000Z</time>
      </trkpt>
      <trkpt lat="46.09827" lon="6.84599">
        <ele>1097.43</ele>
        <time>2015-07-06T06:24:56.000Z</time>
      </trkpt>
      <trkpt lat="46.09826" lon="6.846">
        <ele>1098.35</ele>
        <time>2015-07-06T06:25:02.000Z</time>
      </trkpt>
      <trkpt lat="46.09827" lon="6.84608">
        <ele>1101.09</ele>
        <time>2015-07-06T06:25:14.000Z</time>
      </trkpt>
      <trkpt lat="46.0983" lon="6.84611">
        <ele>1103.59</ele>
        <time>2015-07-06T06:25:25.000Z</time>
      </trkpt>
      <trkpt lat="46.09835" lon="6.84627">
        <ele>1107.37</ele>
        <time>2015-07-06T06:25:45.000Z</time>
      </trkpt>
      <trkpt lat="46.09841" lon="6.84626">
        <ele>1111.03</ele>
        <time>2015-07-06T06:26:00.000Z</time>
      </trkpt>
      <trkpt lat="46.09836" lon="6.84633">
        <ele>1113.28</ele>
        <time>2015-07-06T06:26:19.000Z</time>
      </trkpt>
      <trkpt lat="46.09838" lon="6.84633">
        <ele>1114.43</ele>
        <time>2015-07-06T06:26:29.000Z</time>
      </trkpt>
      <trkpt lat="46.09839" lon="6.84633">
        <ele>1114.62</ele>
        <time>2015-07-06T06:26:33.000Z</time>
      </trkpt>
      <trkpt lat="46.09836" lon="6.84655">
        <ele>1117.58</ele>
        <time>2015-07-06T06:26:53.000Z</time>
      </trkpt>
      <trkpt lat="46.09843" lon="6.84646">
        <ele>1119.64</ele>
        <time>2015-07-06T06:27:11.000Z</time>
      </trkpt>
      <trkpt lat="46.0985" lon="6.84644">
        <ele>1121.63</ele>
        <time>2015-07-06T06:27:30.000Z</time>
      </trkpt>
      <trkpt lat="46.09852" lon="6.84636">
        <ele>1122.91</ele>
        <time>2015-07-06T06:27:54.000Z</time>
      </trkpt>
      <trkpt lat="46.0985" lon="6.84638">
        <ele>1125.18</ele>
        <time>2015-07-06T06:28:23.000Z</time>
      </trkpt>
      <trkpt lat="46.0985" lon="6.84635">
        <ele>1125.56</ele>
        <time>2015-07-06T06:28:25.000Z</time>
      </trkpt>
      <trkpt lat="46.09853" lon="6.84641">
        <ele>1127.42</ele>
        <time>2015-07-06T06:28:44.000Z</time>
      </trkpt>
      <trkpt lat="46.09854" lon="6.84642">
        <ele>1127.7</ele>
        <time>2015-07-06T06:28:48.000Z</time>
      </trkpt>
      <trkpt lat="46.09859" lon="6.84638">
        <ele>1130.02</ele>
        <time>2015-07-06T06:29:08.000Z</time>
      </trkpt>
      <trkpt lat="46.09861" lon="6.84645">
        <ele>1132.06</ele>
        <time>2015-07-06T06:29:21.000Z</time>
      </trkpt>
      <trkpt lat="46.09865" lon="6.84635">
        <ele>1135.11</ele>
        <time>2015-07-06T06:29:43.000Z</time>
      </trkpt>
      <trkpt lat="46.09866" lon="6.84633">
        <ele>1135.87</ele>
        <time>2015-07-06T06:29:49.000Z</time>
      </trkpt>
      <trkpt lat="46.09869" lon="6.84634">
        <ele>1137.01</ele>
        <time>2015-07-06T06:30:00.000Z</time>
      </trkpt>
      <trkpt lat="46.09868" lon="6.84651">
        <ele>1138.21</ele>
        <time>2015-07-06T06:30:13.000Z</time>
      </trkpt>
      <trkpt lat="46.09874" lon="6.84657">
        <ele>1140.67</ele>
        <time>2015-07-06T06:30:30.000Z</time>
      </trkpt>
      <trkpt lat="46.09879" lon="6.84654">
        <ele>1143.55</ele>
        <time>2015-07-06T06:30:47.000Z</time>
      </trkpt>
      <trkpt lat="46.09877" lon="6.84657">
        <ele>1143.82</ele>
        <time>2015-07-06T06:30:49.000Z</time>
      </trkpt>
      <trkpt lat="46.09875" lon="6.84652">
        <ele>1144.42</ele>
        <time>2015-07-06T06:30:53.000Z</time>
      </trkpt>
      <trkpt lat="46.09873" lon="6.84653">
        <ele>1145.29</ele>
        <time>2015-07-06T06:30:58.000Z</time>
      </trkpt>
      <trkpt lat="46.0987" lon="6.84653">
        <ele>1146.39</ele>
        <time>2015-07-06T06:31:05.000Z</time>
      </trkpt>
      <trkpt lat="46.09874" lon="6.84651">
        <ele>1148.27</ele>
        <time>2015-07-06T06:31:19.000Z</time>
      </trkpt>
      <trkpt lat="46.09874" lon="6.84654">
        <ele>1148.76</ele>
        <time>2015-07-06T06:31:22.000Z</time>
      </trkpt>
      <trkpt lat="46.09881" lon="6.8466">
        <ele>1152.48</ele>
        <time>2015-07-06T06:31:40.000Z</time>
      </trkpt>
      <trkpt lat="46.09879" lon="6.8468">
        <ele>1155.55</ele>
        <time>2015-07-06T06:31:53.000Z</time>
      </trkpt>
      <trkpt lat="46.09878" lon="6.84683">
        <ele>1156.19</ele>
        <time>2015-07-06T06:31:56.000Z</time>
      </trkpt>
      <trkpt lat="46.09874" lon="6.84684">
        <ele>1158.76</ele>
        <time>2015-07-06T06:32:08.000Z</time>
      </trkpt>
      <trkpt lat="46.09874" lon="6.84684">
        <ele>1159.19</ele>
        <time>2015-07-06T06:32:10.000Z</time>
      </trkpt>
      <trkpt lat="46.0988" lon="6.84683">
        <ele>1162.03</ele>
        <time>2015-07-06T06:32:25.000Z</time>
      </trkpt>
      <trkpt lat="46.09879" lon="6.84705">
        <ele>1165.09</ele>
        <time>2015-07-06T06:32:40.000Z</time>
      </trkpt>
      <trkpt lat="46.09884" lon="6.84714">
        <ele>1168.79</ele>
        <time>2015-07-06T06:32:59.000Z</time>
      </trkpt>
      <trkpt lat="46.09893" lon="6.84713">
        <ele>1172.45</ele>
        <time>2015-07-06T06:33:18.000Z</time>
      </trkpt>
      <trkpt lat="46.099" lon="6.84714">
        <ele>1175.46</ele>
        <time>2015-07-06T06:33:32.000Z</time>
      </trkpt>
      <trkpt lat="46.09919" lon="6.84679">
        <ele>1178.22</ele>
        <time>2015-07-06T06:33:46.000Z</time>
      </trkpt>
      <trkpt lat="46.09923" lon="6.8467">
        <ele>1180.28</ele>
        <time>2015-07-06T06:34:03.000Z</time>
      </trkpt>
      <trkpt lat="46.09923" lon="6.84662">
        <ele>1183.77</ele>
        <time>2015-07-06T06:34:22.000Z</time>
      </trkpt>
      <trkpt lat="46.09922" lon="6.84654">
        <ele>1185.79</ele>
        <time>2015-07-06T06:34:41.000Z</time>
      </trkpt>
      <trkpt lat="46.09922" lon="6.84652">
        <ele>1186.61</ele>
        <time>2015-07-06T06:35:02.000Z</time>
      </trkpt>
      <trkpt lat="46.09919" lon="6.84654">
        <ele>1187.23</ele>
        <time>2015-07-06T06:35:26.000Z</time>
      </trkpt>
      <trkpt lat="46.09925" lon="6.84661">
        <ele>1188.15</ele>
        <time>2015-07-06T06:35:41.000Z</time>
      </trkpt>
      <trkpt lat="46.09926" lon="6.84661">
        <ele>1188.5</ele>
        <time>2015-07-06T06:35:43.000Z</time>
      </trkpt>
      <trkpt lat="46.09936" lon="6.84649">
        <ele>1193.06</ele>
        <time>2015-07-06T06:36:03.000Z</time>
      </trkpt>
      <trkpt lat="46.09937" lon="6.84645">
        <ele>1193.36</ele>
        <time>2015-07-06T06:36:06.000Z</time>
      </trkpt>
      <trkpt lat="46.09936" lon="6.84646">
        <ele>1193.6</ele>
        <time>2015-07-06T06:36:09.000Z</time>
      </trkpt>
      <trkpt lat="46.09941" lon="6.8465">
        <ele>1197.34</ele>
        <time>2015-07-06T06:36:23.000Z</time>
      </trkpt>
      <trkpt lat="46.09945" lon="6.8465">
        <ele>1202.98</ele>
        <time>2015-07-06T06:36:45.000Z</time>
      </trkpt>
      <trkpt lat="46.09945" lon="6.84648">
        <ele>1203.44</ele>
        <time>2015-07-06T06:36:48.000Z</time>
      </trkpt>
      <trkpt lat="46.0995" lon="6.84646">
        <ele>1206.84</ele>
        <time>2015-07-06T06:37:09.000Z</time>
      </trkpt>
      <trkpt lat="46.09953" lon="6.84648">
        <ele>1210.18</ele>
        <time>2015-07-06T06:37:22.000Z</time>
      </trkpt>
      <trkpt lat="46.09957" lon="6.84657">
        <ele>1214.96</ele>
        <time>2015-07-06T06:37:40.000Z</time>
      </trkpt>
      <trkpt lat="46.09955" lon="6.84658">
        <ele>1218.56</ele>
        <time>2015-07-06T06:37:56.000Z</time>
      </trkpt>
      <trkpt lat="46.09953" lon="6.84653">
        <ele>1221.84</ele>
        <time>2015-07-06T06:38:16.000Z</time>
      </trkpt>
      <trkpt lat="46.09951" lon="6.84642">
        <ele>1223.92</ele>
        <time>2015-07-06T06:38:32.000Z</time>
      </trkpt>
      <trkpt lat="46.0995" lon="6.8464">
        <ele>1224.42</ele>
        <time>2015-07-06T06:38:37.000Z</time>
      </trkpt>
      <trkpt lat="46.09945" lon="6.84633">
        <ele>1225.36</ele>
        <time>2015-07-06T06:38:58.000Z</time>
      </trkpt>
      <trkpt lat="46.09935" lon="6.84636">
        <ele>1225.51</ele>
        <time>2015-07-06T06:39:13.000Z</time>
      </trkpt>
      <trkpt lat="46.09931" lon="6.84633">
        <ele>1225.5</ele>
        <time>2015-07-06T06:39:40.000Z</time>
      </trkpt>
      <trkpt lat="46.09943" lon="6.84618">
        <ele>1225.36</ele>
        <time>2015-07-06T06:40:25.000Z</time>
      </trkpt>
      <trkpt lat="46.09946" lon="6.84629">
        <ele>1225.35</ele>
        <time>2015-07-06T06:40:42.000Z</time>
      </trkpt>
      <trkpt lat="46.09955" lon="6.84633">
        <ele>1225.5</ele>
        <time>2015-07-06T06:40:57.000Z</time>
      </trkpt>
      <trkpt lat="46.09961" lon="6.84615">
        <ele>1226.48</ele>
        <time>2015-07-06T06:41:17.000Z</time>
      </trkpt>
      <trkpt lat="46.09953" lon="6.84605">
        <ele>1227.45</ele>
        <time>2015-07-06T06:41:40.000Z</time>
      </trkpt>
      <trkpt lat="46.09954" lon="6.84606">
        <ele>1227.66</ele>
        <time>2015-07-06T06:41:44.000Z</time>
      </trkpt>
      <trkpt lat="46.09957" lon="6.84608">
        <ele>1228.08</ele>
        <time>2015-07-06T06:41:50.000Z</time>
      </trkpt>
      <trkpt lat="46.09965" lon="6.84614">
        <ele>1230.83</ele>
        <time>2015-07-06T06:42:09.000Z</time>
      </trkpt>
      <trkpt lat="46.09969" lon="6.84615">
        <ele>1233.96</ele>
        <time>2015-07-06T06:42:13.000Z</time>
      </trkpt>
      <trkpt lat="46.09973" lon="6.84606">
        <ele>1242.31</ele>
        <time>2015-07-06T06:42:33.000Z</time>
      </trkpt>
      <trkpt lat="46.09974" lon="6.84605">
        <ele>1248.14</ele>
        <time>2015-07-06T06:42:51.000Z</time>
      </trkpt>
      <trkpt lat="46.09971" lon="6.84602">
        <ele>1253.94</ele>
        <time>2015-07-06T06:43:09.000Z</time>
      </trkpt>
      <trkpt lat="46.09963" lon="6.84603">
        <ele>1257.44</ele>
        <time>2015-07-06T06:43:26.000Z</time>
      </trkpt>
      <trkpt lat="46.09961" lon="6.84589">
        <ele>1262.14</ele>
        <time>2015-07-06T06:43:44.000Z</time>
      </trkpt>
      <trkpt lat="46.09959" lon="6.84581">
        <ele>1266.19</ele>
        <time>2015-07-06T06:44:01.000Z</time>
      </trkpt>
      <trkpt lat="46.09958" lon="6.8457">
        <ele>1270.35</ele>
        <time>2015-07-06T06:44:18.000Z</time>
      </trkpt>
      <trkpt lat="46.09959" lon="6.84561">
        <ele>1272.68</ele>
        <time>2015-07-06T06:44:34.000Z</time>
      </trkpt>
      <trkpt lat="46.09966" lon="6.84558">
        <ele>1276.42</ele>
        <time>2015-07-06T06:44:53.000Z</time>
      </trkpt>
      <trkpt lat="46.09967" lon="6.84552">
        <ele>1279.9</ele>
        <time>2015-07-06T06:45:11.000Z</time>
      </trkpt>
      <trkpt lat="46.09971" lon="6.84551">
        <ele>1281.11</ele>
        <time>2015-07-06T06:45:29.000Z</time>
      </trkpt>
      <trkpt lat="46.09978" lon="6.84555">
        <ele>1281.43</ele>
        <time>2015-07-06T06:45:48.000Z</time>
      </trkpt>
      <trkpt lat="46.09983" lon="6.84553">
        <ele>1281.87</ele>
        <time>2015-07-06T06:46:06.000Z</time>
      </trkpt>
      <trkpt lat="46.09984" lon="6.84548">
        <ele>1286.04</ele>
        <time>2015-07-06T06:46:26.000Z</time>
      </trkpt>
      <trkpt lat="46.09982" lon="6.8454">
        <ele>1289.36</ele>
        <time>2015-07-06T06:46:44.000Z</time>
      </trkpt>
      <trkpt lat="46.09987" lon="6.84532">
        <ele>1293.97</ele>
        <time>2015-07-06T06:47:04.000Z</time>
      </trkpt>
      <trkpt lat="46.09994" lon="6.84529">
        <ele>1296.21</ele>
        <time>2015-07-06T06:47:19.000Z</time>
      </trkpt>
      <trkpt lat="46.10002" lon="6.84528">
        <ele>1299.14</ele>
        <time>2015-07-06T06:47:37.000Z</time>
      </trkpt>
      <trkpt lat="46.10004" lon="6.84519">
        <ele>1302.16</ele>
        <time>2015-07-06T06:47:57.000Z</time>
      </trkpt>
      <trkpt lat="46.1001" lon="6.84502">
        <ele>1305.57</ele>
        <time>2015-07-06T06:48:19.000Z</time>
      </trkpt>
      <trkpt lat="46.10014" lon="6.84488">
        <ele>1308.92</ele>
        <time>2015-07-06T06:48:38.000Z</time>
      </trkpt>
      <trkpt lat="46.1002" lon="6.84477">
        <ele>1313.3</ele>
        <time>2015-07-06T06:48:58.000Z</time>
      </trkpt>
      <trkpt lat="46.10027" lon="6.8448">
        <ele>1316.29</ele>
        <time>2015-07-06T06:49:18.000Z</time>
      </trkpt>
      <trkpt lat="46.10031" lon="6.84474">
        <ele>1320.33</ele>
        <time>2015-07-06T06:49:39.000Z</time>
      </trkpt>
      <trkpt lat="46.10039" lon="6.84474">
        <ele>1321.54</ele>
        <time>2015-07-06T06:49:59.000Z</time>
      </trkpt>
      <trkpt lat="46.10048" lon="6.84466">
        <ele>1323.49</ele>
        <time>2015-07-06T06:50:18.000Z</time>
      </trkpt>
      <trkpt lat="46.10053" lon="6.84454">
        <ele>1324.32</ele>
        <time>2015-07-06T06:50:35.000Z</time>
      </trkpt>
      <trkpt lat="46.10053" lon="6.84446">
        <ele>1325.22</ele>
        <time>2015-07-06T06:50:53.000Z</time>
      </trkpt>
      <trkpt lat="46.10061" lon="6.84436">
        <ele>1325.82</ele>
        <time>2015-07-06T06:51:13.000Z</time>
      </trkpt>
      <trkpt lat="46.10065" lon="6.84426">
        <ele>1326.53</ele>
        <time>2015-07-06T06:51:31.000Z</time>
      </trkpt>
      <trkpt lat="46.1007" lon="6.84429">
        <ele>1327</ele>
        <time>2015-07-06T06:51:50.000Z</time>
      </trkpt>
      <trkpt lat="46.10079" lon="6.84424">
        <ele>1327.48</ele>
        <time>2015-07-06T06:52:09.000Z</time>
      </trkpt>
      <trkpt lat="46.10085" lon="6.84415">
        <ele>1328.29</ele>
        <time>2015-07-06T06:52:29.000Z</time>
      </trkpt>
      <trkpt lat="46.10095" lon="6.84414">
        <ele>1329</ele>
        <time>2015-07-06T06:52:50.000Z</time>
      </trkpt>
      <trkpt lat="46.10107" lon="6.84415">
        <ele>1330.13</ele>
        <time>2015-07-06T06:53:10.000Z</time>
      </trkpt>
      <trkpt lat="46.10116" lon="6.84419">
        <ele>1331.25</ele>
        <time>2015-07-06T06:53:30.000Z</time>
      </trkpt>
      <trkpt lat="46.10124" lon="6.84419">
        <ele>1332.49</ele>
        <time>2015-07-06T06:53:45.000Z</time>
      </trkpt>
      <trkpt lat="46.10132" lon="6.84424">
        <ele>1335.31</ele>
        <time>2015-07-06T06:53:59.000Z</time>
      </trkpt>
      <trkpt lat="46.10145" lon="6.84429">
        <ele>1338.45</ele>
        <time>2015-07-06T06:54:16.000Z</time>
      </trkpt>
      <trkpt lat="46.10155" lon="6.8443">
        <ele>1342.76</ele>
        <time>2015-07-06T06:54:34.000Z</time>
      </trkpt>
      <trkpt lat="46.10159" lon="6.84437">
        <ele>1347.48</ele>
        <time>2015-07-06T06:54:51.000Z</time>
      </trkpt>
      <trkpt lat="46.10159" lon="6.84456">
        <ele>1350.72</ele>
        <time>2015-07-06T06:55:08.000Z</time>
      </trkpt>
      <trkpt lat="46.10159" lon="6.84472">
        <ele>1352.95</ele>
        <time>2015-07-06T06:55:22.000Z</time>
      </trkpt>
      <trkpt lat="46.10158" lon="6.84489">
        <ele>1355.92</ele>
        <time>2015-07-06T06:55:38.000Z</time>
      </trkpt>
      <trkpt lat="46.10161" lon="6.84497">
        <ele>1359.68</ele>
        <time>2015-07-06T06:55:55.000Z</time>
      </trkpt>
      <trkpt lat="46.10164" lon="6.84491">
        <ele>1360.96</ele>
        <time>2015-07-06T06:56:01.000Z</time>
      </trkpt>
      <trkpt lat="46.10173" lon="6.84475">
        <ele>1364.8</ele>
        <time>2015-07-06T06:56:19.000Z</time>
      </trkpt>
      <trkpt lat="46.10175" lon="6.84487">
        <ele>1365.84</ele>
        <time>2015-07-06T06:56:34.000Z</time>
      </trkpt>
      <trkpt lat="46.10177" lon="6.84506">
        <ele>1367.24</ele>
        <time>2015-07-06T06:56:55.000Z</time>
      </trkpt>
      <trkpt lat="46.10183" lon="6.8451">
        <ele>1369.77</ele>
        <time>2015-07-06T06:57:11.000Z</time>
      </trkpt>
      <trkpt lat="46.10187" lon="6.84506">
        <ele>1378.4</ele>
        <time>2015-07-06T06:57:29.000Z</time>
      </trkpt>
      <trkpt lat="46.10195" lon="6.84493">
        <ele>1379.42</ele>
        <time>2015-07-06T06:57:49.000Z</time>
      </trkpt>
      <trkpt lat="46.10202" lon="6.84491">
        <ele>1379.87</ele>
        <time>2015-07-06T06:57:59.000Z</time>
      </trkpt>
      <trkpt lat="46.10209" lon="6.84483">
        <ele>1381.51</ele>
        <time>2015-07-06T06:58:17.000Z</time>
      </trkpt>
      <trkpt lat="46.10212" lon="6.84469">
        <ele>1383.77</ele>
        <time>2015-07-06T06:58:33.000Z</time>
      </trkpt>
      <trkpt lat="46.10217" lon="6.8445">
        <ele>1386.51</ele>
        <time>2015-07-06T06:58:51.000Z</time>
      </trkpt>
      <trkpt lat="46.10223" lon="6.84439">
        <ele>1388.87</ele>
        <time>2015-07-06T06:59:08.000Z</time>
      </trkpt>
      <trkpt lat="46.1023" lon="6.8443">
        <ele>1390.62</ele>
        <time>2015-07-06T06:59:26.000Z</time>
      </trkpt>
      <trkpt lat="46.10233" lon="6.84413">
        <ele>1392.41</ele>
        <time>2015-07-06T06:59:42.000Z</time>
      </trkpt>
      <trkpt lat="46.10235" lon="6.84406">
        <ele>1393.1</ele>
        <time>2015-07-06T06:59:48.000Z</time>
      </trkpt>
      <trkpt lat="46.10238" lon="6.844">
        <ele>1393.62</ele>
        <time>2015-07-06T06:59:54.000Z</time>
      </trkpt>
      <trkpt lat="46.10243" lon="6.84382">
        <ele>1396.02</ele>
        <time>2015-07-06T07:00:12.000Z</time>
      </trkpt>
      <trkpt lat="46.10247" lon="6.84368">
        <ele>1398.57</ele>
        <time>2015-07-06T07:00:31.000Z</time>
      </trkpt>
      <trkpt lat="46.10256" lon="6.84359">
        <ele>1399.98</ele>
        <time>2015-07-06T07:00:48.000Z</time>
      </trkpt>
      <trkpt lat="46.10265" lon="6.84355">
        <ele>1401.67</ele>
        <time>2015-07-06T07:01:05.000Z</time>
      </trkpt>
      <trkpt lat="46.10272" lon="6.84358">
        <ele>1403.61</ele>
        <time>2015-07-06T07:01:22.000Z</time>
      </trkpt>
      <trkpt lat="46.10279" lon="6.84355">
        <ele>1405.74</ele>
        <time>2015-07-06T07:01:39.000Z</time>
      </trkpt>
      <trkpt lat="46.10282" lon="6.84346">
        <ele>1408.34</ele>
        <time>2015-07-06T07:01:55.000Z</time>
      </trkpt>
      <trkpt lat="46.10283" lon="6.84333">
        <ele>1410.39</ele>
        <time>2015-07-06T07:02:15.000Z</time>
      </trkpt>
      <trkpt lat="46.10288" lon="6.84324">
        <ele>1412.16</ele>
        <time>2015-07-06T07:02:38.000Z</time>
      </trkpt>
      <trkpt lat="46.10297" lon="6.84313">
        <ele>1413.41</ele>
        <time>2015-07-06T07:02:59.000Z</time>
      </trkpt>
      <trkpt lat="46.10303" lon="6.84304">
        <ele>1414.84</ele>
        <time>2015-07-06T07:03:19.000Z</time>
      </trkpt>
      <trkpt lat="46.10305" lon="6.84298">
        <ele>1416.66</ele>
        <time>2015-07-06T07:03:38.000Z</time>
      </trkpt>
      <trkpt lat="46.10309" lon="6.84287">
        <ele>1418.37</ele>
        <time>2015-07-06T07:03:56.000Z</time>
      </trkpt>
      <trkpt lat="46.1031" lon="6.84274">
        <ele>1419.95</ele>
        <time>2015-07-06T07:04:13.000Z</time>
      </trkpt>
      <trkpt lat="46.10315" lon="6.84259">
        <ele>1422.24</ele>
        <time>2015-07-06T07:04:32.000Z</time>
      </trkpt>
      <trkpt lat="46.10316" lon="6.84247">
        <ele>1424.86</ele>
        <time>2015-07-06T07:04:51.000Z</time>
      </trkpt>
      <trkpt lat="46.10318" lon="6.84241">
        <ele>1427.29</ele>
        <time>2015-07-06T07:05:12.000Z</time>
      </trkpt>
      <trkpt lat="46.10318" lon="6.84228">
        <ele>1430.11</ele>
        <time>2015-07-06T07:05:30.000Z</time>
      </trkpt>
      <trkpt lat="46.10313" lon="6.84218">
        <ele>1434.12</ele>
        <time>2015-07-06T07:05:50.000Z</time>
      </trkpt>
      <trkpt lat="46.10307" lon="6.84208">
        <ele>1438.06</ele>
        <time>2015-07-06T07:06:12.000Z</time>
      </trkpt>
      <trkpt lat="46.10304" lon="6.84196">
        <ele>1439.83</ele>
        <time>2015-07-06T07:06:29.000Z</time>
      </trkpt>
      <trkpt lat="46.103" lon="6.84181">
        <ele>1443.02</ele>
        <time>2015-07-06T07:06:46.000Z</time>
      </trkpt>
      <trkpt lat="46.10299" lon="6.8417">
        <ele>1445.59</ele>
        <time>2015-07-06T07:07:05.000Z</time>
      </trkpt>
      <trkpt lat="46.10307" lon="6.84173">
        <ele>1449.04</ele>
        <time>2015-07-06T07:07:23.000Z</time>
      </trkpt>
      <trkpt lat="46.10319" lon="6.84175">
        <ele>1456.59</ele>
        <time>2015-07-06T07:07:45.000Z</time>
      </trkpt>
      <trkpt lat="46.10325" lon="6.84174">
        <ele>1460.48</ele>
        <time>2015-07-06T07:08:04.000Z</time>
      </trkpt>
      <trkpt lat="46.10325" lon="6.8417">
        <ele>1461.69</ele>
        <time>2015-07-06T07:08:20.000Z</time>
      </trkpt>
      <trkpt lat="46.10325" lon="6.84157">
        <ele>1464.56</ele>
        <time>2015-07-06T07:08:41.000Z</time>
      </trkpt>
      <trkpt lat="46.10324" lon="6.8415">
        <ele>1466.31</ele>
        <time>2015-07-06T07:09:01.000Z</time>
      </trkpt>
      <trkpt lat="46.10321" lon="6.84139">
        <ele>1467.55</ele>
        <time>2015-07-06T07:09:18.000Z</time>
      </trkpt>
      <trkpt lat="46.10323" lon="6.84131">
        <ele>1469.23</ele>
        <time>2015-07-06T07:09:37.000Z</time>
      </trkpt>
      <trkpt lat="46.1032" lon="6.84125">
        <ele>1472.28</ele>
        <time>2015-07-06T07:09:55.000Z</time>
      </trkpt>
      <trkpt lat="46.10319" lon="6.84113">
        <ele>1474.68</ele>
        <time>2015-07-06T07:10:16.000Z</time>
      </trkpt>
      <trkpt lat="46.10318" lon="6.841">
        <ele>1475.97</ele>
        <time>2015-07-06T07:10:34.000Z</time>
      </trkpt>
      <trkpt lat="46.10315" lon="6.84092">
        <ele>1478.73</ele>
        <time>2015-07-06T07:10:52.000Z</time>
      </trkpt>
      <trkpt lat="46.10316" lon="6.84082">
        <ele>1482</ele>
        <time>2015-07-06T07:11:11.000Z</time>
      </trkpt>
      <trkpt lat="46.10321" lon="6.8408">
        <ele>1484.69</ele>
        <time>2015-07-06T07:11:29.000Z</time>
      </trkpt>
      <trkpt lat="46.10329" lon="6.84081">
        <ele>1487.61</ele>
        <time>2015-07-06T07:11:46.000Z</time>
      </trkpt>
      <trkpt lat="46.10326" lon="6.8407">
        <ele>1490.5</ele>
        <time>2015-07-06T07:12:07.000Z</time>
      </trkpt>
      <trkpt lat="46.10324" lon="6.84058">
        <ele>1490.76</ele>
        <time>2015-07-06T07:12:24.000Z</time>
      </trkpt>
      <trkpt lat="46.10322" lon="6.84043">
        <ele>1492.26</ele>
        <time>2015-07-06T07:12:43.000Z</time>
      </trkpt>
      <trkpt lat="46.10319" lon="6.84032">
        <ele>1495.19</ele>
        <time>2015-07-06T07:13:00.000Z</time>
      </trkpt>
      <trkpt lat="46.10314" lon="6.84024">
        <ele>1498.55</ele>
        <time>2015-07-06T07:13:17.000Z</time>
      </trkpt>
      <trkpt lat="46.10305" lon="6.84017">
        <ele>1503.57</ele>
        <time>2015-07-06T07:13:35.000Z</time>
      </trkpt>
      <trkpt lat="46.10298" lon="6.84012">
        <ele>1508.15</ele>
        <time>2015-07-06T07:13:50.000Z</time>
      </trkpt>
      <trkpt lat="46.1029" lon="6.84011">
        <ele>1513.09</ele>
        <time>2015-07-06T07:14:09.000Z</time>
      </trkpt>
      <trkpt lat="46.10292" lon="6.84007">
        <ele>1515.92</ele>
        <time>2015-07-06T07:14:35.000Z</time>
      </trkpt>
      <trkpt lat="46.10295" lon="6.84">
        <ele>1517.64</ele>
        <time>2015-07-06T07:14:51.000Z</time>
      </trkpt>
      <trkpt lat="46.10293" lon="6.83995">
        <ele>1520.03</ele>
        <time>2015-07-06T07:15:08.000Z</time>
      </trkpt>
      <trkpt lat="46.10295" lon="6.83979">
        <ele>1521.69</ele>
        <time>2015-07-06T07:15:23.000Z</time>
      </trkpt>
      <trkpt lat="46.10286" lon="6.83972">
        <ele>1525.26</ele>
        <time>2015-07-06T07:15:37.000Z</time>
      </trkpt>
      <trkpt lat="46.10285" lon="6.83972">
        <ele>1525.5</ele>
        <time>2015-07-06T07:15:38.000Z</time>
      </trkpt>
      <trkpt lat="46.10283" lon="6.83973">
        <ele>1526.23</ele>
        <time>2015-07-06T07:15:40.000Z</time>
      </trkpt>
      <trkpt lat="46.10279" lon="6.83974">
        <ele>1527.23</ele>
        <time>2015-07-06T07:15:45.000Z</time>
      </trkpt>
      <trkpt lat="46.10276" lon="6.83974">
        <ele>1527.86</ele>
        <time>2015-07-06T07:15:48.000Z</time>
      </trkpt>
      <trkpt lat="46.10274" lon="6.83973">
        <ele>1528.44</ele>
        <time>2015-07-06T07:15:50.000Z</time>
      </trkpt>
      <trkpt lat="46.1027" lon="6.83969">
        <ele>1529.92</ele>
        <time>2015-07-06T07:15:55.000Z</time>
      </trkpt>
      <trkpt lat="46.10263" lon="6.83961">
        <ele>1534.62</ele>
        <time>2015-07-06T07:16:08.000Z</time>
      </trkpt>
      <trkpt lat="46.10252" lon="6.83964">
        <ele>1540.16</ele>
        <time>2015-07-06T07:16:25.000Z</time>
      </trkpt>
      <trkpt lat="46.10246" lon="6.83963">
        <ele>1545.47</ele>
        <time>2015-07-06T07:16:40.000Z</time>
      </trkpt>
      <trkpt lat="46.10243" lon="6.83954">
        <ele>1548.84</ele>
        <time>2015-07-06T07:16:54.000Z</time>
      </trkpt>
      <trkpt lat="46.10239" lon="6.83945">
        <ele>1551.13</ele>
        <time>2015-07-06T07:17:09.000Z</time>
      </trkpt>
      <trkpt lat="46.1023" lon="6.83946">
        <ele>1554.05</ele>
        <time>2015-07-06T07:17:26.000Z</time>
      </trkpt>
      <trkpt lat="46.10221" lon="6.83939">
        <ele>1557.36</ele>
        <time>2015-07-06T07:17:46.000Z</time>
      </trkpt>
      <trkpt lat="46.10221" lon="6.83926">
        <ele>1559.72</ele>
        <time>2015-07-06T07:18:04.000Z</time>
      </trkpt>
      <trkpt lat="46.10224" lon="6.8391">
        <ele>1562.03</ele>
        <time>2015-07-06T07:18:22.000Z</time>
      </trkpt>
      <trkpt lat="46.10217" lon="6.83906">
        <ele>1563.02</ele>
        <time>2015-07-06T07:18:41.000Z</time>
      </trkpt>
      <trkpt lat="46.10207" lon="6.83909">
        <ele>1563.81</ele>
        <time>2015-07-06T07:18:59.000Z</time>
      </trkpt>
      <trkpt lat="46.10201" lon="6.83918">
        <ele>1564.6</ele>
        <time>2015-07-06T07:19:15.000Z</time>
      </trkpt>
      <trkpt lat="46.10196" lon="6.83919">
        <ele>1567.64</ele>
        <time>2015-07-06T07:19:34.000Z</time>
      </trkpt>
      <trkpt lat="46.10194" lon="6.83909">
        <ele>1570.23</ele>
        <time>2015-07-06T07:19:51.000Z</time>
      </trkpt>
      <trkpt lat="46.10193" lon="6.83901">
        <ele>1572.73</ele>
        <time>2015-07-06T07:20:10.000Z</time>
      </trkpt>
      <trkpt lat="46.10193" lon="6.83893">
        <ele>1574.26</ele>
        <time>2015-07-06T07:20:26.000Z</time>
      </trkpt>
      <trkpt lat="46.10191" lon="6.83884">
        <ele>1576.12</ele>
        <time>2015-07-06T07:20:42.000Z</time>
      </trkpt>
      <trkpt lat="46.1019" lon="6.83875">
        <ele>1577.79</ele>
        <time>2015-07-06T07:21:00.000Z</time>
      </trkpt>
      <trkpt lat="46.10187" lon="6.83872">
        <ele>1578.8</ele>
        <time>2015-07-06T07:21:16.000Z</time>
      </trkpt>
      <trkpt lat="46.10188" lon="6.83861">
        <ele>1580.37</ele>
        <time>2015-07-06T07:21:33.000Z</time>
      </trkpt>
      <trkpt lat="46.10189" lon="6.83859">
        <ele>1581.76</ele>
        <time>2015-07-06T07:21:51.000Z</time>
      </trkpt>
      <trkpt lat="46.10188" lon="6.8385">
        <ele>1582.47</ele>
        <time>2015-07-06T07:22:04.000Z</time>
      </trkpt>
      <trkpt lat="46.10193" lon="6.83843">
        <ele>1583.81</ele>
        <time>2015-07-06T07:22:20.000Z</time>
      </trkpt>
      <trkpt lat="46.10192" lon="6.83836">
        <ele>1585</ele>
        <time>2015-07-06T07:22:35.000Z</time>
      </trkpt>
      <trkpt lat="46.10189" lon="6.83828">
        <ele>1586.34</ele>
        <time>2015-07-06T07:22:51.000Z</time>
      </trkpt>
      <trkpt lat="46.10187" lon="6.83819">
        <ele>1587.27</ele>
        <time>2015-07-06T07:23:09.000Z</time>
      </trkpt>
      <trkpt lat="46.10191" lon="6.83818">
        <ele>1593.16</ele>
        <time>2015-07-06T07:23:28.000Z</time>
      </trkpt>
      <trkpt lat="46.10199" lon="6.83816">
        <ele>1598.61</ele>
        <time>2015-07-06T07:23:47.000Z</time>
      </trkpt>
      <trkpt lat="46.10206" lon="6.83819">
        <ele>1602.96</ele>
        <time>2015-07-06T07:24:02.000Z</time>
      </trkpt>
      <trkpt lat="46.10214" lon="6.83827">
        <ele>1608.46</ele>
        <time>2015-07-06T07:24:18.000Z</time>
      </trkpt>
      <trkpt lat="46.10219" lon="6.83815">
        <ele>1611.11</ele>
        <time>2015-07-06T07:24:37.000Z</time>
      </trkpt>
      <trkpt lat="46.10224" lon="6.8381">
        <ele>1613.37</ele>
        <time>2015-07-06T07:24:55.000Z</time>
      </trkpt>
      <trkpt lat="46.10226" lon="6.83801">
        <ele>1614.46</ele>
        <time>2015-07-06T07:25:13.000Z</time>
      </trkpt>
      <trkpt lat="46.10232" lon="6.83791">
        <ele>1615.44</ele>
        <time>2015-07-06T07:25:32.000Z</time>
      </trkpt>
      <trkpt lat="46.10236" lon="6.83783">
        <ele>1616.26</ele>
        <time>2015-07-06T07:25:53.000Z</time>
      </trkpt>
      <trkpt lat="46.10244" lon="6.8378">
        <ele>1617.43</ele>
        <time>2015-07-06T07:26:09.000Z</time>
      </trkpt>
      <trkpt lat="46.10254" lon="6.83775">
        <ele>1618.09</ele>
        <time>2015-07-06T07:26:29.000Z</time>
      </trkpt>
      <trkpt lat="46.10262" lon="6.83781">
        <ele>1618.93</ele>
        <time>2015-07-06T07:26:45.000Z</time>
      </trkpt>
      <trkpt lat="46.1027" lon="6.83789">
        <ele>1620.46</ele>
        <time>2015-07-06T07:27:04.000Z</time>
      </trkpt>
      <trkpt lat="46.10278" lon="6.83788">
        <ele>1621.31</ele>
        <time>2015-07-06T07:27:22.000Z</time>
      </trkpt>
      <trkpt lat="46.10285" lon="6.83778">
        <ele>1622.12</ele>
        <time>2015-07-06T07:27:40.000Z</time>
      </trkpt>
      <trkpt lat="46.1029" lon="6.83772">
        <ele>1623.58</ele>
        <time>2015-07-06T07:28:00.000Z</time>
      </trkpt>
      <trkpt lat="46.10298" lon="6.83767">
        <ele>1625.39</ele>
        <time>2015-07-06T07:28:17.000Z</time>
      </trkpt>
      <trkpt lat="46.10305" lon="6.83761">
        <ele>1627.95</ele>
        <time>2015-07-06T07:28:33.000Z</time>
      </trkpt>
      <trkpt lat="46.10308" lon="6.83757">
        <ele>1628.41</ele>
        <time>2015-07-06T07:28:37.000Z</time>
      </trkpt>
      <trkpt lat="46.10314" lon="6.83748">
        <ele>1631.17</ele>
        <time>2015-07-06T07:28:55.000Z</time>
      </trkpt>
      <trkpt lat="46.10318" lon="6.83748">
        <ele>1633.02</ele>
        <time>2015-07-06T07:29:12.000Z</time>
      </trkpt>
      <trkpt lat="46.10326" lon="6.83745">
        <ele>1636.57</ele>
        <time>2015-07-06T07:29:30.000Z</time>
      </trkpt>
      <trkpt lat="46.1033" lon="6.83746">
        <ele>1637.07</ele>
        <time>2015-07-06T07:29:47.000Z</time>
      </trkpt>
      <trkpt lat="46.10338" lon="6.83744">
        <ele>1637.82</ele>
        <time>2015-07-06T07:30:05.000Z</time>
      </trkpt>
      <trkpt lat="46.10345" lon="6.83743">
        <ele>1642.27</ele>
        <time>2015-07-06T07:30:24.000Z</time>
      </trkpt>
      <trkpt lat="46.10351" lon="6.83734">
        <ele>1648.08</ele>
        <time>2015-07-06T07:30:40.000Z</time>
      </trkpt>
      <trkpt lat="46.10356" lon="6.83739">
        <ele>1651.13</ele>
        <time>2015-07-06T07:30:57.000Z</time>
      </trkpt>
      <trkpt lat="46.10362" lon="6.83746">
        <ele>1654.82</ele>
        <time>2015-07-06T07:31:11.000Z</time>
      </trkpt>
      <trkpt lat="46.10369" lon="6.83753">
        <ele>1658.25</ele>
        <time>2015-07-06T07:31:26.000Z</time>
      </trkpt>
      <trkpt lat="46.10374" lon="6.83755">
        <ele>1661.07</ele>
        <time>2015-07-06T07:31:40.000Z</time>
      </trkpt>
      <trkpt lat="46.10383" lon="6.83755">
        <ele>1665.87</ele>
        <time>2015-07-06T07:31:58.000Z</time>
      </trkpt>
      <trkpt lat="46.10395" lon="6.83754">
        <ele>1670.93</ele>
        <time>2015-07-06T07:32:15.000Z</time>
      </trkpt>
      <trkpt lat="46.10404" lon="6.83752">
        <ele>1676.66</ele>
        <time>2015-07-06T07:32:32.000Z</time>
      </trkpt>
      <trkpt lat="46.10411" lon="6.83747">
        <ele>1680.27</ele>
        <time>2015-07-06T07:32:48.000Z</time>
      </trkpt>
      <trkpt lat="46.10417" lon="6.83758">
        <ele>1682.77</ele>
        <time>2015-07-06T07:33:02.000Z</time>
      </trkpt>
      <trkpt lat="46.10425" lon="6.83765">
        <ele>1688.14</ele>
        <time>2015-07-06T07:33:17.000Z</time>
      </trkpt>
      <trkpt lat="46.10438" lon="6.83774">
        <ele>1696.33</ele>
        <time>2015-07-06T07:33:36.000Z</time>
      </trkpt>
      <trkpt lat="46.1044" lon="6.83775">
        <ele>1697.31</ele>
        <time>2015-07-06T07:33:38.000Z</time>
      </trkpt>
      <trkpt lat="46.10449" lon="6.83782">
        <ele>1701.66</ele>
        <time>2015-07-06T07:33:53.000Z</time>
      </trkpt>
      <trkpt lat="46.10451" lon="6.83792">
        <ele>1703.55</ele>
        <time>2015-07-06T07:34:08.000Z</time>
      </trkpt>
      <trkpt lat="46.1045" lon="6.83803">
        <ele>1704.62</ele>
        <time>2015-07-06T07:34:24.000Z</time>
      </trkpt>
      <trkpt lat="46.10458" lon="6.83808">
        <ele>1705.73</ele>
        <time>2015-07-06T07:34:38.000Z</time>
      </trkpt>
      <trkpt lat="46.10465" lon="6.83808">
        <ele>1705.86</ele>
        <time>2015-07-06T07:34:55.000Z</time>
      </trkpt>
      <trkpt lat="46.10474" lon="6.8381">
        <ele>1707.39</ele>
        <time>2015-07-06T07:35:10.000Z</time>
      </trkpt>
      <trkpt lat="46.10481" lon="6.83805">
        <ele>1706.52</ele>
        <time>2015-07-06T07:35:27.000Z</time>
      </trkpt>
      <trkpt lat="46.10489" lon="6.83801">
        <ele>1705.82</ele>
        <time>2015-07-06T07:35:41.000Z</time>
      </trkpt>
      <trkpt lat="46.10495" lon="6.83797">
        <ele>1705.44</ele>
        <time>2015-07-06T07:35:51.000Z</time>
      </trkpt>
      <trkpt lat="46.10504" lon="6.83787">
        <ele>1707.14</ele>
        <time>2015-07-06T07:36:07.000Z</time>
      </trkpt>
      <trkpt lat="46.10513" lon="6.83782">
        <ele>1708.12</ele>
        <time>2015-07-06T07:36:24.000Z</time>
      </trkpt>
      <trkpt lat="46.10523" lon="6.83785">
        <ele>1708.72</ele>
        <time>2015-07-06T07:36:42.000Z</time>
      </trkpt>
      <trkpt lat="46.10526" lon="6.83788">
        <ele>1709.11</ele>
        <time>2015-07-06T07:36:46.000Z</time>
      </trkpt>
      <trkpt lat="46.10534" lon="6.83794">
        <ele>1711.39</ele>
        <time>2015-07-06T07:37:01.000Z</time>
      </trkpt>
      <trkpt lat="46.1054" lon="6.83792">
        <ele>1712.96</ele>
        <time>2015-07-06T07:37:19.000Z</time>
      </trkpt>
      <trkpt lat="46.10548" lon="6.83799">
        <ele>1713.67</ele>
        <time>2015-07-06T07:37:34.000Z</time>
      </trkpt>
      <trkpt lat="46.1056" lon="6.83807">
        <ele>1714.54</ele>
        <time>2015-07-06T07:37:50.000Z</time>
      </trkpt>
      <trkpt lat="46.1057" lon="6.83809">
        <ele>1715.48</ele>
        <time>2015-07-06T07:38:05.000Z</time>
      </trkpt>
      <trkpt lat="46.10582" lon="6.83813">
        <ele>1717.37</ele>
        <time>2015-07-06T07:38:21.000Z</time>
      </trkpt>
      <trkpt lat="46.10592" lon="6.83813">
        <ele>1719.73</ele>
        <time>2015-07-06T07:38:37.000Z</time>
      </trkpt>
      <trkpt lat="46.10598" lon="6.8382">
        <ele>1721.38</ele>
        <time>2015-07-06T07:38:46.000Z</time>
      </trkpt>
      <trkpt lat="46.10607" lon="6.83821">
        <ele>1724.4</ele>
        <time>2015-07-06T07:39:02.000Z</time>
      </trkpt>
      <trkpt lat="46.10612" lon="6.83813">
        <ele>1725.59</ele>
        <time>2015-07-06T07:39:22.000Z</time>
      </trkpt>
      <trkpt lat="46.10621" lon="6.83807">
        <ele>1726.94</ele>
        <time>2015-07-06T07:39:41.000Z</time>
      </trkpt>
      <trkpt lat="46.10628" lon="6.83799">
        <ele>1726.92</ele>
        <time>2015-07-06T07:39:59.000Z</time>
      </trkpt>
      <trkpt lat="46.1063" lon="6.83794">
        <ele>1727.96</ele>
        <time>2015-07-06T07:40:15.000Z</time>
      </trkpt>
      <trkpt lat="46.10629" lon="6.83786">
        <ele>1728.5</ele>
        <time>2015-07-06T07:40:33.000Z</time>
      </trkpt>
      <trkpt lat="46.10627" lon="6.83777">
        <ele>1728.66</ele>
        <time>2015-07-06T07:40:52.000Z</time>
      </trkpt>
      <trkpt lat="46.1063" lon="6.83775">
        <ele>1728.96</ele>
        <time>2015-07-06T07:41:08.000Z</time>
      </trkpt>
      <trkpt lat="46.10639" lon="6.83768">
        <ele>1729.64</ele>
        <time>2015-07-06T07:41:26.000Z</time>
      </trkpt>
      <trkpt lat="46.10641" lon="6.83763">
        <ele>1730.43</ele>
        <time>2015-07-06T07:41:40.000Z</time>
      </trkpt>
      <trkpt lat="46.10644" lon="6.83758">
        <ele>1731.86</ele>
        <time>2015-07-06T07:41:59.000Z</time>
      </trkpt>
      <trkpt lat="46.1065" lon="6.83749">
        <ele>1733.41</ele>
        <time>2015-07-06T07:42:19.000Z</time>
      </trkpt>
      <trkpt lat="46.10654" lon="6.83739">
        <ele>1734.78</ele>
        <time>2015-07-06T07:42:42.000Z</time>
      </trkpt>
      <trkpt lat="46.10658" lon="6.83734">
        <ele>1736.33</ele>
        <time>2015-07-06T07:42:56.000Z</time>
      </trkpt>
      <trkpt lat="46.10663" lon="6.8373">
        <ele>1739.33</ele>
        <time>2015-07-06T07:43:14.000Z</time>
      </trkpt>
      <trkpt lat="46.10668" lon="6.83732">
        <ele>1743.95</ele>
        <time>2015-07-06T07:43:32.000Z</time>
      </trkpt>
      <trkpt lat="46.10676" lon="6.83746">
        <ele>1748.83</ele>
        <time>2015-07-06T07:43:48.000Z</time>
      </trkpt>
      <trkpt lat="46.10683" lon="6.83742">
        <ele>1755.06</ele>
        <time>2015-07-06T07:44:07.000Z</time>
      </trkpt>
      <trkpt lat="46.10693" lon="6.83748">
        <ele>1763.25</ele>
        <time>2015-07-06T07:44:24.000Z</time>
      </trkpt>
      <trkpt lat="46.10699" lon="6.83741">
        <ele>1767.23</ele>
        <time>2015-07-06T07:44:41.000Z</time>
      </trkpt>
      <trkpt lat="46.10706" lon="6.83735">
        <ele>1771.73</ele>
        <time>2015-07-06T07:45:00.000Z</time>
      </trkpt>
      <trkpt lat="46.10718" lon="6.83731">
        <ele>1777.22</ele>
        <time>2015-07-06T07:45:19.000Z</time>
      </trkpt>
      <trkpt lat="46.10722" lon="6.83721">
        <ele>1781.36</ele>
        <time>2015-07-06T07:45:37.000Z</time>
      </trkpt>
      <trkpt lat="46.10723" lon="6.8371">
        <ele>1784.61</ele>
        <time>2015-07-06T07:45:56.000Z</time>
      </trkpt>
      <trkpt lat="46.10731" lon="6.83707">
        <ele>1787.49</ele>
        <time>2015-07-06T07:46:13.000Z</time>
      </trkpt>
      <trkpt lat="46.1074" lon="6.83704">
        <ele>1790.93</ele>
        <time>2015-07-06T07:46:30.000Z</time>
      </trkpt>
      <trkpt lat="46.10744" lon="6.837">
        <ele>1793.67</ele>
        <time>2015-07-06T07:46:45.000Z</time>
      </trkpt>
      <trkpt lat="46.10747" lon="6.83692">
        <ele>1794.42</ele>
        <time>2015-07-06T07:47:04.000Z</time>
      </trkpt>
      <trkpt lat="46.10753" lon="6.83682">
        <ele>1794.58</ele>
        <time>2015-07-06T07:47:23.000Z</time>
      </trkpt>
      <trkpt lat="46.10757" lon="6.83675">
        <ele>1795.89</ele>
        <time>2015-07-06T07:47:40.000Z</time>
      </trkpt>
      <trkpt lat="46.10758" lon="6.83669">
        <ele>1798.08</ele>
        <time>2015-07-06T07:47:55.000Z</time>
      </trkpt>
      <trkpt lat="46.10764" lon="6.83666">
        <ele>1799.15</ele>
        <time>2015-07-06T07:48:12.000Z</time>
      </trkpt>
      <trkpt lat="46.10767" lon="6.83659">
        <ele>1799.29</ele>
        <time>2015-07-06T07:48:31.000Z</time>
      </trkpt>
      <trkpt lat="46.10775" lon="6.83663">
        <ele>1803.19</ele>
        <time>2015-07-06T07:48:52.000Z</time>
      </trkpt>
      <trkpt lat="46.10779" lon="6.83657">
        <ele>1804.07</ele>
        <time>2015-07-06T07:49:11.000Z</time>
      </trkpt>
      <trkpt lat="46.10786" lon="6.83654">
        <ele>1806.52</ele>
        <time>2015-07-06T07:49:30.000Z</time>
      </trkpt>
      <trkpt lat="46.10793" lon="6.83651">
        <ele>1808.22</ele>
        <time>2015-07-06T07:49:48.000Z</time>
      </trkpt>
      <trkpt lat="46.10797" lon="6.8365">
        <ele>1809.42</ele>
        <time>2015-07-06T07:50:04.000Z</time>
      </trkpt>
      <trkpt lat="46.10803" lon="6.8365">
        <ele>1811.28</ele>
        <time>2015-07-06T07:50:24.000Z</time>
      </trkpt>
      <trkpt lat="46.10807" lon="6.8365">
        <ele>1814.14</ele>
        <time>2015-07-06T07:50:40.000Z</time>
      </trkpt>
      <trkpt lat="46.10815" lon="6.83655">
        <ele>1820.3</ele>
        <time>2015-07-06T07:50:59.000Z</time>
      </trkpt>
      <trkpt lat="46.10821" lon="6.83657">
        <ele>1823.3</ele>
        <time>2015-07-06T07:51:17.000Z</time>
      </trkpt>
      <trkpt lat="46.10826" lon="6.83656">
        <ele>1825.84</ele>
        <time>2015-07-06T07:51:32.000Z</time>
      </trkpt>
      <trkpt lat="46.10831" lon="6.83656">
        <ele>1829.67</ele>
        <time>2015-07-06T07:51:47.000Z</time>
      </trkpt>
      <trkpt lat="46.10837" lon="6.83662">
        <ele>1835.22</ele>
        <time>2015-07-06T07:52:05.000Z</time>
      </trkpt>
      <trkpt lat="46.10848" lon="6.83671">
        <ele>1842.18</ele>
        <time>2015-07-06T07:52:24.000Z</time>
      </trkpt>
      <trkpt lat="46.10856" lon="6.83671">
        <ele>1844.82</ele>
        <time>2015-07-06T07:52:44.000Z</time>
      </trkpt>
      <trkpt lat="46.10866" lon="6.83679">
        <ele>1846.41</ele>
        <time>2015-07-06T07:53:02.000Z</time>
      </trkpt>
      <trkpt lat="46.10869" lon="6.83682">
        <ele>1847.22</ele>
        <time>2015-07-06T07:53:09.000Z</time>
      </trkpt>
      <trkpt lat="46.10879" lon="6.83691">
        <ele>1847.08</ele>
        <time>2015-07-06T07:53:25.000Z</time>
      </trkpt>
      <trkpt lat="46.10887" lon="6.83691">
        <ele>1848.05</ele>
        <time>2015-07-06T07:53:43.000Z</time>
      </trkpt>
      <trkpt lat="46.10899" lon="6.83688">
        <ele>1847.86</ele>
        <time>2015-07-06T07:54:02.000Z</time>
      </trkpt>
      <trkpt lat="46.1091" lon="6.83693">
        <ele>1849.72</ele>
        <time>2015-07-06T07:54:20.000Z</time>
      </trkpt>
      <trkpt lat="46.10917" lon="6.83702">
        <ele>1853.98</ele>
        <time>2015-07-06T07:54:38.000Z</time>
      </trkpt>
      <trkpt lat="46.10924" lon="6.83707">
        <ele>1859.04</ele>
        <time>2015-07-06T07:54:56.000Z</time>
      </trkpt>
      <trkpt lat="46.10928" lon="6.83714">
        <ele>1863.45</ele>
        <time>2015-07-06T07:55:13.000Z</time>
      </trkpt>
      <trkpt lat="46.10934" lon="6.83715">
        <ele>1866.38</ele>
        <time>2015-07-06T07:55:28.000Z</time>
      </trkpt>
      <trkpt lat="46.10944" lon="6.83706">
        <ele>1867.62</ele>
        <time>2015-07-06T07:55:45.000Z</time>
      </trkpt>
      <trkpt lat="46.10952" lon="6.83707">
        <ele>1866.84</ele>
        <time>2015-07-06T07:55:58.000Z</time>
      </trkpt>
      <trkpt lat="46.10959" lon="6.83708">
        <ele>1865.1</ele>
        <time>2015-07-06T07:56:12.000Z</time>
      </trkpt>
      <trkpt lat="46.10971" lon="6.83711">
        <ele>1866.81</ele>
        <time>2015-07-06T07:56:31.000Z</time>
      </trkpt>
      <trkpt lat="46.10976" lon="6.83723">
        <ele>1869.26</ele>
        <time>2015-07-06T07:56:48.000Z</time>
      </trkpt>
      <trkpt lat="46.10984" lon="6.8372">
        <ele>1871.99</ele>
        <time>2015-07-06T07:57:06.000Z</time>
      </trkpt>
      <trkpt lat="46.10992" lon="6.83717">
        <ele>1873.66</ele>
        <time>2015-07-06T07:57:23.000Z</time>
      </trkpt>
      <trkpt lat="46.10999" lon="6.83724">
        <ele>1873.79</ele>
        <time>2015-07-06T07:57:38.000Z</time>
      </trkpt>
      <trkpt lat="46.11007" lon="6.83724">
        <ele>1872.8</ele>
        <time>2015-07-06T07:57:53.000Z</time>
      </trkpt>
      <trkpt lat="46.11015" lon="6.83716">
        <ele>1871.18</ele>
        <time>2015-07-06T07:58:11.000Z</time>
      </trkpt>
      <trkpt lat="46.11023" lon="6.83714">
        <ele>1872.5</ele>
        <time>2015-07-06T07:58:26.000Z</time>
      </trkpt>
      <trkpt lat="46.11037" lon="6.83715">
        <ele>1875.78</ele>
        <time>2015-07-06T07:58:44.000Z</time>
      </trkpt>
      <trkpt lat="46.11047" lon="6.83717">
        <ele>1880.2</ele>
        <time>2015-07-06T07:59:04.000Z</time>
      </trkpt>
      <trkpt lat="46.11052" lon="6.8372">
        <ele>1882.93</ele>
        <time>2015-07-06T07:59:22.000Z</time>
      </trkpt>
      <trkpt lat="46.11056" lon="6.83726">
        <ele>1884</ele>
        <time>2015-07-06T07:59:36.000Z</time>
      </trkpt>
      <trkpt lat="46.11059" lon="6.83718">
        <ele>1884.5</ele>
        <time>2015-07-06T07:59:53.000Z</time>
      </trkpt>
      <trkpt lat="46.11065" lon="6.83724">
        <ele>1887.73</ele>
        <time>2015-07-06T08:00:11.000Z</time>
      </trkpt>
      <trkpt lat="46.11073" lon="6.8373">
        <ele>1888.98</ele>
        <time>2015-07-06T08:00:28.000Z</time>
      </trkpt>
      <trkpt lat="46.1108" lon="6.83731">
        <ele>1890.74</ele>
        <time>2015-07-06T08:00:47.000Z</time>
      </trkpt>
      <trkpt lat="46.11088" lon="6.83732">
        <ele>1888.93</ele>
        <time>2015-07-06T08:01:04.000Z</time>
      </trkpt>
      <trkpt lat="46.11095" lon="6.83729">
        <ele>1890.93</ele>
        <time>2015-07-06T08:01:20.000Z</time>
      </trkpt>
      <trkpt lat="46.11107" lon="6.83727">
        <ele>1893.31</ele>
        <time>2015-07-06T08:01:37.000Z</time>
      </trkpt>
      <trkpt lat="46.11121" lon="6.83726">
        <ele>1897.58</ele>
        <time>2015-07-06T08:01:56.000Z</time>
      </trkpt>
      <trkpt lat="46.11131" lon="6.83726">
        <ele>1901.52</ele>
        <time>2015-07-06T08:02:10.000Z</time>
      </trkpt>
      <trkpt lat="46.11133" lon="6.83727">
        <ele>1902.08</ele>
        <time>2015-07-06T08:02:12.000Z</time>
      </trkpt>
      <trkpt lat="46.11138" lon="6.83732">
        <ele>1903.75</ele>
        <time>2015-07-06T08:02:18.000Z</time>
      </trkpt>
      <trkpt lat="46.1115" lon="6.83743">
        <ele>1906.5</ele>
        <time>2015-07-06T08:02:32.000Z</time>
      </trkpt>
      <trkpt lat="46.11155" lon="6.83742">
        <ele>1907.86</ele>
        <time>2015-07-06T08:02:37.000Z</time>
      </trkpt>
      <trkpt lat="46.11164" lon="6.83741">
        <ele>1909.96</ele>
        <time>2015-07-06T08:02:54.000Z</time>
      </trkpt>
      <trkpt lat="46.11168" lon="6.8374">
        <ele>1909.66</ele>
        <time>2015-07-06T08:03:04.000Z</time>
      </trkpt>
      <trkpt lat="46.11177" lon="6.83734">
        <ele>1910.67</ele>
        <time>2015-07-06T08:03:16.000Z</time>
      </trkpt>
      <trkpt lat="46.11187" lon="6.83723">
        <ele>1912.13</ele>
        <time>2015-07-06T08:03:33.000Z</time>
      </trkpt>
      <trkpt lat="46.11188" lon="6.83723">
        <ele>1912.17</ele>
        <time>2015-07-06T08:03:34.000Z</time>
      </trkpt>
      <trkpt lat="46.11203" lon="6.83708">
        <ele>1912.82</ele>
        <time>2015-07-06T08:03:52.000Z</time>
      </trkpt>
      <trkpt lat="46.11205" lon="6.83705">
        <ele>1912.84</ele>
        <time>2015-07-06T08:03:55.000Z</time>
      </trkpt>
      <trkpt lat="46.1121" lon="6.8369">
        <ele>1912.52</ele>
        <time>2015-07-06T08:04:07.000Z</time>
      </trkpt>
      <trkpt lat="46.11212" lon="6.83673">
        <ele>1912.49</ele>
        <time>2015-07-06T08:04:24.000Z</time>
      </trkpt>
      <trkpt lat="46.11216" lon="6.8366">
        <ele>1912.32</ele>
        <time>2015-07-06T08:04:41.000Z</time>
      </trkpt>
      <trkpt lat="46.11221" lon="6.8365">
        <ele>1913.4</ele>
        <time>2015-07-06T08:04:58.000Z</time>
      </trkpt>
      <trkpt lat="46.11226" lon="6.83642">
        <ele>1913.4</ele>
        <time>2015-07-06T08:05:14.000Z</time>
      </trkpt>
      <trkpt lat="46.11232" lon="6.83633">
        <ele>1914.55</ele>
        <time>2015-07-06T08:05:31.000Z</time>
      </trkpt>
      <trkpt lat="46.11237" lon="6.83622">
        <ele>1915.6</ele>
        <time>2015-07-06T08:05:45.000Z</time>
      </trkpt>
      <trkpt lat="46.11245" lon="6.83615">
        <ele>1916.82</ele>
        <time>2015-07-06T08:06:04.000Z</time>
      </trkpt>
      <trkpt lat="46.11251" lon="6.83606">
        <ele>1917.02</ele>
        <time>2015-07-06T08:06:25.000Z</time>
      </trkpt>
      <trkpt lat="46.11254" lon="6.83593">
        <ele>1918.26</ele>
        <time>2015-07-06T08:06:48.000Z</time>
      </trkpt>
      <trkpt lat="46.11255" lon="6.83585">
        <ele>1919.45</ele>
        <time>2015-07-06T08:07:05.000Z</time>
      </trkpt>
      <trkpt lat="46.11254" lon="6.83582">
        <ele>1920.23</ele>
        <time>2015-07-06T08:07:22.000Z</time>
      </trkpt>
      <trkpt lat="46.11258" lon="6.83573">
        <ele>1920.17</ele>
        <time>2015-07-06T08:07:43.000Z</time>
      </trkpt>
      <trkpt lat="46.11266" lon="6.83564">
        <ele>1922.5</ele>
        <time>2015-07-06T08:08:01.000Z</time>
      </trkpt>
      <trkpt lat="46.11273" lon="6.83556">
        <ele>1926.87</ele>
        <time>2015-07-06T08:08:19.000Z</time>
      </trkpt>
      <trkpt lat="46.11282" lon="6.83556">
        <ele>1931.43</ele>
        <time>2015-07-06T08:08:35.000Z</time>
      </trkpt>
      <trkpt lat="46.11293" lon="6.83553">
        <ele>1936.19</ele>
        <time>2015-07-06T08:08:51.000Z</time>
      </trkpt>
      <trkpt lat="46.11303" lon="6.83548">
        <ele>1939.09</ele>
        <time>2015-07-06T08:09:07.000Z</time>
      </trkpt>
      <trkpt lat="46.11311" lon="6.83544">
        <ele>1943.25</ele>
        <time>2015-07-06T08:09:22.000Z</time>
      </trkpt>
      <trkpt lat="46.11317" lon="6.83538">
        <ele>1946.22</ele>
        <time>2015-07-06T08:09:44.000Z</time>
      </trkpt>
      <trkpt lat="46.11325" lon="6.83524">
        <ele>1948.43</ele>
        <time>2015-07-06T08:10:01.000Z</time>
      </trkpt>
      <trkpt lat="46.11328" lon="6.83513">
        <ele>1949.83</ele>
        <time>2015-07-06T08:10:14.000Z</time>
      </trkpt>
      <trkpt lat="46.11328" lon="6.83512">
        <ele>1949.96</ele>
        <time>2015-07-06T08:10:15.000Z</time>
      </trkpt>
      <trkpt lat="46.11334" lon="6.835">
        <ele>1953.06</ele>
        <time>2015-07-06T08:10:27.000Z</time>
      </trkpt>
      <trkpt lat="46.11343" lon="6.83494">
        <ele>1957.73</ele>
        <time>2015-07-06T08:10:41.000Z</time>
      </trkpt>
      <trkpt lat="46.1135" lon="6.83484">
        <ele>1961.29</ele>
        <time>2015-07-06T08:10:55.000Z</time>
      </trkpt>
      <trkpt lat="46.11358" lon="6.83477">
        <ele>1965.42</ele>
        <time>2015-07-06T08:11:09.000Z</time>
      </trkpt>
      <trkpt lat="46.1137" lon="6.83469">
        <ele>1969.57</ele>
        <time>2015-07-06T08:11:27.000Z</time>
      </trkpt>
      <trkpt lat="46.11377" lon="6.83465">
        <ele>1971.2</ele>
        <time>2015-07-06T08:11:39.000Z</time>
      </trkpt>
      <trkpt lat="46.11385" lon="6.83456">
        <ele>1973.66</ele>
        <time>2015-07-06T08:11:55.000Z</time>
      </trkpt>
      <trkpt lat="46.11391" lon="6.83448">
        <ele>1975.33</ele>
        <time>2015-07-06T08:12:11.000Z</time>
      </trkpt>
      <trkpt lat="46.11395" lon="6.83448">
        <ele>1975.94</ele>
        <time>2015-07-06T08:12:22.000Z</time>
      </trkpt>
      <trkpt lat="46.11399" lon="6.83448">
        <ele>1975.66</ele>
        <time>2015-07-06T08:12:25.000Z</time>
      </trkpt>
      <trkpt lat="46.11411" lon="6.83446">
        <ele>1975.85</ele>
        <time>2015-07-06T08:12:38.000Z</time>
      </trkpt>
      <trkpt lat="46.11415" lon="6.83444">
        <ele>1975.9</ele>
        <time>2015-07-06T08:12:43.000Z</time>
      </trkpt>
      <trkpt lat="46.1142" lon="6.83442">
        <ele>1976.66</ele>
        <time>2015-07-06T08:12:48.000Z</time>
      </trkpt>
      <trkpt lat="46.11434" lon="6.8343">
        <ele>1976.89</ele>
        <time>2015-07-06T08:13:03.000Z</time>
      </trkpt>
      <trkpt lat="46.11446" lon="6.83411">
        <ele>1974.12</ele>
        <time>2015-07-06T08:13:19.000Z</time>
      </trkpt>
      <trkpt lat="46.11453" lon="6.83405">
        <ele>1972.18</ele>
        <time>2015-07-06T08:13:26.000Z</time>
      </trkpt>
      <trkpt lat="46.11457" lon="6.83403">
        <ele>1971.13</ele>
        <time>2015-07-06T08:13:30.000Z</time>
      </trkpt>
      <trkpt lat="46.11459" lon="6.83402">
        <ele>1970.51</ele>
        <time>2015-07-06T08:13:32.000Z</time>
      </trkpt>
      <trkpt lat="46.11462" lon="6.83399">
        <ele>1969.56</ele>
        <time>2015-07-06T08:13:35.000Z</time>
      </trkpt>
      <trkpt lat="46.11474" lon="6.8339">
        <ele>1967.32</ele>
        <time>2015-07-06T08:13:47.000Z</time>
      </trkpt>
      <trkpt lat="46.11489" lon="6.83375">
        <ele>1966.35</ele>
        <time>2015-07-06T08:14:03.000Z</time>
      </trkpt>
      <trkpt lat="46.11502" lon="6.8336">
        <ele>1965.22</ele>
        <time>2015-07-06T08:14:18.000Z</time>
      </trkpt>
      <trkpt lat="46.11516" lon="6.8334">
        <ele>1964.39</ele>
        <time>2015-07-06T08:14:34.000Z</time>
      </trkpt>
      <trkpt lat="46.11527" lon="6.83323">
        <ele>1963.26</ele>
        <time>2015-07-06T08:14:47.000Z</time>
      </trkpt>
      <trkpt lat="46.11534" lon="6.83315">
        <ele>1963.18</ele>
        <time>2015-07-06T08:14:55.000Z</time>
      </trkpt>
      <trkpt lat="46.11538" lon="6.83312">
        <ele>1963.13</ele>
        <time>2015-07-06T08:14:59.000Z</time>
      </trkpt>
      <trkpt lat="46.11546" lon="6.83305">
        <ele>1963.59</ele>
        <time>2015-07-06T08:15:09.000Z</time>
      </trkpt>
      <trkpt lat="46.11554" lon="6.83302">
        <ele>1964.1</ele>
        <time>2015-07-06T08:15:18.000Z</time>
      </trkpt>
      <trkpt lat="46.11565" lon="6.8329">
        <ele>1964.51</ele>
        <time>2015-07-06T08:15:31.000Z</time>
      </trkpt>
      <trkpt lat="46.11568" lon="6.83289">
        <ele>1964.93</ele>
        <time>2015-07-06T08:15:35.000Z</time>
      </trkpt>
      <trkpt lat="46.11582" lon="6.83274">
        <ele>1965.1</ele>
        <time>2015-07-06T08:15:49.000Z</time>
      </trkpt>
      <trkpt lat="46.11585" lon="6.83274">
        <ele>1965.23</ele>
        <time>2015-07-06T08:15:53.000Z</time>
      </trkpt>
      <trkpt lat="46.11587" lon="6.83273">
        <ele>1965.3</ele>
        <time>2015-07-06T08:15:55.000Z</time>
      </trkpt>
      <trkpt lat="46.11598" lon="6.83256">
        <ele>1967.35</ele>
        <time>2015-07-06T08:16:10.000Z</time>
      </trkpt>
      <trkpt lat="46.11604" lon="6.83247">
        <ele>1970.01</ele>
        <time>2015-07-06T08:16:20.000Z</time>
      </trkpt>
      <trkpt lat="46.11609" lon="6.8324">
        <ele>1971.85</ele>
        <time>2015-07-06T08:16:27.000Z</time>
      </trkpt>
      <trkpt lat="46.11615" lon="6.83227">
        <ele>1973.94</ele>
        <time>2015-07-06T08:16:37.000Z</time>
      </trkpt>
      <trkpt lat="46.1162" lon="6.83224">
        <ele>1974.52</ele>
        <time>2015-07-06T08:16:42.000Z</time>
      </trkpt>
      <trkpt lat="46.11623" lon="6.83221">
        <ele>1974.8</ele>
        <time>2015-07-06T08:16:45.000Z</time>
      </trkpt>
      <trkpt lat="46.11626" lon="6.83217">
        <ele>1975.38</ele>
        <time>2015-07-06T08:16:49.000Z</time>
      </trkpt>
      <trkpt lat="46.11631" lon="6.8321">
        <ele>1976.51</ele>
        <time>2015-07-06T08:16:56.000Z</time>
      </trkpt>
      <trkpt lat="46.11635" lon="6.83207">
        <ele>1977.38</ele>
        <time>2015-07-06T08:17:01.000Z</time>
      </trkpt>
      <trkpt lat="46.11644" lon="6.83198">
        <ele>1978.44</ele>
        <time>2015-07-06T08:17:14.000Z</time>
      </trkpt>
      <trkpt lat="46.11646" lon="6.83197">
        <ele>1978.56</ele>
        <time>2015-07-06T08:17:16.000Z</time>
      </trkpt>
      <trkpt lat="46.11652" lon="6.83192">
        <ele>1976.63</ele>
        <time>2015-07-06T08:17:23.000Z</time>
      </trkpt>
      <trkpt lat="46.11659" lon="6.8318">
        <ele>1976.58</ele>
        <time>2015-07-06T08:17:36.000Z</time>
      </trkpt>
      <trkpt lat="46.11671" lon="6.83171">
        <ele>1978.64</ele>
        <time>2015-07-06T08:17:50.000Z</time>
      </trkpt>
      <trkpt lat="46.1168" lon="6.83162">
        <ele>1980.23</ele>
        <time>2015-07-06T08:18:04.000Z</time>
      </trkpt>
      <trkpt lat="46.11689" lon="6.83153">
        <ele>1982.23</ele>
        <time>2015-07-06T08:18:18.000Z</time>
      </trkpt>
      <trkpt lat="46.11697" lon="6.83142">
        <ele>1985.18</ele>
        <time>2015-07-06T08:18:33.000Z</time>
      </trkpt>
      <trkpt lat="46.11707" lon="6.83131">
        <ele>1987.41</ele>
        <time>2015-07-06T08:18:47.000Z</time>
      </trkpt>
      <trkpt lat="46.11716" lon="6.83122">
        <ele>1990.4</ele>
        <time>2015-07-06T08:19:01.000Z</time>
      </trkpt>
      <trkpt lat="46.11723" lon="6.83112">
        <ele>1993.68</ele>
        <time>2015-07-06T08:19:15.000Z</time>
      </trkpt>
      <trkpt lat="46.11729" lon="6.831">
        <ele>1995.56</ele>
        <time>2015-07-06T08:19:28.000Z</time>
      </trkpt>
      <trkpt lat="46.11737" lon="6.83088">
        <ele>1997.17</ele>
        <time>2015-07-06T08:19:43.000Z</time>
      </trkpt>
      <trkpt lat="46.1174" lon="6.83077">
        <ele>1998.59</ele>
        <time>2015-07-06T08:19:53.000Z</time>
      </trkpt>
      <trkpt lat="46.11744" lon="6.83069">
        <ele>1999.49</ele>
        <time>2015-07-06T08:20:00.000Z</time>
      </trkpt>
      <trkpt lat="46.11746" lon="6.83066">
        <ele>2000.22</ele>
        <time>2015-07-06T08:20:04.000Z</time>
      </trkpt>
      <trkpt lat="46.11755" lon="6.83057">
        <ele>2000.49</ele>
        <time>2015-07-06T08:20:18.000Z</time>
      </trkpt>
      <trkpt lat="46.11763" lon="6.83049">
        <ele>2001.19</ele>
        <time>2015-07-06T08:20:33.000Z</time>
      </trkpt>
      <trkpt lat="46.11772" lon="6.83042">
        <ele>2001.66</ele>
        <time>2015-07-06T08:20:48.000Z</time>
      </trkpt>
      <trkpt lat="46.11783" lon="6.83036">
        <ele>2002.61</ele>
        <time>2015-07-06T08:21:07.000Z</time>
      </trkpt>
      <trkpt lat="46.11792" lon="6.83029">
        <ele>2003.05</ele>
        <time>2015-07-06T08:21:19.000Z</time>
      </trkpt>
      <trkpt lat="46.11794" lon="6.83028">
        <ele>2003.22</ele>
        <time>2015-07-06T08:21:21.000Z</time>
      </trkpt>
      <trkpt lat="46.11805" lon="6.83019">
        <ele>2003.01</ele>
        <time>2015-07-06T08:21:37.000Z</time>
      </trkpt>
      <trkpt lat="46.11815" lon="6.83009">
        <ele>2002.28</ele>
        <time>2015-07-06T08:21:54.000Z</time>
      </trkpt>
      <trkpt lat="46.11824" lon="6.83002">
        <ele>2002.06</ele>
        <time>2015-07-06T08:22:11.000Z</time>
      </trkpt>
      <trkpt lat="46.11832" lon="6.82991">
        <ele>2001.96</ele>
        <time>2015-07-06T08:22:23.000Z</time>
      </trkpt>
      <trkpt lat="46.11844" lon="6.82979">
        <ele>2002.4</ele>
        <time>2015-07-06T08:22:40.000Z</time>
      </trkpt>
      <trkpt lat="46.11849" lon="6.82968">
        <ele>2003</ele>
        <time>2015-07-06T08:22:53.000Z</time>
      </trkpt>
      <trkpt lat="46.11855" lon="6.82952">
        <ele>2004.55</ele>
        <time>2015-07-06T08:23:08.000Z</time>
      </trkpt>
      <trkpt lat="46.11857" lon="6.82948">
        <ele>2005.1</ele>
        <time>2015-07-06T08:23:12.000Z</time>
      </trkpt>
      <trkpt lat="46.11865" lon="6.82939">
        <ele>2006.07</ele>
        <time>2015-07-06T08:23:27.000Z</time>
      </trkpt>
      <trkpt lat="46.11875" lon="6.82926">
        <ele>2007.77</ele>
        <time>2015-07-06T08:23:43.000Z</time>
      </trkpt>
      <trkpt lat="46.1188" lon="6.82917">
        <ele>2006.77</ele>
        <time>2015-07-06T08:23:53.000Z</time>
      </trkpt>
      <trkpt lat="46.11887" lon="6.82906">
        <ele>2006.19</ele>
        <time>2015-07-06T08:24:07.000Z</time>
      </trkpt>
      <trkpt lat="46.1189" lon="6.82903">
        <ele>2006.44</ele>
        <time>2015-07-06T08:24:22.000Z</time>
      </trkpt>
      <trkpt lat="46.1189" lon="6.82896">
        <ele>2006.52</ele>
        <time>2015-07-06T08:24:38.000Z</time>
      </trkpt>
      <trkpt lat="46.1189" lon="6.82894">
        <ele>2006.3</ele>
        <time>2015-07-06T08:25:06.000Z</time>
      </trkpt>
      <trkpt lat="46.1189" lon="6.82894">
        <ele>2004.59</ele>
        <time>2015-07-06T08:27:03.000Z</time>
      </trkpt>
      <trkpt lat="46.11891" lon="6.82893">
        <ele>2003.28</ele>
        <time>2015-07-06T08:30:33.000Z</time>
      </trkpt>
      <trkpt lat="46.11892" lon="6.82895">
        <ele>2002.93</ele>
        <time>2015-07-06T08:33:19.000Z</time>
      </trkpt>
      <trkpt lat="46.11893" lon="6.82896">
        <ele>2002.47</ele>
        <time>2015-07-06T08:33:44.000Z</time>
      </trkpt>
      <trkpt lat="46.11892" lon="6.82895">
        <ele>2003.55</ele>
        <time>2015-07-06T08:34:16.000Z</time>
      </trkpt>
      <trkpt lat="46.11893" lon="6.82898">
        <ele>2005.93</ele>
        <time>2015-07-06T08:34:38.000Z</time>
      </trkpt>
      <trkpt lat="46.1189" lon="6.8291">
        <ele>2005.52</ele>
        <time>2015-07-06T08:34:53.000Z</time>
      </trkpt>
      <trkpt lat="46.11882" lon="6.82922">
        <ele>2003.27</ele>
        <time>2015-07-06T08:35:05.000Z</time>
      </trkpt>
      <trkpt lat="46.11877" lon="6.8293">
        <ele>2002.35</ele>
        <time>2015-07-06T08:35:13.000Z</time>
      </trkpt>
      <trkpt lat="46.11866" lon="6.82942">
        <ele>2000.99</ele>
        <time>2015-07-06T08:35:28.000Z</time>
      </trkpt>
      <trkpt lat="46.11862" lon="6.82951">
        <ele>2000.5</ele>
        <time>2015-07-06T08:35:35.000Z</time>
      </trkpt>
      <trkpt lat="46.1186" lon="6.82959">
        <ele>1999.91</ele>
        <time>2015-07-06T08:35:41.000Z</time>
      </trkpt>
      <trkpt lat="46.11853" lon="6.8297">
        <ele>1999.3</ele>
        <time>2015-07-06T08:35:51.000Z</time>
      </trkpt>
      <trkpt lat="46.11851" lon="6.82975">
        <ele>1999.26</ele>
        <time>2015-07-06T08:35:55.000Z</time>
      </trkpt>
      <trkpt lat="46.11841" lon="6.82986">
        <ele>1999.7</ele>
        <time>2015-07-06T08:36:08.000Z</time>
      </trkpt>
      <trkpt lat="46.11831" lon="6.82996">
        <ele>2000.67</ele>
        <time>2015-07-06T08:36:20.000Z</time>
      </trkpt>
      <trkpt lat="46.11825" lon="6.83004">
        <ele>2000.15</ele>
        <time>2015-07-06T08:36:29.000Z</time>
      </trkpt>
      <trkpt lat="46.11813" lon="6.83017">
        <ele>2000.64</ele>
        <time>2015-07-06T08:36:45.000Z</time>
      </trkpt>
      <trkpt lat="46.11806" lon="6.83022">
        <ele>2001.14</ele>
        <time>2015-07-06T08:36:54.000Z</time>
      </trkpt>
      <trkpt lat="46.11804" lon="6.83024">
        <ele>2000.91</ele>
        <time>2015-07-06T08:36:56.000Z</time>
      </trkpt>
      <trkpt lat="46.11799" lon="6.83027">
        <ele>2000.6</ele>
        <time>2015-07-06T08:37:01.000Z</time>
      </trkpt>
      <trkpt lat="46.11788" lon="6.83036">
        <ele>2000.25</ele>
        <time>2015-07-06T08:37:15.000Z</time>
      </trkpt>
      <trkpt lat="46.11775" lon="6.83046">
        <ele>2000.13</ele>
        <time>2015-07-06T08:37:29.000Z</time>
      </trkpt>
      <trkpt lat="46.11763" lon="6.83055">
        <ele>1999.24</ele>
        <time>2015-07-06T08:37:44.000Z</time>
      </trkpt>
      <trkpt lat="46.11759" lon="6.83062">
        <ele>1997.97</ele>
        <time>2015-07-06T08:37:51.000Z</time>
      </trkpt>
      <trkpt lat="46.11749" lon="6.83073">
        <ele>1997.32</ele>
        <time>2015-07-06T08:38:03.000Z</time>
      </trkpt>
      <trkpt lat="46.11742" lon="6.8309">
        <ele>1998.13</ele>
        <time>2015-07-06T08:38:16.000Z</time>
      </trkpt>
      <trkpt lat="46.11729" lon="6.83112">
        <ele>1997.82</ele>
        <time>2015-07-06T08:38:33.000Z</time>
      </trkpt>
      <trkpt lat="46.11715" lon="6.83132">
        <ele>1996.58</ele>
        <time>2015-07-06T08:38:50.000Z</time>
      </trkpt>
      <trkpt lat="46.11705" lon="6.83147">
        <ele>1994.67</ele>
        <time>2015-07-06T08:39:05.000Z</time>
      </trkpt>
      <trkpt lat="46.11695" lon="6.83157">
        <ele>1991.38</ele>
        <time>2015-07-06T08:39:18.000Z</time>
      </trkpt>
      <trkpt lat="46.11689" lon="6.83163">
        <ele>1990.12</ele>
        <time>2015-07-06T08:39:25.000Z</time>
      </trkpt>
      <trkpt lat="46.11687" lon="6.83166">
        <ele>1989.88</ele>
        <time>2015-07-06T08:39:28.000Z</time>
      </trkpt>
      <trkpt lat="46.11683" lon="6.83171">
        <ele>1989.61</ele>
        <time>2015-07-06T08:39:32.000Z</time>
      </trkpt>
      <trkpt lat="46.1167" lon="6.8318">
        <ele>1988.21</ele>
        <time>2015-07-06T08:39:44.000Z</time>
      </trkpt>
      <trkpt lat="46.11658" lon="6.83194">
        <ele>1985.85</ele>
        <time>2015-07-06T08:39:59.000Z</time>
      </trkpt>
      <trkpt lat="46.11647" lon="6.83203">
        <ele>1984.05</ele>
        <time>2015-07-06T08:40:11.000Z</time>
      </trkpt>
      <trkpt lat="46.11643" lon="6.83206">
        <ele>1983.64</ele>
        <time>2015-07-06T08:40:15.000Z</time>
      </trkpt>
      <trkpt lat="46.11631" lon="6.83222">
        <ele>1981.91</ele>
        <time>2015-07-06T08:40:30.000Z</time>
      </trkpt>
      <trkpt lat="46.11617" lon="6.83239">
        <ele>1979.84</ele>
        <time>2015-07-06T08:40:47.000Z</time>
      </trkpt>
      <trkpt lat="46.11616" lon="6.83241">
        <ele>1979.87</ele>
        <time>2015-07-06T08:40:48.000Z</time>
      </trkpt>
      <trkpt lat="46.11614" lon="6.83243">
        <ele>1979.79</ele>
        <time>2015-07-06T08:40:50.000Z</time>
      </trkpt>
      <trkpt lat="46.11608" lon="6.83255">
        <ele>1979.06</ele>
        <time>2015-07-06T08:41:01.000Z</time>
      </trkpt>
      <trkpt lat="46.11596" lon="6.8327">
        <ele>1976.46</ele>
        <time>2015-07-06T08:41:16.000Z</time>
      </trkpt>
      <trkpt lat="46.11585" lon="6.83283">
        <ele>1975.59</ele>
        <time>2015-07-06T08:41:29.000Z</time>
      </trkpt>
      <trkpt lat="46.1158" lon="6.83288">
        <ele>1975.01</ele>
        <time>2015-07-06T08:41:34.000Z</time>
      </trkpt>
      <trkpt lat="46.11573" lon="6.83292">
        <ele>1973.87</ele>
        <time>2015-07-06T08:41:41.000Z</time>
      </trkpt>
      <trkpt lat="46.11567" lon="6.83295">
        <ele>1972.41</ele>
        <time>2015-07-06T08:41:47.000Z</time>
      </trkpt>
      <trkpt lat="46.11562" lon="6.83296">
        <ele>1971.41</ele>
        <time>2015-07-06T08:41:52.000Z</time>
      </trkpt>
      <trkpt lat="46.1156" lon="6.83298">
        <ele>1971.07</ele>
        <time>2015-07-06T08:41:54.000Z</time>
      </trkpt>
      <trkpt lat="46.11556" lon="6.83305">
        <ele>1970.67</ele>
        <time>2015-07-06T08:42:00.000Z</time>
      </trkpt>
      <trkpt lat="46.11552" lon="6.83306">
        <ele>1969.88</ele>
        <time>2015-07-06T08:42:04.000Z</time>
      </trkpt>
      <trkpt lat="46.11549" lon="6.83306">
        <ele>1969.48</ele>
        <time>2015-07-06T08:42:06.000Z</time>
      </trkpt>
      <trkpt lat="46.11541" lon="6.83313">
        <ele>1967.01</ele>
        <time>2015-07-06T08:42:15.000Z</time>
      </trkpt>
      <trkpt lat="46.11537" lon="6.83318">
        <ele>1966.49</ele>
        <time>2015-07-06T08:42:19.000Z</time>
      </trkpt>
      <trkpt lat="46.11522" lon="6.83337">
        <ele>1965.85</ele>
        <time>2015-07-06T08:42:35.000Z</time>
      </trkpt>
      <trkpt lat="46.11509" lon="6.83354">
        <ele>1967.73</ele>
        <time>2015-07-06T08:42:50.000Z</time>
      </trkpt>
      <trkpt lat="46.11494" lon="6.83372">
        <ele>1969.58</ele>
        <time>2015-07-06T08:43:06.000Z</time>
      </trkpt>
      <trkpt lat="46.1148" lon="6.83388">
        <ele>1971.09</ele>
        <time>2015-07-06T08:43:21.000Z</time>
      </trkpt>
      <trkpt lat="46.11475" lon="6.83392">
        <ele>1971.15</ele>
        <time>2015-07-06T08:43:26.000Z</time>
      </trkpt>
      <trkpt lat="46.11473" lon="6.83393">
        <ele>1971.03</ele>
        <time>2015-07-06T08:43:28.000Z</time>
      </trkpt>
      <trkpt lat="46.11461" lon="6.83404">
        <ele>1970.83</ele>
        <time>2015-07-06T08:43:40.000Z</time>
      </trkpt>
      <trkpt lat="46.11449" lon="6.83415">
        <ele>1970.76</ele>
        <time>2015-07-06T08:43:52.000Z</time>
      </trkpt>
      <trkpt lat="46.11444" lon="6.83423">
        <ele>1970.32</ele>
        <time>2015-07-06T08:43:59.000Z</time>
      </trkpt>
      <trkpt lat="46.11443" lon="6.83425">
        <ele>1970.49</ele>
        <time>2015-07-06T08:44:01.000Z</time>
      </trkpt>
      <trkpt lat="46.11429" lon="6.8344">
        <ele>1970.65</ele>
        <time>2015-07-06T08:44:16.000Z</time>
      </trkpt>
      <trkpt lat="46.11413" lon="6.83449">
        <ele>1970.98</ele>
        <time>2015-07-06T08:44:30.000Z</time>
      </trkpt>
      <trkpt lat="46.11406" lon="6.83448">
        <ele>1971.11</ele>
        <time>2015-07-06T08:44:36.000Z</time>
      </trkpt>
      <trkpt lat="46.114" lon="6.8345">
        <ele>1971.68</ele>
        <time>2015-07-06T08:44:41.000Z</time>
      </trkpt>
      <trkpt lat="46.11393" lon="6.83451">
        <ele>1972.73</ele>
        <time>2015-07-06T08:44:48.000Z</time>
      </trkpt>
      <trkpt lat="46.11391" lon="6.83454">
        <ele>1972.84</ele>
        <time>2015-07-06T08:44:51.000Z</time>
      </trkpt>
      <trkpt lat="46.11389" lon="6.83457">
        <ele>1972.4</ele>
        <time>2015-07-06T08:44:54.000Z</time>
      </trkpt>
      <trkpt lat="46.11382" lon="6.83461">
        <ele>1971.36</ele>
        <time>2015-07-06T08:45:02.000Z</time>
      </trkpt>
      <trkpt lat="46.1138" lon="6.83465">
        <ele>1971.38</ele>
        <time>2015-07-06T08:45:05.000Z</time>
      </trkpt>
      <trkpt lat="46.11365" lon="6.83473">
        <ele>1969.31</ele>
        <time>2015-07-06T08:45:19.000Z</time>
      </trkpt>
      <trkpt lat="46.11358" lon="6.83484">
        <ele>1968.42</ele>
        <time>2015-07-06T08:45:28.000Z</time>
      </trkpt>
      <trkpt lat="46.11354" lon="6.83486">
        <ele>1968.02</ele>
        <time>2015-07-06T08:45:33.000Z</time>
      </trkpt>
      <trkpt lat="46.11342" lon="6.83498">
        <ele>1963.78</ele>
        <time>2015-07-06T08:45:51.000Z</time>
      </trkpt>
      <trkpt lat="46.11338" lon="6.83502">
        <ele>1963.43</ele>
        <time>2015-07-06T08:45:56.000Z</time>
      </trkpt>
      <trkpt lat="46.11332" lon="6.83509">
        <ele>1961.24</ele>
        <time>2015-07-06T08:46:05.000Z</time>
      </trkpt>
      <trkpt lat="46.11328" lon="6.83518">
        <ele>1957.72</ele>
        <time>2015-07-06T08:46:12.000Z</time>
      </trkpt>
      <trkpt lat="46.11317" lon="6.83532">
        <ele>1955.83</ele>
        <time>2015-07-06T08:46:25.000Z</time>
      </trkpt>
      <trkpt lat="46.11312" lon="6.83543">
        <ele>1955.36</ele>
        <time>2015-07-06T08:46:39.000Z</time>
      </trkpt>
      <trkpt lat="46.11313" lon="6.83544">
        <ele>1955.3</ele>
        <time>2015-07-06T08:46:40.000Z</time>
      </trkpt>
      <trkpt lat="46.11311" lon="6.83549">
        <ele>1954.84</ele>
        <time>2015-07-06T08:46:46.000Z</time>
      </trkpt>
      <trkpt lat="46.11299" lon="6.83558">
        <ele>1951.87</ele>
        <time>2015-07-06T08:46:59.000Z</time>
      </trkpt>
      <trkpt lat="46.11286" lon="6.83563">
        <ele>1949.65</ele>
        <time>2015-07-06T08:47:14.000Z</time>
      </trkpt>
      <trkpt lat="46.11274" lon="6.83563">
        <ele>1945.16</ele>
        <time>2015-07-06T08:47:30.000Z</time>
      </trkpt>
      <trkpt lat="46.11267" lon="6.83573">
        <ele>1940.27</ele>
        <time>2015-07-06T08:47:46.000Z</time>
      </trkpt>
      <trkpt lat="46.11266" lon="6.83595">
        <ele>1932.23</ele>
        <time>2015-07-06T08:47:59.000Z</time>
      </trkpt>
      <trkpt lat="46.11268" lon="6.836">
        <ele>1931.32</ele>
        <time>2015-07-06T08:48:13.000Z</time>
      </trkpt>
      <trkpt lat="46.11259" lon="6.83608">
        <ele>1929.55</ele>
        <time>2015-07-06T08:48:26.000Z</time>
      </trkpt>
      <trkpt lat="46.11251" lon="6.83619">
        <ele>1922.81</ele>
        <time>2015-07-06T08:48:40.000Z</time>
      </trkpt>
      <trkpt lat="46.11242" lon="6.83628">
        <ele>1918.37</ele>
        <time>2015-07-06T08:48:54.000Z</time>
      </trkpt>
      <trkpt lat="46.11242" lon="6.83641">
        <ele>1914.18</ele>
        <time>2015-07-06T08:49:08.000Z</time>
      </trkpt>
      <trkpt lat="46.11237" lon="6.83649">
        <ele>1912.77</ele>
        <time>2015-07-06T08:49:20.000Z</time>
      </trkpt>
      <trkpt lat="46.11235" lon="6.83658">
        <ele>1909.73</ele>
        <time>2015-07-06T08:49:34.000Z</time>
      </trkpt>
      <trkpt lat="46.11232" lon="6.83673">
        <ele>1907.8</ele>
        <time>2015-07-06T08:49:48.000Z</time>
      </trkpt>
      <trkpt lat="46.1124" lon="6.83681">
        <ele>1904.16</ele>
        <time>2015-07-06T08:50:03.000Z</time>
      </trkpt>
      <trkpt lat="46.11246" lon="6.83682">
        <ele>1899.47</ele>
        <time>2015-07-06T08:50:19.000Z</time>
      </trkpt>
      <trkpt lat="46.11249" lon="6.83691">
        <ele>1897.9</ele>
        <time>2015-07-06T08:50:32.000Z</time>
      </trkpt>
      <trkpt lat="46.11251" lon="6.83702">
        <ele>1897.88</ele>
        <time>2015-07-06T08:50:39.000Z</time>
      </trkpt>
      <trkpt lat="46.11251" lon="6.83709">
        <ele>1898.08</ele>
        <time>2015-07-06T08:50:43.000Z</time>
      </trkpt>
      <trkpt lat="46.1126" lon="6.83728">
        <ele>1898.5</ele>
        <time>2015-07-06T08:50:58.000Z</time>
      </trkpt>
      <trkpt lat="46.11261" lon="6.83732">
        <ele>1898.76</ele>
        <time>2015-07-06T08:51:01.000Z</time>
      </trkpt>
      <trkpt lat="46.11263" lon="6.8374">
        <ele>1898.33</ele>
        <time>2015-07-06T08:51:06.000Z</time>
      </trkpt>
      <trkpt lat="46.11272" lon="6.83752">
        <ele>1896.75</ele>
        <time>2015-07-06T08:51:22.000Z</time>
      </trkpt>
      <trkpt lat="46.11282" lon="6.83761">
        <ele>1896.09</ele>
        <time>2015-07-06T08:51:38.000Z</time>
      </trkpt>
      <trkpt lat="46.11293" lon="6.83765">
        <ele>1897.88</ele>
        <time>2015-07-06T08:51:55.000Z</time>
      </trkpt>
      <trkpt lat="46.11301" lon="6.83769">
        <ele>1902.46</ele>
        <time>2015-07-06T08:52:14.000Z</time>
      </trkpt>
      <trkpt lat="46.11308" lon="6.83784">
        <ele>1905.57</ele>
        <time>2015-07-06T08:52:29.000Z</time>
      </trkpt>
      <trkpt lat="46.11308" lon="6.83797">
        <ele>1908.15</ele>
        <time>2015-07-06T08:52:43.000Z</time>
      </trkpt>
      <trkpt lat="46.11312" lon="6.83805">
        <ele>1909.78</ele>
        <time>2015-07-06T08:52:54.000Z</time>
      </trkpt>
      <trkpt lat="46.11318" lon="6.83817">
        <ele>1912.27</ele>
        <time>2015-07-06T08:53:09.000Z</time>
      </trkpt>
      <trkpt lat="46.11323" lon="6.83826">
        <ele>1915.42</ele>
        <time>2015-07-06T08:53:26.000Z</time>
      </trkpt>
      <trkpt lat="46.11324" lon="6.8384">
        <ele>1918.39</ele>
        <time>2015-07-06T08:53:48.000Z</time>
      </trkpt>
      <trkpt lat="46.11327" lon="6.83856">
        <ele>1919.58</ele>
        <time>2015-07-06T08:54:05.000Z</time>
      </trkpt>
      <trkpt lat="46.11328" lon="6.83872">
        <ele>1921.51</ele>
        <time>2015-07-06T08:54:19.000Z</time>
      </trkpt>
      <trkpt lat="46.11332" lon="6.83884">
        <ele>1922.81</ele>
        <time>2015-07-06T08:54:32.000Z</time>
      </trkpt>
      <trkpt lat="46.11333" lon="6.839">
        <ele>1923.54</ele>
        <time>2015-07-06T08:54:48.000Z</time>
      </trkpt>
      <trkpt lat="46.11335" lon="6.83912">
        <ele>1924.62</ele>
        <time>2015-07-06T08:55:04.000Z</time>
      </trkpt>
      <trkpt lat="46.11336" lon="6.83924">
        <ele>1925.36</ele>
        <time>2015-07-06T08:55:22.000Z</time>
      </trkpt>
      <trkpt lat="46.1134" lon="6.83938">
        <ele>1926.19</ele>
        <time>2015-07-06T08:55:38.000Z</time>
      </trkpt>
      <trkpt lat="46.11339" lon="6.83946">
        <ele>1926.66</ele>
        <time>2015-07-06T08:55:47.000Z</time>
      </trkpt>
      <trkpt lat="46.11337" lon="6.83961">
        <ele>1927.48</ele>
        <time>2015-07-06T08:55:57.000Z</time>
      </trkpt>
      <trkpt lat="46.11335" lon="6.83981">
        <ele>1928.66</ele>
        <time>2015-07-06T08:56:12.000Z</time>
      </trkpt>
      <trkpt lat="46.11334" lon="6.83987">
        <ele>1928.82</ele>
        <time>2015-07-06T08:56:16.000Z</time>
      </trkpt>
      <trkpt lat="46.11332" lon="6.83999">
        <ele>1928.9</ele>
        <time>2015-07-06T08:56:35.000Z</time>
      </trkpt>
      <trkpt lat="46.11332" lon="6.84005">
        <ele>1928.82</ele>
        <time>2015-07-06T08:56:38.000Z</time>
      </trkpt>
      <trkpt lat="46.11333" lon="6.84021">
        <ele>1928.01</ele>
        <time>2015-07-06T08:56:50.000Z</time>
      </trkpt>
      <trkpt lat="46.11338" lon="6.84024">
        <ele>1927.45</ele>
        <time>2015-07-06T08:56:57.000Z</time>
      </trkpt>
      <trkpt lat="46.11341" lon="6.84025">
        <ele>1927.33</ele>
        <time>2015-07-06T08:56:59.000Z</time>
      </trkpt>
      <trkpt lat="46.11345" lon="6.84031">
        <ele>1927.21</ele>
        <time>2015-07-06T08:57:04.000Z</time>
      </trkpt>
      <trkpt lat="46.1135" lon="6.84038">
        <ele>1928.01</ele>
        <time>2015-07-06T08:57:16.000Z</time>
      </trkpt>
      <trkpt lat="46.11346" lon="6.84051">
        <ele>1927.82</ele>
        <time>2015-07-06T08:57:32.000Z</time>
      </trkpt>
      <trkpt lat="46.11345" lon="6.84057">
        <ele>1927.43</ele>
        <time>2015-07-06T08:57:37.000Z</time>
      </trkpt>
      <trkpt lat="46.11351" lon="6.8407">
        <ele>1928.08</ele>
        <time>2015-07-06T08:57:51.000Z</time>
      </trkpt>
      <trkpt lat="46.11358" lon="6.84083">
        <ele>1928.8</ele>
        <time>2015-07-06T08:58:07.000Z</time>
      </trkpt>
      <trkpt lat="46.11361" lon="6.84094">
        <ele>1929.19</ele>
        <time>2015-07-06T08:58:24.000Z</time>
      </trkpt>
      <trkpt lat="46.11368" lon="6.84105">
        <ele>1929.79</ele>
        <time>2015-07-06T08:58:40.000Z</time>
      </trkpt>
      <trkpt lat="46.11369" lon="6.84109">
        <ele>1929.74</ele>
        <time>2015-07-06T08:58:44.000Z</time>
      </trkpt>
      <trkpt lat="46.11369" lon="6.84126">
        <ele>1929.08</ele>
        <time>2015-07-06T08:59:00.000Z</time>
      </trkpt>
      <trkpt lat="46.11364" lon="6.84136">
        <ele>1925.61</ele>
        <time>2015-07-06T08:59:12.000Z</time>
      </trkpt>
      <trkpt lat="46.11357" lon="6.84149">
        <ele>1922.5</ele>
        <time>2015-07-06T08:59:26.000Z</time>
      </trkpt>
      <trkpt lat="46.11349" lon="6.84163">
        <ele>1918.11</ele>
        <time>2015-07-06T08:59:43.000Z</time>
      </trkpt>
      <trkpt lat="46.11344" lon="6.84175">
        <ele>1914.18</ele>
        <time>2015-07-06T08:59:58.000Z</time>
      </trkpt>
      <trkpt lat="46.11343" lon="6.84177">
        <ele>1913.43</ele>
        <time>2015-07-06T09:00:01.000Z</time>
      </trkpt>
      <trkpt lat="46.11341" lon="6.84182">
        <ele>1912.81</ele>
        <time>2015-07-06T09:00:04.000Z</time>
      </trkpt>
      <trkpt lat="46.11337" lon="6.84188">
        <ele>1911.19</ele>
        <time>2015-07-06T09:00:10.000Z</time>
      </trkpt>
      <trkpt lat="46.11324" lon="6.84202">
        <ele>1908.16</ele>
        <time>2015-07-06T09:00:25.000Z</time>
      </trkpt>
      <trkpt lat="46.11315" lon="6.84224">
        <ele>1906.4</ele>
        <time>2015-07-06T09:00:41.000Z</time>
      </trkpt>
      <trkpt lat="46.11314" lon="6.84227">
        <ele>1906.25</ele>
        <time>2015-07-06T09:00:43.000Z</time>
      </trkpt>
      <trkpt lat="46.11309" lon="6.8425">
        <ele>1905</ele>
        <time>2015-07-06T09:00:59.000Z</time>
      </trkpt>
      <trkpt lat="46.11307" lon="6.84263">
        <ele>1904.36</ele>
        <time>2015-07-06T09:01:09.000Z</time>
      </trkpt>
      <trkpt lat="46.11304" lon="6.84285">
        <ele>1902.88</ele>
        <time>2015-07-06T09:01:25.000Z</time>
      </trkpt>
      <trkpt lat="46.11301" lon="6.84301">
        <ele>1902.07</ele>
        <time>2015-07-06T09:01:38.000Z</time>
      </trkpt>
      <trkpt lat="46.11301" lon="6.84318">
        <ele>1900.19</ele>
        <time>2015-07-06T09:01:53.000Z</time>
      </trkpt>
      <trkpt lat="46.11296" lon="6.84326">
        <ele>1897.24</ele>
        <time>2015-07-06T09:02:11.000Z</time>
      </trkpt>
      <trkpt lat="46.11293" lon="6.84341">
        <ele>1895</ele>
        <time>2015-07-06T09:02:28.000Z</time>
      </trkpt>
      <trkpt lat="46.11292" lon="6.84344">
        <ele>1894.53</ele>
        <time>2015-07-06T09:02:31.000Z</time>
      </trkpt>
      <trkpt lat="46.11287" lon="6.8436">
        <ele>1892.67</ele>
        <time>2015-07-06T09:02:46.000Z</time>
      </trkpt>
      <trkpt lat="46.11286" lon="6.84364">
        <ele>1891.92</ele>
        <time>2015-07-06T09:02:50.000Z</time>
      </trkpt>
      <trkpt lat="46.11281" lon="6.84378">
        <ele>1887.86</ele>
        <time>2015-07-06T09:03:05.000Z</time>
      </trkpt>
      <trkpt lat="46.11277" lon="6.84393">
        <ele>1882.33</ele>
        <time>2015-07-06T09:03:22.000Z</time>
      </trkpt>
      <trkpt lat="46.11272" lon="6.84406">
        <ele>1880.09</ele>
        <time>2015-07-06T09:03:35.000Z</time>
      </trkpt>
      <trkpt lat="46.1127" lon="6.84421">
        <ele>1877.69</ele>
        <time>2015-07-06T09:03:50.000Z</time>
      </trkpt>
      <trkpt lat="46.11262" lon="6.84426">
        <ele>1874.69</ele>
        <time>2015-07-06T09:04:07.000Z</time>
      </trkpt>
      <trkpt lat="46.11253" lon="6.84427">
        <ele>1872.4</ele>
        <time>2015-07-06T09:04:23.000Z</time>
      </trkpt>
      <trkpt lat="46.11252" lon="6.84443">
        <ele>1870.99</ele>
        <time>2015-07-06T09:04:40.000Z</time>
      </trkpt>
      <trkpt lat="46.11247" lon="6.84454">
        <ele>1869.51</ele>
        <time>2015-07-06T09:04:55.000Z</time>
      </trkpt>
      <trkpt lat="46.11247" lon="6.84472">
        <ele>1866.62</ele>
        <time>2015-07-06T09:05:11.000Z</time>
      </trkpt>
      <trkpt lat="46.11247" lon="6.84489">
        <ele>1863.84</ele>
        <time>2015-07-06T09:05:28.000Z</time>
      </trkpt>
      <trkpt lat="46.11244" lon="6.84508">
        <ele>1862.66</ele>
        <time>2015-07-06T09:05:43.000Z</time>
      </trkpt>
      <trkpt lat="46.11241" lon="6.84522">
        <ele>1861.56</ele>
        <time>2015-07-06T09:05:59.000Z</time>
      </trkpt>
      <trkpt lat="46.11241" lon="6.84536">
        <ele>1860.38</ele>
        <time>2015-07-06T09:06:14.000Z</time>
      </trkpt>
      <trkpt lat="46.11244" lon="6.8455">
        <ele>1858.32</ele>
        <time>2015-07-06T09:06:31.000Z</time>
      </trkpt>
      <trkpt lat="46.11243" lon="6.84566">
        <ele>1855.9</ele>
        <time>2015-07-06T09:06:47.000Z</time>
      </trkpt>
      <trkpt lat="46.11243" lon="6.84573">
        <ele>1855.11</ele>
        <time>2015-07-06T09:06:53.000Z</time>
      </trkpt>
      <trkpt lat="46.11243" lon="6.84586">
        <ele>1853.84</ele>
        <time>2015-07-06T09:07:07.000Z</time>
      </trkpt>
      <trkpt lat="46.1124" lon="6.84598">
        <ele>1852.79</ele>
        <time>2015-07-06T09:07:18.000Z</time>
      </trkpt>
      <trkpt lat="46.11237" lon="6.84614">
        <ele>1852.39</ele>
        <time>2015-07-06T09:07:32.000Z</time>
      </trkpt>
      <trkpt lat="46.11239" lon="6.84619">
        <ele>1851.33</ele>
        <time>2015-07-06T09:07:50.000Z</time>
      </trkpt>
      <trkpt lat="46.1124" lon="6.84631">
        <ele>1850.3</ele>
        <time>2015-07-06T09:08:08.000Z</time>
      </trkpt>
      <trkpt lat="46.11237" lon="6.84641">
        <ele>1849.61</ele>
        <time>2015-07-06T09:08:17.000Z</time>
      </trkpt>
      <trkpt lat="46.11237" lon="6.84657">
        <ele>1848.44</ele>
        <time>2015-07-06T09:08:30.000Z</time>
      </trkpt>
      <trkpt lat="46.11236" lon="6.84657">
        <ele>1847.85</ele>
        <time>2015-07-06T09:08:35.000Z</time>
      </trkpt>
      <trkpt lat="46.11231" lon="6.84647">
        <ele>1847.53</ele>
        <time>2015-07-06T09:08:48.000Z</time>
      </trkpt>
      <trkpt lat="46.11227" lon="6.84653">
        <ele>1843.74</ele>
        <time>2015-07-06T09:09:03.000Z</time>
      </trkpt>
      <trkpt lat="46.11225" lon="6.84651">
        <ele>1843.44</ele>
        <time>2015-07-06T09:09:08.000Z</time>
      </trkpt>
      <trkpt lat="46.11218" lon="6.84643">
        <ele>1841.16</ele>
        <time>2015-07-06T09:09:18.000Z</time>
      </trkpt>
      <trkpt lat="46.11212" lon="6.84636">
        <ele>1838.55</ele>
        <time>2015-07-06T09:09:32.000Z</time>
      </trkpt>
      <trkpt lat="46.1121" lon="6.84634">
        <ele>1838.84</ele>
        <time>2015-07-06T09:09:51.000Z</time>
      </trkpt>
      <trkpt lat="46.11205" lon="6.8463">
        <ele>1838.78</ele>
        <time>2015-07-06T09:10:07.000Z</time>
      </trkpt>
      <trkpt lat="46.11202" lon="6.84632">
        <ele>1838.23</ele>
        <time>2015-07-06T09:10:15.000Z</time>
      </trkpt>
      <trkpt lat="46.11195" lon="6.84634">
        <ele>1835.04</ele>
        <time>2015-07-06T09:10:29.000Z</time>
      </trkpt>
      <trkpt lat="46.11187" lon="6.84627">
        <ele>1829.66</ele>
        <time>2015-07-06T09:10:47.000Z</time>
      </trkpt>
      <trkpt lat="46.11181" lon="6.84633">
        <ele>1823.65</ele>
        <time>2015-07-06T09:11:02.000Z</time>
      </trkpt>
      <trkpt lat="46.11175" lon="6.84634">
        <ele>1819.67</ele>
        <time>2015-07-06T09:11:16.000Z</time>
      </trkpt>
      <trkpt lat="46.11172" lon="6.84631">
        <ele>1816.21</ele>
        <time>2015-07-06T09:11:24.000Z</time>
      </trkpt>
      <trkpt lat="46.11167" lon="6.84633">
        <ele>1811.74</ele>
        <time>2015-07-06T09:11:34.000Z</time>
      </trkpt>
      <trkpt lat="46.11162" lon="6.8463">
        <ele>1805.83</ele>
        <time>2015-07-06T09:11:47.000Z</time>
      </trkpt>
      <trkpt lat="46.1116" lon="6.84627">
        <ele>1804.64</ele>
        <time>2015-07-06T09:11:51.000Z</time>
      </trkpt>
      <trkpt lat="46.11154" lon="6.84623">
        <ele>1801.13</ele>
        <time>2015-07-06T09:12:04.000Z</time>
      </trkpt>
      <trkpt lat="46.11149" lon="6.84629">
        <ele>1798.29</ele>
        <time>2015-07-06T09:12:12.000Z</time>
      </trkpt>
      <trkpt lat="46.11144" lon="6.84633">
        <ele>1796.53</ele>
        <time>2015-07-06T09:12:17.000Z</time>
      </trkpt>
      <trkpt lat="46.1114" lon="6.84635">
        <ele>1792.88</ele>
        <time>2015-07-06T09:12:26.000Z</time>
      </trkpt>
      <trkpt lat="46.11134" lon="6.84627">
        <ele>1789.77</ele>
        <time>2015-07-06T09:12:37.000Z</time>
      </trkpt>
      <trkpt lat="46.11127" lon="6.84627">
        <ele>1785.81</ele>
        <time>2015-07-06T09:12:50.000Z</time>
      </trkpt>
      <trkpt lat="46.11124" lon="6.84633">
        <ele>1783.34</ele>
        <time>2015-07-06T09:12:58.000Z</time>
      </trkpt>
      <trkpt lat="46.11122" lon="6.84631">
        <ele>1782.44</ele>
        <time>2015-07-06T09:13:02.000Z</time>
      </trkpt>
      <trkpt lat="46.11114" lon="6.84628">
        <ele>1777.87</ele>
        <time>2015-07-06T09:13:18.000Z</time>
      </trkpt>
      <trkpt lat="46.11112" lon="6.84629">
        <ele>1776.81</ele>
        <time>2015-07-06T09:13:21.000Z</time>
      </trkpt>
      <trkpt lat="46.11109" lon="6.84625">
        <ele>1772.93</ele>
        <time>2015-07-06T09:13:31.000Z</time>
      </trkpt>
      <trkpt lat="46.11108" lon="6.8462">
        <ele>1772.18</ele>
        <time>2015-07-06T09:13:35.000Z</time>
      </trkpt>
      <trkpt lat="46.111" lon="6.8462">
        <ele>1768.62</ele>
        <time>2015-07-06T09:13:50.000Z</time>
      </trkpt>
      <trkpt lat="46.11097" lon="6.8462">
        <ele>1767.18</ele>
        <time>2015-07-06T09:14:03.000Z</time>
      </trkpt>
      <trkpt lat="46.11096" lon="6.84617">
        <ele>1767.17</ele>
        <time>2015-07-06T09:14:27.000Z</time>
      </trkpt>
      <trkpt lat="46.11093" lon="6.8461">
        <ele>1767.37</ele>
        <time>2015-07-06T09:14:33.000Z</time>
      </trkpt>
      <trkpt lat="46.11091" lon="6.84608">
        <ele>1767.28</ele>
        <time>2015-07-06T09:14:35.000Z</time>
      </trkpt>
      <trkpt lat="46.11087" lon="6.84597">
        <ele>1765.99</ele>
        <time>2015-07-06T09:14:52.000Z</time>
      </trkpt>
      <trkpt lat="46.11085" lon="6.84592">
        <ele>1765.59</ele>
        <time>2015-07-06T09:15:18.000Z</time>
      </trkpt>
      <trkpt lat="46.1108" lon="6.84585">
        <ele>1764.99</ele>
        <time>2015-07-06T09:15:41.000Z</time>
      </trkpt>
      <trkpt lat="46.11077" lon="6.84585">
        <ele>1762.2</ele>
        <time>2015-07-06T09:15:55.000Z</time>
      </trkpt>
      <trkpt lat="46.11075" lon="6.84588">
        <ele>1759.88</ele>
        <time>2015-07-06T09:16:02.000Z</time>
      </trkpt>
      <trkpt lat="46.11074" lon="6.84591">
        <ele>1758.18</ele>
        <time>2015-07-06T09:16:05.000Z</time>
      </trkpt>
      <trkpt lat="46.11064" lon="6.84608">
        <ele>1747.83</ele>
        <time>2015-07-06T09:16:21.000Z</time>
      </trkpt>
      <trkpt lat="46.11056" lon="6.84616">
        <ele>1737.23</ele>
        <time>2015-07-06T09:16:36.000Z</time>
      </trkpt>
      <trkpt lat="46.11051" lon="6.84617">
        <ele>1732.63</ele>
        <time>2015-07-06T09:16:48.000Z</time>
      </trkpt>
      <trkpt lat="46.1105" lon="6.84616">
        <ele>1732.31</ele>
        <time>2015-07-06T09:16:49.000Z</time>
      </trkpt>
      <trkpt lat="46.11045" lon="6.84597">
        <ele>1726.52</ele>
        <time>2015-07-06T09:17:06.000Z</time>
      </trkpt>
      <trkpt lat="46.1104" lon="6.8459">
        <ele>1722.2</ele>
        <time>2015-07-06T09:17:18.000Z</time>
      </trkpt>
      <trkpt lat="46.11037" lon="6.84592">
        <ele>1719.71</ele>
        <time>2015-07-06T09:17:23.000Z</time>
      </trkpt>
      <trkpt lat="46.11033" lon="6.84596">
        <ele>1714.85</ele>
        <time>2015-07-06T09:17:31.000Z</time>
      </trkpt>
      <trkpt lat="46.1103" lon="6.84597">
        <ele>1712.92</ele>
        <time>2015-07-06T09:17:35.000Z</time>
      </trkpt>
      <trkpt lat="46.11028" lon="6.84596">
        <ele>1712.1</ele>
        <time>2015-07-06T09:17:37.000Z</time>
      </trkpt>
      <trkpt lat="46.11027" lon="6.84593">
        <ele>1711.2</ele>
        <time>2015-07-06T09:17:39.000Z</time>
      </trkpt>
      <trkpt lat="46.11022" lon="6.8459">
        <ele>1706.35</ele>
        <time>2015-07-06T09:17:50.000Z</time>
      </trkpt>
      <trkpt lat="46.11015" lon="6.8458">
        <ele>1701.16</ele>
        <time>2015-07-06T09:18:04.000Z</time>
      </trkpt>
      <trkpt lat="46.11014" lon="6.84579">
        <ele>1700.84</ele>
        <time>2015-07-06T09:18:05.000Z</time>
      </trkpt>
      <trkpt lat="46.11013" lon="6.84571">
        <ele>1697.34</ele>
        <time>2015-07-06T09:18:18.000Z</time>
      </trkpt>
      <trkpt lat="46.1101" lon="6.84577">
        <ele>1695.78</ele>
        <time>2015-07-06T09:18:36.000Z</time>
      </trkpt>
      <trkpt lat="46.11001" lon="6.84586">
        <ele>1693.48</ele>
        <time>2015-07-06T09:18:51.000Z</time>
      </trkpt>
      <trkpt lat="46.10989" lon="6.84594">
        <ele>1687.74</ele>
        <time>2015-07-06T09:19:08.000Z</time>
      </trkpt>
      <trkpt lat="46.10981" lon="6.84602">
        <ele>1681.41</ele>
        <time>2015-07-06T09:19:23.000Z</time>
      </trkpt>
      <trkpt lat="46.10972" lon="6.84613">
        <ele>1677.06</ele>
        <time>2015-07-06T09:19:39.000Z</time>
      </trkpt>
      <trkpt lat="46.10962" lon="6.84617">
        <ele>1672.24</ele>
        <time>2015-07-06T09:19:55.000Z</time>
      </trkpt>
      <trkpt lat="46.10958" lon="6.84614">
        <ele>1671.84</ele>
        <time>2015-07-06T09:20:12.000Z</time>
      </trkpt>
      <trkpt lat="46.10953" lon="6.84614">
        <ele>1670.71</ele>
        <time>2015-07-06T09:20:28.000Z</time>
      </trkpt>
      <trkpt lat="46.10948" lon="6.84611">
        <ele>1669.76</ele>
        <time>2015-07-06T09:20:43.000Z</time>
      </trkpt>
      <trkpt lat="46.10941" lon="6.84605">
        <ele>1668.34</ele>
        <time>2015-07-06T09:21:00.000Z</time>
      </trkpt>
      <trkpt lat="46.10932" lon="6.84605">
        <ele>1665.75</ele>
        <time>2015-07-06T09:21:17.000Z</time>
      </trkpt>
      <trkpt lat="46.10924" lon="6.84602">
        <ele>1662.85</ele>
        <time>2015-07-06T09:21:33.000Z</time>
      </trkpt>
      <trkpt lat="46.10914" lon="6.84604">
        <ele>1657.98</ele>
        <time>2015-07-06T09:21:52.000Z</time>
      </trkpt>
      <trkpt lat="46.10909" lon="6.84601">
        <ele>1656.3</ele>
        <time>2015-07-06T09:22:08.000Z</time>
      </trkpt>
      <trkpt lat="46.109" lon="6.84597">
        <ele>1652.1</ele>
        <time>2015-07-06T09:22:29.000Z</time>
      </trkpt>
      <trkpt lat="46.1089" lon="6.84591">
        <ele>1647.56</ele>
        <time>2015-07-06T09:22:48.000Z</time>
      </trkpt>
      <trkpt lat="46.10879" lon="6.84588">
        <ele>1642.54</ele>
        <time>2015-07-06T09:23:08.000Z</time>
      </trkpt>
      <trkpt lat="46.10874" lon="6.84582">
        <ele>1637.61</ele>
        <time>2015-07-06T09:23:25.000Z</time>
      </trkpt>
      <trkpt lat="46.10867" lon="6.84581">
        <ele>1632.67</ele>
        <time>2015-07-06T09:23:41.000Z</time>
      </trkpt>
      <trkpt lat="46.10858" lon="6.84577">
        <ele>1626.51</ele>
        <time>2015-07-06T09:24:02.000Z</time>
      </trkpt>
      <trkpt lat="46.10848" lon="6.84575">
        <ele>1622.23</ele>
        <time>2015-07-06T09:24:18.000Z</time>
      </trkpt>
      <trkpt lat="46.10835" lon="6.84574">
        <ele>1617.1</ele>
        <time>2015-07-06T09:24:42.000Z</time>
      </trkpt>
      <trkpt lat="46.10828" lon="6.84576">
        <ele>1615.94</ele>
        <time>2015-07-06T09:24:58.000Z</time>
      </trkpt>
      <trkpt lat="46.1082" lon="6.84582">
        <ele>1614.6</ele>
        <time>2015-07-06T09:25:14.000Z</time>
      </trkpt>
      <trkpt lat="46.10813" lon="6.84588">
        <ele>1612.8</ele>
        <time>2015-07-06T09:25:31.000Z</time>
      </trkpt>
      <trkpt lat="46.10802" lon="6.84586">
        <ele>1610.68</ele>
        <time>2015-07-06T09:25:50.000Z</time>
      </trkpt>
      <trkpt lat="46.10793" lon="6.84585">
        <ele>1608.73</ele>
        <time>2015-07-06T09:26:07.000Z</time>
      </trkpt>
      <trkpt lat="46.1078" lon="6.84587">
        <ele>1606.65</ele>
        <time>2015-07-06T09:26:28.000Z</time>
      </trkpt>
      <trkpt lat="46.10769" lon="6.84589">
        <ele>1604.33</ele>
        <time>2015-07-06T09:26:49.000Z</time>
      </trkpt>
      <trkpt lat="46.10761" lon="6.84596">
        <ele>1600.58</ele>
        <time>2015-07-06T09:27:09.000Z</time>
      </trkpt>
      <trkpt lat="46.1076" lon="6.84604">
        <ele>1597.09</ele>
        <time>2015-07-06T09:27:30.000Z</time>
      </trkpt>
      <trkpt lat="46.10758" lon="6.84609">
        <ele>1595.11</ele>
        <time>2015-07-06T09:27:48.000Z</time>
      </trkpt>
      <trkpt lat="46.10758" lon="6.84602">
        <ele>1592.15</ele>
        <time>2015-07-06T09:28:17.000Z</time>
      </trkpt>
      <trkpt lat="46.10762" lon="6.84607">
        <ele>1589.81</ele>
        <time>2015-07-06T09:28:38.000Z</time>
      </trkpt>
      <trkpt lat="46.10761" lon="6.84621">
        <ele>1586.69</ele>
        <time>2015-07-06T09:29:11.000Z</time>
      </trkpt>
      <trkpt lat="46.10761" lon="6.84616">
        <ele>1585.2</ele>
        <time>2015-07-06T09:29:38.000Z</time>
      </trkpt>
      <trkpt lat="46.10757" lon="6.84621">
        <ele>1581.77</ele>
        <time>2015-07-06T09:30:08.000Z</time>
      </trkpt>
      <trkpt lat="46.10755" lon="6.84622">
        <ele>1581.38</ele>
        <time>2015-07-06T09:30:11.000Z</time>
      </trkpt>
      <trkpt lat="46.1075" lon="6.84611">
        <ele>1578.82</ele>
        <time>2015-07-06T09:30:29.000Z</time>
      </trkpt>
      <trkpt lat="46.10745" lon="6.84623">
        <ele>1574.5</ele>
        <time>2015-07-06T09:30:48.000Z</time>
      </trkpt>
      <trkpt lat="46.10737" lon="6.84623">
        <ele>1569.83</ele>
        <time>2015-07-06T09:31:07.000Z</time>
      </trkpt>
      <trkpt lat="46.10733" lon="6.84611">
        <ele>1565.63</ele>
        <time>2015-07-06T09:31:24.000Z</time>
      </trkpt>
      <trkpt lat="46.10731" lon="6.84591">
        <ele>1560.37</ele>
        <time>2015-07-06T09:31:42.000Z</time>
      </trkpt>
      <trkpt lat="46.10731" lon="6.84584">
        <ele>1558.3</ele>
        <time>2015-07-06T09:31:48.000Z</time>
      </trkpt>
      <trkpt lat="46.10731" lon="6.84575">
        <ele>1556.28</ele>
        <time>2015-07-06T09:31:54.000Z</time>
      </trkpt>
      <trkpt lat="46.10734" lon="6.84556">
        <ele>1551.41</ele>
        <time>2015-07-06T09:32:10.000Z</time>
      </trkpt>
      <trkpt lat="46.10739" lon="6.84539">
        <ele>1546.69</ele>
        <time>2015-07-06T09:32:27.000Z</time>
      </trkpt>
      <trkpt lat="46.10736" lon="6.84528">
        <ele>1539.99</ele>
        <time>2015-07-06T09:32:46.000Z</time>
      </trkpt>
      <trkpt lat="46.10734" lon="6.84522">
        <ele>1534.85</ele>
        <time>2015-07-06T09:33:02.000Z</time>
      </trkpt>
      <trkpt lat="46.10736" lon="6.84512">
        <ele>1529.87</ele>
        <time>2015-07-06T09:33:20.000Z</time>
      </trkpt>
      <trkpt lat="46.10735" lon="6.84497">
        <ele>1525.69</ele>
        <time>2015-07-06T09:33:37.000Z</time>
      </trkpt>
      <trkpt lat="46.10728" lon="6.84488">
        <ele>1521.77</ele>
        <time>2015-07-06T09:33:55.000Z</time>
      </trkpt>
      <trkpt lat="46.10719" lon="6.8448">
        <ele>1519.7</ele>
        <time>2015-07-06T09:34:10.000Z</time>
      </trkpt>
      <trkpt lat="46.10712" lon="6.84481">
        <ele>1515.31</ele>
        <time>2015-07-06T09:34:24.000Z</time>
      </trkpt>
      <trkpt lat="46.10702" lon="6.84478">
        <ele>1509.51</ele>
        <time>2015-07-06T09:34:42.000Z</time>
      </trkpt>
      <trkpt lat="46.10691" lon="6.84477">
        <ele>1504.87</ele>
        <time>2015-07-06T09:34:58.000Z</time>
      </trkpt>
      <trkpt lat="46.10681" lon="6.84475">
        <ele>1499.19</ele>
        <time>2015-07-06T09:35:15.000Z</time>
      </trkpt>
      <trkpt lat="46.10669" lon="6.84475">
        <ele>1493.2</ele>
        <time>2015-07-06T09:35:33.000Z</time>
      </trkpt>
      <trkpt lat="46.10661" lon="6.84476">
        <ele>1489.07</ele>
        <time>2015-07-06T09:35:44.000Z</time>
      </trkpt>
      <trkpt lat="46.10657" lon="6.84476">
        <ele>1487.01</ele>
        <time>2015-07-06T09:35:49.000Z</time>
      </trkpt>
      <trkpt lat="46.10649" lon="6.8447">
        <ele>1482.09</ele>
        <time>2015-07-06T09:35:59.000Z</time>
      </trkpt>
      <trkpt lat="46.10648" lon="6.84467">
        <ele>1480.61</ele>
        <time>2015-07-06T09:36:02.000Z</time>
      </trkpt>
      <trkpt lat="46.10637" lon="6.84463">
        <ele>1474.93</ele>
        <time>2015-07-06T09:36:15.000Z</time>
      </trkpt>
      <trkpt lat="46.10629" lon="6.84466">
        <ele>1471.24</ele>
        <time>2015-07-06T09:36:26.000Z</time>
      </trkpt>
      <trkpt lat="46.10619" lon="6.84462">
        <ele>1466.86</ele>
        <time>2015-07-06T09:36:39.000Z</time>
      </trkpt>
      <trkpt lat="46.10611" lon="6.84459">
        <ele>1462.93</ele>
        <time>2015-07-06T09:36:54.000Z</time>
      </trkpt>
      <trkpt lat="46.106" lon="6.84464">
        <ele>1457.28</ele>
        <time>2015-07-06T09:37:11.000Z</time>
      </trkpt>
      <trkpt lat="46.10595" lon="6.84453">
        <ele>1455</ele>
        <time>2015-07-06T09:37:27.000Z</time>
      </trkpt>
      <trkpt lat="46.10598" lon="6.84447">
        <ele>1453.13</ele>
        <time>2015-07-06T09:37:45.000Z</time>
      </trkpt>
      <trkpt lat="46.10598" lon="6.84445">
        <ele>1452.98</ele>
        <time>2015-07-06T09:37:48.000Z</time>
      </trkpt>
      <trkpt lat="46.10579" lon="6.84456">
        <ele>1446.3</ele>
        <time>2015-07-06T10:08:00.000Z</time>
      </trkpt>
      <trkpt lat="46.10568" lon="6.84451">
        <ele>1453.27</ele>
        <time>2015-07-06T10:08:15.000Z</time>
      </trkpt>
      <trkpt lat="46.10552" lon="6.84446">
        <ele>1453.66</ele>
        <time>2015-07-06T10:08:29.000Z</time>
      </trkpt>
      <trkpt lat="46.10541" lon="6.84444">
        <ele>1452.96</ele>
        <time>2015-07-06T10:08:42.000Z</time>
      </trkpt>
      <trkpt lat="46.10537" lon="6.84445">
        <ele>1451.58</ele>
        <time>2015-07-06T10:08:47.000Z</time>
      </trkpt>
      <trkpt lat="46.10532" lon="6.84446">
        <ele>1450.82</ele>
        <time>2015-07-06T10:08:51.000Z</time>
      </trkpt>
      <trkpt lat="46.10522" lon="6.84447">
        <ele>1446.38</ele>
        <time>2015-07-06T10:09:06.000Z</time>
      </trkpt>
      <trkpt lat="46.1051" lon="6.8445">
        <ele>1442.73</ele>
        <time>2015-07-06T10:09:23.000Z</time>
      </trkpt>
      <trkpt lat="46.105" lon="6.84451">
        <ele>1440.87</ele>
        <time>2015-07-06T10:09:36.000Z</time>
      </trkpt>
      <trkpt lat="46.10485" lon="6.84448">
        <ele>1437.78</ele>
        <time>2015-07-06T10:09:54.000Z</time>
      </trkpt>
      <trkpt lat="46.10472" lon="6.84442">
        <ele>1433.28</ele>
        <time>2015-07-06T10:10:14.000Z</time>
      </trkpt>
      <trkpt lat="46.10461" lon="6.84442">
        <ele>1430.21</ele>
        <time>2015-07-06T10:10:28.000Z</time>
      </trkpt>
      <trkpt lat="46.1045" lon="6.84443">
        <ele>1426.56</ele>
        <time>2015-07-06T10:10:46.000Z</time>
      </trkpt>
      <trkpt lat="46.10437" lon="6.84444">
        <ele>1423.35</ele>
        <time>2015-07-06T10:11:02.000Z</time>
      </trkpt>
      <trkpt lat="46.10427" lon="6.84439">
        <ele>1421.55</ele>
        <time>2015-07-06T10:11:15.000Z</time>
      </trkpt>
      <trkpt lat="46.10416" lon="6.84442">
        <ele>1419.01</ele>
        <time>2015-07-06T10:11:35.000Z</time>
      </trkpt>
      <trkpt lat="46.10409" lon="6.84449">
        <ele>1416.2</ele>
        <time>2015-07-06T10:11:53.000Z</time>
      </trkpt>
      <trkpt lat="46.10405" lon="6.84456">
        <ele>1415.24</ele>
        <time>2015-07-06T10:12:12.000Z</time>
      </trkpt>
      <trkpt lat="46.10398" lon="6.84474">
        <ele>1413.42</ele>
        <time>2015-07-06T10:12:35.000Z</time>
      </trkpt>
      <trkpt lat="46.10386" lon="6.84488">
        <ele>1409.23</ele>
        <time>2015-07-06T10:12:57.000Z</time>
      </trkpt>
      <trkpt lat="46.10375" lon="6.84499">
        <ele>1404.86</ele>
        <time>2015-07-06T10:13:14.000Z</time>
      </trkpt>
      <trkpt lat="46.10366" lon="6.84507">
        <ele>1399.12</ele>
        <time>2015-07-06T10:13:32.000Z</time>
      </trkpt>
      <trkpt lat="46.10355" lon="6.84501">
        <ele>1391.48</ele>
        <time>2015-07-06T10:13:50.000Z</time>
      </trkpt>
      <trkpt lat="46.10348" lon="6.8449">
        <ele>1383.62</ele>
        <time>2015-07-06T10:14:10.000Z</time>
      </trkpt>
      <trkpt lat="46.10345" lon="6.84498">
        <ele>1382.31</ele>
        <time>2015-07-06T10:14:26.000Z</time>
      </trkpt>
      <trkpt lat="46.10342" lon="6.84512">
        <ele>1380.42</ele>
        <time>2015-07-06T10:14:40.000Z</time>
      </trkpt>
      <trkpt lat="46.10341" lon="6.84514">
        <ele>1380.13</ele>
        <time>2015-07-06T10:14:42.000Z</time>
      </trkpt>
      <trkpt lat="46.1034" lon="6.8453">
        <ele>1378</ele>
        <time>2015-07-06T10:14:51.000Z</time>
      </trkpt>
      <trkpt lat="46.10346" lon="6.84549">
        <ele>1376.66</ele>
        <time>2015-07-06T10:15:05.000Z</time>
      </trkpt>
      <trkpt lat="46.10348" lon="6.84552">
        <ele>1376.87</ele>
        <time>2015-07-06T10:15:08.000Z</time>
      </trkpt>
      <trkpt lat="46.10349" lon="6.84555">
        <ele>1376.79</ele>
        <time>2015-07-06T10:15:11.000Z</time>
      </trkpt>
      <trkpt lat="46.10352" lon="6.84577">
        <ele>1374.39</ele>
        <time>2015-07-06T10:15:26.000Z</time>
      </trkpt>
      <trkpt lat="46.10355" lon="6.84591">
        <ele>1371.07</ele>
        <time>2015-07-06T10:15:40.000Z</time>
      </trkpt>
      <trkpt lat="46.10362" lon="6.84611">
        <ele>1369.4</ele>
        <time>2015-07-06T10:15:54.000Z</time>
      </trkpt>
      <trkpt lat="46.10363" lon="6.8462">
        <ele>1368.68</ele>
        <time>2015-07-06T10:16:01.000Z</time>
      </trkpt>
      <trkpt lat="46.10363" lon="6.84624">
        <ele>1368.01</ele>
        <time>2015-07-06T10:16:04.000Z</time>
      </trkpt>
      <trkpt lat="46.10364" lon="6.84629">
        <ele>1367.3</ele>
        <time>2015-07-06T10:16:07.000Z</time>
      </trkpt>
      <trkpt lat="46.10368" lon="6.84632">
        <ele>1367.1</ele>
        <time>2015-07-06T10:16:11.000Z</time>
      </trkpt>
      <trkpt lat="46.10372" lon="6.84638">
        <ele>1366.99</ele>
        <time>2015-07-06T10:16:16.000Z</time>
      </trkpt>
      <trkpt lat="46.10378" lon="6.84648">
        <ele>1366.06</ele>
        <time>2015-07-06T10:16:24.000Z</time>
      </trkpt>
      <trkpt lat="46.1038" lon="6.84656">
        <ele>1365.69</ele>
        <time>2015-07-06T10:16:29.000Z</time>
      </trkpt>
      <trkpt lat="46.1038" lon="6.84663">
        <ele>1365.04</ele>
        <time>2015-07-06T10:16:33.000Z</time>
      </trkpt>
      <trkpt lat="46.10384" lon="6.84676">
        <ele>1363.51</ele>
        <time>2015-07-06T10:16:41.000Z</time>
      </trkpt>
      <trkpt lat="46.10386" lon="6.847">
        <ele>1362.66</ele>
        <time>2015-07-06T10:16:54.000Z</time>
      </trkpt>
      <trkpt lat="46.10391" lon="6.84713">
        <ele>1361.96</ele>
        <time>2015-07-06T10:17:03.000Z</time>
      </trkpt>
      <trkpt lat="46.10391" lon="6.84719">
        <ele>1361.74</ele>
        <time>2015-07-06T10:17:06.000Z</time>
      </trkpt>
      <trkpt lat="46.10391" lon="6.84729">
        <ele>1361.51</ele>
        <time>2015-07-06T10:17:15.000Z</time>
      </trkpt>
      <trkpt lat="46.104" lon="6.84734">
        <ele>1362</ele>
        <time>2015-07-06T10:17:28.000Z</time>
      </trkpt>
      <trkpt lat="46.10408" lon="6.84743">
        <ele>1362.14</ele>
        <time>2015-07-06T10:17:46.000Z</time>
      </trkpt>
      <trkpt lat="46.10418" lon="6.84742">
        <ele>1362</ele>
        <time>2015-07-06T10:18:01.000Z</time>
      </trkpt>
      <trkpt lat="46.10432" lon="6.84747">
        <ele>1359.45</ele>
        <time>2015-07-06T10:18:19.000Z</time>
      </trkpt>
      <trkpt lat="46.10438" lon="6.84753">
        <ele>1359.04</ele>
        <time>2015-07-06T10:18:35.000Z</time>
      </trkpt>
      <trkpt lat="46.10438" lon="6.84764">
        <ele>1358.55</ele>
        <time>2015-07-06T10:18:47.000Z</time>
      </trkpt>
      <trkpt lat="46.10443" lon="6.84792">
        <ele>1357.46</ele>
        <time>2015-07-06T10:19:10.000Z</time>
      </trkpt>
      <trkpt lat="46.10456" lon="6.84804">
        <ele>1355.47</ele>
        <time>2015-07-06T10:19:28.000Z</time>
      </trkpt>
      <trkpt lat="46.1046" lon="6.84809">
        <ele>1355.52</ele>
        <time>2015-07-06T10:19:35.000Z</time>
      </trkpt>
      <trkpt lat="46.1047" lon="6.84821">
        <ele>1353.2</ele>
        <time>2015-07-06T10:19:49.000Z</time>
      </trkpt>
      <trkpt lat="46.10487" lon="6.84844">
        <ele>1348.44</ele>
        <time>2015-07-06T10:20:11.000Z</time>
      </trkpt>
      <trkpt lat="46.10489" lon="6.84854">
        <ele>1345.93</ele>
        <time>2015-07-06T10:20:17.000Z</time>
      </trkpt>
      <trkpt lat="46.1049" lon="6.84859">
        <ele>1345.08</ele>
        <time>2015-07-06T10:20:19.000Z</time>
      </trkpt>
      <trkpt lat="46.10502" lon="6.84884">
        <ele>1344.33</ele>
        <time>2015-07-06T10:20:42.000Z</time>
      </trkpt>
      <trkpt lat="46.10515" lon="6.84902">
        <ele>1342.92</ele>
        <time>2015-07-06T10:21:00.000Z</time>
      </trkpt>
      <trkpt lat="46.10525" lon="6.84923">
        <ele>1341</ele>
        <time>2015-07-06T10:21:23.000Z</time>
      </trkpt>
      <trkpt lat="46.10536" lon="6.84942">
        <ele>1340.31</ele>
        <time>2015-07-06T10:21:42.000Z</time>
      </trkpt>
      <trkpt lat="46.10542" lon="6.84959">
        <ele>1340.19</ele>
        <time>2015-07-06T10:22:03.000Z</time>
      </trkpt>
      <trkpt lat="46.1055" lon="6.84993">
        <ele>1340.13</ele>
        <time>2015-07-06T10:22:23.000Z</time>
      </trkpt>
      <trkpt lat="46.1056" lon="6.85013">
        <ele>1340.44</ele>
        <time>2015-07-06T10:22:39.000Z</time>
      </trkpt>
      <trkpt lat="46.10568" lon="6.8503">
        <ele>1338.97</ele>
        <time>2015-07-06T10:22:57.000Z</time>
      </trkpt>
      <trkpt lat="46.10577" lon="6.8506">
        <ele>1336.85</ele>
        <time>2015-07-06T10:23:16.000Z</time>
      </trkpt>
      <trkpt lat="46.10582" lon="6.85072">
        <ele>1337.78</ele>
        <time>2015-07-06T10:23:28.000Z</time>
      </trkpt>
      <trkpt lat="46.10589" lon="6.85096">
        <ele>1339.13</ele>
        <time>2015-07-06T10:23:50.000Z</time>
      </trkpt>
      <trkpt lat="46.10594" lon="6.85127">
        <ele>1343.76</ele>
        <time>2015-07-06T10:24:12.000Z</time>
      </trkpt>
      <trkpt lat="46.10602" lon="6.85142">
        <ele>1350.85</ele>
        <time>2015-07-06T10:24:34.000Z</time>
      </trkpt>
      <trkpt lat="46.10612" lon="6.85155">
        <ele>1353.77</ele>
        <time>2015-07-06T10:24:48.000Z</time>
      </trkpt>
      <trkpt lat="46.10621" lon="6.85173">
        <ele>1356.86</ele>
        <time>2015-07-06T10:25:08.000Z</time>
      </trkpt>
      <trkpt lat="46.10632" lon="6.85198">
        <ele>1360.05</ele>
        <time>2015-07-06T10:25:26.000Z</time>
      </trkpt>
      <trkpt lat="46.10643" lon="6.85223">
        <ele>1362.35</ele>
        <time>2015-07-06T10:25:48.000Z</time>
      </trkpt>
      <trkpt lat="46.10653" lon="6.85243">
        <ele>1365.52</ele>
        <time>2015-07-06T10:26:10.000Z</time>
      </trkpt>
      <trkpt lat="46.10665" lon="6.85275">
        <ele>1367.61</ele>
        <time>2015-07-06T10:26:30.000Z</time>
      </trkpt>
      <trkpt lat="46.10667" lon="6.85277">
        <ele>1367.64</ele>
        <time>2015-07-06T10:26:32.000Z</time>
      </trkpt>
      <trkpt lat="46.1068" lon="6.85297">
        <ele>1367.16</ele>
        <time>2015-07-06T10:26:51.000Z</time>
      </trkpt>
      <trkpt lat="46.1069" lon="6.85309">
        <ele>1365.56</ele>
        <time>2015-07-06T10:27:10.000Z</time>
      </trkpt>
      <trkpt lat="46.10693" lon="6.85312">
        <ele>1364.52</ele>
        <time>2015-07-06T10:27:15.000Z</time>
      </trkpt>
      <trkpt lat="46.10712" lon="6.85335">
        <ele>1360.24</ele>
        <time>2015-07-06T10:27:36.000Z</time>
      </trkpt>
      <trkpt lat="46.10732" lon="6.8536">
        <ele>1357.01</ele>
        <time>2015-07-06T10:27:56.000Z</time>
      </trkpt>
      <trkpt lat="46.10749" lon="6.85366">
        <ele>1354.68</ele>
        <time>2015-07-06T10:28:14.000Z</time>
      </trkpt>
      <trkpt lat="46.10763" lon="6.85355">
        <ele>1352.81</ele>
        <time>2015-07-06T10:28:32.000Z</time>
      </trkpt>
      <trkpt lat="46.1077" lon="6.85345">
        <ele>1352.8</ele>
        <time>2015-07-06T10:28:49.000Z</time>
      </trkpt>
      <trkpt lat="46.10779" lon="6.85346">
        <ele>1357.56</ele>
        <time>2015-07-06T10:29:06.000Z</time>
      </trkpt>
      <trkpt lat="46.10784" lon="6.85356">
        <ele>1361.54</ele>
        <time>2015-07-06T10:29:21.000Z</time>
      </trkpt>
      <trkpt lat="46.10792" lon="6.85352">
        <ele>1364.78</ele>
        <time>2015-07-06T10:29:37.000Z</time>
      </trkpt>
      <trkpt lat="46.10793" lon="6.85354">
        <ele>1369.93</ele>
        <time>2015-07-06T10:29:56.000Z</time>
      </trkpt>
      <trkpt lat="46.10792" lon="6.85379">
        <ele>1371.42</ele>
        <time>2015-07-06T10:30:19.000Z</time>
      </trkpt>
      <trkpt lat="46.10803" lon="6.85384">
        <ele>1369.72</ele>
        <time>2015-07-06T10:30:36.000Z</time>
      </trkpt>
      <trkpt lat="46.10814" lon="6.85394">
        <ele>1368.98</ele>
        <time>2015-07-06T10:30:56.000Z</time>
      </trkpt>
      <trkpt lat="46.10816" lon="6.85395">
        <ele>1368.47</ele>
        <time>2015-07-06T10:30:59.000Z</time>
      </trkpt>
      <trkpt lat="46.10834" lon="6.85416">
        <ele>1365.42</ele>
        <time>2015-07-06T10:31:20.000Z</time>
      </trkpt>
      <trkpt lat="46.10842" lon="6.8544">
        <ele>1363.68</ele>
        <time>2015-07-06T10:31:38.000Z</time>
      </trkpt>
      <trkpt lat="46.10846" lon="6.85458">
        <ele>1363.73</ele>
        <time>2015-07-06T10:31:56.000Z</time>
      </trkpt>
      <trkpt lat="46.10851" lon="6.85469">
        <ele>1364.44</ele>
        <time>2015-07-06T10:32:12.000Z</time>
      </trkpt>
      <trkpt lat="46.10856" lon="6.85486">
        <ele>1362.86</ele>
        <time>2015-07-06T10:32:31.000Z</time>
      </trkpt>
      <trkpt lat="46.10864" lon="6.85498">
        <ele>1361.07</ele>
        <time>2015-07-06T10:32:43.000Z</time>
      </trkpt>
      <trkpt lat="46.10865" lon="6.855">
        <ele>1360.83</ele>
        <time>2015-07-06T10:32:45.000Z</time>
      </trkpt>
      <trkpt lat="46.10868" lon="6.85503">
        <ele>1360.48</ele>
        <time>2015-07-06T10:32:49.000Z</time>
      </trkpt>
      <trkpt lat="46.10879" lon="6.8553">
        <ele>1357.02</ele>
        <time>2015-07-06T10:33:12.000Z</time>
      </trkpt>
      <trkpt lat="46.10898" lon="6.8555">
        <ele>1354.96</ele>
        <time>2015-07-06T10:33:33.000Z</time>
      </trkpt>
      <trkpt lat="46.10916" lon="6.85569">
        <ele>1353.19</ele>
        <time>2015-07-06T10:33:53.000Z</time>
      </trkpt>
      <trkpt lat="46.10928" lon="6.85581">
        <ele>1350.49</ele>
        <time>2015-07-06T10:34:11.000Z</time>
      </trkpt>
      <trkpt lat="46.10937" lon="6.85599">
        <ele>1349.74</ele>
        <time>2015-07-06T10:34:24.000Z</time>
      </trkpt>
      <trkpt lat="46.10944" lon="6.8563">
        <ele>1348.45</ele>
        <time>2015-07-06T10:34:42.000Z</time>
      </trkpt>
      <trkpt lat="46.10955" lon="6.85645">
        <ele>1347.79</ele>
        <time>2015-07-06T10:34:54.000Z</time>
      </trkpt>
      <trkpt lat="46.10956" lon="6.85653">
        <ele>1348.21</ele>
        <time>2015-07-06T10:34:59.000Z</time>
      </trkpt>
      <trkpt lat="46.1096" lon="6.85671">
        <ele>1350.06</ele>
        <time>2015-07-06T10:35:15.000Z</time>
      </trkpt>
      <trkpt lat="46.10965" lon="6.85697">
        <ele>1351.69</ele>
        <time>2015-07-06T10:35:33.000Z</time>
      </trkpt>
      <trkpt lat="46.1097" lon="6.8572">
        <ele>1354.83</ele>
        <time>2015-07-06T10:35:53.000Z</time>
      </trkpt>
      <trkpt lat="46.10971" lon="6.85742">
        <ele>1360.56</ele>
        <time>2015-07-06T10:36:12.000Z</time>
      </trkpt>
      <trkpt lat="46.10977" lon="6.85757">
        <ele>1365.5</ele>
        <time>2015-07-06T10:36:34.000Z</time>
      </trkpt>
      <trkpt lat="46.10976" lon="6.85765">
        <ele>1370.42</ele>
        <time>2015-07-06T10:36:59.000Z</time>
      </trkpt>
      <trkpt lat="46.10985" lon="6.85781">
        <ele>1372.52</ele>
        <time>2015-07-06T10:37:18.000Z</time>
      </trkpt>
      <trkpt lat="46.10991" lon="6.8579">
        <ele>1373.44</ele>
        <time>2015-07-06T10:37:34.000Z</time>
      </trkpt>
      <trkpt lat="46.10997" lon="6.85798">
        <ele>1374.49</ele>
        <time>2015-07-06T10:37:53.000Z</time>
      </trkpt>
      <trkpt lat="46.11" lon="6.858">
        <ele>1375.34</ele>
        <time>2015-07-06T10:38:12.000Z</time>
      </trkpt>
      <trkpt lat="46.11001" lon="6.85801">
        <ele>1377.04</ele>
        <time>2015-07-06T10:38:41.000Z</time>
      </trkpt>
      <trkpt lat="46.11002" lon="6.85805">
        <ele>1376.49</ele>
        <time>2015-07-06T10:39:06.000Z</time>
      </trkpt>
      <trkpt lat="46.11004" lon="6.85805">
        <ele>1374.23</ele>
        <time>2015-07-06T10:39:33.000Z</time>
      </trkpt>
      <trkpt lat="46.11005" lon="6.85805">
        <ele>1374.09</ele>
        <time>2015-07-06T10:39:53.000Z</time>
      </trkpt>
      <trkpt lat="46.11008" lon="6.85807">
        <ele>1374.72</ele>
        <time>2015-07-06T10:40:18.000Z</time>
      </trkpt>
      <trkpt lat="46.11013" lon="6.85808">
        <ele>1375.31</ele>
        <time>2015-07-06T10:40:40.000Z</time>
      </trkpt>
      <trkpt lat="46.11016" lon="6.85811">
        <ele>1376.46</ele>
        <time>2015-07-06T10:41:08.000Z</time>
      </trkpt>
      <trkpt lat="46.11017" lon="6.85813">
        <ele>1376.15</ele>
        <time>2015-07-06T10:41:34.000Z</time>
      </trkpt>
      <trkpt lat="46.11018" lon="6.85819">
        <ele>1375.81</ele>
        <time>2015-07-06T10:41:56.000Z</time>
      </trkpt>
      <trkpt lat="46.11018" lon="6.85826">
        <ele>1376.85</ele>
        <time>2015-07-06T10:42:22.000Z</time>
      </trkpt>
      <trkpt lat="46.11023" lon="6.85835">
        <ele>1377.35</ele>
        <time>2015-07-06T10:42:41.000Z</time>
      </trkpt>
      <trkpt lat="46.11029" lon="6.85843">
        <ele>1378.06</ele>
        <time>2015-07-06T10:43:00.000Z</time>
      </trkpt>
      <trkpt lat="46.11033" lon="6.8585">
        <ele>1377.71</ele>
        <time>2015-07-06T10:43:20.000Z</time>
      </trkpt>
      <trkpt lat="46.11043" lon="6.85861">
        <ele>1375.41</ele>
        <time>2015-07-06T10:43:38.000Z</time>
      </trkpt>
      <trkpt lat="46.11052" lon="6.85857">
        <ele>1373.51</ele>
        <time>2015-07-06T10:43:55.000Z</time>
      </trkpt>
      <trkpt lat="46.11055" lon="6.85869">
        <ele>1371.91</ele>
        <time>2015-07-06T10:44:09.000Z</time>
      </trkpt>
      <trkpt lat="46.11055" lon="6.85876">
        <ele>1371.62</ele>
        <time>2015-07-06T10:44:14.000Z</time>
      </trkpt>
      <trkpt lat="46.11056" lon="6.85882">
        <ele>1371.12</ele>
        <time>2015-07-06T10:44:18.000Z</time>
      </trkpt>
      <trkpt lat="46.1106" lon="6.85889">
        <ele>1370.52</ele>
        <time>2015-07-06T10:44:24.000Z</time>
      </trkpt>
      <trkpt lat="46.11072" lon="6.85893">
        <ele>1367.98</ele>
        <time>2015-07-06T10:44:36.000Z</time>
      </trkpt>
      <trkpt lat="46.11071" lon="6.85898">
        <ele>1367.61</ele>
        <time>2015-07-06T10:44:41.000Z</time>
      </trkpt>
      <trkpt lat="46.11071" lon="6.85906">
        <ele>1366.74</ele>
        <time>2015-07-06T10:44:46.000Z</time>
      </trkpt>
      <trkpt lat="46.11074" lon="6.85927">
        <ele>1363.82</ele>
        <time>2015-07-06T10:45:03.000Z</time>
      </trkpt>
      <trkpt lat="46.11075" lon="6.85954">
        <ele>1358.72</ele>
        <time>2015-07-06T10:45:22.000Z</time>
      </trkpt>
      <trkpt lat="46.11083" lon="6.85979">
        <ele>1353.57</ele>
        <time>2015-07-06T10:45:38.000Z</time>
      </trkpt>
      <trkpt lat="46.11094" lon="6.86005">
        <ele>1347.4</ele>
        <time>2015-07-06T10:45:57.000Z</time>
      </trkpt>
      <trkpt lat="46.11104" lon="6.8603">
        <ele>1343.35</ele>
        <time>2015-07-06T10:46:16.000Z</time>
      </trkpt>
      <trkpt lat="46.11105" lon="6.86031">
        <ele>1342.81</ele>
        <time>2015-07-06T10:46:18.000Z</time>
      </trkpt>
      <trkpt lat="46.1111" lon="6.8604">
        <ele>1340.9</ele>
        <time>2015-07-06T10:46:25.000Z</time>
      </trkpt>
      <trkpt lat="46.11119" lon="6.86055">
        <ele>1339.28</ele>
        <time>2015-07-06T10:46:48.000Z</time>
      </trkpt>
      <trkpt lat="46.11122" lon="6.86064">
        <ele>1338.91</ele>
        <time>2015-07-06T10:47:00.000Z</time>
      </trkpt>
      <trkpt lat="46.1113" lon="6.86081">
        <ele>1338.64</ele>
        <time>2015-07-06T10:47:14.000Z</time>
      </trkpt>
      <trkpt lat="46.1113" lon="6.86087">
        <ele>1338.73</ele>
        <time>2015-07-06T10:47:35.000Z</time>
      </trkpt>
      <trkpt lat="46.11131" lon="6.86087">
        <ele>1340.54</ele>
        <time>2015-07-06T10:48:03.000Z</time>
      </trkpt>
      <trkpt lat="46.11134" lon="6.86088">
        <ele>1341.72</ele>
        <time>2015-07-06T10:48:31.000Z</time>
      </trkpt>
      <trkpt lat="46.11137" lon="6.86111">
        <ele>1342.77</ele>
        <time>2015-07-06T10:48:48.000Z</time>
      </trkpt>
      <trkpt lat="46.11127" lon="6.86119">
        <ele>1344.81</ele>
        <time>2015-07-06T10:49:03.000Z</time>
      </trkpt>
      <trkpt lat="46.11109" lon="6.86128">
        <ele>1345.24</ele>
        <time>2015-07-06T10:49:23.000Z</time>
      </trkpt>
      <trkpt lat="46.11094" lon="6.86135">
        <ele>1346.39</ele>
        <time>2015-07-06T10:49:41.000Z</time>
      </trkpt>
      <trkpt lat="46.11085" lon="6.8614">
        <ele>1345.54</ele>
        <time>2015-07-06T10:49:59.000Z</time>
      </trkpt>
      <trkpt lat="46.11083" lon="6.86132">
        <ele>1342.06</ele>
        <time>2015-07-06T10:50:16.000Z</time>
      </trkpt>
      <trkpt lat="46.11076" lon="6.86138">
        <ele>1342.25</ele>
        <time>2015-07-06T10:50:36.000Z</time>
      </trkpt>
      <trkpt lat="46.11067" lon="6.86154">
        <ele>1342.7</ele>
        <time>2015-07-06T10:50:58.000Z</time>
      </trkpt>
      <trkpt lat="46.11065" lon="6.86178">
        <ele>1340.36</ele>
        <time>2015-07-06T10:51:18.000Z</time>
      </trkpt>
      <trkpt lat="46.11061" lon="6.86201">
        <ele>1336.24</ele>
        <time>2015-07-06T10:51:39.000Z</time>
      </trkpt>
      <trkpt lat="46.11062" lon="6.86227">
        <ele>1334.84</ele>
        <time>2015-07-06T10:51:58.000Z</time>
      </trkpt>
      <trkpt lat="46.11071" lon="6.8624">
        <ele>1334.5</ele>
        <time>2015-07-06T10:52:20.000Z</time>
      </trkpt>
      <trkpt lat="46.11072" lon="6.86257">
        <ele>1333.12</ele>
        <time>2015-07-06T10:52:41.000Z</time>
      </trkpt>
      <trkpt lat="46.11074" lon="6.8626">
        <ele>1332.96</ele>
        <time>2015-07-06T10:52:46.000Z</time>
      </trkpt>
      <trkpt lat="46.11073" lon="6.86268">
        <ele>1331.86</ele>
        <time>2015-07-06T10:53:02.000Z</time>
      </trkpt>
      <trkpt lat="46.11063" lon="6.8627">
        <ele>1330.55</ele>
        <time>2015-07-06T10:53:16.000Z</time>
      </trkpt>
      <trkpt lat="46.11062" lon="6.8627">
        <ele>1330.41</ele>
        <time>2015-07-06T10:53:17.000Z</time>
      </trkpt>
      <trkpt lat="46.11057" lon="6.86275">
        <ele>1329.62</ele>
        <time>2015-07-06T10:53:28.000Z</time>
      </trkpt>
      <trkpt lat="46.11058" lon="6.86283">
        <ele>1328.39</ele>
        <time>2015-07-06T10:53:33.000Z</time>
      </trkpt>
      <trkpt lat="46.11056" lon="6.863">
        <ele>1325.09</ele>
        <time>2015-07-06T10:53:46.000Z</time>
      </trkpt>
      <trkpt lat="46.11055" lon="6.86298">
        <ele>1319.54</ele>
        <time>2015-07-06T10:54:03.000Z</time>
      </trkpt>
      <trkpt lat="46.11057" lon="6.863">
        <ele>1304.23</ele>
        <time>2015-07-06T10:54:53.000Z</time>
      </trkpt>
      <trkpt lat="46.11059" lon="6.86306">
        <ele>1294.24</ele>
        <time>2015-07-06T10:55:28.000Z</time>
      </trkpt>
      <trkpt lat="46.11059" lon="6.86314">
        <ele>1292.06</ele>
        <time>2015-07-06T10:55:34.000Z</time>
      </trkpt>
      <trkpt lat="46.11069" lon="6.86335">
        <ele>1285.86</ele>
        <time>2015-07-06T10:55:54.000Z</time>
      </trkpt>
      <trkpt lat="46.11068" lon="6.86352">
        <ele>1284.03</ele>
        <time>2015-07-06T10:56:05.000Z</time>
      </trkpt>
      <trkpt lat="46.1107" lon="6.86356">
        <ele>1283.62</ele>
        <time>2015-07-06T10:56:08.000Z</time>
      </trkpt>
      <trkpt lat="46.11065" lon="6.86378">
        <ele>1282.21</ele>
        <time>2015-07-06T10:56:19.000Z</time>
      </trkpt>
      <trkpt lat="46.11059" lon="6.86384">
        <ele>1276.68</ele>
        <time>2015-07-06T10:56:36.000Z</time>
      </trkpt>
      <trkpt lat="46.1106" lon="6.86385">
        <ele>1275.8</ele>
        <time>2015-07-06T10:56:41.000Z</time>
      </trkpt>
      <trkpt lat="46.1106" lon="6.86388">
        <ele>1275.36</ele>
        <time>2015-07-06T10:56:44.000Z</time>
      </trkpt>
      <trkpt lat="46.11058" lon="6.86397">
        <ele>1274.55</ele>
        <time>2015-07-06T10:56:48.000Z</time>
      </trkpt>
      <trkpt lat="46.11056" lon="6.86409">
        <ele>1273.35</ele>
        <time>2015-07-06T10:56:54.000Z</time>
      </trkpt>
      <trkpt lat="46.11054" lon="6.86415">
        <ele>1272.01</ele>
        <time>2015-07-06T10:56:58.000Z</time>
      </trkpt>
      <trkpt lat="46.11051" lon="6.86409">
        <ele>1268.72</ele>
        <time>2015-07-06T10:57:13.000Z</time>
      </trkpt>
      <trkpt lat="46.11047" lon="6.86403">
        <ele>1267.72</ele>
        <time>2015-07-06T10:57:19.000Z</time>
      </trkpt>
      <trkpt lat="46.11038" lon="6.86379">
        <ele>1264.3</ele>
        <time>2015-07-06T10:57:34.000Z</time>
      </trkpt>
      <trkpt lat="46.11034" lon="6.86345">
        <ele>1257.86</ele>
        <time>2015-07-06T10:57:49.000Z</time>
      </trkpt>
      <trkpt lat="46.11028" lon="6.86323">
        <ele>1252.33</ele>
        <time>2015-07-06T10:58:01.000Z</time>
      </trkpt>
      <trkpt lat="46.11025" lon="6.86318">
        <ele>1250.2</ele>
        <time>2015-07-06T10:58:05.000Z</time>
      </trkpt>
      <trkpt lat="46.11011" lon="6.863">
        <ele>1240.23</ele>
        <time>2015-07-06T10:58:19.000Z</time>
      </trkpt>
      <trkpt lat="46.11008" lon="6.86293">
        <ele>1234.64</ele>
        <time>2015-07-06T10:58:34.000Z</time>
      </trkpt>
      <trkpt lat="46.11003" lon="6.86288">
        <ele>1229.79</ele>
        <time>2015-07-06T10:58:51.000Z</time>
      </trkpt>
      <trkpt lat="46.10999" lon="6.86285">
        <ele>1227.71</ele>
        <time>2015-07-06T10:58:59.000Z</time>
      </trkpt>
      <trkpt lat="46.10988" lon="6.86285">
        <ele>1223.7</ele>
        <time>2015-07-06T10:59:15.000Z</time>
      </trkpt>
      <trkpt lat="46.10986" lon="6.86285">
        <ele>1223.14</ele>
        <time>2015-07-06T10:59:17.000Z</time>
      </trkpt>
      <trkpt lat="46.10981" lon="6.86287">
        <ele>1221.41</ele>
        <time>2015-07-06T10:59:24.000Z</time>
      </trkpt>
      <trkpt lat="46.10978" lon="6.86289">
        <ele>1220.68</ele>
        <time>2015-07-06T10:59:27.000Z</time>
      </trkpt>
      <trkpt lat="46.10973" lon="6.86297">
        <ele>1216.14</ele>
        <time>2015-07-06T10:59:44.000Z</time>
      </trkpt>
      <trkpt lat="46.10969" lon="6.86293">
        <ele>1215</ele>
        <time>2015-07-06T10:59:51.000Z</time>
      </trkpt>
      <trkpt lat="46.10961" lon="6.86275">
        <ele>1211.68</ele>
        <time>2015-07-06T11:00:04.000Z</time>
      </trkpt>
      <trkpt lat="46.10959" lon="6.8627">
        <ele>1209.58</ele>
        <time>2015-07-06T11:00:10.000Z</time>
      </trkpt>
      <trkpt lat="46.10958" lon="6.86266">
        <ele>1208.56</ele>
        <time>2015-07-06T11:00:13.000Z</time>
      </trkpt>
      <trkpt lat="46.10957" lon="6.86244">
        <ele>1204.4</ele>
        <time>2015-07-06T11:00:26.000Z</time>
      </trkpt>
      <trkpt lat="46.10946" lon="6.86236">
        <ele>1199.46</ele>
        <time>2015-07-06T11:00:41.000Z</time>
      </trkpt>
      <trkpt lat="46.10944" lon="6.86234">
        <ele>1198.21</ele>
        <time>2015-07-06T11:00:45.000Z</time>
      </trkpt>
      <trkpt lat="46.10936" lon="6.86231">
        <ele>1193.83</ele>
        <time>2015-07-06T11:00:58.000Z</time>
      </trkpt>
      <trkpt lat="46.10935" lon="6.86231">
        <ele>1193.42</ele>
        <time>2015-07-06T11:00:59.000Z</time>
      </trkpt>
      <trkpt lat="46.10931" lon="6.86219">
        <ele>1189.48</ele>
        <time>2015-07-06T11:01:11.000Z</time>
      </trkpt>
      <trkpt lat="46.10928" lon="6.86214">
        <ele>1187.78</ele>
        <time>2015-07-06T11:01:17.000Z</time>
      </trkpt>
      <trkpt lat="46.10924" lon="6.86204">
        <ele>1185.1</ele>
        <time>2015-07-06T11:01:27.000Z</time>
      </trkpt>
      <trkpt lat="46.10921" lon="6.86198">
        <ele>1183.5</ele>
        <time>2015-07-06T11:01:32.000Z</time>
      </trkpt>
      <trkpt lat="46.10916" lon="6.86195">
        <ele>1180.92</ele>
        <time>2015-07-06T11:01:40.000Z</time>
      </trkpt>
      <trkpt lat="46.10912" lon="6.86189">
        <ele>1178.23</ele>
        <time>2015-07-06T11:01:48.000Z</time>
      </trkpt>
      <trkpt lat="46.109" lon="6.86174">
        <ele>1172.25</ele>
        <time>2015-07-06T11:02:03.000Z</time>
      </trkpt>
      <trkpt lat="46.10896" lon="6.86169">
        <ele>1169.89</ele>
        <time>2015-07-06T11:02:08.000Z</time>
      </trkpt>
      <trkpt lat="46.10892" lon="6.86169">
        <ele>1168.11</ele>
        <time>2015-07-06T11:02:12.000Z</time>
      </trkpt>
      <trkpt lat="46.10884" lon="6.86167">
        <ele>1162.42</ele>
        <time>2015-07-06T11:02:25.000Z</time>
      </trkpt>
      <trkpt lat="46.10881" lon="6.86162">
        <ele>1159.21</ele>
        <time>2015-07-06T11:02:32.000Z</time>
      </trkpt>
      <trkpt lat="46.10878" lon="6.86153">
        <ele>1156.07</ele>
        <time>2015-07-06T11:02:39.000Z</time>
      </trkpt>
      <trkpt lat="46.10876" lon="6.86153">
        <ele>1155.27</ele>
        <time>2015-07-06T11:02:41.000Z</time>
      </trkpt>
      <trkpt lat="46.10873" lon="6.86149">
        <ele>1153.32</ele>
        <time>2015-07-06T11:02:46.000Z</time>
      </trkpt>
      <trkpt lat="46.10871" lon="6.86148">
        <ele>1152.45</ele>
        <time>2015-07-06T11:02:48.000Z</time>
      </trkpt>
      <trkpt lat="46.10869" lon="6.86149">
        <ele>1151.71</ele>
        <time>2015-07-06T11:02:50.000Z</time>
      </trkpt>
      <trkpt lat="46.10859" lon="6.86142">
        <ele>1147.2</ele>
        <time>2015-07-06T11:03:02.000Z</time>
      </trkpt>
      <trkpt lat="46.10854" lon="6.86124">
        <ele>1143.13</ele>
        <time>2015-07-06T11:03:13.000Z</time>
      </trkpt>
      <trkpt lat="46.10854" lon="6.8612">
        <ele>1142.4</ele>
        <time>2015-07-06T11:03:15.000Z</time>
      </trkpt>
      <trkpt lat="46.10852" lon="6.86115">
        <ele>1140.32</ele>
        <time>2015-07-06T11:03:21.000Z</time>
      </trkpt>
      <trkpt lat="46.10845" lon="6.86109">
        <ele>1137.24</ele>
        <time>2015-07-06T11:03:32.000Z</time>
      </trkpt>
      <trkpt lat="46.10843" lon="6.86099">
        <ele>1135.02</ele>
        <time>2015-07-06T11:03:40.000Z</time>
      </trkpt>
      <trkpt lat="46.10837" lon="6.86092">
        <ele>1132.67</ele>
        <time>2015-07-06T11:03:49.000Z</time>
      </trkpt>
      <trkpt lat="46.10834" lon="6.86091">
        <ele>1131.75</ele>
        <time>2015-07-06T11:03:53.000Z</time>
      </trkpt>
      <trkpt lat="46.10832" lon="6.86088">
        <ele>1131.2</ele>
        <time>2015-07-06T11:03:57.000Z</time>
      </trkpt>
      <trkpt lat="46.10832" lon="6.86082">
        <ele>1130.6</ele>
        <time>2015-07-06T11:04:01.000Z</time>
      </trkpt>
      <trkpt lat="46.10834" lon="6.86067">
        <ele>1128.08</ele>
        <time>2015-07-06T11:04:11.000Z</time>
      </trkpt>
      <trkpt lat="46.10833" lon="6.86064">
        <ele>1127.22</ele>
        <time>2015-07-06T11:04:13.000Z</time>
      </trkpt>
      <trkpt lat="46.1083" lon="6.8605">
        <ele>1122.93</ele>
        <time>2015-07-06T11:04:28.000Z</time>
      </trkpt>
      <trkpt lat="46.10825" lon="6.86051">
        <ele>1122.1</ele>
        <time>2015-07-06T11:04:50.000Z</time>
      </trkpt>
      <trkpt lat="46.1082" lon="6.86051">
        <ele>1121.67</ele>
        <time>2015-07-06T11:04:56.000Z</time>
      </trkpt>
      <trkpt lat="46.10817" lon="6.8605">
        <ele>1121.74</ele>
        <time>2015-07-06T11:04:59.000Z</time>
      </trkpt>
      <trkpt lat="46.10809" lon="6.86042">
        <ele>1121.29</ele>
        <time>2015-07-06T11:05:08.000Z</time>
      </trkpt>
      <trkpt lat="46.10804" lon="6.86026">
        <ele>1120.36</ele>
        <time>2015-07-06T11:05:20.000Z</time>
      </trkpt>
      <trkpt lat="46.10797" lon="6.86023">
        <ele>1118.63</ele>
        <time>2015-07-06T11:05:27.000Z</time>
      </trkpt>
      <trkpt lat="46.10795" lon="6.86021">
        <ele>1117.69</ele>
        <time>2015-07-06T11:05:30.000Z</time>
      </trkpt>
      <trkpt lat="46.1079" lon="6.86015">
        <ele>1116.1</ele>
        <time>2015-07-06T11:05:35.000Z</time>
      </trkpt>
      <trkpt lat="46.10776" lon="6.86002">
        <ele>1111.85</ele>
        <time>2015-07-06T11:05:50.000Z</time>
      </trkpt>
      <trkpt lat="46.10765" lon="6.85986">
        <ele>1106.46</ele>
        <time>2015-07-06T11:06:04.000Z</time>
      </trkpt>
      <trkpt lat="46.10753" lon="6.85976">
        <ele>1102.2</ele>
        <time>2015-07-06T11:06:16.000Z</time>
      </trkpt>
      <trkpt lat="46.10747" lon="6.85965">
        <ele>1098.4</ele>
        <time>2015-07-06T11:06:27.000Z</time>
      </trkpt>
      <trkpt lat="46.10735" lon="6.85955">
        <ele>1094.4</ele>
        <time>2015-07-06T11:06:39.000Z</time>
      </trkpt>
      <trkpt lat="46.10726" lon="6.85951">
        <ele>1091.82</ele>
        <time>2015-07-06T11:06:48.000Z</time>
      </trkpt>
      <trkpt lat="46.10724" lon="6.85946">
        <ele>1091.15</ele>
        <time>2015-07-06T11:06:52.000Z</time>
      </trkpt>
      <trkpt lat="46.10725" lon="6.85932">
        <ele>1087.28</ele>
        <time>2015-07-06T11:07:06.000Z</time>
      </trkpt>
      <trkpt lat="46.10721" lon="6.85921">
        <ele>1085.3</ele>
        <time>2015-07-06T11:07:21.000Z</time>
      </trkpt>
      <trkpt lat="46.10715" lon="6.85913">
        <ele>1084.08</ele>
        <time>2015-07-06T11:07:31.000Z</time>
      </trkpt>
      <trkpt lat="46.10713" lon="6.85915">
        <ele>1083.43</ele>
        <time>2015-07-06T11:07:34.000Z</time>
      </trkpt>
      <trkpt lat="46.10707" lon="6.85914">
        <ele>1083.1</ele>
        <time>2015-07-06T11:07:41.000Z</time>
      </trkpt>
      <trkpt lat="46.10692" lon="6.85916">
        <ele>1084.45</ele>
        <time>2015-07-06T11:07:55.000Z</time>
      </trkpt>
      <trkpt lat="46.10686" lon="6.85919">
        <ele>1085.29</ele>
        <time>2015-07-06T11:08:00.000Z</time>
      </trkpt>
      <trkpt lat="46.10683" lon="6.85918">
        <ele>1085.71</ele>
        <time>2015-07-06T11:08:04.000Z</time>
      </trkpt>
      <trkpt lat="46.10678" lon="6.85915">
        <ele>1086.53</ele>
        <time>2015-07-06T11:08:09.000Z</time>
      </trkpt>
      <trkpt lat="46.10667" lon="6.85904">
        <ele>1088.5</ele>
        <time>2015-07-06T11:08:24.000Z</time>
      </trkpt>
      <trkpt lat="46.10648" lon="6.85907">
        <ele>1091.38</ele>
        <time>2015-07-06T11:08:44.000Z</time>
      </trkpt>
      <trkpt lat="46.1063" lon="6.85907">
        <ele>1093.01</ele>
        <time>2015-07-06T11:09:01.000Z</time>
      </trkpt>
      <trkpt lat="46.10627" lon="6.85905">
        <ele>1093.27</ele>
        <time>2015-07-06T11:09:05.000Z</time>
      </trkpt>
      <trkpt lat="46.10611" lon="6.85887">
        <ele>1092.53</ele>
        <time>2015-07-06T11:09:26.000Z</time>
      </trkpt>
      <trkpt lat="46.10591" lon="6.85873">
        <ele>1090.96</ele>
        <time>2015-07-06T11:09:49.000Z</time>
      </trkpt>
      <trkpt lat="46.10575" lon="6.85876">
        <ele>1089.41</ele>
        <time>2015-07-06T11:10:12.000Z</time>
      </trkpt>
      <trkpt lat="46.10566" lon="6.85864">
        <ele>1087.17</ele>
        <time>2015-07-06T11:10:25.000Z</time>
      </trkpt>
      <trkpt lat="46.10564" lon="6.85855">
        <ele>1085.6</ele>
        <time>2015-07-06T11:10:31.000Z</time>
      </trkpt>
      <trkpt lat="46.10552" lon="6.85841">
        <ele>1082.84</ele>
        <time>2015-07-06T11:10:44.000Z</time>
      </trkpt>
      <trkpt lat="46.10545" lon="6.8582">
        <ele>1078.38</ele>
        <time>2015-07-06T11:10:58.000Z</time>
      </trkpt>
      <trkpt lat="46.10541" lon="6.85816">
        <ele>1077.45</ele>
        <time>2015-07-06T11:11:03.000Z</time>
      </trkpt>
      <trkpt lat="46.1053" lon="6.858">
        <ele>1073.72</ele>
        <time>2015-07-06T11:11:17.000Z</time>
      </trkpt>
      <trkpt lat="46.10527" lon="6.85789">
        <ele>1072.68</ele>
        <time>2015-07-06T11:11:24.000Z</time>
      </trkpt>
      <trkpt lat="46.10525" lon="6.85783">
        <ele>1072.16</ele>
        <time>2015-07-06T11:11:34.000Z</time>
      </trkpt>
      <trkpt lat="46.10521" lon="6.85776">
        <ele>1071.6</ele>
        <time>2015-07-06T11:11:39.000Z</time>
      </trkpt>
      <trkpt lat="46.10518" lon="6.85772">
        <ele>1071.19</ele>
        <time>2015-07-06T11:11:42.000Z</time>
      </trkpt>
      <trkpt lat="46.10511" lon="6.85762">
        <ele>1070.26</ele>
        <time>2015-07-06T11:11:50.000Z</time>
      </trkpt>
      <trkpt lat="46.10505" lon="6.85755">
        <ele>1069.54</ele>
        <time>2015-07-06T11:11:57.000Z</time>
      </trkpt>
      <trkpt lat="46.10506" lon="6.85747">
        <ele>1069.21</ele>
        <time>2015-07-06T11:12:02.000Z</time>
      </trkpt>
      <trkpt lat="46.10505" lon="6.85742">
        <ele>1068.37</ele>
        <time>2015-07-06T11:12:06.000Z</time>
      </trkpt>
      <trkpt lat="46.10506" lon="6.85739">
        <ele>1068.03</ele>
        <time>2015-07-06T11:12:08.000Z</time>
      </trkpt>
      <trkpt lat="46.10506" lon="6.85721">
        <ele>1065.39</ele>
        <time>2015-07-06T11:12:18.000Z</time>
      </trkpt>
      <trkpt lat="46.10507" lon="6.85713">
        <ele>1063.99</ele>
        <time>2015-07-06T11:12:23.000Z</time>
      </trkpt>
      <trkpt lat="46.10504" lon="6.85705">
        <ele>1062.93</ele>
        <time>2015-07-06T11:12:28.000Z</time>
      </trkpt>
      <trkpt lat="46.10501" lon="6.85695">
        <ele>1062.31</ele>
        <time>2015-07-06T11:12:34.000Z</time>
      </trkpt>
      <trkpt lat="46.10496" lon="6.85679">
        <ele>1061.27</ele>
        <time>2015-07-06T11:12:44.000Z</time>
      </trkpt>
      <trkpt lat="46.10494" lon="6.85676">
        <ele>1061.02</ele>
        <time>2015-07-06T11:12:47.000Z</time>
      </trkpt>
      <trkpt lat="46.10488" lon="6.85663">
        <ele>1060.42</ele>
        <time>2015-07-06T11:12:57.000Z</time>
      </trkpt>
      <trkpt lat="46.10481" lon="6.85652">
        <ele>1059.64</ele>
        <time>2015-07-06T11:13:07.000Z</time>
      </trkpt>
      <trkpt lat="46.10472" lon="6.85634">
        <ele>1058.33</ele>
        <time>2015-07-06T11:13:21.000Z</time>
      </trkpt>
      <trkpt lat="46.10468" lon="6.85622">
        <ele>1058.18</ele>
        <time>2015-07-06T11:13:29.000Z</time>
      </trkpt>
      <trkpt lat="46.1046" lon="6.85602">
        <ele>1057.42</ele>
        <time>2015-07-06T11:13:42.000Z</time>
      </trkpt>
      <trkpt lat="46.10456" lon="6.85595">
        <ele>1057.11</ele>
        <time>2015-07-06T11:13:47.000Z</time>
      </trkpt>
      <trkpt lat="46.10453" lon="6.8558">
        <ele>1055.87</ele>
        <time>2015-07-06T11:13:57.000Z</time>
      </trkpt>
      <trkpt lat="46.10446" lon="6.85568">
        <ele>1054.2</ele>
        <time>2015-07-06T11:14:08.000Z</time>
      </trkpt>
      <trkpt lat="46.10433" lon="6.85547">
        <ele>1051.84</ele>
        <time>2015-07-06T11:14:25.000Z</time>
      </trkpt>
      <trkpt lat="46.10425" lon="6.85538">
        <ele>1050.91</ele>
        <time>2015-07-06T11:14:33.000Z</time>
      </trkpt>
      <trkpt lat="46.10418" lon="6.85533">
        <ele>1050.66</ele>
        <time>2015-07-06T11:14:39.000Z</time>
      </trkpt>
      <trkpt lat="46.10407" lon="6.85519">
        <ele>1051.4</ele>
        <time>2015-07-06T11:14:50.000Z</time>
      </trkpt>
      <trkpt lat="46.10397" lon="6.85501">
        <ele>1052.39</ele>
        <time>2015-07-06T11:15:02.000Z</time>
      </trkpt>
      <trkpt lat="46.10393" lon="6.85493">
        <ele>1052.33</ele>
        <time>2015-07-06T11:15:07.000Z</time>
      </trkpt>
      <trkpt lat="46.10387" lon="6.85476">
        <ele>1050.57</ele>
        <time>2015-07-06T11:15:18.000Z</time>
      </trkpt>
      <trkpt lat="46.10381" lon="6.85466">
        <ele>1049.47</ele>
        <time>2015-07-06T11:15:25.000Z</time>
      </trkpt>
      <trkpt lat="46.10364" lon="6.85448">
        <ele>1049.6</ele>
        <time>2015-07-06T11:15:41.000Z</time>
      </trkpt>
      <trkpt lat="46.10345" lon="6.8543">
        <ele>1050.43</ele>
        <time>2015-07-06T11:15:57.000Z</time>
      </trkpt>
      <trkpt lat="46.1033" lon="6.85412">
        <ele>1050.64</ele>
        <time>2015-07-06T11:16:11.000Z</time>
      </trkpt>
      <trkpt lat="46.10329" lon="6.85409">
        <ele>1050.53</ele>
        <time>2015-07-06T11:16:13.000Z</time>
      </trkpt>
      <trkpt lat="46.10326" lon="6.85401">
        <ele>1050.14</ele>
        <time>2015-07-06T11:16:18.000Z</time>
      </trkpt>
      <trkpt lat="46.10316" lon="6.85377">
        <ele>1049.57</ele>
        <time>2015-07-06T11:16:32.000Z</time>
      </trkpt>
      <trkpt lat="46.1031" lon="6.85364">
        <ele>1049.6</ele>
        <time>2015-07-06T11:16:40.000Z</time>
      </trkpt>
      <trkpt lat="46.10297" lon="6.85359">
        <ele>1050.32</ele>
        <time>2015-07-06T11:16:51.000Z</time>
      </trkpt>
      <trkpt lat="46.1029" lon="6.85358">
        <ele>1050.47</ele>
        <time>2015-07-06T11:16:57.000Z</time>
      </trkpt>
      <trkpt lat="46.10274" lon="6.85355">
        <ele>1050.08</ele>
        <time>2015-07-06T11:17:09.000Z</time>
      </trkpt>
      <trkpt lat="46.10266" lon="6.85337">
        <ele>1049.5</ele>
        <time>2015-07-06T11:17:21.000Z</time>
      </trkpt>
      <trkpt lat="46.10267" lon="6.85325">
        <ele>1047.79</ele>
        <time>2015-07-06T11:17:28.000Z</time>
      </trkpt>
      <trkpt lat="46.10261" lon="6.85304">
        <ele>1047.31</ele>
        <time>2015-07-06T11:17:41.000Z</time>
      </trkpt>
      <trkpt lat="46.10258" lon="6.85277">
        <ele>1046.49</ele>
        <time>2015-07-06T11:17:56.000Z</time>
      </trkpt>
      <trkpt lat="46.10254" lon="6.85254">
        <ele>1044.99</ele>
        <time>2015-07-06T11:18:08.000Z</time>
      </trkpt>
      <trkpt lat="46.10244" lon="6.85231">
        <ele>1043.33</ele>
        <time>2015-07-06T11:18:23.000Z</time>
      </trkpt>
      <trkpt lat="46.10243" lon="6.85218">
        <ele>1042.51</ele>
        <time>2015-07-06T11:18:30.000Z</time>
      </trkpt>
      <trkpt lat="46.10237" lon="6.85204">
        <ele>1041.51</ele>
        <time>2015-07-06T11:18:38.000Z</time>
      </trkpt>
      <trkpt lat="46.10235" lon="6.852">
        <ele>1041.49</ele>
        <time>2015-07-06T11:18:41.000Z</time>
      </trkpt>
      <trkpt lat="46.1022" lon="6.85186">
        <ele>1042.45</ele>
        <time>2015-07-06T11:18:55.000Z</time>
      </trkpt>
      <trkpt lat="46.10214" lon="6.8518">
        <ele>1043.27</ele>
        <time>2015-07-06T11:19:02.000Z</time>
      </trkpt>
      <trkpt lat="46.10208" lon="6.8518">
        <ele>1042.85</ele>
        <time>2015-07-06T11:19:07.000Z</time>
      </trkpt>
      <trkpt lat="46.10202" lon="6.85186">
        <ele>1043.24</ele>
        <time>2015-07-06T11:19:12.000Z</time>
      </trkpt>
      <trkpt lat="46.102" lon="6.85188">
        <ele>1043.48</ele>
        <time>2015-07-06T11:19:15.000Z</time>
      </trkpt>
      <trkpt lat="46.10196" lon="6.85193">
        <ele>1043.85</ele>
        <time>2015-07-06T11:19:19.000Z</time>
      </trkpt>
      <trkpt lat="46.10186" lon="6.85201">
        <ele>1044.39</ele>
        <time>2015-07-06T11:19:29.000Z</time>
      </trkpt>
      <trkpt lat="46.10182" lon="6.85199">
        <ele>1044.71</ele>
        <time>2015-07-06T11:19:33.000Z</time>
      </trkpt>
      <trkpt lat="46.10163" lon="6.85193">
        <ele>1045.42</ele>
        <time>2015-07-06T11:19:54.000Z</time>
      </trkpt>
      <trkpt lat="46.10157" lon="6.85196">
        <ele>1045.56</ele>
        <time>2015-07-06T11:20:00.000Z</time>
      </trkpt>
      <trkpt lat="46.10147" lon="6.85195">
        <ele>1046.28</ele>
        <time>2015-07-06T11:20:09.000Z</time>
      </trkpt>
      <trkpt lat="46.10119" lon="6.85195">
        <ele>1046.75</ele>
        <time>2015-07-06T11:20:31.000Z</time>
      </trkpt>
      <trkpt lat="46.10109" lon="6.85186">
        <ele>1046.46</ele>
        <time>2015-07-06T11:20:39.000Z</time>
      </trkpt>
      <trkpt lat="46.10101" lon="6.85175">
        <ele>1046.17</ele>
        <time>2015-07-06T11:20:47.000Z</time>
      </trkpt>
      <trkpt lat="46.10097" lon="6.85169">
        <ele>1045.97</ele>
        <time>2015-07-06T11:20:52.000Z</time>
      </trkpt>
      <trkpt lat="46.10085" lon="6.85161">
        <ele>1045.59</ele>
        <time>2015-07-06T11:21:05.000Z</time>
      </trkpt>
      <trkpt lat="46.10079" lon="6.85157">
        <ele>1045.28</ele>
        <time>2015-07-06T11:21:28.000Z</time>
      </trkpt>
      <trkpt lat="46.10068" lon="6.85149">
        <ele>1044.1</ele>
        <time>2015-07-06T11:21:48.000Z</time>
      </trkpt>
      <trkpt lat="46.10056" lon="6.85141">
        <ele>1043.25</ele>
        <time>2015-07-06T11:22:08.000Z</time>
      </trkpt>
      <trkpt lat="46.10047" lon="6.85132">
        <ele>1043.3</ele>
        <time>2015-07-06T11:22:27.000Z</time>
      </trkpt>
      <trkpt lat="46.10044" lon="6.85125">
        <ele>1043.86</ele>
        <time>2015-07-06T11:22:52.000Z</time>
      </trkpt>
      <trkpt lat="46.10043" lon="6.85109">
        <ele>1042.72</ele>
        <time>2015-07-06T11:23:12.000Z</time>
      </trkpt>
      <trkpt lat="46.10046" lon="6.85103">
        <ele>1043.02</ele>
        <time>2015-07-06T11:23:50.000Z</time>
      </trkpt>
      <trkpt lat="46.10045" lon="6.85105">
        <ele>1044.26</ele>
        <time>2015-07-06T11:24:15.000Z</time>
      </trkpt>
      <trkpt lat="46.10037" lon="6.85112">
        <ele>1043.42</ele>
        <time>2015-07-06T11:24:25.000Z</time>
      </trkpt>
      <trkpt lat="46.10026" lon="6.85102">
        <ele>1042.08</ele>
        <time>2015-07-06T11:24:37.000Z</time>
      </trkpt>
      <trkpt lat="46.10022" lon="6.85091">
        <ele>1041.19</ele>
        <time>2015-07-06T11:24:44.000Z</time>
      </trkpt>
      <trkpt lat="46.10018" lon="6.85084">
        <ele>1040.63</ele>
        <time>2015-07-06T11:24:50.000Z</time>
      </trkpt>
      <trkpt lat="46.10018" lon="6.8508">
        <ele>1040.52</ele>
        <time>2015-07-06T11:24:52.000Z</time>
      </trkpt>
      <trkpt lat="46.10011" lon="6.8507">
        <ele>1039.45</ele>
        <time>2015-07-06T11:25:04.000Z</time>
      </trkpt>
      <trkpt lat="46.09995" lon="6.8505">
        <ele>1035.26</ele>
        <time>2015-07-06T11:25:25.000Z</time>
      </trkpt>
      <trkpt lat="46.09989" lon="6.85047">
        <ele>1033.6</ele>
        <time>2015-07-06T11:25:30.000Z</time>
      </trkpt>
      <trkpt lat="46.09969" lon="6.85035">
        <ele>1031.62</ele>
        <time>2015-07-06T11:25:45.000Z</time>
      </trkpt>
      <trkpt lat="46.09948" lon="6.85032">
        <ele>1030.45</ele>
        <time>2015-07-06T11:25:56.000Z</time>
      </trkpt>
      <trkpt lat="46.09927" lon="6.85029">
        <ele>1029.77</ele>
        <time>2015-07-06T11:26:05.000Z</time>
      </trkpt>
      <trkpt lat="46.09904" lon="6.85008">
        <ele>1032.94</ele>
        <time>2015-07-06T11:26:20.000Z</time>
      </trkpt>
      <trkpt lat="46.09882" lon="6.84987">
        <ele>1036.36</ele>
        <time>2015-07-06T11:26:36.000Z</time>
      </trkpt>
      <trkpt lat="46.09858" lon="6.84971">
        <ele>1037.51</ele>
        <time>2015-07-06T11:26:51.000Z</time>
      </trkpt>
      <trkpt lat="46.09834" lon="6.84958">
        <ele>1037.03</ele>
        <time>2015-07-06T11:27:07.000Z</time>
      </trkpt>
      <trkpt lat="46.09816" lon="6.84941">
        <ele>1039.24</ele>
        <time>2015-07-06T11:27:21.000Z</time>
      </trkpt>
      <trkpt lat="46.0981" lon="6.84935">
        <ele>1039.48</ele>
        <time>2015-07-06T11:27:26.000Z</time>
      </trkpt>
      <trkpt lat="46.09786" lon="6.8492">
        <ele>1040.51</ele>
        <time>2015-07-06T11:27:42.000Z</time>
      </trkpt>
      <trkpt lat="46.09768" lon="6.84907">
        <ele>1040.34</ele>
        <time>2015-07-06T11:27:54.000Z</time>
      </trkpt>
      <trkpt lat="46.09763" lon="6.84906">
        <ele>1039.98</ele>
        <time>2015-07-06T11:27:58.000Z</time>
      </trkpt>
      <trkpt lat="46.09753" lon="6.84898">
        <ele>1038.23</ele>
        <time>2015-07-06T11:28:06.000Z</time>
      </trkpt>
      <trkpt lat="46.09748" lon="6.84895">
        <ele>1037.25</ele>
        <time>2015-07-06T11:28:10.000Z</time>
      </trkpt>
      <trkpt lat="46.09745" lon="6.84891">
        <ele>1036.45</ele>
        <time>2015-07-06T11:28:13.000Z</time>
      </trkpt>
      <trkpt lat="46.09731" lon="6.84888">
        <ele>1034.68</ele>
        <time>2015-07-06T11:28:22.000Z</time>
      </trkpt>
      <trkpt lat="46.09721" lon="6.84879">
        <ele>1033.68</ele>
        <time>2015-07-06T11:28:30.000Z</time>
      </trkpt>
      <trkpt lat="46.09716" lon="6.84874">
        <ele>1033.5</ele>
        <time>2015-07-06T11:28:35.000Z</time>
      </trkpt>
      <trkpt lat="46.09702" lon="6.84859">
        <ele>1032.34</ele>
        <time>2015-07-06T11:28:47.000Z</time>
      </trkpt>
      <trkpt lat="46.09691" lon="6.84849">
        <ele>1031</ele>
        <time>2015-07-06T11:28:55.000Z</time>
      </trkpt>
      <trkpt lat="46.09685" lon="6.84844">
        <ele>1030.66</ele>
        <time>2015-07-06T11:29:00.000Z</time>
      </trkpt>
      <trkpt lat="46.09676" lon="6.84836">
        <ele>1030.97</ele>
        <time>2015-07-06T11:29:07.000Z</time>
      </trkpt>
      <trkpt lat="46.09663" lon="6.84833">
        <ele>1031.28</ele>
        <time>2015-07-06T11:29:16.000Z</time>
      </trkpt>
      <trkpt lat="46.09651" lon="6.84822">
        <ele>1032.19</ele>
        <time>2015-07-06T11:29:27.000Z</time>
      </trkpt>
      <trkpt lat="46.09643" lon="6.84817">
        <ele>1033.33</ele>
        <time>2015-07-06T11:29:32.000Z</time>
      </trkpt>
      <trkpt lat="46.09637" lon="6.84815">
        <ele>1033.38</ele>
        <time>2015-07-06T11:29:36.000Z</time>
      </trkpt>
      <trkpt lat="46.09616" lon="6.84802">
        <ele>1032.64</ele>
        <time>2015-07-06T11:29:50.000Z</time>
      </trkpt>
      <trkpt lat="46.09614" lon="6.84801">
        <ele>1032.53</ele>
        <time>2015-07-06T11:29:51.000Z</time>
      </trkpt>
      <trkpt lat="46.09595" lon="6.84795">
        <ele>1033.28</ele>
        <time>2015-07-06T11:30:04.000Z</time>
      </trkpt>
      <trkpt lat="46.09578" lon="6.84786">
        <ele>1035.92</ele>
        <time>2015-07-06T11:30:17.000Z</time>
      </trkpt>
      <trkpt lat="46.09561" lon="6.84769">
        <ele>1035.66</ele>
        <time>2015-07-06T11:30:31.000Z</time>
      </trkpt>
      <trkpt lat="46.09548" lon="6.84748">
        <ele>1032.66</ele>
        <time>2015-07-06T11:30:44.000Z</time>
      </trkpt>
      <trkpt lat="46.09545" lon="6.84742">
        <ele>1032.05</ele>
        <time>2015-07-06T11:30:48.000Z</time>
      </trkpt>
      <trkpt lat="46.0954" lon="6.84732">
        <ele>1030.73</ele>
        <time>2015-07-06T11:30:55.000Z</time>
      </trkpt>
      <trkpt lat="46.09537" lon="6.84725">
        <ele>1030.36</ele>
        <time>2015-07-06T11:30:59.000Z</time>
      </trkpt>
      <trkpt lat="46.09521" lon="6.84697">
        <ele>1026.32</ele>
        <time>2015-07-06T11:31:18.000Z</time>
      </trkpt>
      <trkpt lat="46.09513" lon="6.8468">
        <ele>1023.59</ele>
        <time>2015-07-06T11:31:28.000Z</time>
      </trkpt>
      <trkpt lat="46.09505" lon="6.84662">
        <ele>1021.48</ele>
        <time>2015-07-06T11:31:39.000Z</time>
      </trkpt>
      <trkpt lat="46.09501" lon="6.84644">
        <ele>1021.17</ele>
        <time>2015-07-06T11:31:49.000Z</time>
      </trkpt>
      <trkpt lat="46.09497" lon="6.84635">
        <ele>1021.03</ele>
        <time>2015-07-06T11:31:54.000Z</time>
      </trkpt>
      <trkpt lat="46.09492" lon="6.84622">
        <ele>1021.21</ele>
        <time>2015-07-06T11:32:02.000Z</time>
      </trkpt>
      <trkpt lat="46.09482" lon="6.84608">
        <ele>1021.32</ele>
        <time>2015-07-06T11:32:13.000Z</time>
      </trkpt>
      <trkpt lat="46.09464" lon="6.84605">
        <ele>1023.38</ele>
        <time>2015-07-06T11:32:28.000Z</time>
      </trkpt>
      <trkpt lat="46.09449" lon="6.8461">
        <ele>1024.03</ele>
        <time>2015-07-06T11:32:39.000Z</time>
      </trkpt>
      <trkpt lat="46.09431" lon="6.84617">
        <ele>1026.72</ele>
        <time>2015-07-06T11:32:53.000Z</time>
      </trkpt>
      <trkpt lat="46.09418" lon="6.84623">
        <ele>1028.48</ele>
        <time>2015-07-06T11:33:04.000Z</time>
      </trkpt>
      <trkpt lat="46.09405" lon="6.84637">
        <ele>1030.05</ele>
        <time>2015-07-06T11:33:16.000Z</time>
      </trkpt>
      <trkpt lat="46.09405" lon="6.84638">
        <ele>1030.08</ele>
        <time>2015-07-06T11:33:28.000Z</time>
      </trkpt>
      <trkpt lat="46.09403" lon="6.84638">
        <ele>1029.99</ele>
        <time>2015-07-06T11:34:01.000Z</time>
      </trkpt>
      <trkpt lat="46.09403" lon="6.84638">
        <ele>1029.49</ele>
        <time>2015-07-06T11:34:16.000Z</time>
      </trkpt>
      <trkpt lat="46.094" lon="6.84641">
        <ele>1029.38</ele>
        <time>2015-07-06T11:34:19.000Z</time>
      </trkpt>
      <trkpt lat="46.09385" lon="6.84656">
        <ele>1030.35</ele>
        <time>2015-07-06T11:34:32.000Z</time>
      </trkpt>
      <trkpt lat="46.09374" lon="6.84666">
        <ele>1030.22</ele>
        <time>2015-07-06T11:34:43.000Z</time>
      </trkpt>
      <trkpt lat="46.09367" lon="6.8467">
        <ele>1029.8</ele>
        <time>2015-07-06T11:34:50.000Z</time>
      </trkpt>
      <trkpt lat="46.09362" lon="6.84672">
        <ele>1029.87</ele>
        <time>2015-07-06T11:34:54.000Z</time>
      </trkpt>
      <trkpt lat="46.09348" lon="6.84673">
        <ele>1031.22</ele>
        <time>2015-07-06T11:35:05.000Z</time>
      </trkpt>
      <trkpt lat="46.09336" lon="6.84673">
        <ele>1030.89</ele>
        <time>2015-07-06T11:35:13.000Z</time>
      </trkpt>
      <trkpt lat="46.09333" lon="6.8467">
        <ele>1030.6</ele>
        <time>2015-07-06T11:35:16.000Z</time>
      </trkpt>
      <trkpt lat="46.09327" lon="6.84664">
        <ele>1028.41</ele>
        <time>2015-07-06T11:35:22.000Z</time>
      </trkpt>
      <trkpt lat="46.09318" lon="6.84657">
        <ele>1027.04</ele>
        <time>2015-07-06T11:35:30.000Z</time>
      </trkpt>
      <trkpt lat="46.09313" lon="6.8465">
        <ele>1026.22</ele>
        <time>2015-07-06T11:35:35.000Z</time>
      </trkpt>
      <trkpt lat="46.09309" lon="6.84649">
        <ele>1025.48</ele>
        <time>2015-07-06T11:35:38.000Z</time>
      </trkpt>
      <trkpt lat="46.093" lon="6.84636">
        <ele>1023.25</ele>
        <time>2015-07-06T11:35:48.000Z</time>
      </trkpt>
      <trkpt lat="46.09289" lon="6.84626">
        <ele>1021.89</ele>
        <time>2015-07-06T11:35:58.000Z</time>
      </trkpt>
      <trkpt lat="46.09287" lon="6.84623">
        <ele>1021.89</ele>
        <time>2015-07-06T11:36:00.000Z</time>
      </trkpt>
      <trkpt lat="46.0928" lon="6.84614">
        <ele>1021.53</ele>
        <time>2015-07-06T11:36:07.000Z</time>
      </trkpt>
      <trkpt lat="46.09278" lon="6.8461">
        <ele>1021.56</ele>
        <time>2015-07-06T11:36:10.000Z</time>
      </trkpt>
      <trkpt lat="46.09274" lon="6.84606">
        <ele>1021.46</ele>
        <time>2015-07-06T11:36:14.000Z</time>
      </trkpt>
      <trkpt lat="46.09267" lon="6.846">
        <ele>1020.83</ele>
        <time>2015-07-06T11:36:20.000Z</time>
      </trkpt>
      <trkpt lat="46.09261" lon="6.84595">
        <ele>1020.47</ele>
        <time>2015-07-06T11:36:26.000Z</time>
      </trkpt>
      <trkpt lat="46.09247" lon="6.84586">
        <ele>1019.96</ele>
        <time>2015-07-06T11:36:38.000Z</time>
      </trkpt>
      <trkpt lat="46.09234" lon="6.8457">
        <ele>1018.85</ele>
        <time>2015-07-06T11:36:53.000Z</time>
      </trkpt>
      <trkpt lat="46.09219" lon="6.84554">
        <ele>1018.85</ele>
        <time>2015-07-06T11:37:08.000Z</time>
      </trkpt>
      <trkpt lat="46.09213" lon="6.84543">
        <ele>1018.44</ele>
        <time>2015-07-06T11:37:16.000Z</time>
      </trkpt>
      <trkpt lat="46.09203" lon="6.84509">
        <ele>1018.38</ele>
        <time>2015-07-06T11:37:35.000Z</time>
      </trkpt>
      <trkpt lat="46.092" lon="6.84501">
        <ele>1018.37</ele>
        <time>2015-07-06T11:37:39.000Z</time>
      </trkpt>
      <trkpt lat="46.09197" lon="6.84496">
        <ele>1018.77</ele>
        <time>2015-07-06T11:37:42.000Z</time>
      </trkpt>
      <trkpt lat="46.0919" lon="6.84491">
        <ele>1020.05</ele>
        <time>2015-07-06T11:37:51.000Z</time>
      </trkpt>
      <trkpt lat="46.09186" lon="6.84489">
        <ele>1020.33</ele>
        <time>2015-07-06T11:38:02.000Z</time>
      </trkpt>
      <trkpt lat="46.09188" lon="6.84473">
        <ele>1021.65</ele>
        <time>2015-07-06T11:38:22.000Z</time>
      </trkpt>
      <trkpt lat="46.09178" lon="6.8446">
        <ele>1024.07</ele>
        <time>2015-07-06T11:38:38.000Z</time>
      </trkpt>
      <trkpt lat="46.09165" lon="6.84446">
        <ele>1024.42</ele>
        <time>2015-07-06T11:38:53.000Z</time>
      </trkpt>
      <trkpt lat="46.09155" lon="6.84434">
        <ele>1025.26</ele>
        <time>2015-07-06T11:39:05.000Z</time>
      </trkpt>
      <trkpt lat="46.09144" lon="6.84424">
        <ele>1025.65</ele>
        <time>2015-07-06T11:39:15.000Z</time>
      </trkpt>
      <trkpt lat="46.09134" lon="6.84408">
        <ele>1023.18</ele>
        <time>2015-07-06T11:39:28.000Z</time>
      </trkpt>
      <trkpt lat="46.09133" lon="6.84387">
        <ele>1020.36</ele>
        <time>2015-07-06T11:39:41.000Z</time>
      </trkpt>
      <trkpt lat="46.0913" lon="6.84365">
        <ele>1017.4</ele>
        <time>2015-07-06T11:39:54.000Z</time>
      </trkpt>
      <trkpt lat="46.09117" lon="6.84351">
        <ele>1015.84</ele>
        <time>2015-07-06T11:40:06.000Z</time>
      </trkpt>
      <trkpt lat="46.09113" lon="6.84349">
        <ele>1016.15</ele>
        <time>2015-07-06T11:40:09.000Z</time>
      </trkpt>
      <trkpt lat="46.09102" lon="6.84338">
        <ele>1017.1</ele>
        <time>2015-07-06T11:40:20.000Z</time>
      </trkpt>
      <trkpt lat="46.09101" lon="6.84337">
        <ele>1017.07</ele>
        <time>2015-07-06T11:40:21.000Z</time>
      </trkpt>
      <trkpt lat="46.09099" lon="6.84333">
        <ele>1016.86</ele>
        <time>2015-07-06T11:40:24.000Z</time>
      </trkpt>
      <trkpt lat="46.09094" lon="6.84326">
        <ele>1016.46</ele>
        <time>2015-07-06T11:40:29.000Z</time>
      </trkpt>
      <trkpt lat="46.09077" lon="6.84316">
        <ele>1017.72</ele>
        <time>2015-07-06T11:40:43.000Z</time>
      </trkpt>
      <trkpt lat="46.09071" lon="6.8431">
        <ele>1017.04</ele>
        <time>2015-07-06T11:40:49.000Z</time>
      </trkpt>
      <trkpt lat="46.09068" lon="6.84306">
        <ele>1016.9</ele>
        <time>2015-07-06T11:40:52.000Z</time>
      </trkpt>
      <trkpt lat="46.09059" lon="6.84299">
        <ele>1016.25</ele>
        <time>2015-07-06T11:41:01.000Z</time>
      </trkpt>
      <trkpt lat="46.09053" lon="6.84294">
        <ele>1016.21</ele>
        <time>2015-07-06T11:41:06.000Z</time>
      </trkpt>
      <trkpt lat="46.09046" lon="6.84287">
        <ele>1016.84</ele>
        <time>2015-07-06T11:41:13.000Z</time>
      </trkpt>
      <trkpt lat="46.0904" lon="6.84282">
        <ele>1016.7</ele>
        <time>2015-07-06T11:41:18.000Z</time>
      </trkpt>
      <trkpt lat="46.09037" lon="6.84281">
        <ele>1016.72</ele>
        <time>2015-07-06T11:41:21.000Z</time>
      </trkpt>
      <trkpt lat="46.09023" lon="6.8427">
        <ele>1018.02</ele>
        <time>2015-07-06T11:41:33.000Z</time>
      </trkpt>
      <trkpt lat="46.09019" lon="6.84263">
        <ele>1018.37</ele>
        <time>2015-07-06T11:41:38.000Z</time>
      </trkpt>
      <trkpt lat="46.09017" lon="6.84259">
        <ele>1018.23</ele>
        <time>2015-07-06T11:41:40.000Z</time>
      </trkpt>
      <trkpt lat="46.09011" lon="6.84248">
        <ele>1018.76</ele>
        <time>2015-07-06T11:41:46.000Z</time>
      </trkpt>
      <trkpt lat="46.09006" lon="6.84243">
        <ele>1019.75</ele>
        <time>2015-07-06T11:41:50.000Z</time>
      </trkpt>
      <trkpt lat="46.09" lon="6.84242">
        <ele>1020.85</ele>
        <time>2015-07-06T11:41:54.000Z</time>
      </trkpt>
      <trkpt lat="46.0898" lon="6.84234">
        <ele>1022.68</ele>
        <time>2015-07-06T11:42:09.000Z</time>
      </trkpt>
      <trkpt lat="46.08956" lon="6.8423">
        <ele>1024.3</ele>
        <time>2015-07-06T11:42:26.000Z</time>
      </trkpt>
      <trkpt lat="46.08941" lon="6.84224">
        <ele>1023.12</ele>
        <time>2015-07-06T11:42:38.000Z</time>
      </trkpt>
      <trkpt lat="46.0894" lon="6.84223">
        <ele>1023.11</ele>
        <time>2015-07-06T11:42:39.000Z</time>
      </trkpt>
      <trkpt lat="46.08933" lon="6.84208">
        <ele>1022.52</ele>
        <time>2015-07-06T11:42:48.000Z</time>
      </trkpt>
      <trkpt lat="46.08928" lon="6.84203">
        <ele>1022.09</ele>
        <time>2015-07-06T11:42:52.000Z</time>
      </trkpt>
      <trkpt lat="46.08913" lon="6.84191">
        <ele>1021.58</ele>
        <time>2015-07-06T11:43:05.000Z</time>
      </trkpt>
      <trkpt lat="46.0891" lon="6.8419">
        <ele>1021.71</ele>
        <time>2015-07-06T11:43:07.000Z</time>
      </trkpt>
      <trkpt lat="46.08903" lon="6.84189">
        <ele>1022.21</ele>
        <time>2015-07-06T11:43:12.000Z</time>
      </trkpt>
      <trkpt lat="46.08902" lon="6.84188">
        <ele>1022.55</ele>
        <time>2015-07-06T11:43:13.000Z</time>
      </trkpt>
      <trkpt lat="46.08901" lon="6.84188">
        <ele>1022.75</ele>
        <time>2015-07-06T11:43:14.000Z</time>
      </trkpt>
      <trkpt lat="46.08899" lon="6.84187">
        <ele>1022.85</ele>
        <time>2015-07-06T11:43:15.000Z</time>
      </trkpt>
      <trkpt lat="46.08898" lon="6.84187">
        <ele>1022.94</ele>
        <time>2015-07-06T11:43:16.000Z</time>
      </trkpt>
      <trkpt lat="46.08897" lon="6.84186">
        <ele>1023.1</ele>
        <time>2015-07-06T11:43:17.000Z</time>
      </trkpt>
      <trkpt lat="46.08895" lon="6.84185">
        <ele>1023.29</ele>
        <time>2015-07-06T11:43:18.000Z</time>
      </trkpt>
      <trkpt lat="46.08894" lon="6.84185">
        <ele>1023.42</ele>
        <time>2015-07-06T11:43:19.000Z</time>
      </trkpt>
      <trkpt lat="46.08877" lon="6.84179">
        <ele>1025.33</ele>
        <time>2015-07-06T11:43:33.000Z</time>
      </trkpt>
      <trkpt lat="46.08857" lon="6.84177">
        <ele>1026.91</ele>
        <time>2015-07-06T11:43:48.000Z</time>
      </trkpt>
      <trkpt lat="46.08841" lon="6.84177">
        <ele>1028.13</ele>
        <time>2015-07-06T11:44:00.000Z</time>
      </trkpt>
      <trkpt lat="46.08828" lon="6.84177">
        <ele>1028.53</ele>
        <time>2015-07-06T11:44:10.000Z</time>
      </trkpt>
      <trkpt lat="46.08827" lon="6.84177">
        <ele>1028.55</ele>
        <time>2015-07-06T11:44:11.000Z</time>
      </trkpt>
      <trkpt lat="46.08826" lon="6.84176">
        <ele>1028.53</ele>
        <time>2015-07-06T11:44:12.000Z</time>
      </trkpt>
      <trkpt lat="46.08825" lon="6.84175">
        <ele>1028.48</ele>
        <time>2015-07-06T11:44:13.000Z</time>
      </trkpt>
      <trkpt lat="46.08823" lon="6.84175">
        <ele>1028.54</ele>
        <time>2015-07-06T11:44:14.000Z</time>
      </trkpt>
      <trkpt lat="46.08822" lon="6.84175">
        <ele>1028.68</ele>
        <time>2015-07-06T11:44:15.000Z</time>
      </trkpt>
      <trkpt lat="46.08821" lon="6.84175">
        <ele>1028.8</ele>
        <time>2015-07-06T11:44:16.000Z</time>
      </trkpt>
      <trkpt lat="46.0882" lon="6.84174">
        <ele>1028.83</ele>
        <time>2015-07-06T11:44:17.000Z</time>
      </trkpt>
      <trkpt lat="46.08818" lon="6.84174">
        <ele>1028.81</ele>
        <time>2015-07-06T11:44:18.000Z</time>
      </trkpt>
      <trkpt lat="46.08817" lon="6.84173">
        <ele>1028.81</ele>
        <time>2015-07-06T11:44:19.000Z</time>
      </trkpt>
      <trkpt lat="46.088" lon="6.84171">
        <ele>1029.38</ele>
        <time>2015-07-06T11:44:32.000Z</time>
      </trkpt>
      <trkpt lat="46.08777" lon="6.84172">
        <ele>1031.17</ele>
        <time>2015-07-06T11:44:48.000Z</time>
      </trkpt>
      <trkpt lat="46.08759" lon="6.84168">
        <ele>1033.24</ele>
        <time>2015-07-06T11:45:01.000Z</time>
      </trkpt>
      <trkpt lat="46.08741" lon="6.84156">
        <ele>1031.62</ele>
        <time>2015-07-06T11:45:16.000Z</time>
      </trkpt>
      <trkpt lat="46.0874" lon="6.84155">
        <ele>1031.44</ele>
        <time>2015-07-06T11:45:17.000Z</time>
      </trkpt>
      <trkpt lat="46.08738" lon="6.84154">
        <ele>1031.34</ele>
        <time>2015-07-06T11:45:18.000Z</time>
      </trkpt>
      <trkpt lat="46.08719" lon="6.84149">
        <ele>1030.6</ele>
        <time>2015-07-06T11:45:31.000Z</time>
      </trkpt>
      <trkpt lat="46.08702" lon="6.84142">
        <ele>1027.83</ele>
        <time>2015-07-06T11:45:45.000Z</time>
      </trkpt>
      <trkpt lat="46.0868" lon="6.84142">
        <ele>1027.12</ele>
        <time>2015-07-06T11:46:00.000Z</time>
      </trkpt>
      <trkpt lat="46.0866" lon="6.8414">
        <ele>1026.03</ele>
        <time>2015-07-06T11:46:15.000Z</time>
      </trkpt>
      <trkpt lat="46.08644" lon="6.84138">
        <ele>1025.49</ele>
        <time>2015-07-06T11:46:26.000Z</time>
      </trkpt>
      <trkpt lat="46.08635" lon="6.84136">
        <ele>1024.78</ele>
        <time>2015-07-06T11:46:33.000Z</time>
      </trkpt>
      <trkpt lat="46.08624" lon="6.84132">
        <ele>1023.6</ele>
        <time>2015-07-06T11:46:42.000Z</time>
      </trkpt>
      <trkpt lat="46.08623" lon="6.84131">
        <ele>1023.49</ele>
        <time>2015-07-06T11:46:43.000Z</time>
      </trkpt>
      <trkpt lat="46.08622" lon="6.8413">
        <ele>1023.33</ele>
        <time>2015-07-06T11:46:44.000Z</time>
      </trkpt>
      <trkpt lat="46.0862" lon="6.8413">
        <ele>1023.2</ele>
        <time>2015-07-06T11:46:45.000Z</time>
      </trkpt>
      <trkpt lat="46.08618" lon="6.8413">
        <ele>1023.11</ele>
        <time>2015-07-06T11:46:46.000Z</time>
      </trkpt>
      <trkpt lat="46.08617" lon="6.8413">
        <ele>1023.12</ele>
        <time>2015-07-06T11:46:47.000Z</time>
      </trkpt>
      <trkpt lat="46.08616" lon="6.84129">
        <ele>1023.19</ele>
        <time>2015-07-06T11:46:48.000Z</time>
      </trkpt>
      <trkpt lat="46.08614" lon="6.84129">
        <ele>1023.04</ele>
        <time>2015-07-06T11:46:49.000Z</time>
      </trkpt>
      <trkpt lat="46.08612" lon="6.84129">
        <ele>1022.78</ele>
        <time>2015-07-06T11:46:50.000Z</time>
      </trkpt>
      <trkpt lat="46.08607" lon="6.84129">
        <ele>1022.02</ele>
        <time>2015-07-06T11:46:53.000Z</time>
      </trkpt>
      <trkpt lat="46.08606" lon="6.84129">
        <ele>1021.47</ele>
        <time>2015-07-06T11:46:54.000Z</time>
      </trkpt>
      <trkpt lat="46.08604" lon="6.8413">
        <ele>1021.13</ele>
        <time>2015-07-06T11:46:55.000Z</time>
      </trkpt>
      <trkpt lat="46.08603" lon="6.8413">
        <ele>1020.79</ele>
        <time>2015-07-06T11:46:56.000Z</time>
      </trkpt>
      <trkpt lat="46.08601" lon="6.84131">
        <ele>1020.49</ele>
        <time>2015-07-06T11:46:57.000Z</time>
      </trkpt>
      <trkpt lat="46.08591" lon="6.84133">
        <ele>1017.35</ele>
        <time>2015-07-06T11:47:07.000Z</time>
      </trkpt>
      <trkpt lat="46.08589" lon="6.84133">
        <ele>1016.7</ele>
        <time>2015-07-06T11:47:09.000Z</time>
      </trkpt>
      <trkpt lat="46.08588" lon="6.84134">
        <ele>1016.42</ele>
        <time>2015-07-06T11:47:10.000Z</time>
      </trkpt>
      <trkpt lat="46.0858" lon="6.84134">
        <ele>1015.4</ele>
        <time>2015-07-06T11:47:15.000Z</time>
      </trkpt>
      <trkpt lat="46.08579" lon="6.84134">
        <ele>1015.17</ele>
        <time>2015-07-06T11:47:16.000Z</time>
      </trkpt>
      <trkpt lat="46.08557" lon="6.84135">
        <ele>1013.57</ele>
        <time>2015-07-06T11:47:31.000Z</time>
      </trkpt>
      <trkpt lat="46.0854" lon="6.84133">
        <ele>1013.69</ele>
        <time>2015-07-06T11:47:44.000Z</time>
      </trkpt>
      <trkpt lat="46.08521" lon="6.84135">
        <ele>1014.79</ele>
        <time>2015-07-06T11:47:58.000Z</time>
      </trkpt>
      <trkpt lat="46.08505" lon="6.84133">
        <ele>1016.7</ele>
        <time>2015-07-06T11:48:10.000Z</time>
      </trkpt>
      <trkpt lat="46.08497" lon="6.84128">
        <ele>1015.61</ele>
        <time>2015-07-06T11:48:17.000Z</time>
      </trkpt>
      <trkpt lat="46.08485" lon="6.84126">
        <ele>1012.87</ele>
        <time>2015-07-06T11:48:27.000Z</time>
      </trkpt>
      <trkpt lat="46.08473" lon="6.84126">
        <ele>1010.02</ele>
        <time>2015-07-06T11:48:37.000Z</time>
      </trkpt>
      <trkpt lat="46.08455" lon="6.84127">
        <ele>1007.9</ele>
        <time>2015-07-06T11:48:50.000Z</time>
      </trkpt>
      <trkpt lat="46.08439" lon="6.84127">
        <ele>1006.37</ele>
        <time>2015-07-06T11:49:01.000Z</time>
      </trkpt>
      <trkpt lat="46.08433" lon="6.84125">
        <ele>1006.28</ele>
        <time>2015-07-06T11:49:06.000Z</time>
      </trkpt>
      <trkpt lat="46.08431" lon="6.84124">
        <ele>1006.17</ele>
        <time>2015-07-06T11:49:07.000Z</time>
      </trkpt>
      <trkpt lat="46.08424" lon="6.84123">
        <ele>1005.17</ele>
        <time>2015-07-06T11:49:13.000Z</time>
      </trkpt>
      <trkpt lat="46.08422" lon="6.84123">
        <ele>1005.01</ele>
        <time>2015-07-06T11:49:14.000Z</time>
      </trkpt>
      <trkpt lat="46.08421" lon="6.84123">
        <ele>1004.86</ele>
        <time>2015-07-06T11:49:15.000Z</time>
      </trkpt>
      <trkpt lat="46.0842" lon="6.84123">
        <ele>1004.7</ele>
        <time>2015-07-06T11:49:16.000Z</time>
      </trkpt>
      <trkpt lat="46.08418" lon="6.84124">
        <ele>1004.46</ele>
        <time>2015-07-06T11:49:17.000Z</time>
      </trkpt>
      <trkpt lat="46.08403" lon="6.84125">
        <ele>1001.77</ele>
        <time>2015-07-06T11:49:29.000Z</time>
      </trkpt>
      <trkpt lat="46.08386" lon="6.84126">
        <ele>1000.88</ele>
        <time>2015-07-06T11:49:44.000Z</time>
      </trkpt>
      <trkpt lat="46.08381" lon="6.84128">
        <ele>1000.5</ele>
        <time>2015-07-06T11:49:48.000Z</time>
      </trkpt>
      <trkpt lat="46.08371" lon="6.8413">
        <ele>1000.38</ele>
        <time>2015-07-06T11:49:57.000Z</time>
      </trkpt>
      <trkpt lat="46.08347" lon="6.8413">
        <ele>999.74</ele>
        <time>2015-07-06T11:50:16.000Z</time>
      </trkpt>
      <trkpt lat="46.08336" lon="6.84132">
        <ele>999.13</ele>
        <time>2015-07-06T11:50:24.000Z</time>
      </trkpt>
      <trkpt lat="46.08315" lon="6.84136">
        <ele>997.11</ele>
        <time>2015-07-06T11:50:39.000Z</time>
      </trkpt>
      <trkpt lat="46.08292" lon="6.84142">
        <ele>995.17</ele>
        <time>2015-07-06T11:50:54.000Z</time>
      </trkpt>
      <trkpt lat="46.0829" lon="6.84142">
        <ele>995.05</ele>
        <time>2015-07-06T11:50:55.000Z</time>
      </trkpt>
      <trkpt lat="46.08268" lon="6.8414">
        <ele>994.74</ele>
        <time>2015-07-06T11:51:09.000Z</time>
      </trkpt>
      <trkpt lat="46.08264" lon="6.84137">
        <ele>994.85</ele>
        <time>2015-07-06T11:51:12.000Z</time>
      </trkpt>
      <trkpt lat="46.08263" lon="6.84136">
        <ele>994.97</ele>
        <time>2015-07-06T11:51:13.000Z</time>
      </trkpt>
      <trkpt lat="46.08262" lon="6.84134">
        <ele>995.06</ele>
        <time>2015-07-06T11:51:14.000Z</time>
      </trkpt>
      <trkpt lat="46.0826" lon="6.84131">
        <ele>995.34</ele>
        <time>2015-07-06T11:51:16.000Z</time>
      </trkpt>
      <trkpt lat="46.08259" lon="6.8413">
        <ele>995.42</ele>
        <time>2015-07-06T11:51:17.000Z</time>
      </trkpt>
      <trkpt lat="46.08258" lon="6.84129">
        <ele>995.48</ele>
        <time>2015-07-06T11:51:18.000Z</time>
      </trkpt>
      <trkpt lat="46.08257" lon="6.84127">
        <ele>995.56</ele>
        <time>2015-07-06T11:51:19.000Z</time>
      </trkpt>
      <trkpt lat="46.08256" lon="6.84126">
        <ele>995.57</ele>
        <time>2015-07-06T11:51:20.000Z</time>
      </trkpt>
      <trkpt lat="46.08255" lon="6.84124">
        <ele>995.91</ele>
        <time>2015-07-06T11:51:21.000Z</time>
      </trkpt>
      <trkpt lat="46.08254" lon="6.84123">
        <ele>996.07</ele>
        <time>2015-07-06T11:51:22.000Z</time>
      </trkpt>
      <trkpt lat="46.08253" lon="6.84121">
        <ele>996.15</ele>
        <time>2015-07-06T11:51:23.000Z</time>
      </trkpt>
      <trkpt lat="46.08253" lon="6.84119">
        <ele>996.29</ele>
        <time>2015-07-06T11:51:24.000Z</time>
      </trkpt>
      <trkpt lat="46.08252" lon="6.84117">
        <ele>996.37</ele>
        <time>2015-07-06T11:51:25.000Z</time>
      </trkpt>
      <trkpt lat="46.08251" lon="6.84116">
        <ele>996.54</ele>
        <time>2015-07-06T11:51:26.000Z</time>
      </trkpt>
      <trkpt lat="46.0825" lon="6.84114">
        <ele>996.68</ele>
        <time>2015-07-06T11:51:27.000Z</time>
      </trkpt>
      <trkpt lat="46.08248" lon="6.84113">
        <ele>996.73</ele>
        <time>2015-07-06T11:51:28.000Z</time>
      </trkpt>
      <trkpt lat="46.08247" lon="6.84112">
        <ele>996.82</ele>
        <time>2015-07-06T11:51:29.000Z</time>
      </trkpt>
      <trkpt lat="46.08245" lon="6.84111">
        <ele>996.86</ele>
        <time>2015-07-06T11:51:30.000Z</time>
      </trkpt>
      <trkpt lat="46.08244" lon="6.8411">
        <ele>996.72</ele>
        <time>2015-07-06T11:51:31.000Z</time>
      </trkpt>
      <trkpt lat="46.08244" lon="6.84108">
        <ele>996.67</ele>
        <time>2015-07-06T11:51:32.000Z</time>
      </trkpt>
      <trkpt lat="46.08242" lon="6.84107">
        <ele>996.86</ele>
        <time>2015-07-06T11:51:33.000Z</time>
      </trkpt>
      <trkpt lat="46.08241" lon="6.84106">
        <ele>996.86</ele>
        <time>2015-07-06T11:51:34.000Z</time>
      </trkpt>
      <trkpt lat="46.0824" lon="6.84104">
        <ele>996.8</ele>
        <time>2015-07-06T11:51:35.000Z</time>
      </trkpt>
      <trkpt lat="46.08239" lon="6.84102">
        <ele>996.75</ele>
        <time>2015-07-06T11:51:36.000Z</time>
      </trkpt>
      <trkpt lat="46.08238" lon="6.84101">
        <ele>996.78</ele>
        <time>2015-07-06T11:51:37.000Z</time>
      </trkpt>
      <trkpt lat="46.08237" lon="6.84099">
        <ele>996.81</ele>
        <time>2015-07-06T11:51:38.000Z</time>
      </trkpt>
      <trkpt lat="46.08236" lon="6.84098">
        <ele>996.77</ele>
        <time>2015-07-06T11:51:39.000Z</time>
      </trkpt>
      <trkpt lat="46.08235" lon="6.84097">
        <ele>996.59</ele>
        <time>2015-07-06T11:51:40.000Z</time>
      </trkpt>
      <trkpt lat="46.08234" lon="6.84096">
        <ele>996.45</ele>
        <time>2015-07-06T11:51:41.000Z</time>
      </trkpt>
      <trkpt lat="46.08233" lon="6.84094">
        <ele>996.25</ele>
        <time>2015-07-06T11:51:42.000Z</time>
      </trkpt>
      <trkpt lat="46.08233" lon="6.84093">
        <ele>996.2</ele>
        <time>2015-07-06T11:51:43.000Z</time>
      </trkpt>
      <trkpt lat="46.08232" lon="6.84091">
        <ele>996.13</ele>
        <time>2015-07-06T11:51:44.000Z</time>
      </trkpt>
      <trkpt lat="46.08232" lon="6.84089">
        <ele>996.23</ele>
        <time>2015-07-06T11:51:45.000Z</time>
      </trkpt>
      <trkpt lat="46.08231" lon="6.84083">
        <ele>996.2</ele>
        <time>2015-07-06T11:51:48.000Z</time>
      </trkpt>
      <trkpt lat="46.08231" lon="6.84077">
        <ele>995.79</ele>
        <time>2015-07-06T11:51:51.000Z</time>
      </trkpt>
      <trkpt lat="46.0823" lon="6.84075">
        <ele>995.76</ele>
        <time>2015-07-06T11:51:52.000Z</time>
      </trkpt>
      <trkpt lat="46.08228" lon="6.84069">
        <ele>995.65</ele>
        <time>2015-07-06T11:51:56.000Z</time>
      </trkpt>
      <trkpt lat="46.08228" lon="6.84067">
        <ele>995.57</ele>
        <time>2015-07-06T11:51:57.000Z</time>
      </trkpt>
      <trkpt lat="46.08227" lon="6.84065">
        <ele>995.47</ele>
        <time>2015-07-06T11:51:58.000Z</time>
      </trkpt>
      <trkpt lat="46.08222" lon="6.84053">
        <ele>994.24</ele>
        <time>2015-07-06T11:52:07.000Z</time>
      </trkpt>
      <trkpt lat="46.08222" lon="6.84049">
        <ele>993.98</ele>
        <time>2015-07-06T11:52:09.000Z</time>
      </trkpt>
      <trkpt lat="46.08221" lon="6.84047">
        <ele>993.92</ele>
        <time>2015-07-06T11:52:10.000Z</time>
      </trkpt>
      <trkpt lat="46.08221" lon="6.84046">
        <ele>993.86</ele>
        <time>2015-07-06T11:52:11.000Z</time>
      </trkpt>
      <trkpt lat="46.08221" lon="6.84045">
        <ele>993.83</ele>
        <time>2015-07-06T11:52:12.000Z</time>
      </trkpt>
      <trkpt lat="46.0822" lon="6.84043">
        <ele>993.65</ele>
        <time>2015-07-06T11:52:13.000Z</time>
      </trkpt>
      <trkpt lat="46.08219" lon="6.84042">
        <ele>993.53</ele>
        <time>2015-07-06T11:52:14.000Z</time>
      </trkpt>
      <trkpt lat="46.08213" lon="6.84038">
        <ele>992.91</ele>
        <time>2015-07-06T11:52:18.000Z</time>
      </trkpt>
      <trkpt lat="46.08211" lon="6.84037">
        <ele>992.43</ele>
        <time>2015-07-06T11:52:20.000Z</time>
      </trkpt>
      <trkpt lat="46.08209" lon="6.84035">
        <ele>991.77</ele>
        <time>2015-07-06T11:52:22.000Z</time>
      </trkpt>
      <trkpt lat="46.08207" lon="6.84035">
        <ele>991.56</ele>
        <time>2015-07-06T11:52:23.000Z</time>
      </trkpt>
      <trkpt lat="46.08205" lon="6.84034">
        <ele>991.43</ele>
        <time>2015-07-06T11:52:24.000Z</time>
      </trkpt>
      <trkpt lat="46.08203" lon="6.84034">
        <ele>991.31</ele>
        <time>2015-07-06T11:52:25.000Z</time>
      </trkpt>
      <trkpt lat="46.08202" lon="6.84034">
        <ele>991.07</ele>
        <time>2015-07-06T11:52:26.000Z</time>
      </trkpt>
      <trkpt lat="46.08198" lon="6.84034">
        <ele>990.9</ele>
        <time>2015-07-06T11:52:28.000Z</time>
      </trkpt>
      <trkpt lat="46.08196" lon="6.84034">
        <ele>990.71</ele>
        <time>2015-07-06T11:52:29.000Z</time>
      </trkpt>
      <trkpt lat="46.0819" lon="6.84032">
        <ele>990.19</ele>
        <time>2015-07-06T11:52:33.000Z</time>
      </trkpt>
      <trkpt lat="46.08189" lon="6.84032">
        <ele>989.99</ele>
        <time>2015-07-06T11:52:34.000Z</time>
      </trkpt>
      <trkpt lat="46.08186" lon="6.84031">
        <ele>989.69</ele>
        <time>2015-07-06T11:52:36.000Z</time>
      </trkpt>
      <trkpt lat="46.08184" lon="6.84032">
        <ele>989.48</ele>
        <time>2015-07-06T11:52:37.000Z</time>
      </trkpt>
      <trkpt lat="46.08183" lon="6.84032">
        <ele>989.28</ele>
        <time>2015-07-06T11:52:38.000Z</time>
      </trkpt>
      <trkpt lat="46.08181" lon="6.84032">
        <ele>988.99</ele>
        <time>2015-07-06T11:52:39.000Z</time>
      </trkpt>
      <trkpt lat="46.08179" lon="6.84031">
        <ele>988.64</ele>
        <time>2015-07-06T11:52:40.000Z</time>
      </trkpt>
      <trkpt lat="46.08178" lon="6.8403">
        <ele>988.4</ele>
        <time>2015-07-06T11:52:41.000Z</time>
      </trkpt>
      <trkpt lat="46.08177" lon="6.8403">
        <ele>988.15</ele>
        <time>2015-07-06T11:52:42.000Z</time>
      </trkpt>
      <trkpt lat="46.08176" lon="6.8403">
        <ele>987.93</ele>
        <time>2015-07-06T11:52:43.000Z</time>
      </trkpt>
      <trkpt lat="46.08174" lon="6.84029">
        <ele>987.76</ele>
        <time>2015-07-06T11:52:44.000Z</time>
      </trkpt>
      <trkpt lat="46.08171" lon="6.84027">
        <ele>987.2</ele>
        <time>2015-07-06T11:52:48.000Z</time>
      </trkpt>
      <trkpt lat="46.0817" lon="6.84026">
        <ele>987.21</ele>
        <time>2015-07-06T11:52:49.000Z</time>
      </trkpt>
      <trkpt lat="46.08156" lon="6.84024">
        <ele>983.42</ele>
        <time>2015-07-06T11:53:02.000Z</time>
      </trkpt>
      <trkpt lat="46.08137" lon="6.84022">
        <ele>976.28</ele>
        <time>2015-07-06T11:53:22.000Z</time>
      </trkpt>
      <trkpt lat="46.08111" lon="6.8403">
        <ele>972.89</ele>
        <time>2015-07-06T11:53:41.000Z</time>
      </trkpt>
      <trkpt lat="46.0811" lon="6.84031">
        <ele>972.7</ele>
        <time>2015-07-06T11:53:42.000Z</time>
      </trkpt>
      <trkpt lat="46.08104" lon="6.84034">
        <ele>972.9</ele>
        <time>2015-07-06T11:53:45.000Z</time>
      </trkpt>
      <trkpt lat="46.08098" lon="6.84034">
        <ele>973.69</ele>
        <time>2015-07-06T11:53:49.000Z</time>
      </trkpt>
      <trkpt lat="46.08082" lon="6.84038">
        <ele>975.28</ele>
        <time>2015-07-06T11:54:00.000Z</time>
      </trkpt>
      <trkpt lat="46.08081" lon="6.84038">
        <ele>975.25</ele>
        <time>2015-07-06T11:54:01.000Z</time>
      </trkpt>
      <trkpt lat="46.08059" lon="6.84038">
        <ele>975.43</ele>
        <time>2015-07-06T11:54:15.000Z</time>
      </trkpt>
      <trkpt lat="46.08045" lon="6.84039">
        <ele>975.14</ele>
        <time>2015-07-06T11:54:28.000Z</time>
      </trkpt>
      <trkpt lat="46.08024" lon="6.84034">
        <ele>975.77</ele>
        <time>2015-07-06T11:54:47.000Z</time>
      </trkpt>
      <trkpt lat="46.07999" lon="6.84034">
        <ele>974.98</ele>
        <time>2015-07-06T11:55:01.000Z</time>
      </trkpt>
      <trkpt lat="46.07994" lon="6.84032">
        <ele>975.23</ele>
        <time>2015-07-06T11:55:05.000Z</time>
      </trkpt>
      <trkpt lat="46.07993" lon="6.8403">
        <ele>975.31</ele>
        <time>2015-07-06T11:55:06.000Z</time>
      </trkpt>
      <trkpt lat="46.07992" lon="6.84029">
        <ele>975.42</ele>
        <time>2015-07-06T11:55:07.000Z</time>
      </trkpt>
      <trkpt lat="46.07989" lon="6.84029">
        <ele>975.49</ele>
        <time>2015-07-06T11:55:09.000Z</time>
      </trkpt>
      <trkpt lat="46.07987" lon="6.84028">
        <ele>975.43</ele>
        <time>2015-07-06T11:55:10.000Z</time>
      </trkpt>
      <trkpt lat="46.07985" lon="6.84029">
        <ele>975.44</ele>
        <time>2015-07-06T11:55:11.000Z</time>
      </trkpt>
      <trkpt lat="46.07983" lon="6.84029">
        <ele>975.5</ele>
        <time>2015-07-06T11:55:12.000Z</time>
      </trkpt>
      <trkpt lat="46.07982" lon="6.84029">
        <ele>975.47</ele>
        <time>2015-07-06T11:55:13.000Z</time>
      </trkpt>
      <trkpt lat="46.0798" lon="6.84029">
        <ele>975.33</ele>
        <time>2015-07-06T11:55:14.000Z</time>
      </trkpt>
      <trkpt lat="46.07979" lon="6.84028">
        <ele>975.33</ele>
        <time>2015-07-06T11:55:15.000Z</time>
      </trkpt>
      <trkpt lat="46.07977" lon="6.84027">
        <ele>975.15</ele>
        <time>2015-07-06T11:55:17.000Z</time>
      </trkpt>
      <trkpt lat="46.07975" lon="6.84027">
        <ele>975.11</ele>
        <time>2015-07-06T11:55:18.000Z</time>
      </trkpt>
      <trkpt lat="46.07974" lon="6.84026">
        <ele>975.14</ele>
        <time>2015-07-06T11:55:19.000Z</time>
      </trkpt>
      <trkpt lat="46.07973" lon="6.84026">
        <ele>975.02</ele>
        <time>2015-07-06T11:55:20.000Z</time>
      </trkpt>
      <trkpt lat="46.07971" lon="6.84026">
        <ele>975.04</ele>
        <time>2015-07-06T11:55:21.000Z</time>
      </trkpt>
      <trkpt lat="46.0797" lon="6.84026">
        <ele>974.88</ele>
        <time>2015-07-06T11:55:22.000Z</time>
      </trkpt>
      <trkpt lat="46.07968" lon="6.84026">
        <ele>974.65</ele>
        <time>2015-07-06T11:55:23.000Z</time>
      </trkpt>
      <trkpt lat="46.07965" lon="6.84027">
        <ele>974.6</ele>
        <time>2015-07-06T11:55:24.000Z</time>
      </trkpt>
      <trkpt lat="46.07963" lon="6.84028">
        <ele>974.51</ele>
        <time>2015-07-06T11:55:25.000Z</time>
      </trkpt>
      <trkpt lat="46.07962" lon="6.84028">
        <ele>974.21</ele>
        <time>2015-07-06T11:55:26.000Z</time>
      </trkpt>
      <trkpt lat="46.07961" lon="6.84028">
        <ele>974.02</ele>
        <time>2015-07-06T11:55:27.000Z</time>
      </trkpt>
      <trkpt lat="46.07959" lon="6.84028">
        <ele>973.74</ele>
        <time>2015-07-06T11:55:28.000Z</time>
      </trkpt>
      <trkpt lat="46.07958" lon="6.84028">
        <ele>973.57</ele>
        <time>2015-07-06T11:55:29.000Z</time>
      </trkpt>
      <trkpt lat="46.07945" lon="6.84032">
        <ele>972.32</ele>
        <time>2015-07-06T11:55:38.000Z</time>
      </trkpt>
      <trkpt lat="46.07943" lon="6.84032">
        <ele>972.31</ele>
        <time>2015-07-06T11:55:39.000Z</time>
      </trkpt>
      <trkpt lat="46.07941" lon="6.84033">
        <ele>972.22</ele>
        <time>2015-07-06T11:55:40.000Z</time>
      </trkpt>
      <trkpt lat="46.0794" lon="6.84033">
        <ele>972.08</ele>
        <time>2015-07-06T11:55:41.000Z</time>
      </trkpt>
      <trkpt lat="46.07933" lon="6.84036">
        <ele>970.86</ele>
        <time>2015-07-06T11:55:48.000Z</time>
      </trkpt>
      <trkpt lat="46.07932" lon="6.84036">
        <ele>970.7</ele>
        <time>2015-07-06T11:55:49.000Z</time>
      </trkpt>
      <trkpt lat="46.07931" lon="6.84036">
        <ele>970.56</ele>
        <time>2015-07-06T11:55:50.000Z</time>
      </trkpt>
      <trkpt lat="46.07906" lon="6.84039">
        <ele>967.61</ele>
        <time>2015-07-06T11:56:11.000Z</time>
      </trkpt>
      <trkpt lat="46.07888" lon="6.84042">
        <ele>964.68</ele>
        <time>2015-07-06T11:56:25.000Z</time>
      </trkpt>
      <trkpt lat="46.07887" lon="6.84043">
        <ele>964.41</ele>
        <time>2015-07-06T11:56:26.000Z</time>
      </trkpt>
      <trkpt lat="46.07868" lon="6.84052">
        <ele>961.86</ele>
        <time>2015-07-06T11:56:40.000Z</time>
      </trkpt>
      <trkpt lat="46.07866" lon="6.84053">
        <ele>961.71</ele>
        <time>2015-07-06T11:56:41.000Z</time>
      </trkpt>
      <trkpt lat="46.07865" lon="6.84054">
        <ele>961.63</ele>
        <time>2015-07-06T11:56:42.000Z</time>
      </trkpt>
      <trkpt lat="46.07863" lon="6.84055">
        <ele>961.48</ele>
        <time>2015-07-06T11:56:43.000Z</time>
      </trkpt>
      <trkpt lat="46.07862" lon="6.84055">
        <ele>961.47</ele>
        <time>2015-07-06T11:56:44.000Z</time>
      </trkpt>
      <trkpt lat="46.07862" lon="6.84059">
        <ele>961.59</ele>
        <time>2015-07-06T11:56:58.000Z</time>
      </trkpt>
      <trkpt lat="46.07859" lon="6.84057">
        <ele>961.91</ele>
        <time>2015-07-06T11:57:02.000Z</time>
      </trkpt>
      <trkpt lat="46.07854" lon="6.84057">
        <ele>961.83</ele>
        <time>2015-07-06T11:57:08.000Z</time>
      </trkpt>
      <trkpt lat="46.07845" lon="6.84061">
        <ele>961.75</ele>
        <time>2015-07-06T11:57:23.000Z</time>
      </trkpt>
      <trkpt lat="46.07859" lon="6.84047">
        <ele>962.56</ele>
        <time>2015-07-06T11:57:43.000Z</time>
      </trkpt>
      <trkpt lat="46.07859" lon="6.84044">
        <ele>962.76</ele>
        <time>2015-07-06T11:57:45.000Z</time>
      </trkpt>
      <trkpt lat="46.07859" lon="6.84043">
        <ele>962.64</ele>
        <time>2015-07-06T11:57:46.000Z</time>
      </trkpt>
      <trkpt lat="46.07858" lon="6.84037">
        <ele>963.57</ele>
        <time>2015-07-06T11:57:57.000Z</time>
      </trkpt>
      <trkpt lat="46.07852" lon="6.84043">
        <ele>962.31</ele>
        <time>2015-07-06T11:58:05.000Z</time>
      </trkpt>
      <trkpt lat="46.07857" lon="6.84049">
        <ele>961.81</ele>
        <time>2015-07-06T11:58:22.000Z</time>
      </trkpt>
      <trkpt lat="46.07858" lon="6.84047">
        <ele>961.37</ele>
        <time>2015-07-06T11:58:39.000Z</time>
      </trkpt>
      <trkpt lat="46.07859" lon="6.84057">
        <ele>961.37</ele>
        <time>2015-07-06T11:58:52.000Z</time>
      </trkpt>
      <trkpt lat="46.07864" lon="6.84061">
        <ele>961.54</ele>
        <time>2015-07-06T11:59:09.000Z</time>
      </trkpt>
      <trkpt lat="46.07861" lon="6.84059">
        <ele>961.7</ele>
        <time>2015-07-06T11:59:15.000Z</time>
      </trkpt>
      <trkpt lat="46.07845" lon="6.8406">
        <ele>962.75</ele>
        <time>2015-07-06T11:59:30.000Z</time>
      </trkpt>
      <trkpt lat="46.07838" lon="6.8406">
        <ele>962.96</ele>
        <time>2015-07-06T11:59:38.000Z</time>
      </trkpt>
      <trkpt lat="46.07817" lon="6.84057">
        <ele>962.86</ele>
        <time>2015-07-06T11:59:54.000Z</time>
      </trkpt>
      <trkpt lat="46.07796" lon="6.84054">
        <ele>962.33</ele>
        <time>2015-07-06T12:00:09.000Z</time>
      </trkpt>
      <trkpt lat="46.07777" lon="6.84056">
        <ele>960.05</ele>
        <time>2015-07-06T12:00:23.000Z</time>
      </trkpt>
      <trkpt lat="46.0776" lon="6.84063">
        <ele>958.16</ele>
        <time>2015-07-06T12:00:36.000Z</time>
      </trkpt>
      <trkpt lat="46.07743" lon="6.84061">
        <ele>959.68</ele>
        <time>2015-07-06T12:00:50.000Z</time>
      </trkpt>
      <trkpt lat="46.07737" lon="6.84057">
        <ele>960.43</ele>
        <time>2015-07-06T12:01:02.000Z</time>
      </trkpt>
      <trkpt lat="46.07732" lon="6.8405">
        <ele>960.26</ele>
        <time>2015-07-06T12:01:21.000Z</time>
      </trkpt>
      <trkpt lat="46.07729" lon="6.84041">
        <ele>960.1</ele>
        <time>2015-07-06T12:01:36.000Z</time>
      </trkpt>
      <trkpt lat="46.07729" lon="6.84037">
        <ele>959.06</ele>
        <time>2015-07-06T12:02:01.000Z</time>
      </trkpt>
      <trkpt lat="46.07732" lon="6.84032">
        <ele>959.28</ele>
        <time>2015-07-06T12:02:04.000Z</time>
      </trkpt>
      <trkpt lat="46.07736" lon="6.84007">
        <ele>960.64</ele>
        <time>2015-07-06T12:02:17.000Z</time>
      </trkpt>
      <trkpt lat="46.07743" lon="6.83984">
        <ele>957.28</ele>
        <time>2015-07-06T12:02:30.000Z</time>
      </trkpt>
      <trkpt lat="46.07744" lon="6.8398">
        <ele>956.58</ele>
        <time>2015-07-06T12:02:32.000Z</time>
      </trkpt>
      <trkpt lat="46.07748" lon="6.83974">
        <ele>954.7</ele>
        <time>2015-07-06T12:02:37.000Z</time>
      </trkpt>
      <trkpt lat="46.07748" lon="6.83966">
        <ele>951.2</ele>
        <time>2015-07-06T12:02:42.000Z</time>
      </trkpt>
      <trkpt lat="46.0775" lon="6.83931">
        <ele>943.13</ele>
        <time>2015-07-06T12:02:59.000Z</time>
      </trkpt>
      <trkpt lat="46.07763" lon="6.83914">
        <ele>940.56</ele>
        <time>2015-07-06T12:03:11.000Z</time>
      </trkpt>
      <trkpt lat="46.07767" lon="6.83907">
        <ele>939.46</ele>
        <time>2015-07-06T12:03:15.000Z</time>
      </trkpt>
      <trkpt lat="46.07776" lon="6.83884">
        <ele>937.61</ele>
        <time>2015-07-06T12:03:25.000Z</time>
      </trkpt>
      <trkpt lat="46.07774" lon="6.83863">
        <ele>938.45</ele>
        <time>2015-07-06T12:03:38.000Z</time>
      </trkpt>
      <trkpt lat="46.07759" lon="6.8384">
        <ele>939.7</ele>
        <time>2015-07-06T12:03:55.000Z</time>
      </trkpt>
      <trkpt lat="46.07752" lon="6.83829">
        <ele>940.24</ele>
        <time>2015-07-06T12:04:03.000Z</time>
      </trkpt>
      <trkpt lat="46.07749" lon="6.83825">
        <ele>940.43</ele>
        <time>2015-07-06T12:04:06.000Z</time>
      </trkpt>
      <trkpt lat="46.07742" lon="6.83808">
        <ele>942.82</ele>
        <time>2015-07-06T12:04:16.000Z</time>
      </trkpt>
      <trkpt lat="46.0774" lon="6.83806">
        <ele>943.11</ele>
        <time>2015-07-06T12:04:19.000Z</time>
      </trkpt>
      <trkpt lat="46.07727" lon="6.83804">
        <ele>943.48</ele>
        <time>2015-07-06T12:04:37.000Z</time>
      </trkpt>
      <trkpt lat="46.07722" lon="6.83797">
        <ele>943.04</ele>
        <time>2015-07-06T12:04:53.000Z</time>
      </trkpt>
      <trkpt lat="46.07725" lon="6.83796">
        <ele>942.76</ele>
        <time>2015-07-06T12:05:12.000Z</time>
      </trkpt>
    </trkseg>
  </trk>
</gpx>
