<?xml version="1.0" encoding="UTF-8"?>
<gpx schemaLocation="http://www.topografix.com/GPX/1/1 http://www.topografix.com/GPX/1/1/gpx.xsd http://www.garmin.com/xmlschemas/GpxExtensions/v3 http://www.garmin.com/xmlschemas/GpxExtensionsv3.xsd http://www.garmin.com/xmlschemas/TrackPointExtension/v1 http://www.garmin.com/xmlschemas/TrackPointExtensionv1.xsd http://www.garmin.com/xmlschemas/PowerExtension/v1 http://www.garmin.com/xmlschemas/PowerExtensionv1.xsd http://www.topografix.com/GPX/gpx_style/0/2 http://www.topografix.com/GPX/gpx_style/0/2/gpx_style.xsd" version="1.1" creator="VisuGPX - https://www.visugpx.com" xmlns="http://www.topografix.com/GPX/1/1" xmlns:xsi="http://www.w3.org/2001/XMLSchema-instance" xsi:schemaLocation="http://www.topografix.com/GPX/1/1 http://www.topografix.com/GPX/1/1/gpx.xsd http://www.garmin.com/xmlschemas/GpxExtensions/v3 http://www.garmin.com/xmlschemas/GpxExtensionsv3.xsd http://www.garmin.com/xmlschemas/TrackPointExtension/v1 http://www.garmin.com/xmlschemas/TrackPointExtensionv1.xsd http://www.garmin.com/xmlschemas/PowerExtension/v1 http://www.garmin.com/xmlschemas/PowerExtensionv1.xsd http://www.topografix.com/GPX/gpx_style/0/2 http://www.topografix.com/GPX/gpx_style/0/2/gpx_style.xsd" xmlns:gpxtpx="http://www.garmin.com/xmlschemas/TrackPointExtension/v1" xmlns:gpxx="http://www.garmin.com/xmlschemas/GpxExtensions/v3" xmlns:gpxpx="http://www.garmin.com/xmlschemas/PowerExtension/v1" xmlns:gpx_style="http://www.topografix.com/GPX/gpx_style/0/2">
  <metadata>
    <name>Lac d&apos;Anterne</name>
    <desc>Départ du parking du Lignon, refuge d&apos;Anterne Alfred Wills puis boucle: tour du lac d&apos;Anterne, petit col d&apos;Anterne et retour via le refuge d&apos;Anterne.</desc>
    <author>
      <name>gpx.studio</name>
      <link href="https://gpx.studio"/>
    </author>
  </metadata>
  <trk>
    <name>Lac d&apos;Anterne</name>
    <desc>&lt;p&gt;Heure de départ: 09:07 6 juil. 2025&lt;br/&gt;Heure d&apos;arrivée: 15:48 6 juil. 2025&lt;br/&gt;Distance: 18,2 km (06:41)&lt;br/&gt;Temps déplacement: 05:53&lt;br/&gt;Vitesse moyenne: 2,72 km/h&lt;br/&gt;Vitesse moyenne mouv.: 3,08 km/h&lt;br/&gt;Vitesse Max.: 6,16 km/h&lt;br/&gt;Altitude minimale: 1170 m&lt;br/&gt;Altitude maximale: 2153 m&lt;br/&gt;Vitesse de montée: 331,6 m/h&lt;br/&gt;Vitesse de descente: -395,8 m/h&lt;br/&gt;Gain d&apos;altitude: 1186 m&lt;br/&gt;Perte d&apos;altitude: -1191 m&lt;br/&gt;Temps de montée: 03:34&lt;br/&gt;Temps de descente: 03:00&lt;br/&gt;&lt;/p&gt;&lt;hr align=&quot;center&quot; width=&quot;480&quot; style=&quot;height: 2px; width: 517px&quot;/&gt;</desc>
    <trkseg>
      <trkpt lat="46.02131" lon="6.76807">
        <ele>1169.3</ele>
        <time>2025-07-06T07:07:13.000Z</time>
      </trkpt>
      <trkpt lat="46.02123" lon="6.768">
        <ele>1171.4</ele>
        <time>2025-07-06T07:07:25.000Z</time>
      </trkpt>
      <trkpt lat="46.02114" lon="6.76804">
        <ele>1174.1</ele>
        <time>2025-07-06T07:07:35.000Z</time>
      </trkpt>
      <trkpt lat="46.02107" lon="6.76812">
        <ele>1175.8</ele>
        <time>2025-07-06T07:07:44.000Z</time>
      </trkpt>
      <trkpt lat="46.02099" lon="6.76819">
        <ele>1177.8</ele>
        <time>2025-07-06T07:07:55.000Z</time>
      </trkpt>
      <trkpt lat="46.02093" lon="6.7683">
        <ele>1179.2</ele>
        <time>2025-07-06T07:08:16.000Z</time>
      </trkpt>
      <trkpt lat="46.02085" lon="6.76835">
        <ele>1181.6</ele>
        <time>2025-07-06T07:08:26.000Z</time>
      </trkpt>
      <trkpt lat="46.02076" lon="6.76827">
        <ele>1184</ele>
        <time>2025-07-06T07:08:37.000Z</time>
      </trkpt>
      <trkpt lat="46.02069" lon="6.76818">
        <ele>1186.1</ele>
        <time>2025-07-06T07:08:48.000Z</time>
      </trkpt>
      <trkpt lat="46.02062" lon="6.7681">
        <ele>1188.3</ele>
        <time>2025-07-06T07:08:59.000Z</time>
      </trkpt>
      <trkpt lat="46.02054" lon="6.76802">
        <ele>1190.5</ele>
        <time>2025-07-06T07:09:09.000Z</time>
      </trkpt>
      <trkpt lat="46.02047" lon="6.76793">
        <ele>1192.3</ele>
        <time>2025-07-06T07:09:20.000Z</time>
      </trkpt>
      <trkpt lat="46.02038" lon="6.76786">
        <ele>1194.5</ele>
        <time>2025-07-06T07:09:31.000Z</time>
      </trkpt>
      <trkpt lat="46.02029" lon="6.76783">
        <ele>1197.1</ele>
        <time>2025-07-06T07:09:42.000Z</time>
      </trkpt>
      <trkpt lat="46.0202" lon="6.76775">
        <ele>1199</ele>
        <time>2025-07-06T07:09:52.000Z</time>
      </trkpt>
      <trkpt lat="46.02013" lon="6.76768">
        <ele>1200.9</ele>
        <time>2025-07-06T07:10:01.000Z</time>
      </trkpt>
      <trkpt lat="46.02009" lon="6.76755">
        <ele>1201.1</ele>
        <time>2025-07-06T07:10:10.000Z</time>
      </trkpt>
      <trkpt lat="46.02004" lon="6.76744">
        <ele>1201.9</ele>
        <time>2025-07-06T07:10:20.000Z</time>
      </trkpt>
      <trkpt lat="46.01996" lon="6.76737">
        <ele>1203.4</ele>
        <time>2025-07-06T07:10:29.000Z</time>
      </trkpt>
      <trkpt lat="46.01987" lon="6.76736">
        <ele>1205.3</ele>
        <time>2025-07-06T07:10:39.000Z</time>
      </trkpt>
      <trkpt lat="46.01979" lon="6.76731">
        <ele>1206.6</ele>
        <time>2025-07-06T07:10:50.000Z</time>
      </trkpt>
      <trkpt lat="46.0197" lon="6.76735">
        <ele>1209.1</ele>
        <time>2025-07-06T07:11:01.000Z</time>
      </trkpt>
      <trkpt lat="46.01961" lon="6.76732">
        <ele>1211.1</ele>
        <time>2025-07-06T07:11:14.000Z</time>
      </trkpt>
      <trkpt lat="46.01956" lon="6.76721">
        <ele>1211</ele>
        <time>2025-07-06T07:11:24.000Z</time>
      </trkpt>
      <trkpt lat="46.01951" lon="6.76709">
        <ele>1211.9</ele>
        <time>2025-07-06T07:11:36.000Z</time>
      </trkpt>
      <trkpt lat="46.01948" lon="6.76697">
        <ele>1212.3</ele>
        <time>2025-07-06T07:11:46.000Z</time>
      </trkpt>
      <trkpt lat="46.01946" lon="6.76684">
        <ele>1212.6</ele>
        <time>2025-07-06T07:11:55.000Z</time>
      </trkpt>
      <trkpt lat="46.01943" lon="6.76671">
        <ele>1213.3</ele>
        <time>2025-07-06T07:12:05.000Z</time>
      </trkpt>
      <trkpt lat="46.01945" lon="6.76658">
        <ele>1212.8</ele>
        <time>2025-07-06T07:12:15.000Z</time>
      </trkpt>
      <trkpt lat="46.01944" lon="6.76643">
        <ele>1213.2</ele>
        <time>2025-07-06T07:12:24.000Z</time>
      </trkpt>
      <trkpt lat="46.01942" lon="6.7663">
        <ele>1213.8</ele>
        <time>2025-07-06T07:12:33.000Z</time>
      </trkpt>
      <trkpt lat="46.01937" lon="6.76618">
        <ele>1215.4</ele>
        <time>2025-07-06T07:12:43.000Z</time>
      </trkpt>
      <trkpt lat="46.01936" lon="6.76605">
        <ele>1215.8</ele>
        <time>2025-07-06T07:12:51.000Z</time>
      </trkpt>
      <trkpt lat="46.01929" lon="6.76596">
        <ele>1217.3</ele>
        <time>2025-07-06T07:13:01.000Z</time>
      </trkpt>
      <trkpt lat="46.01923" lon="6.76585">
        <ele>1218.6</ele>
        <time>2025-07-06T07:13:11.000Z</time>
      </trkpt>
      <trkpt lat="46.01916" lon="6.76576">
        <ele>1220.4</ele>
        <time>2025-07-06T07:13:20.000Z</time>
      </trkpt>
      <trkpt lat="46.01908" lon="6.76568">
        <ele>1222.8</ele>
        <time>2025-07-06T07:13:31.000Z</time>
      </trkpt>
      <trkpt lat="46.019" lon="6.76564">
        <ele>1225.2</ele>
        <time>2025-07-06T07:13:42.000Z</time>
      </trkpt>
      <trkpt lat="46.01891" lon="6.76558">
        <ele>1227.5</ele>
        <time>2025-07-06T07:13:54.000Z</time>
      </trkpt>
      <trkpt lat="46.01882" lon="6.76552">
        <ele>1229.6</ele>
        <time>2025-07-06T07:14:04.000Z</time>
      </trkpt>
      <trkpt lat="46.01873" lon="6.76547">
        <ele>1231.4</ele>
        <time>2025-07-06T07:14:13.000Z</time>
      </trkpt>
      <trkpt lat="46.01865" lon="6.76541">
        <ele>1233</ele>
        <time>2025-07-06T07:14:29.000Z</time>
      </trkpt>
      <trkpt lat="46.01855" lon="6.76541">
        <ele>1235.5</ele>
        <time>2025-07-06T07:14:43.000Z</time>
      </trkpt>
      <trkpt lat="46.01846" lon="6.76539">
        <ele>1237.8</ele>
        <time>2025-07-06T07:14:55.000Z</time>
      </trkpt>
      <trkpt lat="46.01837" lon="6.76542">
        <ele>1240.4</ele>
        <time>2025-07-06T07:15:04.000Z</time>
      </trkpt>
      <trkpt lat="46.01828" lon="6.76537">
        <ele>1242.9</ele>
        <time>2025-07-06T07:15:15.000Z</time>
      </trkpt>
      <trkpt lat="46.01819" lon="6.76533">
        <ele>1245.6</ele>
        <time>2025-07-06T07:15:25.000Z</time>
      </trkpt>
      <trkpt lat="46.01811" lon="6.76526">
        <ele>1248</ele>
        <time>2025-07-06T07:15:41.000Z</time>
      </trkpt>
      <trkpt lat="46.01803" lon="6.76518">
        <ele>1250.1</ele>
        <time>2025-07-06T07:15:56.000Z</time>
      </trkpt>
      <trkpt lat="46.01798" lon="6.76507">
        <ele>1251.4</ele>
        <time>2025-07-06T07:16:12.000Z</time>
      </trkpt>
      <trkpt lat="46.01792" lon="6.76497">
        <ele>1253.3</ele>
        <time>2025-07-06T07:16:27.000Z</time>
      </trkpt>
      <trkpt lat="46.01787" lon="6.76486">
        <ele>1255.5</ele>
        <time>2025-07-06T07:16:42.000Z</time>
      </trkpt>
      <trkpt lat="46.01783" lon="6.76474">
        <ele>1257.2</ele>
        <time>2025-07-06T07:16:57.000Z</time>
      </trkpt>
      <trkpt lat="46.01777" lon="6.76464">
        <ele>1259.2</ele>
        <time>2025-07-06T07:17:13.000Z</time>
      </trkpt>
      <trkpt lat="46.0177" lon="6.76455">
        <ele>1261.5</ele>
        <time>2025-07-06T07:17:27.000Z</time>
      </trkpt>
      <trkpt lat="46.01766" lon="6.76443">
        <ele>1262.9</ele>
        <time>2025-07-06T07:17:42.000Z</time>
      </trkpt>
      <trkpt lat="46.01758" lon="6.76434">
        <ele>1265.4</ele>
        <time>2025-07-06T07:17:57.000Z</time>
      </trkpt>
      <trkpt lat="46.0175" lon="6.76431">
        <ele>1268.1</ele>
        <time>2025-07-06T07:18:13.000Z</time>
      </trkpt>
      <trkpt lat="46.01741" lon="6.76423">
        <ele>1270.6</ele>
        <time>2025-07-06T07:18:30.000Z</time>
      </trkpt>
      <trkpt lat="46.01733" lon="6.76418">
        <ele>1273</ele>
        <time>2025-07-06T07:18:46.000Z</time>
      </trkpt>
      <trkpt lat="46.01724" lon="6.76411">
        <ele>1275.6</ele>
        <time>2025-07-06T07:19:00.000Z</time>
      </trkpt>
      <trkpt lat="46.01715" lon="6.76408">
        <ele>1278.5</ele>
        <time>2025-07-06T07:19:14.000Z</time>
      </trkpt>
      <trkpt lat="46.01706" lon="6.76405">
        <ele>1281.4</ele>
        <time>2025-07-06T07:19:25.000Z</time>
      </trkpt>
      <trkpt lat="46.01698" lon="6.76399">
        <ele>1283.9</ele>
        <time>2025-07-06T07:19:39.000Z</time>
      </trkpt>
      <trkpt lat="46.01691" lon="6.76389">
        <ele>1285.9</ele>
        <time>2025-07-06T07:19:51.000Z</time>
      </trkpt>
      <trkpt lat="46.01686" lon="6.76378">
        <ele>1286.9</ele>
        <time>2025-07-06T07:20:03.000Z</time>
      </trkpt>
      <trkpt lat="46.01679" lon="6.76369">
        <ele>1288.7</ele>
        <time>2025-07-06T07:20:15.000Z</time>
      </trkpt>
      <trkpt lat="46.01672" lon="6.76362">
        <ele>1290.6</ele>
        <time>2025-07-06T07:20:25.000Z</time>
      </trkpt>
      <trkpt lat="46.01664" lon="6.76354">
        <ele>1292.4</ele>
        <time>2025-07-06T07:20:36.000Z</time>
      </trkpt>
      <trkpt lat="46.01656" lon="6.76346">
        <ele>1294.2</ele>
        <time>2025-07-06T07:20:51.000Z</time>
      </trkpt>
      <trkpt lat="46.01647" lon="6.76339">
        <ele>1296.2</ele>
        <time>2025-07-06T07:21:02.000Z</time>
      </trkpt>
      <trkpt lat="46.0164" lon="6.76332">
        <ele>1297.5</ele>
        <time>2025-07-06T07:21:14.000Z</time>
      </trkpt>
      <trkpt lat="46.01631" lon="6.76327">
        <ele>1299.9</ele>
        <time>2025-07-06T07:21:28.000Z</time>
      </trkpt>
      <trkpt lat="46.01622" lon="6.76323">
        <ele>1301.9</ele>
        <time>2025-07-06T07:21:42.000Z</time>
      </trkpt>
      <trkpt lat="46.01613" lon="6.76319">
        <ele>1303.6</ele>
        <time>2025-07-06T07:21:53.000Z</time>
      </trkpt>
      <trkpt lat="46.01604" lon="6.76314">
        <ele>1304.7</ele>
        <time>2025-07-06T07:22:04.000Z</time>
      </trkpt>
      <trkpt lat="46.01597" lon="6.76306">
        <ele>1304</ele>
        <time>2025-07-06T07:22:14.000Z</time>
      </trkpt>
      <trkpt lat="46.01588" lon="6.76302">
        <ele>1305.5</ele>
        <time>2025-07-06T07:22:29.000Z</time>
      </trkpt>
      <trkpt lat="46.01582" lon="6.76292">
        <ele>1306.4</ele>
        <time>2025-07-06T07:22:41.000Z</time>
      </trkpt>
      <trkpt lat="46.01578" lon="6.76279">
        <ele>1306.4</ele>
        <time>2025-07-06T07:22:52.000Z</time>
      </trkpt>
      <trkpt lat="46.01573" lon="6.76266">
        <ele>1307.6</ele>
        <time>2025-07-06T07:23:03.000Z</time>
      </trkpt>
      <trkpt lat="46.01568" lon="6.76254">
        <ele>1308.7</ele>
        <time>2025-07-06T07:23:13.000Z</time>
      </trkpt>
      <trkpt lat="46.01563" lon="6.76243">
        <ele>1310</ele>
        <time>2025-07-06T07:23:23.000Z</time>
      </trkpt>
      <trkpt lat="46.01555" lon="6.76236">
        <ele>1311.6</ele>
        <time>2025-07-06T07:23:35.000Z</time>
      </trkpt>
      <trkpt lat="46.0155" lon="6.76225">
        <ele>1313.3</ele>
        <time>2025-07-06T07:23:48.000Z</time>
      </trkpt>
      <trkpt lat="46.01545" lon="6.76213">
        <ele>1315.6</ele>
        <time>2025-07-06T07:24:02.000Z</time>
      </trkpt>
      <trkpt lat="46.01539" lon="6.76202">
        <ele>1318.5</ele>
        <time>2025-07-06T07:24:17.000Z</time>
      </trkpt>
      <trkpt lat="46.01534" lon="6.76191">
        <ele>1321.3</ele>
        <time>2025-07-06T07:24:33.000Z</time>
      </trkpt>
      <trkpt lat="46.01527" lon="6.76182">
        <ele>1324.3</ele>
        <time>2025-07-06T07:24:52.000Z</time>
      </trkpt>
      <trkpt lat="46.01518" lon="6.76178">
        <ele>1328</ele>
        <time>2025-07-06T07:25:08.000Z</time>
      </trkpt>
      <trkpt lat="46.01509" lon="6.76174">
        <ele>1330.9</ele>
        <time>2025-07-06T07:25:24.000Z</time>
      </trkpt>
      <trkpt lat="46.015" lon="6.7617">
        <ele>1333.5</ele>
        <time>2025-07-06T07:25:37.000Z</time>
      </trkpt>
      <trkpt lat="46.0149" lon="6.76169">
        <ele>1336.8</ele>
        <time>2025-07-06T07:25:48.000Z</time>
      </trkpt>
      <trkpt lat="46.01488" lon="6.76183">
        <ele>1339.7</ele>
        <time>2025-07-06T07:25:59.000Z</time>
      </trkpt>
      <trkpt lat="46.0149" lon="6.76195">
        <ele>1340.7</ele>
        <time>2025-07-06T07:26:12.000Z</time>
      </trkpt>
      <trkpt lat="46.01487" lon="6.76207">
        <ele>1341.9</ele>
        <time>2025-07-06T07:26:24.000Z</time>
      </trkpt>
      <trkpt lat="46.01483" lon="6.76221">
        <ele>1344.4</ele>
        <time>2025-07-06T07:26:35.000Z</time>
      </trkpt>
      <trkpt lat="46.01478" lon="6.76209">
        <ele>1347</ele>
        <time>2025-07-06T07:26:48.000Z</time>
      </trkpt>
      <trkpt lat="46.0147" lon="6.76201">
        <ele>1350.6</ele>
        <time>2025-07-06T07:27:03.000Z</time>
      </trkpt>
      <trkpt lat="46.01462" lon="6.76195">
        <ele>1355.9</ele>
        <time>2025-07-06T07:27:19.000Z</time>
      </trkpt>
      <trkpt lat="46.01454" lon="6.7619">
        <ele>1360.8</ele>
        <time>2025-07-06T07:27:34.000Z</time>
      </trkpt>
      <trkpt lat="46.01449" lon="6.76178">
        <ele>1360.8</ele>
        <time>2025-07-06T07:27:49.000Z</time>
      </trkpt>
      <trkpt lat="46.01443" lon="6.76168">
        <ele>1362.3</ele>
        <time>2025-07-06T07:28:05.000Z</time>
      </trkpt>
      <trkpt lat="46.01434" lon="6.76165">
        <ele>1370</ele>
        <time>2025-07-06T07:28:27.000Z</time>
      </trkpt>
      <trkpt lat="46.01428" lon="6.76156">
        <ele>1373.6</ele>
        <time>2025-07-06T07:28:44.000Z</time>
      </trkpt>
      <trkpt lat="46.01421" lon="6.76147">
        <ele>1377.9</ele>
        <time>2025-07-06T07:29:01.000Z</time>
      </trkpt>
      <trkpt lat="46.01413" lon="6.76141">
        <ele>1382.6</ele>
        <time>2025-07-06T07:29:16.000Z</time>
      </trkpt>
      <trkpt lat="46.01406" lon="6.7613">
        <ele>1381.8</ele>
        <time>2025-07-06T07:29:29.000Z</time>
      </trkpt>
      <trkpt lat="46.014" lon="6.76121">
        <ele>1380</ele>
        <time>2025-07-06T07:29:42.000Z</time>
      </trkpt>
      <trkpt lat="46.01392" lon="6.76115">
        <ele>1381.3</ele>
        <time>2025-07-06T07:29:57.000Z</time>
      </trkpt>
      <trkpt lat="46.01383" lon="6.76117">
        <ele>1390</ele>
        <time>2025-07-06T07:30:13.000Z</time>
      </trkpt>
      <trkpt lat="46.01373" lon="6.76113">
        <ele>1393.8</ele>
        <time>2025-07-06T07:30:24.000Z</time>
      </trkpt>
      <trkpt lat="46.01365" lon="6.76105">
        <ele>1394.9</ele>
        <time>2025-07-06T07:30:34.000Z</time>
      </trkpt>
      <trkpt lat="46.01361" lon="6.76093">
        <ele>1391.1</ele>
        <time>2025-07-06T07:30:47.000Z</time>
      </trkpt>
      <trkpt lat="46.01354" lon="6.76085">
        <ele>1391.1</ele>
        <time>2025-07-06T07:31:08.000Z</time>
      </trkpt>
      <trkpt lat="46.01352" lon="6.76072">
        <ele>1387.8</ele>
        <time>2025-07-06T07:31:28.000Z</time>
      </trkpt>
      <trkpt lat="46.01346" lon="6.76062">
        <ele>1388.5</ele>
        <time>2025-07-06T07:31:46.000Z</time>
      </trkpt>
      <trkpt lat="46.01341" lon="6.7605">
        <ele>1388.3</ele>
        <time>2025-07-06T07:32:05.000Z</time>
      </trkpt>
      <trkpt lat="46.01333" lon="6.76044">
        <ele>1391.5</ele>
        <time>2025-07-06T07:32:24.000Z</time>
      </trkpt>
      <trkpt lat="46.01325" lon="6.76037">
        <ele>1394</ele>
        <time>2025-07-06T07:32:37.000Z</time>
      </trkpt>
      <trkpt lat="46.01319" lon="6.76028">
        <ele>1395.5</ele>
        <time>2025-07-06T07:32:50.000Z</time>
      </trkpt>
      <trkpt lat="46.01311" lon="6.7602">
        <ele>1397.2</ele>
        <time>2025-07-06T07:33:01.000Z</time>
      </trkpt>
      <trkpt lat="46.01302" lon="6.76017">
        <ele>1400.8</ele>
        <time>2025-07-06T07:33:17.000Z</time>
      </trkpt>
      <trkpt lat="46.01294" lon="6.76011">
        <ele>1403</ele>
        <time>2025-07-06T07:33:32.000Z</time>
      </trkpt>
      <trkpt lat="46.01291" lon="6.75998">
        <ele>1401.4</ele>
        <time>2025-07-06T07:33:47.000Z</time>
      </trkpt>
      <trkpt lat="46.01287" lon="6.7601">
        <ele>1406.3</ele>
        <time>2025-07-06T07:35:16.000Z</time>
      </trkpt>
      <trkpt lat="46.01287" lon="6.76024">
        <ele>1409.6</ele>
        <time>2025-07-06T07:35:33.000Z</time>
      </trkpt>
      <trkpt lat="46.01284" lon="6.76036">
        <ele>1414.2</ele>
        <time>2025-07-06T07:35:53.000Z</time>
      </trkpt>
      <trkpt lat="46.01287" lon="6.76048">
        <ele>1415.9</ele>
        <time>2025-07-06T07:36:10.000Z</time>
      </trkpt>
      <trkpt lat="46.01278" lon="6.76051">
        <ele>1421.3</ele>
        <time>2025-07-06T07:36:18.000Z</time>
      </trkpt>
      <trkpt lat="46.01271" lon="6.76044">
        <ele>1423.5</ele>
        <time>2025-07-06T07:36:37.000Z</time>
      </trkpt>
      <trkpt lat="46.01263" lon="6.76036">
        <ele>1425.1</ele>
        <time>2025-07-06T07:37:07.000Z</time>
      </trkpt>
      <trkpt lat="46.01255" lon="6.76031">
        <ele>1428.3</ele>
        <time>2025-07-06T07:37:30.000Z</time>
      </trkpt>
      <trkpt lat="46.01246" lon="6.76027">
        <ele>1432.3</ele>
        <time>2025-07-06T07:37:51.000Z</time>
      </trkpt>
      <trkpt lat="46.01237" lon="6.76029">
        <ele>1438.2</ele>
        <time>2025-07-06T07:38:12.000Z</time>
      </trkpt>
      <trkpt lat="46.01228" lon="6.76028">
        <ele>1443.6</ele>
        <time>2025-07-06T07:38:34.000Z</time>
      </trkpt>
      <trkpt lat="46.01226" lon="6.76015">
        <ele>1441.8</ele>
        <time>2025-07-06T07:38:48.000Z</time>
      </trkpt>
      <trkpt lat="46.01226" lon="6.76002">
        <ele>1438.2</ele>
        <time>2025-07-06T07:39:08.000Z</time>
      </trkpt>
      <trkpt lat="46.01222" lon="6.76014">
        <ele>1443.8</ele>
        <time>2025-07-06T07:40:34.000Z</time>
      </trkpt>
      <trkpt lat="46.01217" lon="6.76025">
        <ele>1450.1</ele>
        <time>2025-07-06T07:40:51.000Z</time>
      </trkpt>
      <trkpt lat="46.01212" lon="6.76036">
        <ele>1456.7</ele>
        <time>2025-07-06T07:41:11.000Z</time>
      </trkpt>
      <trkpt lat="46.01209" lon="6.76049">
        <ele>1461.8</ele>
        <time>2025-07-06T07:41:33.000Z</time>
      </trkpt>
      <trkpt lat="46.01217" lon="6.76057">
        <ele>1459.1</ele>
        <time>2025-07-06T07:41:50.000Z</time>
      </trkpt>
      <trkpt lat="46.01221" lon="6.76069">
        <ele>1459.7</ele>
        <time>2025-07-06T07:42:02.000Z</time>
      </trkpt>
      <trkpt lat="46.01225" lon="6.76081">
        <ele>1460.6</ele>
        <time>2025-07-06T07:42:16.000Z</time>
      </trkpt>
      <trkpt lat="46.01227" lon="6.76094">
        <ele>1463.7</ele>
        <time>2025-07-06T07:42:31.000Z</time>
      </trkpt>
      <trkpt lat="46.01232" lon="6.76106">
        <ele>1464.5</ele>
        <time>2025-07-06T07:42:43.000Z</time>
      </trkpt>
      <trkpt lat="46.01237" lon="6.76117">
        <ele>1465.1</ele>
        <time>2025-07-06T07:42:55.000Z</time>
      </trkpt>
      <trkpt lat="46.01239" lon="6.76131">
        <ele>1468.2</ele>
        <time>2025-07-06T07:43:14.000Z</time>
      </trkpt>
      <trkpt lat="46.01242" lon="6.76143">
        <ele>1470.3</ele>
        <time>2025-07-06T07:43:30.000Z</time>
      </trkpt>
      <trkpt lat="46.01244" lon="6.76155">
        <ele>1473.4</ele>
        <time>2025-07-06T07:43:54.000Z</time>
      </trkpt>
      <trkpt lat="46.01246" lon="6.76168">
        <ele>1476.9</ele>
        <time>2025-07-06T07:44:14.000Z</time>
      </trkpt>
      <trkpt lat="46.01244" lon="6.76181">
        <ele>1482.7</ele>
        <time>2025-07-06T07:44:45.000Z</time>
      </trkpt>
      <trkpt lat="46.01253" lon="6.76183">
        <ele>1478.7</ele>
        <time>2025-07-06T07:45:01.000Z</time>
      </trkpt>
      <trkpt lat="46.01262" lon="6.76187">
        <ele>1477.2</ele>
        <time>2025-07-06T07:45:13.000Z</time>
      </trkpt>
      <trkpt lat="46.0127" lon="6.76193">
        <ele>1476.7</ele>
        <time>2025-07-06T07:45:22.000Z</time>
      </trkpt>
      <trkpt lat="46.01274" lon="6.76205">
        <ele>1481.4</ele>
        <time>2025-07-06T07:45:32.000Z</time>
      </trkpt>
      <trkpt lat="46.01283" lon="6.7621">
        <ele>1482.5</ele>
        <time>2025-07-06T07:45:43.000Z</time>
      </trkpt>
      <trkpt lat="46.01291" lon="6.76216">
        <ele>1484.3</ele>
        <time>2025-07-06T07:45:53.000Z</time>
      </trkpt>
      <trkpt lat="46.013" lon="6.76222">
        <ele>1485.8</ele>
        <time>2025-07-06T07:46:03.000Z</time>
      </trkpt>
      <trkpt lat="46.01309" lon="6.76228">
        <ele>1487</ele>
        <time>2025-07-06T07:46:15.000Z</time>
      </trkpt>
      <trkpt lat="46.01316" lon="6.76237">
        <ele>1488.7</ele>
        <time>2025-07-06T07:46:26.000Z</time>
      </trkpt>
      <trkpt lat="46.01323" lon="6.76247">
        <ele>1490.1</ele>
        <time>2025-07-06T07:46:35.000Z</time>
      </trkpt>
      <trkpt lat="46.01331" lon="6.76257">
        <ele>1490.5</ele>
        <time>2025-07-06T07:46:45.000Z</time>
      </trkpt>
      <trkpt lat="46.01334" lon="6.76268">
        <ele>1492.2</ele>
        <time>2025-07-06T07:46:53.000Z</time>
      </trkpt>
      <trkpt lat="46.01336" lon="6.76281">
        <ele>1494.5</ele>
        <time>2025-07-06T07:47:02.000Z</time>
      </trkpt>
      <trkpt lat="46.01341" lon="6.76293">
        <ele>1495.7</ele>
        <time>2025-07-06T07:47:12.000Z</time>
      </trkpt>
      <trkpt lat="46.01348" lon="6.76302">
        <ele>1494.5</ele>
        <time>2025-07-06T07:47:22.000Z</time>
      </trkpt>
      <trkpt lat="46.01355" lon="6.76312">
        <ele>1494.4</ele>
        <time>2025-07-06T07:47:33.000Z</time>
      </trkpt>
      <trkpt lat="46.01359" lon="6.76324">
        <ele>1495.9</ele>
        <time>2025-07-06T07:47:43.000Z</time>
      </trkpt>
      <trkpt lat="46.01362" lon="6.76338">
        <ele>1499</ele>
        <time>2025-07-06T07:47:54.000Z</time>
      </trkpt>
      <trkpt lat="46.01363" lon="6.76351">
        <ele>1502.2</ele>
        <time>2025-07-06T07:48:06.000Z</time>
      </trkpt>
      <trkpt lat="46.01369" lon="6.76363">
        <ele>1502.5</ele>
        <time>2025-07-06T07:48:18.000Z</time>
      </trkpt>
      <trkpt lat="46.01376" lon="6.7637">
        <ele>1499.8</ele>
        <time>2025-07-06T07:48:27.000Z</time>
      </trkpt>
      <trkpt lat="46.01382" lon="6.76381">
        <ele>1498.3</ele>
        <time>2025-07-06T07:48:37.000Z</time>
      </trkpt>
      <trkpt lat="46.01385" lon="6.76393">
        <ele>1499</ele>
        <time>2025-07-06T07:48:48.000Z</time>
      </trkpt>
      <trkpt lat="46.01382" lon="6.76406">
        <ele>1502.5</ele>
        <time>2025-07-06T07:48:59.000Z</time>
      </trkpt>
      <trkpt lat="46.0139" lon="6.76413">
        <ele>1500</ele>
        <time>2025-07-06T07:49:11.000Z</time>
      </trkpt>
      <trkpt lat="46.01396" lon="6.76424">
        <ele>1501.1</ele>
        <time>2025-07-06T07:49:24.000Z</time>
      </trkpt>
      <trkpt lat="46.01392" lon="6.76437">
        <ele>1505.5</ele>
        <time>2025-07-06T07:49:35.000Z</time>
      </trkpt>
      <trkpt lat="46.014" lon="6.76445">
        <ele>1506.1</ele>
        <time>2025-07-06T07:49:48.000Z</time>
      </trkpt>
      <trkpt lat="46.01407" lon="6.76453">
        <ele>1507.8</ele>
        <time>2025-07-06T07:50:00.000Z</time>
      </trkpt>
      <trkpt lat="46.01417" lon="6.76455">
        <ele>1506.8</ele>
        <time>2025-07-06T07:50:18.000Z</time>
      </trkpt>
      <trkpt lat="46.0142" lon="6.76467">
        <ele>1510.5</ele>
        <time>2025-07-06T07:50:32.000Z</time>
      </trkpt>
      <trkpt lat="46.01426" lon="6.76477">
        <ele>1513.2</ele>
        <time>2025-07-06T07:50:48.000Z</time>
      </trkpt>
      <trkpt lat="46.01433" lon="6.76486">
        <ele>1515.5</ele>
        <time>2025-07-06T07:51:09.000Z</time>
      </trkpt>
      <trkpt lat="46.0144" lon="6.76495">
        <ele>1518.9</ele>
        <time>2025-07-06T07:51:30.000Z</time>
      </trkpt>
      <trkpt lat="46.01439" lon="6.76508">
        <ele>1524.6</ele>
        <time>2025-07-06T07:51:49.000Z</time>
      </trkpt>
      <trkpt lat="46.01433" lon="6.76518">
        <ele>1528.4</ele>
        <time>2025-07-06T07:52:11.000Z</time>
      </trkpt>
      <trkpt lat="46.01427" lon="6.76528">
        <ele>1531.8</ele>
        <time>2025-07-06T07:52:30.000Z</time>
      </trkpt>
      <trkpt lat="46.01418" lon="6.76533">
        <ele>1533</ele>
        <time>2025-07-06T07:52:49.000Z</time>
      </trkpt>
      <trkpt lat="46.0141" lon="6.7654">
        <ele>1537.1</ele>
        <time>2025-07-06T07:53:11.000Z</time>
      </trkpt>
      <trkpt lat="46.01401" lon="6.76536">
        <ele>1537.8</ele>
        <time>2025-07-06T07:53:36.000Z</time>
      </trkpt>
      <trkpt lat="46.01392" lon="6.76538">
        <ele>1540.2</ele>
        <time>2025-07-06T07:53:59.000Z</time>
      </trkpt>
      <trkpt lat="46.01382" lon="6.76537">
        <ele>1542.2</ele>
        <time>2025-07-06T07:54:16.000Z</time>
      </trkpt>
      <trkpt lat="46.01387" lon="6.76548">
        <ele>1544.5</ele>
        <time>2025-07-06T07:54:42.000Z</time>
      </trkpt>
      <trkpt lat="46.01378" lon="6.76555">
        <ele>1548.6</ele>
        <time>2025-07-06T07:55:10.000Z</time>
      </trkpt>
      <trkpt lat="46.01369" lon="6.76554">
        <ele>1550.5</ele>
        <time>2025-07-06T07:55:29.000Z</time>
      </trkpt>
      <trkpt lat="46.01369" lon="6.76567">
        <ele>1554.7</ele>
        <time>2025-07-06T07:56:05.000Z</time>
      </trkpt>
      <trkpt lat="46.01374" lon="6.76578">
        <ele>1557.1</ele>
        <time>2025-07-06T07:56:23.000Z</time>
      </trkpt>
      <trkpt lat="46.01378" lon="6.7659">
        <ele>1559.4</ele>
        <time>2025-07-06T07:56:40.000Z</time>
      </trkpt>
      <trkpt lat="46.0138" lon="6.76603">
        <ele>1562.6</ele>
        <time>2025-07-06T07:56:55.000Z</time>
      </trkpt>
      <trkpt lat="46.0139" lon="6.76603">
        <ele>1560.8</ele>
        <time>2025-07-06T07:57:10.000Z</time>
      </trkpt>
      <trkpt lat="46.01397" lon="6.76612">
        <ele>1564</ele>
        <time>2025-07-06T07:57:26.000Z</time>
      </trkpt>
      <trkpt lat="46.01403" lon="6.76623">
        <ele>1568.9</ele>
        <time>2025-07-06T07:57:49.000Z</time>
      </trkpt>
      <trkpt lat="46.01411" lon="6.76627">
        <ele>1570.6</ele>
        <time>2025-07-06T07:58:05.000Z</time>
      </trkpt>
      <trkpt lat="46.0142" lon="6.76631">
        <ele>1572.6</ele>
        <time>2025-07-06T07:58:22.000Z</time>
      </trkpt>
      <trkpt lat="46.01428" lon="6.76638">
        <ele>1575.9</ele>
        <time>2025-07-06T07:58:47.000Z</time>
      </trkpt>
      <trkpt lat="46.01437" lon="6.7664">
        <ele>1577.8</ele>
        <time>2025-07-06T07:59:02.000Z</time>
      </trkpt>
      <trkpt lat="46.01446" lon="6.76641">
        <ele>1578.8</ele>
        <time>2025-07-06T07:59:14.000Z</time>
      </trkpt>
      <trkpt lat="46.01455" lon="6.76641">
        <ele>1579.6</ele>
        <time>2025-07-06T07:59:26.000Z</time>
      </trkpt>
      <trkpt lat="46.01465" lon="6.76639">
        <ele>1579.5</ele>
        <time>2025-07-06T07:59:41.000Z</time>
      </trkpt>
      <trkpt lat="46.01468" lon="6.76652">
        <ele>1584.3</ele>
        <time>2025-07-06T08:00:15.000Z</time>
      </trkpt>
      <trkpt lat="46.01473" lon="6.76663">
        <ele>1588.5</ele>
        <time>2025-07-06T08:00:59.000Z</time>
      </trkpt>
      <trkpt lat="46.0147" lon="6.76676">
        <ele>1592.5</ele>
        <time>2025-07-06T08:01:28.000Z</time>
      </trkpt>
      <trkpt lat="46.0147" lon="6.76689">
        <ele>1596.4</ele>
        <time>2025-07-06T08:01:52.000Z</time>
      </trkpt>
      <trkpt lat="46.01463" lon="6.76698">
        <ele>1598.9</ele>
        <time>2025-07-06T08:02:15.000Z</time>
      </trkpt>
      <trkpt lat="46.0147" lon="6.76707">
        <ele>1601.3</ele>
        <time>2025-07-06T08:02:29.000Z</time>
      </trkpt>
      <trkpt lat="46.01475" lon="6.76718">
        <ele>1603.4</ele>
        <time>2025-07-06T08:02:41.000Z</time>
      </trkpt>
      <trkpt lat="46.01479" lon="6.7673">
        <ele>1605.7</ele>
        <time>2025-07-06T08:02:55.000Z</time>
      </trkpt>
      <trkpt lat="46.01484" lon="6.76741">
        <ele>1608</ele>
        <time>2025-07-06T08:03:10.000Z</time>
      </trkpt>
      <trkpt lat="46.01491" lon="6.76749">
        <ele>1609</ele>
        <time>2025-07-06T08:03:25.000Z</time>
      </trkpt>
      <trkpt lat="46.01497" lon="6.76759">
        <ele>1610.4</ele>
        <time>2025-07-06T08:03:43.000Z</time>
      </trkpt>
      <trkpt lat="46.01498" lon="6.76772">
        <ele>1613.1</ele>
        <time>2025-07-06T08:04:00.000Z</time>
      </trkpt>
      <trkpt lat="46.01501" lon="6.76785">
        <ele>1615.1</ele>
        <time>2025-07-06T08:04:16.000Z</time>
      </trkpt>
      <trkpt lat="46.01505" lon="6.76797">
        <ele>1616.6</ele>
        <time>2025-07-06T08:04:33.000Z</time>
      </trkpt>
      <trkpt lat="46.01496" lon="6.76799">
        <ele>1619.5</ele>
        <time>2025-07-06T08:04:53.000Z</time>
      </trkpt>
      <trkpt lat="46.01487" lon="6.76804">
        <ele>1622.5</ele>
        <time>2025-07-06T08:05:17.000Z</time>
      </trkpt>
      <trkpt lat="46.0148" lon="6.76812">
        <ele>1626.2</ele>
        <time>2025-07-06T08:05:39.000Z</time>
      </trkpt>
      <trkpt lat="46.01478" lon="6.76825">
        <ele>1630.2</ele>
        <time>2025-07-06T08:06:05.000Z</time>
      </trkpt>
      <trkpt lat="46.01481" lon="6.76838">
        <ele>1632.9</ele>
        <time>2025-07-06T08:06:22.000Z</time>
      </trkpt>
      <trkpt lat="46.01486" lon="6.76849">
        <ele>1634.6</ele>
        <time>2025-07-06T08:06:39.000Z</time>
      </trkpt>
      <trkpt lat="46.01489" lon="6.76861">
        <ele>1637.2</ele>
        <time>2025-07-06T08:06:53.000Z</time>
      </trkpt>
      <trkpt lat="46.01493" lon="6.76874">
        <ele>1639.7</ele>
        <time>2025-07-06T08:07:08.000Z</time>
      </trkpt>
      <trkpt lat="46.01495" lon="6.76887">
        <ele>1642.7</ele>
        <time>2025-07-06T08:07:27.000Z</time>
      </trkpt>
      <trkpt lat="46.01499" lon="6.76899">
        <ele>1644.8</ele>
        <time>2025-07-06T08:07:43.000Z</time>
      </trkpt>
      <trkpt lat="46.01502" lon="6.76912">
        <ele>1647.3</ele>
        <time>2025-07-06T08:08:05.000Z</time>
      </trkpt>
      <trkpt lat="46.01506" lon="6.76924">
        <ele>1649.7</ele>
        <time>2025-07-06T08:08:23.000Z</time>
      </trkpt>
      <trkpt lat="46.0151" lon="6.76936">
        <ele>1651.8</ele>
        <time>2025-07-06T08:08:41.000Z</time>
      </trkpt>
      <trkpt lat="46.01512" lon="6.76948">
        <ele>1654.6</ele>
        <time>2025-07-06T08:09:04.000Z</time>
      </trkpt>
      <trkpt lat="46.01515" lon="6.76961">
        <ele>1657.3</ele>
        <time>2025-07-06T08:09:23.000Z</time>
      </trkpt>
      <trkpt lat="46.01516" lon="6.76974">
        <ele>1661</ele>
        <time>2025-07-06T08:09:51.000Z</time>
      </trkpt>
      <trkpt lat="46.0152" lon="6.76986">
        <ele>1663.3</ele>
        <time>2025-07-06T08:10:11.000Z</time>
      </trkpt>
      <trkpt lat="46.01526" lon="6.76996">
        <ele>1664.3</ele>
        <time>2025-07-06T08:10:28.000Z</time>
      </trkpt>
      <trkpt lat="46.01525" lon="6.77009">
        <ele>1668.3</ele>
        <time>2025-07-06T08:10:47.000Z</time>
      </trkpt>
      <trkpt lat="46.01526" lon="6.77022">
        <ele>1671.3</ele>
        <time>2025-07-06T08:11:24.000Z</time>
      </trkpt>
      <trkpt lat="46.01531" lon="6.77033">
        <ele>1672.9</ele>
        <time>2025-07-06T08:11:45.000Z</time>
      </trkpt>
      <trkpt lat="46.01533" lon="6.77046">
        <ele>1676.8</ele>
        <time>2025-07-06T08:12:07.000Z</time>
      </trkpt>
      <trkpt lat="46.01524" lon="6.7705">
        <ele>1680.6</ele>
        <time>2025-07-06T08:12:33.000Z</time>
      </trkpt>
      <trkpt lat="46.01526" lon="6.77063">
        <ele>1684</ele>
        <time>2025-07-06T08:12:59.000Z</time>
      </trkpt>
      <trkpt lat="46.0153" lon="6.77075">
        <ele>1687</ele>
        <time>2025-07-06T08:13:17.000Z</time>
      </trkpt>
      <trkpt lat="46.01533" lon="6.77088">
        <ele>1689.9</ele>
        <time>2025-07-06T08:13:29.000Z</time>
      </trkpt>
      <trkpt lat="46.01542" lon="6.77082">
        <ele>1686.1</ele>
        <time>2025-07-06T08:13:44.000Z</time>
      </trkpt>
      <trkpt lat="46.01551" lon="6.77085">
        <ele>1684.7</ele>
        <time>2025-07-06T08:13:54.000Z</time>
      </trkpt>
      <trkpt lat="46.01559" lon="6.77094">
        <ele>1685.6</ele>
        <time>2025-07-06T08:14:07.000Z</time>
      </trkpt>
      <trkpt lat="46.01565" lon="6.77104">
        <ele>1687.3</ele>
        <time>2025-07-06T08:14:19.000Z</time>
      </trkpt>
      <trkpt lat="46.01569" lon="6.77116">
        <ele>1689.9</ele>
        <time>2025-07-06T08:14:32.000Z</time>
      </trkpt>
      <trkpt lat="46.01579" lon="6.77117">
        <ele>1688.7</ele>
        <time>2025-07-06T08:14:53.000Z</time>
      </trkpt>
      <trkpt lat="46.01586" lon="6.77124">
        <ele>1690</ele>
        <time>2025-07-06T08:15:04.000Z</time>
      </trkpt>
      <trkpt lat="46.01595" lon="6.7713">
        <ele>1691.1</ele>
        <time>2025-07-06T08:15:17.000Z</time>
      </trkpt>
      <trkpt lat="46.01603" lon="6.77136">
        <ele>1692</ele>
        <time>2025-07-06T08:15:31.000Z</time>
      </trkpt>
      <trkpt lat="46.0161" lon="6.77143">
        <ele>1693.3</ele>
        <time>2025-07-06T08:15:44.000Z</time>
      </trkpt>
      <trkpt lat="46.01617" lon="6.77153">
        <ele>1694.9</ele>
        <time>2025-07-06T08:15:56.000Z</time>
      </trkpt>
      <trkpt lat="46.01621" lon="6.77165">
        <ele>1697.7</ele>
        <time>2025-07-06T08:16:10.000Z</time>
      </trkpt>
      <trkpt lat="46.01624" lon="6.77177">
        <ele>1700.4</ele>
        <time>2025-07-06T08:16:27.000Z</time>
      </trkpt>
      <trkpt lat="46.01628" lon="6.77188">
        <ele>1702.4</ele>
        <time>2025-07-06T08:16:44.000Z</time>
      </trkpt>
      <trkpt lat="46.01631" lon="6.77201">
        <ele>1704.8</ele>
        <time>2025-07-06T08:17:00.000Z</time>
      </trkpt>
      <trkpt lat="46.01632" lon="6.77214">
        <ele>1707.7</ele>
        <time>2025-07-06T08:17:19.000Z</time>
      </trkpt>
      <trkpt lat="46.01631" lon="6.77227">
        <ele>1711.2</ele>
        <time>2025-07-06T08:17:44.000Z</time>
      </trkpt>
      <trkpt lat="46.01631" lon="6.77241">
        <ele>1714.6</ele>
        <time>2025-07-06T08:18:04.000Z</time>
      </trkpt>
      <trkpt lat="46.01637" lon="6.77251">
        <ele>1715.9</ele>
        <time>2025-07-06T08:18:19.000Z</time>
      </trkpt>
      <trkpt lat="46.01631" lon="6.77262">
        <ele>1719.2</ele>
        <time>2025-07-06T08:18:37.000Z</time>
      </trkpt>
      <trkpt lat="46.01623" lon="6.77267">
        <ele>1722.9</ele>
        <time>2025-07-06T08:18:55.000Z</time>
      </trkpt>
      <trkpt lat="46.01619" lon="6.77279">
        <ele>1726.4</ele>
        <time>2025-07-06T08:19:20.000Z</time>
      </trkpt>
      <trkpt lat="46.01613" lon="6.77289">
        <ele>1730.5</ele>
        <time>2025-07-06T08:19:38.000Z</time>
      </trkpt>
      <trkpt lat="46.01618" lon="6.773">
        <ele>1730.8</ele>
        <time>2025-07-06T08:19:54.000Z</time>
      </trkpt>
      <trkpt lat="46.01627" lon="6.77306">
        <ele>1729</ele>
        <time>2025-07-06T08:20:09.000Z</time>
      </trkpt>
      <trkpt lat="46.0163" lon="6.77319">
        <ele>1731.1</ele>
        <time>2025-07-06T08:20:24.000Z</time>
      </trkpt>
      <trkpt lat="46.01631" lon="6.77332">
        <ele>1733.8</ele>
        <time>2025-07-06T08:20:41.000Z</time>
      </trkpt>
      <trkpt lat="46.01634" lon="6.77344">
        <ele>1735.3</ele>
        <time>2025-07-06T08:20:58.000Z</time>
      </trkpt>
      <trkpt lat="46.01636" lon="6.77357">
        <ele>1737.4</ele>
        <time>2025-07-06T08:21:10.000Z</time>
      </trkpt>
      <trkpt lat="46.01641" lon="6.77368">
        <ele>1737.1</ele>
        <time>2025-07-06T08:21:22.000Z</time>
      </trkpt>
      <trkpt lat="46.01638" lon="6.77381">
        <ele>1741.1</ele>
        <time>2025-07-06T08:21:35.000Z</time>
      </trkpt>
      <trkpt lat="46.01641" lon="6.77393">
        <ele>1742.2</ele>
        <time>2025-07-06T08:21:55.000Z</time>
      </trkpt>
      <trkpt lat="46.01645" lon="6.77405">
        <ele>1745</ele>
        <time>2025-07-06T08:22:19.000Z</time>
      </trkpt>
      <trkpt lat="46.01651" lon="6.77415">
        <ele>1745.2</ele>
        <time>2025-07-06T08:22:36.000Z</time>
      </trkpt>
      <trkpt lat="46.01656" lon="6.77426">
        <ele>1745.4</ele>
        <time>2025-07-06T08:22:59.000Z</time>
      </trkpt>
      <trkpt lat="46.01658" lon="6.77439">
        <ele>1746.9</ele>
        <time>2025-07-06T08:23:15.000Z</time>
      </trkpt>
      <trkpt lat="46.01658" lon="6.77453">
        <ele>1749.7</ele>
        <time>2025-07-06T08:23:33.000Z</time>
      </trkpt>
      <trkpt lat="46.01657" lon="6.77466">
        <ele>1753.5</ele>
        <time>2025-07-06T08:23:44.000Z</time>
      </trkpt>
      <trkpt lat="46.01659" lon="6.77479">
        <ele>1754.8</ele>
        <time>2025-07-06T08:24:03.000Z</time>
      </trkpt>
      <trkpt lat="46.01665" lon="6.7749">
        <ele>1753.4</ele>
        <time>2025-07-06T08:24:18.000Z</time>
      </trkpt>
      <trkpt lat="46.01667" lon="6.77503">
        <ele>1754.5</ele>
        <time>2025-07-06T08:24:32.000Z</time>
      </trkpt>
      <trkpt lat="46.01669" lon="6.77517">
        <ele>1756.8</ele>
        <time>2025-07-06T08:24:44.000Z</time>
      </trkpt>
      <trkpt lat="46.01674" lon="6.77528">
        <ele>1757</ele>
        <time>2025-07-06T08:24:56.000Z</time>
      </trkpt>
      <trkpt lat="46.01672" lon="6.77541">
        <ele>1761.3</ele>
        <time>2025-07-06T08:25:13.000Z</time>
      </trkpt>
      <trkpt lat="46.01675" lon="6.77553">
        <ele>1762.3</ele>
        <time>2025-07-06T08:25:33.000Z</time>
      </trkpt>
      <trkpt lat="46.0168" lon="6.77565">
        <ele>1763.1</ele>
        <time>2025-07-06T08:25:52.000Z</time>
      </trkpt>
      <trkpt lat="46.01683" lon="6.77578">
        <ele>1764.8</ele>
        <time>2025-07-06T08:26:06.000Z</time>
      </trkpt>
      <trkpt lat="46.01687" lon="6.7759">
        <ele>1765.9</ele>
        <time>2025-07-06T08:26:17.000Z</time>
      </trkpt>
      <trkpt lat="46.0169" lon="6.77602">
        <ele>1766.8</ele>
        <time>2025-07-06T08:26:29.000Z</time>
      </trkpt>
      <trkpt lat="46.01692" lon="6.77615">
        <ele>1767.5</ele>
        <time>2025-07-06T08:26:43.000Z</time>
      </trkpt>
      <trkpt lat="46.01692" lon="6.77628">
        <ele>1767.8</ele>
        <time>2025-07-06T08:26:57.000Z</time>
      </trkpt>
      <trkpt lat="46.01688" lon="6.7764">
        <ele>1770.3</ele>
        <time>2025-07-06T08:27:27.000Z</time>
      </trkpt>
      <trkpt lat="46.01683" lon="6.77653">
        <ele>1771.7</ele>
        <time>2025-07-06T08:27:40.000Z</time>
      </trkpt>
      <trkpt lat="46.01681" lon="6.77666">
        <ele>1771.3</ele>
        <time>2025-07-06T08:27:50.000Z</time>
      </trkpt>
      <trkpt lat="46.01678" lon="6.77679">
        <ele>1771.5</ele>
        <time>2025-07-06T08:28:00.000Z</time>
      </trkpt>
      <trkpt lat="46.01677" lon="6.77693">
        <ele>1770.6</ele>
        <time>2025-07-06T08:28:11.000Z</time>
      </trkpt>
      <trkpt lat="46.01674" lon="6.77706">
        <ele>1772.1</ele>
        <time>2025-07-06T08:28:21.000Z</time>
      </trkpt>
      <trkpt lat="46.01674" lon="6.77719">
        <ele>1772.1</ele>
        <time>2025-07-06T08:28:32.000Z</time>
      </trkpt>
      <trkpt lat="46.01674" lon="6.77733">
        <ele>1773.6</ele>
        <time>2025-07-06T08:28:43.000Z</time>
      </trkpt>
      <trkpt lat="46.01672" lon="6.77746">
        <ele>1776.1</ele>
        <time>2025-07-06T08:28:54.000Z</time>
      </trkpt>
      <trkpt lat="46.01669" lon="6.77758">
        <ele>1779.9</ele>
        <time>2025-07-06T08:29:09.000Z</time>
      </trkpt>
      <trkpt lat="46.01665" lon="6.7777">
        <ele>1783.3</ele>
        <time>2025-07-06T08:29:32.000Z</time>
      </trkpt>
      <trkpt lat="46.01661" lon="6.77782">
        <ele>1786.2</ele>
        <time>2025-07-06T08:30:02.000Z</time>
      </trkpt>
      <trkpt lat="46.01655" lon="6.77792">
        <ele>1789.9</ele>
        <time>2025-07-06T08:30:28.000Z</time>
      </trkpt>
      <trkpt lat="46.0165" lon="6.77803">
        <ele>1792.3</ele>
        <time>2025-07-06T08:30:53.000Z</time>
      </trkpt>
      <trkpt lat="46.01645" lon="6.77814">
        <ele>1794</ele>
        <time>2025-07-06T08:31:14.000Z</time>
      </trkpt>
      <trkpt lat="46.01644" lon="6.77828">
        <ele>1793.8</ele>
        <time>2025-07-06T08:31:34.000Z</time>
      </trkpt>
      <trkpt lat="46.01639" lon="6.7784">
        <ele>1793.5</ele>
        <time>2025-07-06T08:32:59.000Z</time>
      </trkpt>
      <trkpt lat="46.01631" lon="6.77846">
        <ele>1793.7</ele>
        <time>2025-07-06T08:33:10.000Z</time>
      </trkpt>
      <trkpt lat="46.01622" lon="6.77851">
        <ele>1793.8</ele>
        <time>2025-07-06T08:33:20.000Z</time>
      </trkpt>
      <trkpt lat="46.01613" lon="6.77855">
        <ele>1793.8</ele>
        <time>2025-07-06T08:33:30.000Z</time>
      </trkpt>
      <trkpt lat="46.01603" lon="6.77857">
        <ele>1793.9</ele>
        <time>2025-07-06T08:33:40.000Z</time>
      </trkpt>
      <trkpt lat="46.01593" lon="6.77853">
        <ele>1794.6</ele>
        <time>2025-07-06T08:33:51.000Z</time>
      </trkpt>
      <trkpt lat="46.01584" lon="6.7785">
        <ele>1795.2</ele>
        <time>2025-07-06T08:34:27.000Z</time>
      </trkpt>
      <trkpt lat="46.01575" lon="6.77848">
        <ele>1795.9</ele>
        <time>2025-07-06T08:34:35.000Z</time>
      </trkpt>
      <trkpt lat="46.01566" lon="6.77848">
        <ele>1796.3</ele>
        <time>2025-07-06T08:34:43.000Z</time>
      </trkpt>
      <trkpt lat="46.01556" lon="6.7785">
        <ele>1796.7</ele>
        <time>2025-07-06T08:34:52.000Z</time>
      </trkpt>
      <trkpt lat="46.01546" lon="6.77851">
        <ele>1797.7</ele>
        <time>2025-07-06T08:35:01.000Z</time>
      </trkpt>
      <trkpt lat="46.01536" lon="6.7785">
        <ele>1799.1</ele>
        <time>2025-07-06T08:35:10.000Z</time>
      </trkpt>
      <trkpt lat="46.01527" lon="6.77852">
        <ele>1800</ele>
        <time>2025-07-06T08:35:19.000Z</time>
      </trkpt>
      <trkpt lat="46.01523" lon="6.77864">
        <ele>1798.9</ele>
        <time>2025-07-06T08:35:30.000Z</time>
      </trkpt>
      <trkpt lat="46.01515" lon="6.77872">
        <ele>1798.3</ele>
        <time>2025-07-06T08:35:39.000Z</time>
      </trkpt>
      <trkpt lat="46.01505" lon="6.77871">
        <ele>1798.5</ele>
        <time>2025-07-06T08:35:47.000Z</time>
      </trkpt>
      <trkpt lat="46.01495" lon="6.77875">
        <ele>1798.3</ele>
        <time>2025-07-06T08:35:55.000Z</time>
      </trkpt>
      <trkpt lat="46.01489" lon="6.77884">
        <ele>1797.7</ele>
        <time>2025-07-06T08:36:02.000Z</time>
      </trkpt>
      <trkpt lat="46.01481" lon="6.77892">
        <ele>1797.5</ele>
        <time>2025-07-06T08:36:12.000Z</time>
      </trkpt>
      <trkpt lat="46.01473" lon="6.779">
        <ele>1796.9</ele>
        <time>2025-07-06T08:36:24.000Z</time>
      </trkpt>
      <trkpt lat="46.01464" lon="6.77905">
        <ele>1794.2</ele>
        <time>2025-07-06T08:37:08.000Z</time>
      </trkpt>
      <trkpt lat="46.01455" lon="6.77905">
        <ele>1792.1</ele>
        <time>2025-07-06T08:37:22.000Z</time>
      </trkpt>
      <trkpt lat="46.01446" lon="6.77905">
        <ele>1790.1</ele>
        <time>2025-07-06T08:37:36.000Z</time>
      </trkpt>
      <trkpt lat="46.01437" lon="6.77903">
        <ele>1788.3</ele>
        <time>2025-07-06T08:37:46.000Z</time>
      </trkpt>
      <trkpt lat="46.01427" lon="6.779">
        <ele>1786.2</ele>
        <time>2025-07-06T08:37:56.000Z</time>
      </trkpt>
      <trkpt lat="46.01418" lon="6.77901">
        <ele>1783.4</ele>
        <time>2025-07-06T08:38:05.000Z</time>
      </trkpt>
      <trkpt lat="46.01408" lon="6.77903">
        <ele>1780.3</ele>
        <time>2025-07-06T08:38:15.000Z</time>
      </trkpt>
      <trkpt lat="46.01399" lon="6.77904">
        <ele>1777.5</ele>
        <time>2025-07-06T08:38:25.000Z</time>
      </trkpt>
      <trkpt lat="46.0139" lon="6.77903">
        <ele>1775.5</ele>
        <time>2025-07-06T08:38:34.000Z</time>
      </trkpt>
      <trkpt lat="46.01382" lon="6.77896">
        <ele>1776.2</ele>
        <time>2025-07-06T08:38:44.000Z</time>
      </trkpt>
      <trkpt lat="46.01373" lon="6.77894">
        <ele>1774.8</ele>
        <time>2025-07-06T08:38:55.000Z</time>
      </trkpt>
      <trkpt lat="46.01364" lon="6.77895">
        <ele>1772.5</ele>
        <time>2025-07-06T08:39:05.000Z</time>
      </trkpt>
      <trkpt lat="46.01354" lon="6.77899">
        <ele>1769.5</ele>
        <time>2025-07-06T08:39:16.000Z</time>
      </trkpt>
      <trkpt lat="46.01345" lon="6.77899">
        <ele>1768.1</ele>
        <time>2025-07-06T08:39:27.000Z</time>
      </trkpt>
      <trkpt lat="46.01336" lon="6.779">
        <ele>1766.6</ele>
        <time>2025-07-06T08:39:39.000Z</time>
      </trkpt>
      <trkpt lat="46.01327" lon="6.77904">
        <ele>1765.5</ele>
        <time>2025-07-06T08:39:52.000Z</time>
      </trkpt>
      <trkpt lat="46.01318" lon="6.77909">
        <ele>1764.9</ele>
        <time>2025-07-06T08:40:01.000Z</time>
      </trkpt>
      <trkpt lat="46.01311" lon="6.77917">
        <ele>1763.6</ele>
        <time>2025-07-06T08:40:09.000Z</time>
      </trkpt>
      <trkpt lat="46.01305" lon="6.77927">
        <ele>1762.3</ele>
        <time>2025-07-06T08:40:18.000Z</time>
      </trkpt>
      <trkpt lat="46.013" lon="6.77938">
        <ele>1760.4</ele>
        <time>2025-07-06T08:40:28.000Z</time>
      </trkpt>
      <trkpt lat="46.01295" lon="6.7795">
        <ele>1758.5</ele>
        <time>2025-07-06T08:40:40.000Z</time>
      </trkpt>
      <trkpt lat="46.01288" lon="6.77958">
        <ele>1757.3</ele>
        <time>2025-07-06T08:40:50.000Z</time>
      </trkpt>
      <trkpt lat="46.01282" lon="6.77968">
        <ele>1755.7</ele>
        <time>2025-07-06T08:41:02.000Z</time>
      </trkpt>
      <trkpt lat="46.0128" lon="6.77981">
        <ele>1753.7</ele>
        <time>2025-07-06T08:41:18.000Z</time>
      </trkpt>
      <trkpt lat="46.01276" lon="6.77993">
        <ele>1751.9</ele>
        <time>2025-07-06T08:41:30.000Z</time>
      </trkpt>
      <trkpt lat="46.01269" lon="6.78002">
        <ele>1750.4</ele>
        <time>2025-07-06T08:41:44.000Z</time>
      </trkpt>
      <trkpt lat="46.01268" lon="6.78015">
        <ele>1748.4</ele>
        <time>2025-07-06T08:41:59.000Z</time>
      </trkpt>
      <trkpt lat="46.01265" lon="6.78028">
        <ele>1746.5</ele>
        <time>2025-07-06T08:42:10.000Z</time>
      </trkpt>
      <trkpt lat="46.01256" lon="6.78035">
        <ele>1745.7</ele>
        <time>2025-07-06T08:42:19.000Z</time>
      </trkpt>
      <trkpt lat="46.01249" lon="6.78043">
        <ele>1744.9</ele>
        <time>2025-07-06T08:42:28.000Z</time>
      </trkpt>
      <trkpt lat="46.01241" lon="6.7805">
        <ele>1744.1</ele>
        <time>2025-07-06T08:42:36.000Z</time>
      </trkpt>
      <trkpt lat="46.01232" lon="6.78056">
        <ele>1743.3</ele>
        <time>2025-07-06T08:42:45.000Z</time>
      </trkpt>
      <trkpt lat="46.01223" lon="6.78063">
        <ele>1742.7</ele>
        <time>2025-07-06T08:42:54.000Z</time>
      </trkpt>
      <trkpt lat="46.01214" lon="6.78072">
        <ele>1742.5</ele>
        <time>2025-07-06T08:43:02.000Z</time>
      </trkpt>
      <trkpt lat="46.01207" lon="6.78081">
        <ele>1742.1</ele>
        <time>2025-07-06T08:43:09.000Z</time>
      </trkpt>
      <trkpt lat="46.01199" lon="6.7809">
        <ele>1741.8</ele>
        <time>2025-07-06T08:43:17.000Z</time>
      </trkpt>
      <trkpt lat="46.0119" lon="6.78095">
        <ele>1742.1</ele>
        <time>2025-07-06T08:43:25.000Z</time>
      </trkpt>
      <trkpt lat="46.01186" lon="6.78106">
        <ele>1742.2</ele>
        <time>2025-07-06T08:43:32.000Z</time>
      </trkpt>
      <trkpt lat="46.01181" lon="6.78118">
        <ele>1742.4</ele>
        <time>2025-07-06T08:43:43.000Z</time>
      </trkpt>
      <trkpt lat="46.01173" lon="6.78125">
        <ele>1743.6</ele>
        <time>2025-07-06T08:43:53.000Z</time>
      </trkpt>
      <trkpt lat="46.01164" lon="6.78129">
        <ele>1744.7</ele>
        <time>2025-07-06T08:44:03.000Z</time>
      </trkpt>
      <trkpt lat="46.01155" lon="6.78134">
        <ele>1745.2</ele>
        <time>2025-07-06T08:44:13.000Z</time>
      </trkpt>
      <trkpt lat="46.01146" lon="6.78136">
        <ele>1745.6</ele>
        <time>2025-07-06T08:44:24.000Z</time>
      </trkpt>
      <trkpt lat="46.01141" lon="6.78147">
        <ele>1746.7</ele>
        <time>2025-07-06T08:44:37.000Z</time>
      </trkpt>
      <trkpt lat="46.01132" lon="6.7815">
        <ele>1747.1</ele>
        <time>2025-07-06T08:44:53.000Z</time>
      </trkpt>
      <trkpt lat="46.01125" lon="6.78159">
        <ele>1748</ele>
        <time>2025-07-06T08:45:05.000Z</time>
      </trkpt>
      <trkpt lat="46.01121" lon="6.78171">
        <ele>1749.1</ele>
        <time>2025-07-06T08:45:14.000Z</time>
      </trkpt>
      <trkpt lat="46.01117" lon="6.78183">
        <ele>1749.8</ele>
        <time>2025-07-06T08:45:25.000Z</time>
      </trkpt>
      <trkpt lat="46.01113" lon="6.78195">
        <ele>1750.8</ele>
        <time>2025-07-06T08:45:34.000Z</time>
      </trkpt>
      <trkpt lat="46.01105" lon="6.78202">
        <ele>1751.4</ele>
        <time>2025-07-06T08:45:45.000Z</time>
      </trkpt>
      <trkpt lat="46.01096" lon="6.78203">
        <ele>1751.9</ele>
        <time>2025-07-06T08:45:56.000Z</time>
      </trkpt>
      <trkpt lat="46.0109" lon="6.78213">
        <ele>1752</ele>
        <time>2025-07-06T08:46:08.000Z</time>
      </trkpt>
      <trkpt lat="46.01084" lon="6.78223">
        <ele>1752</ele>
        <time>2025-07-06T08:46:18.000Z</time>
      </trkpt>
      <trkpt lat="46.01075" lon="6.7823">
        <ele>1751.9</ele>
        <time>2025-07-06T08:46:27.000Z</time>
      </trkpt>
      <trkpt lat="46.01068" lon="6.78238">
        <ele>1751.6</ele>
        <time>2025-07-06T08:46:36.000Z</time>
      </trkpt>
      <trkpt lat="46.01061" lon="6.78247">
        <ele>1751.2</ele>
        <time>2025-07-06T08:46:46.000Z</time>
      </trkpt>
      <trkpt lat="46.01052" lon="6.78253">
        <ele>1750.7</ele>
        <time>2025-07-06T08:46:55.000Z</time>
      </trkpt>
      <trkpt lat="46.01045" lon="6.78261">
        <ele>1750</ele>
        <time>2025-07-06T08:47:07.000Z</time>
      </trkpt>
      <trkpt lat="46.01038" lon="6.78271">
        <ele>1748.9</ele>
        <time>2025-07-06T08:47:21.000Z</time>
      </trkpt>
      <trkpt lat="46.01034" lon="6.78282">
        <ele>1747.8</ele>
        <time>2025-07-06T08:47:33.000Z</time>
      </trkpt>
      <trkpt lat="46.01028" lon="6.78293">
        <ele>1747.5</ele>
        <time>2025-07-06T08:47:44.000Z</time>
      </trkpt>
      <trkpt lat="46.01021" lon="6.78304">
        <ele>1747.1</ele>
        <time>2025-07-06T08:47:53.000Z</time>
      </trkpt>
      <trkpt lat="46.01017" lon="6.78316">
        <ele>1746.9</ele>
        <time>2025-07-06T08:48:01.000Z</time>
      </trkpt>
      <trkpt lat="46.01012" lon="6.78327">
        <ele>1746.5</ele>
        <time>2025-07-06T08:48:10.000Z</time>
      </trkpt>
      <trkpt lat="46.01004" lon="6.78336">
        <ele>1746.4</ele>
        <time>2025-07-06T08:48:19.000Z</time>
      </trkpt>
      <trkpt lat="46.01" lon="6.7835">
        <ele>1747.2</ele>
        <time>2025-07-06T08:48:28.000Z</time>
      </trkpt>
      <trkpt lat="46.00993" lon="6.78358">
        <ele>1747.6</ele>
        <time>2025-07-06T08:48:42.000Z</time>
      </trkpt>
      <trkpt lat="46.00984" lon="6.7836">
        <ele>1747.4</ele>
        <time>2025-07-06T08:48:53.000Z</time>
      </trkpt>
      <trkpt lat="46.00975" lon="6.78364">
        <ele>1747.6</ele>
        <time>2025-07-06T08:49:04.000Z</time>
      </trkpt>
      <trkpt lat="46.00965" lon="6.78365">
        <ele>1747.8</ele>
        <time>2025-07-06T08:49:13.000Z</time>
      </trkpt>
      <trkpt lat="46.00956" lon="6.78363">
        <ele>1747.4</ele>
        <time>2025-07-06T08:49:21.000Z</time>
      </trkpt>
      <trkpt lat="46.00947" lon="6.78363">
        <ele>1747.2</ele>
        <time>2025-07-06T08:49:28.000Z</time>
      </trkpt>
      <trkpt lat="46.00937" lon="6.78362">
        <ele>1747.4</ele>
        <time>2025-07-06T08:49:36.000Z</time>
      </trkpt>
      <trkpt lat="46.00927" lon="6.78364">
        <ele>1747.9</ele>
        <time>2025-07-06T08:49:44.000Z</time>
      </trkpt>
      <trkpt lat="46.00917" lon="6.78365">
        <ele>1748.2</ele>
        <time>2025-07-06T08:49:52.000Z</time>
      </trkpt>
      <trkpt lat="46.00908" lon="6.78364">
        <ele>1748.8</ele>
        <time>2025-07-06T08:50:00.000Z</time>
      </trkpt>
      <trkpt lat="46.00899" lon="6.78363">
        <ele>1749.3</ele>
        <time>2025-07-06T08:50:08.000Z</time>
      </trkpt>
      <trkpt lat="46.00889" lon="6.78366">
        <ele>1750</ele>
        <time>2025-07-06T08:50:18.000Z</time>
      </trkpt>
      <trkpt lat="46.00881" lon="6.78361">
        <ele>1750.9</ele>
        <time>2025-07-06T08:50:30.000Z</time>
      </trkpt>
      <trkpt lat="46.00871" lon="6.78363">
        <ele>1751.9</ele>
        <time>2025-07-06T08:50:41.000Z</time>
      </trkpt>
      <trkpt lat="46.00862" lon="6.78367">
        <ele>1752.9</ele>
        <time>2025-07-06T08:50:50.000Z</time>
      </trkpt>
      <trkpt lat="46.00853" lon="6.78371">
        <ele>1752.8</ele>
        <time>2025-07-06T08:51:00.000Z</time>
      </trkpt>
      <trkpt lat="46.00843" lon="6.78376">
        <ele>1752.7</ele>
        <time>2025-07-06T08:51:08.000Z</time>
      </trkpt>
      <trkpt lat="46.00835" lon="6.78383">
        <ele>1752.8</ele>
        <time>2025-07-06T08:51:17.000Z</time>
      </trkpt>
      <trkpt lat="46.00828" lon="6.78392">
        <ele>1753.4</ele>
        <time>2025-07-06T08:51:26.000Z</time>
      </trkpt>
      <trkpt lat="46.00819" lon="6.78399">
        <ele>1754.3</ele>
        <time>2025-07-06T08:51:35.000Z</time>
      </trkpt>
      <trkpt lat="46.00811" lon="6.78405">
        <ele>1755</ele>
        <time>2025-07-06T08:51:44.000Z</time>
      </trkpt>
      <trkpt lat="46.00802" lon="6.78412">
        <ele>1755.8</ele>
        <time>2025-07-06T08:51:53.000Z</time>
      </trkpt>
      <trkpt lat="46.00793" lon="6.78415">
        <ele>1756.3</ele>
        <time>2025-07-06T08:52:01.000Z</time>
      </trkpt>
      <trkpt lat="46.00784" lon="6.78417">
        <ele>1756.9</ele>
        <time>2025-07-06T08:52:10.000Z</time>
      </trkpt>
      <trkpt lat="46.00774" lon="6.78422">
        <ele>1757.7</ele>
        <time>2025-07-06T08:52:19.000Z</time>
      </trkpt>
      <trkpt lat="46.00765" lon="6.78425">
        <ele>1758.3</ele>
        <time>2025-07-06T08:52:27.000Z</time>
      </trkpt>
      <trkpt lat="46.00757" lon="6.78434">
        <ele>1759.4</ele>
        <time>2025-07-06T08:52:36.000Z</time>
      </trkpt>
      <trkpt lat="46.0075" lon="6.78442">
        <ele>1760.6</ele>
        <time>2025-07-06T08:52:47.000Z</time>
      </trkpt>
      <trkpt lat="46.00741" lon="6.78447">
        <ele>1761.7</ele>
        <time>2025-07-06T08:52:59.000Z</time>
      </trkpt>
      <trkpt lat="46.00732" lon="6.78451">
        <ele>1762.8</ele>
        <time>2025-07-06T08:53:13.000Z</time>
      </trkpt>
      <trkpt lat="46.00724" lon="6.78459">
        <ele>1764.5</ele>
        <time>2025-07-06T08:53:29.000Z</time>
      </trkpt>
      <trkpt lat="46.00716" lon="6.78467">
        <ele>1765.8</ele>
        <time>2025-07-06T08:53:43.000Z</time>
      </trkpt>
      <trkpt lat="46.00709" lon="6.78476">
        <ele>1766.7</ele>
        <time>2025-07-06T08:53:55.000Z</time>
      </trkpt>
      <trkpt lat="46.00702" lon="6.78487">
        <ele>1767.2</ele>
        <time>2025-07-06T08:54:08.000Z</time>
      </trkpt>
      <trkpt lat="46.00699" lon="6.785">
        <ele>1768</ele>
        <time>2025-07-06T08:54:17.000Z</time>
      </trkpt>
      <trkpt lat="46.00699" lon="6.78513">
        <ele>1769.9</ele>
        <time>2025-07-06T08:54:27.000Z</time>
      </trkpt>
      <trkpt lat="46.00694" lon="6.78524">
        <ele>1771.5</ele>
        <time>2025-07-06T08:54:40.000Z</time>
      </trkpt>
      <trkpt lat="46.00699" lon="6.78536">
        <ele>1773.7</ele>
        <time>2025-07-06T08:54:59.000Z</time>
      </trkpt>
      <trkpt lat="46.00706" lon="6.78545">
        <ele>1775.1</ele>
        <time>2025-07-06T08:55:15.000Z</time>
      </trkpt>
      <trkpt lat="46.00709" lon="6.78557">
        <ele>1777.2</ele>
        <time>2025-07-06T08:55:32.000Z</time>
      </trkpt>
      <trkpt lat="46.00717" lon="6.78565">
        <ele>1777.5</ele>
        <time>2025-07-06T08:55:46.000Z</time>
      </trkpt>
      <trkpt lat="46.00723" lon="6.78575">
        <ele>1777.4</ele>
        <time>2025-07-06T08:55:55.000Z</time>
      </trkpt>
      <trkpt lat="46.00726" lon="6.78589">
        <ele>1778.6</ele>
        <time>2025-07-06T08:56:05.000Z</time>
      </trkpt>
      <trkpt lat="46.00727" lon="6.78603">
        <ele>1780.1</ele>
        <time>2025-07-06T08:56:15.000Z</time>
      </trkpt>
      <trkpt lat="46.00723" lon="6.78615">
        <ele>1781.5</ele>
        <time>2025-07-06T08:56:25.000Z</time>
      </trkpt>
      <trkpt lat="46.00718" lon="6.78626">
        <ele>1783.9</ele>
        <time>2025-07-06T08:56:36.000Z</time>
      </trkpt>
      <trkpt lat="46.00709" lon="6.78631">
        <ele>1786</ele>
        <time>2025-07-06T08:56:50.000Z</time>
      </trkpt>
      <trkpt lat="46.007" lon="6.78633">
        <ele>1787.4</ele>
        <time>2025-07-06T08:57:07.000Z</time>
      </trkpt>
      <trkpt lat="46.00692" lon="6.78639">
        <ele>1788.3</ele>
        <time>2025-07-06T08:57:20.000Z</time>
      </trkpt>
      <trkpt lat="46.00683" lon="6.78637">
        <ele>1789.3</ele>
        <time>2025-07-06T08:57:31.000Z</time>
      </trkpt>
      <trkpt lat="46.00673" lon="6.78636">
        <ele>1790.3</ele>
        <time>2025-07-06T08:57:42.000Z</time>
      </trkpt>
      <trkpt lat="46.00664" lon="6.78638">
        <ele>1791.2</ele>
        <time>2025-07-06T08:57:53.000Z</time>
      </trkpt>
      <trkpt lat="46.00654" lon="6.78642">
        <ele>1792.1</ele>
        <time>2025-07-06T08:58:07.000Z</time>
      </trkpt>
      <trkpt lat="46.00651" lon="6.78654">
        <ele>1793.2</ele>
        <time>2025-07-06T08:58:22.000Z</time>
      </trkpt>
      <trkpt lat="46.00644" lon="6.78664">
        <ele>1794.4</ele>
        <time>2025-07-06T08:58:35.000Z</time>
      </trkpt>
      <trkpt lat="46.00637" lon="6.78672">
        <ele>1795.3</ele>
        <time>2025-07-06T08:58:44.000Z</time>
      </trkpt>
      <trkpt lat="46.00629" lon="6.78681">
        <ele>1795.5</ele>
        <time>2025-07-06T08:58:53.000Z</time>
      </trkpt>
      <trkpt lat="46.00622" lon="6.7869">
        <ele>1796</ele>
        <time>2025-07-06T08:59:02.000Z</time>
      </trkpt>
      <trkpt lat="46.00615" lon="6.78698">
        <ele>1796.5</ele>
        <time>2025-07-06T08:59:10.000Z</time>
      </trkpt>
      <trkpt lat="46.00608" lon="6.78707">
        <ele>1797.1</ele>
        <time>2025-07-06T08:59:19.000Z</time>
      </trkpt>
      <trkpt lat="46.00603" lon="6.78719">
        <ele>1797.8</ele>
        <time>2025-07-06T08:59:32.000Z</time>
      </trkpt>
      <trkpt lat="46.00595" lon="6.78727">
        <ele>1797.2</ele>
        <time>2025-07-06T09:00:07.000Z</time>
      </trkpt>
      <trkpt lat="46.00589" lon="6.78737">
        <ele>1796.2</ele>
        <time>2025-07-06T09:00:25.000Z</time>
      </trkpt>
      <trkpt lat="46.00581" lon="6.78745">
        <ele>1795.2</ele>
        <time>2025-07-06T09:00:35.000Z</time>
      </trkpt>
      <trkpt lat="46.00575" lon="6.78756">
        <ele>1795.2</ele>
        <time>2025-07-06T09:00:44.000Z</time>
      </trkpt>
      <trkpt lat="46.00569" lon="6.78767">
        <ele>1795.6</ele>
        <time>2025-07-06T09:00:54.000Z</time>
      </trkpt>
      <trkpt lat="46.00565" lon="6.7878">
        <ele>1796</ele>
        <time>2025-07-06T09:01:03.000Z</time>
      </trkpt>
      <trkpt lat="46.00562" lon="6.78794">
        <ele>1796.1</ele>
        <time>2025-07-06T09:01:12.000Z</time>
      </trkpt>
      <trkpt lat="46.00556" lon="6.78805">
        <ele>1796</ele>
        <time>2025-07-06T09:01:20.000Z</time>
      </trkpt>
      <trkpt lat="46.00551" lon="6.78815">
        <ele>1796.5</ele>
        <time>2025-07-06T09:01:28.000Z</time>
      </trkpt>
      <trkpt lat="46.00544" lon="6.78826">
        <ele>1796.8</ele>
        <time>2025-07-06T09:01:35.000Z</time>
      </trkpt>
      <trkpt lat="46.00537" lon="6.78835">
        <ele>1797.1</ele>
        <time>2025-07-06T09:01:45.000Z</time>
      </trkpt>
      <trkpt lat="46.00529" lon="6.78842">
        <ele>1797.3</ele>
        <time>2025-07-06T09:01:54.000Z</time>
      </trkpt>
      <trkpt lat="46.0052" lon="6.78848">
        <ele>1797.8</ele>
        <time>2025-07-06T09:02:03.000Z</time>
      </trkpt>
      <trkpt lat="46.00518" lon="6.7886">
        <ele>1798.3</ele>
        <time>2025-07-06T09:02:12.000Z</time>
      </trkpt>
      <trkpt lat="46.00509" lon="6.78868">
        <ele>1798.7</ele>
        <time>2025-07-06T09:02:24.000Z</time>
      </trkpt>
      <trkpt lat="46.00507" lon="6.78881">
        <ele>1798.9</ele>
        <time>2025-07-06T09:02:34.000Z</time>
      </trkpt>
      <trkpt lat="46.00502" lon="6.78893">
        <ele>1799.2</ele>
        <time>2025-07-06T09:02:44.000Z</time>
      </trkpt>
      <trkpt lat="46.00496" lon="6.78905">
        <ele>1799.6</ele>
        <time>2025-07-06T09:02:55.000Z</time>
      </trkpt>
      <trkpt lat="46.00489" lon="6.78914">
        <ele>1799.9</ele>
        <time>2025-07-06T09:03:06.000Z</time>
      </trkpt>
      <trkpt lat="46.00484" lon="6.78926">
        <ele>1800.3</ele>
        <time>2025-07-06T09:03:16.000Z</time>
      </trkpt>
      <trkpt lat="46.00484" lon="6.7894">
        <ele>1800.8</ele>
        <time>2025-07-06T09:03:27.000Z</time>
      </trkpt>
      <trkpt lat="46.00478" lon="6.78951">
        <ele>1801.2</ele>
        <time>2025-07-06T09:03:39.000Z</time>
      </trkpt>
      <trkpt lat="46.00475" lon="6.78964">
        <ele>1801.7</ele>
        <time>2025-07-06T09:03:50.000Z</time>
      </trkpt>
      <trkpt lat="46.00482" lon="6.78974">
        <ele>1802</ele>
        <time>2025-07-06T09:04:03.000Z</time>
      </trkpt>
      <trkpt lat="46.00482" lon="6.78987">
        <ele>1802</ele>
        <time>2025-07-06T09:04:14.000Z</time>
      </trkpt>
      <trkpt lat="46.00483" lon="6.79001">
        <ele>1802</ele>
        <time>2025-07-06T09:04:24.000Z</time>
      </trkpt>
      <trkpt lat="46.00483" lon="6.79015">
        <ele>1802.5</ele>
        <time>2025-07-06T09:04:33.000Z</time>
      </trkpt>
      <trkpt lat="46.00485" lon="6.79028">
        <ele>1803</ele>
        <time>2025-07-06T09:04:42.000Z</time>
      </trkpt>
      <trkpt lat="46.00486" lon="6.79043">
        <ele>1803.3</ele>
        <time>2025-07-06T09:04:51.000Z</time>
      </trkpt>
      <trkpt lat="46.00487" lon="6.79056">
        <ele>1803.5</ele>
        <time>2025-07-06T09:05:00.000Z</time>
      </trkpt>
      <trkpt lat="46.00486" lon="6.7907">
        <ele>1803.8</ele>
        <time>2025-07-06T09:05:10.000Z</time>
      </trkpt>
      <trkpt lat="46.00485" lon="6.79084">
        <ele>1804</ele>
        <time>2025-07-06T09:05:19.000Z</time>
      </trkpt>
      <trkpt lat="46.00482" lon="6.79097">
        <ele>1804.5</ele>
        <time>2025-07-06T09:05:28.000Z</time>
      </trkpt>
      <trkpt lat="46.00477" lon="6.79109">
        <ele>1804.9</ele>
        <time>2025-07-06T09:05:38.000Z</time>
      </trkpt>
      <trkpt lat="46.00473" lon="6.7912">
        <ele>1805.7</ele>
        <time>2025-07-06T09:05:47.000Z</time>
      </trkpt>
      <trkpt lat="46.00466" lon="6.7913">
        <ele>1806.4</ele>
        <time>2025-07-06T09:05:57.000Z</time>
      </trkpt>
      <trkpt lat="46.00459" lon="6.79137">
        <ele>1806.9</ele>
        <time>2025-07-06T09:06:07.000Z</time>
      </trkpt>
      <trkpt lat="46.00452" lon="6.79147">
        <ele>1807.4</ele>
        <time>2025-07-06T09:06:18.000Z</time>
      </trkpt>
      <trkpt lat="46.00454" lon="6.79159">
        <ele>1808.3</ele>
        <time>2025-07-06T09:06:28.000Z</time>
      </trkpt>
      <trkpt lat="46.00452" lon="6.79172">
        <ele>1809</ele>
        <time>2025-07-06T09:06:59.000Z</time>
      </trkpt>
      <trkpt lat="46.00446" lon="6.79183">
        <ele>1809.3</ele>
        <time>2025-07-06T09:07:11.000Z</time>
      </trkpt>
      <trkpt lat="46.00442" lon="6.79195">
        <ele>1810</ele>
        <time>2025-07-06T09:07:21.000Z</time>
      </trkpt>
      <trkpt lat="46.00433" lon="6.79201">
        <ele>1811</ele>
        <time>2025-07-06T09:07:31.000Z</time>
      </trkpt>
      <trkpt lat="46.00424" lon="6.79206">
        <ele>1811.4</ele>
        <time>2025-07-06T09:07:40.000Z</time>
      </trkpt>
      <trkpt lat="46.00415" lon="6.79206">
        <ele>1811.3</ele>
        <time>2025-07-06T09:07:49.000Z</time>
      </trkpt>
      <trkpt lat="46.00406" lon="6.7921">
        <ele>1811.8</ele>
        <time>2025-07-06T09:08:00.000Z</time>
      </trkpt>
      <trkpt lat="46.00398" lon="6.79217">
        <ele>1812.6</ele>
        <time>2025-07-06T09:08:10.000Z</time>
      </trkpt>
      <trkpt lat="46.00393" lon="6.79228">
        <ele>1813.6</ele>
        <time>2025-07-06T09:08:21.000Z</time>
      </trkpt>
      <trkpt lat="46.00386" lon="6.79238">
        <ele>1813.9</ele>
        <time>2025-07-06T09:08:36.000Z</time>
      </trkpt>
      <trkpt lat="46.00379" lon="6.79248">
        <ele>1814.2</ele>
        <time>2025-07-06T09:08:46.000Z</time>
      </trkpt>
      <trkpt lat="46.00371" lon="6.79257">
        <ele>1814.3</ele>
        <time>2025-07-06T09:08:56.000Z</time>
      </trkpt>
      <trkpt lat="46.00362" lon="6.7926">
        <ele>1814.1</ele>
        <time>2025-07-06T09:09:08.000Z</time>
      </trkpt>
      <trkpt lat="46.00353" lon="6.79255">
        <ele>1815</ele>
        <time>2025-07-06T09:09:20.000Z</time>
      </trkpt>
      <trkpt lat="46.00344" lon="6.79252">
        <ele>1816.3</ele>
        <time>2025-07-06T09:09:30.000Z</time>
      </trkpt>
      <trkpt lat="46.00337" lon="6.79261">
        <ele>1818.9</ele>
        <time>2025-07-06T09:09:45.000Z</time>
      </trkpt>
      <trkpt lat="46.00336" lon="6.79274">
        <ele>1820.9</ele>
        <time>2025-07-06T09:10:03.000Z</time>
      </trkpt>
      <trkpt lat="46.00329" lon="6.79284">
        <ele>1824.5</ele>
        <time>2025-07-06T09:10:39.000Z</time>
      </trkpt>
      <trkpt lat="46.0032" lon="6.79283">
        <ele>1827.7</ele>
        <time>2025-07-06T09:10:54.000Z</time>
      </trkpt>
      <trkpt lat="46.00311" lon="6.79281">
        <ele>1830.6</ele>
        <time>2025-07-06T09:11:07.000Z</time>
      </trkpt>
      <trkpt lat="46.00302" lon="6.79279">
        <ele>1833.7</ele>
        <time>2025-07-06T09:11:22.000Z</time>
      </trkpt>
      <trkpt lat="46.00295" lon="6.79271">
        <ele>1835.7</ele>
        <time>2025-07-06T09:11:43.000Z</time>
      </trkpt>
      <trkpt lat="46.00287" lon="6.79264">
        <ele>1837.7</ele>
        <time>2025-07-06T09:12:09.000Z</time>
      </trkpt>
      <trkpt lat="46.00278" lon="6.79259">
        <ele>1840.5</ele>
        <time>2025-07-06T09:12:31.000Z</time>
      </trkpt>
      <trkpt lat="46.00269" lon="6.79258">
        <ele>1843.9</ele>
        <time>2025-07-06T09:12:49.000Z</time>
      </trkpt>
      <trkpt lat="46.0026" lon="6.79255">
        <ele>1847.1</ele>
        <time>2025-07-06T09:13:06.000Z</time>
      </trkpt>
      <trkpt lat="46.00253" lon="6.79248">
        <ele>1848.6</ele>
        <time>2025-07-06T09:13:25.000Z</time>
      </trkpt>
      <trkpt lat="46.00244" lon="6.79241">
        <ele>1850.6</ele>
        <time>2025-07-06T09:13:42.000Z</time>
      </trkpt>
      <trkpt lat="46.00235" lon="6.79242">
        <ele>1854.3</ele>
        <time>2025-07-06T09:13:59.000Z</time>
      </trkpt>
      <trkpt lat="46.00227" lon="6.79238">
        <ele>1857</ele>
        <time>2025-07-06T09:14:19.000Z</time>
      </trkpt>
      <trkpt lat="46.00217" lon="6.79239">
        <ele>1861.1</ele>
        <time>2025-07-06T09:14:39.000Z</time>
      </trkpt>
      <trkpt lat="46.00211" lon="6.7923">
        <ele>1862.5</ele>
        <time>2025-07-06T09:14:57.000Z</time>
      </trkpt>
      <trkpt lat="46.00203" lon="6.7922">
        <ele>1863.7</ele>
        <time>2025-07-06T09:15:10.000Z</time>
      </trkpt>
      <trkpt lat="46.00194" lon="6.79218">
        <ele>1867</ele>
        <time>2025-07-06T09:15:23.000Z</time>
      </trkpt>
      <trkpt lat="46.00196" lon="6.79231">
        <ele>1869.4</ele>
        <time>2025-07-06T09:15:42.000Z</time>
      </trkpt>
      <trkpt lat="46.00187" lon="6.79231">
        <ele>1873</ele>
        <time>2025-07-06T09:16:10.000Z</time>
      </trkpt>
      <trkpt lat="46.00188" lon="6.79244">
        <ele>1875.5</ele>
        <time>2025-07-06T09:16:24.000Z</time>
      </trkpt>
      <trkpt lat="46.00189" lon="6.79257">
        <ele>1878.4</ele>
        <time>2025-07-06T09:16:37.000Z</time>
      </trkpt>
      <trkpt lat="46.00194" lon="6.79268">
        <ele>1879.2</ele>
        <time>2025-07-06T09:16:49.000Z</time>
      </trkpt>
      <trkpt lat="46.00196" lon="6.79282">
        <ele>1882.1</ele>
        <time>2025-07-06T09:17:02.000Z</time>
      </trkpt>
      <trkpt lat="46.00197" lon="6.79296">
        <ele>1885.5</ele>
        <time>2025-07-06T09:17:21.000Z</time>
      </trkpt>
      <trkpt lat="46.00199" lon="6.79308">
        <ele>1888</ele>
        <time>2025-07-06T09:17:36.000Z</time>
      </trkpt>
      <trkpt lat="46.00203" lon="6.7932">
        <ele>1889.5</ele>
        <time>2025-07-06T09:17:52.000Z</time>
      </trkpt>
      <trkpt lat="46.00205" lon="6.79334">
        <ele>1892.7</ele>
        <time>2025-07-06T09:18:09.000Z</time>
      </trkpt>
      <trkpt lat="46.00206" lon="6.79347">
        <ele>1896.6</ele>
        <time>2025-07-06T09:18:24.000Z</time>
      </trkpt>
      <trkpt lat="46.0021" lon="6.79359">
        <ele>1899.3</ele>
        <time>2025-07-06T09:18:38.000Z</time>
      </trkpt>
      <trkpt lat="46.00212" lon="6.79372">
        <ele>1903.1</ele>
        <time>2025-07-06T09:18:57.000Z</time>
      </trkpt>
      <trkpt lat="46.00216" lon="6.79383">
        <ele>1905.9</ele>
        <time>2025-07-06T09:19:17.000Z</time>
      </trkpt>
      <trkpt lat="46.00218" lon="6.79397">
        <ele>1909.5</ele>
        <time>2025-07-06T09:19:35.000Z</time>
      </trkpt>
      <trkpt lat="46.00218" lon="6.7941">
        <ele>1912.9</ele>
        <time>2025-07-06T09:19:52.000Z</time>
      </trkpt>
      <trkpt lat="46.00217" lon="6.79423">
        <ele>1916.1</ele>
        <time>2025-07-06T09:20:08.000Z</time>
      </trkpt>
      <trkpt lat="46.00216" lon="6.79436">
        <ele>1919</ele>
        <time>2025-07-06T09:20:24.000Z</time>
      </trkpt>
      <trkpt lat="46.00217" lon="6.7945">
        <ele>1920.5</ele>
        <time>2025-07-06T09:20:37.000Z</time>
      </trkpt>
      <trkpt lat="46.00218" lon="6.79463">
        <ele>1922.5</ele>
        <time>2025-07-06T09:20:47.000Z</time>
      </trkpt>
      <trkpt lat="46.00219" lon="6.79477">
        <ele>1924.3</ele>
        <time>2025-07-06T09:20:57.000Z</time>
      </trkpt>
      <trkpt lat="46.00219" lon="6.7949">
        <ele>1926.9</ele>
        <time>2025-07-06T09:21:09.000Z</time>
      </trkpt>
      <trkpt lat="46.00221" lon="6.79503">
        <ele>1927.3</ele>
        <time>2025-07-06T09:21:20.000Z</time>
      </trkpt>
      <trkpt lat="46.00218" lon="6.79515">
        <ele>1931.3</ele>
        <time>2025-07-06T09:21:36.000Z</time>
      </trkpt>
      <trkpt lat="46.00218" lon="6.79529">
        <ele>1933.8</ele>
        <time>2025-07-06T09:21:52.000Z</time>
      </trkpt>
      <trkpt lat="46.00216" lon="6.79542">
        <ele>1938.1</ele>
        <time>2025-07-06T09:22:10.000Z</time>
      </trkpt>
      <trkpt lat="46.00213" lon="6.79555">
        <ele>1942.3</ele>
        <time>2025-07-06T09:22:29.000Z</time>
      </trkpt>
      <trkpt lat="46.00213" lon="6.79568">
        <ele>1945.5</ele>
        <time>2025-07-06T09:22:51.000Z</time>
      </trkpt>
      <trkpt lat="46.00212" lon="6.79582">
        <ele>1948.8</ele>
        <time>2025-07-06T09:23:08.000Z</time>
      </trkpt>
      <trkpt lat="46.00203" lon="6.79578">
        <ele>1953.4</ele>
        <time>2025-07-06T09:23:31.000Z</time>
      </trkpt>
      <trkpt lat="46.00201" lon="6.7959">
        <ele>1957.2</ele>
        <time>2025-07-06T09:23:52.000Z</time>
      </trkpt>
      <trkpt lat="46.00203" lon="6.79603">
        <ele>1958.4</ele>
        <time>2025-07-06T09:24:04.000Z</time>
      </trkpt>
      <trkpt lat="46.00202" lon="6.79617">
        <ele>1961.7</ele>
        <time>2025-07-06T09:24:18.000Z</time>
      </trkpt>
      <trkpt lat="46.00198" lon="6.79629">
        <ele>1966.5</ele>
        <time>2025-07-06T09:24:32.000Z</time>
      </trkpt>
      <trkpt lat="46.00197" lon="6.79642">
        <ele>1969.6</ele>
        <time>2025-07-06T09:24:48.000Z</time>
      </trkpt>
      <trkpt lat="46.00201" lon="6.79653">
        <ele>1970.9</ele>
        <time>2025-07-06T09:25:01.000Z</time>
      </trkpt>
      <trkpt lat="46.00208" lon="6.79663">
        <ele>1971</ele>
        <time>2025-07-06T09:25:12.000Z</time>
      </trkpt>
      <trkpt lat="46.00211" lon="6.79676">
        <ele>1973.6</ele>
        <time>2025-07-06T09:25:25.000Z</time>
      </trkpt>
      <trkpt lat="46.00215" lon="6.79688">
        <ele>1975.4</ele>
        <time>2025-07-06T09:25:39.000Z</time>
      </trkpt>
      <trkpt lat="46.00218" lon="6.79701">
        <ele>1977.9</ele>
        <time>2025-07-06T09:25:53.000Z</time>
      </trkpt>
      <trkpt lat="46.00222" lon="6.79714">
        <ele>1979.3</ele>
        <time>2025-07-06T09:26:08.000Z</time>
      </trkpt>
      <trkpt lat="46.0022" lon="6.79727">
        <ele>1982.3</ele>
        <time>2025-07-06T09:26:19.000Z</time>
      </trkpt>
      <trkpt lat="46.00217" lon="6.79739">
        <ele>1985.3</ele>
        <time>2025-07-06T09:26:33.000Z</time>
      </trkpt>
      <trkpt lat="46.00208" lon="6.79736">
        <ele>1988.1</ele>
        <time>2025-07-06T09:26:51.000Z</time>
      </trkpt>
      <trkpt lat="46.00199" lon="6.79733">
        <ele>1991</ele>
        <time>2025-07-06T09:27:03.000Z</time>
      </trkpt>
      <trkpt lat="46.0019" lon="6.79733">
        <ele>1994.2</ele>
        <time>2025-07-06T09:27:12.000Z</time>
      </trkpt>
      <trkpt lat="46.00182" lon="6.79726">
        <ele>1994.6</ele>
        <time>2025-07-06T09:27:23.000Z</time>
      </trkpt>
      <trkpt lat="46.00173" lon="6.79723">
        <ele>1996.5</ele>
        <time>2025-07-06T09:27:35.000Z</time>
      </trkpt>
      <trkpt lat="46.00163" lon="6.79724">
        <ele>1999.5</ele>
        <time>2025-07-06T09:27:49.000Z</time>
      </trkpt>
      <trkpt lat="46.00155" lon="6.79728">
        <ele>2003.6</ele>
        <time>2025-07-06T09:28:04.000Z</time>
      </trkpt>
      <trkpt lat="46.00154" lon="6.79741">
        <ele>2007.4</ele>
        <time>2025-07-06T09:28:30.000Z</time>
      </trkpt>
      <trkpt lat="46.00159" lon="6.79752">
        <ele>2008.8</ele>
        <time>2025-07-06T09:28:42.000Z</time>
      </trkpt>
      <trkpt lat="46.00163" lon="6.79764">
        <ele>2011.6</ele>
        <time>2025-07-06T09:28:57.000Z</time>
      </trkpt>
      <trkpt lat="46.00167" lon="6.79777">
        <ele>2014.6</ele>
        <time>2025-07-06T09:29:11.000Z</time>
      </trkpt>
      <trkpt lat="46.00169" lon="6.7979">
        <ele>2016.5</ele>
        <time>2025-07-06T09:29:26.000Z</time>
      </trkpt>
      <trkpt lat="46.00168" lon="6.79803">
        <ele>2019.7</ele>
        <time>2025-07-06T09:29:42.000Z</time>
      </trkpt>
      <trkpt lat="46.00163" lon="6.79814">
        <ele>2023.9</ele>
        <time>2025-07-06T09:30:06.000Z</time>
      </trkpt>
      <trkpt lat="46.0016" lon="6.79826">
        <ele>2027.1</ele>
        <time>2025-07-06T09:30:27.000Z</time>
      </trkpt>
      <trkpt lat="46.00151" lon="6.79829">
        <ele>2032</ele>
        <time>2025-07-06T09:30:53.000Z</time>
      </trkpt>
      <trkpt lat="46.0015" lon="6.79842">
        <ele>2034.7</ele>
        <time>2025-07-06T09:31:15.000Z</time>
      </trkpt>
      <trkpt lat="46.00141" lon="6.79843">
        <ele>2039.4</ele>
        <time>2025-07-06T09:31:36.000Z</time>
      </trkpt>
      <trkpt lat="46.00135" lon="6.79853">
        <ele>2043.3</ele>
        <time>2025-07-06T09:31:57.000Z</time>
      </trkpt>
      <trkpt lat="46.00127" lon="6.79846">
        <ele>2045.2</ele>
        <time>2025-07-06T09:32:16.000Z</time>
      </trkpt>
      <trkpt lat="46.00118" lon="6.79852">
        <ele>2049.1</ele>
        <time>2025-07-06T09:32:36.000Z</time>
      </trkpt>
      <trkpt lat="46.00109" lon="6.79854">
        <ele>2052.5</ele>
        <time>2025-07-06T09:32:53.000Z</time>
      </trkpt>
      <trkpt lat="46.001" lon="6.79856">
        <ele>2055.3</ele>
        <time>2025-07-06T09:33:08.000Z</time>
      </trkpt>
      <trkpt lat="46.0009" lon="6.79856">
        <ele>2058.1</ele>
        <time>2025-07-06T09:33:21.000Z</time>
      </trkpt>
      <trkpt lat="46.00081" lon="6.79854">
        <ele>2060.4</ele>
        <time>2025-07-06T09:33:34.000Z</time>
      </trkpt>
      <trkpt lat="46.00072" lon="6.79855">
        <ele>2063.7</ele>
        <time>2025-07-06T09:33:47.000Z</time>
      </trkpt>
      <trkpt lat="46.00063" lon="6.79853">
        <ele>2066.6</ele>
        <time>2025-07-06T09:34:02.000Z</time>
      </trkpt>
      <trkpt lat="46.00055" lon="6.79847">
        <ele>2068.3</ele>
        <time>2025-07-06T09:34:19.000Z</time>
      </trkpt>
      <trkpt lat="46.00045" lon="6.79847">
        <ele>2071.8</ele>
        <time>2025-07-06T09:34:38.000Z</time>
      </trkpt>
      <trkpt lat="46.00036" lon="6.79846">
        <ele>2074.8</ele>
        <time>2025-07-06T09:34:59.000Z</time>
      </trkpt>
      <trkpt lat="46.00027" lon="6.79844">
        <ele>2077.6</ele>
        <time>2025-07-06T09:35:14.000Z</time>
      </trkpt>
      <trkpt lat="46.00018" lon="6.79844">
        <ele>2078.3</ele>
        <time>2025-07-06T09:35:24.000Z</time>
      </trkpt>
      <trkpt lat="46.00008" lon="6.79844">
        <ele>2079.1</ele>
        <time>2025-07-06T09:35:33.000Z</time>
      </trkpt>
      <trkpt lat="45.99999" lon="6.79844">
        <ele>2080.1</ele>
        <time>2025-07-06T09:35:43.000Z</time>
      </trkpt>
      <trkpt lat="45.9999" lon="6.79848">
        <ele>2081.1</ele>
        <time>2025-07-06T09:35:53.000Z</time>
      </trkpt>
      <trkpt lat="45.99981" lon="6.79853">
        <ele>2082.4</ele>
        <time>2025-07-06T09:36:03.000Z</time>
      </trkpt>
      <trkpt lat="45.99974" lon="6.79861">
        <ele>2083.9</ele>
        <time>2025-07-06T09:36:13.000Z</time>
      </trkpt>
      <trkpt lat="45.99965" lon="6.79868">
        <ele>2084.7</ele>
        <time>2025-07-06T09:36:22.000Z</time>
      </trkpt>
      <trkpt lat="45.99957" lon="6.79873">
        <ele>2085</ele>
        <time>2025-07-06T09:36:31.000Z</time>
      </trkpt>
      <trkpt lat="45.99951" lon="6.79884">
        <ele>2086.5</ele>
        <time>2025-07-06T09:36:40.000Z</time>
      </trkpt>
      <trkpt lat="45.99942" lon="6.7989">
        <ele>2086.7</ele>
        <time>2025-07-06T09:36:48.000Z</time>
      </trkpt>
      <trkpt lat="45.99934" lon="6.799">
        <ele>2087.1</ele>
        <time>2025-07-06T09:36:55.000Z</time>
      </trkpt>
      <trkpt lat="45.99927" lon="6.79908">
        <ele>2087.3</ele>
        <time>2025-07-06T09:37:02.000Z</time>
      </trkpt>
      <trkpt lat="45.99921" lon="6.79917">
        <ele>2087.9</ele>
        <time>2025-07-06T09:37:09.000Z</time>
      </trkpt>
      <trkpt lat="45.99914" lon="6.79928">
        <ele>2090</ele>
        <time>2025-07-06T09:37:17.000Z</time>
      </trkpt>
      <trkpt lat="45.99905" lon="6.79931">
        <ele>2091.9</ele>
        <time>2025-07-06T09:37:26.000Z</time>
      </trkpt>
      <trkpt lat="45.99896" lon="6.7993">
        <ele>2092.5</ele>
        <time>2025-07-06T09:37:38.000Z</time>
      </trkpt>
      <trkpt lat="45.99887" lon="6.79932">
        <ele>2094.4</ele>
        <time>2025-07-06T09:37:48.000Z</time>
      </trkpt>
      <trkpt lat="45.99877" lon="6.79931">
        <ele>2096.6</ele>
        <time>2025-07-06T09:37:59.000Z</time>
      </trkpt>
      <trkpt lat="45.99869" lon="6.79925">
        <ele>2097.5</ele>
        <time>2025-07-06T09:38:09.000Z</time>
      </trkpt>
      <trkpt lat="45.99863" lon="6.79916">
        <ele>2097.3</ele>
        <time>2025-07-06T09:38:20.000Z</time>
      </trkpt>
      <trkpt lat="45.99855" lon="6.79907">
        <ele>2098.4</ele>
        <time>2025-07-06T09:38:30.000Z</time>
      </trkpt>
      <trkpt lat="45.99847" lon="6.79902">
        <ele>2100.9</ele>
        <time>2025-07-06T09:38:39.000Z</time>
      </trkpt>
      <trkpt lat="45.99839" lon="6.79893">
        <ele>2102.4</ele>
        <time>2025-07-06T09:38:49.000Z</time>
      </trkpt>
      <trkpt lat="45.99834" lon="6.79882">
        <ele>2102.2</ele>
        <time>2025-07-06T09:39:02.000Z</time>
      </trkpt>
      <trkpt lat="45.99828" lon="6.79872">
        <ele>2104.6</ele>
        <time>2025-07-06T09:39:11.000Z</time>
      </trkpt>
      <trkpt lat="45.9982" lon="6.79864">
        <ele>2108.1</ele>
        <time>2025-07-06T09:39:21.000Z</time>
      </trkpt>
      <trkpt lat="45.99813" lon="6.79855">
        <ele>2111.5</ele>
        <time>2025-07-06T09:39:35.000Z</time>
      </trkpt>
      <trkpt lat="45.99813" lon="6.79842">
        <ele>2109.2</ele>
        <time>2025-07-06T09:39:49.000Z</time>
      </trkpt>
      <trkpt lat="45.99808" lon="6.79829">
        <ele>2110.1</ele>
        <time>2025-07-06T09:40:04.000Z</time>
      </trkpt>
      <trkpt lat="45.99807" lon="6.79815">
        <ele>2108.5</ele>
        <time>2025-07-06T09:40:17.000Z</time>
      </trkpt>
      <trkpt lat="45.99799" lon="6.7981">
        <ele>2111.2</ele>
        <time>2025-07-06T09:40:29.000Z</time>
      </trkpt>
      <trkpt lat="45.99792" lon="6.798">
        <ele>2112.3</ele>
        <time>2025-07-06T09:40:42.000Z</time>
      </trkpt>
      <trkpt lat="45.99785" lon="6.79792">
        <ele>2114.6</ele>
        <time>2025-07-06T09:40:52.000Z</time>
      </trkpt>
      <trkpt lat="45.99778" lon="6.79784">
        <ele>2117</ele>
        <time>2025-07-06T09:41:02.000Z</time>
      </trkpt>
      <trkpt lat="45.99769" lon="6.79779">
        <ele>2117.1</ele>
        <time>2025-07-06T09:41:13.000Z</time>
      </trkpt>
      <trkpt lat="45.99761" lon="6.79772">
        <ele>2116.6</ele>
        <time>2025-07-06T09:41:26.000Z</time>
      </trkpt>
      <trkpt lat="45.99754" lon="6.79765">
        <ele>2115.5</ele>
        <time>2025-07-06T09:41:40.000Z</time>
      </trkpt>
      <trkpt lat="45.99745" lon="6.79759">
        <ele>2113.8</ele>
        <time>2025-07-06T09:41:52.000Z</time>
      </trkpt>
      <trkpt lat="45.99736" lon="6.79761">
        <ele>2113.2</ele>
        <time>2025-07-06T09:42:02.000Z</time>
      </trkpt>
      <trkpt lat="45.99728" lon="6.79754">
        <ele>2111.2</ele>
        <time>2025-07-06T09:42:11.000Z</time>
      </trkpt>
      <trkpt lat="45.9972" lon="6.79749">
        <ele>2110</ele>
        <time>2025-07-06T09:42:21.000Z</time>
      </trkpt>
      <trkpt lat="45.9971" lon="6.79751">
        <ele>2110.5</ele>
        <time>2025-07-06T09:42:35.000Z</time>
      </trkpt>
      <trkpt lat="45.99707" lon="6.79763">
        <ele>2111.2</ele>
        <time>2025-07-06T09:42:46.000Z</time>
      </trkpt>
      <trkpt lat="45.99705" lon="6.79777">
        <ele>2111.5</ele>
        <time>2025-07-06T09:42:56.000Z</time>
      </trkpt>
      <trkpt lat="45.99701" lon="6.79788">
        <ele>2110.4</ele>
        <time>2025-07-06T09:43:06.000Z</time>
      </trkpt>
      <trkpt lat="45.99696" lon="6.79799">
        <ele>2108.1</ele>
        <time>2025-07-06T09:43:19.000Z</time>
      </trkpt>
      <trkpt lat="45.99687" lon="6.79803">
        <ele>2106.5</ele>
        <time>2025-07-06T09:43:31.000Z</time>
      </trkpt>
      <trkpt lat="45.99678" lon="6.79799">
        <ele>2106.2</ele>
        <time>2025-07-06T09:43:43.000Z</time>
      </trkpt>
      <trkpt lat="45.99669" lon="6.79793">
        <ele>2106.4</ele>
        <time>2025-07-06T09:43:53.000Z</time>
      </trkpt>
      <trkpt lat="45.9966" lon="6.7979">
        <ele>2105.8</ele>
        <time>2025-07-06T09:44:07.000Z</time>
      </trkpt>
      <trkpt lat="45.99651" lon="6.79786">
        <ele>2105.2</ele>
        <time>2025-07-06T09:44:18.000Z</time>
      </trkpt>
      <trkpt lat="45.99643" lon="6.79778">
        <ele>2105.5</ele>
        <time>2025-07-06T09:44:28.000Z</time>
      </trkpt>
      <trkpt lat="45.99634" lon="6.79775">
        <ele>2102.8</ele>
        <time>2025-07-06T09:44:38.000Z</time>
      </trkpt>
      <trkpt lat="45.99626" lon="6.79767">
        <ele>2099.9</ele>
        <time>2025-07-06T09:44:51.000Z</time>
      </trkpt>
      <trkpt lat="45.9962" lon="6.79758">
        <ele>2097.9</ele>
        <time>2025-07-06T09:45:03.000Z</time>
      </trkpt>
      <trkpt lat="45.99617" lon="6.79745">
        <ele>2097.4</ele>
        <time>2025-07-06T09:45:14.000Z</time>
      </trkpt>
      <trkpt lat="45.99612" lon="6.79732">
        <ele>2096</ele>
        <time>2025-07-06T09:45:24.000Z</time>
      </trkpt>
      <trkpt lat="45.99607" lon="6.79721">
        <ele>2095.1</ele>
        <time>2025-07-06T09:45:32.000Z</time>
      </trkpt>
      <trkpt lat="45.99599" lon="6.79713">
        <ele>2093.7</ele>
        <time>2025-07-06T09:45:40.000Z</time>
      </trkpt>
      <trkpt lat="45.99591" lon="6.79706">
        <ele>2092.5</ele>
        <time>2025-07-06T09:45:49.000Z</time>
      </trkpt>
      <trkpt lat="45.99583" lon="6.797">
        <ele>2091.7</ele>
        <time>2025-07-06T09:45:58.000Z</time>
      </trkpt>
      <trkpt lat="45.99573" lon="6.79703">
        <ele>2092.6</ele>
        <time>2025-07-06T09:46:07.000Z</time>
      </trkpt>
      <trkpt lat="45.99566" lon="6.79711">
        <ele>2092.6</ele>
        <time>2025-07-06T09:46:17.000Z</time>
      </trkpt>
      <trkpt lat="45.99557" lon="6.79717">
        <ele>2092.6</ele>
        <time>2025-07-06T09:46:26.000Z</time>
      </trkpt>
      <trkpt lat="45.99547" lon="6.79718">
        <ele>2092.4</ele>
        <time>2025-07-06T09:46:35.000Z</time>
      </trkpt>
      <trkpt lat="45.99538" lon="6.79716">
        <ele>2092.5</ele>
        <time>2025-07-06T09:46:44.000Z</time>
      </trkpt>
      <trkpt lat="45.99528" lon="6.79716">
        <ele>2092.4</ele>
        <time>2025-07-06T09:46:56.000Z</time>
      </trkpt>
      <trkpt lat="45.9952" lon="6.79709">
        <ele>2093.1</ele>
        <time>2025-07-06T09:47:07.000Z</time>
      </trkpt>
      <trkpt lat="45.9951" lon="6.79707">
        <ele>2092.7</ele>
        <time>2025-07-06T09:47:17.000Z</time>
      </trkpt>
      <trkpt lat="45.99501" lon="6.79712">
        <ele>2091</ele>
        <time>2025-07-06T09:47:25.000Z</time>
      </trkpt>
      <trkpt lat="45.99491" lon="6.79714">
        <ele>2089.2</ele>
        <time>2025-07-06T09:47:33.000Z</time>
      </trkpt>
      <trkpt lat="45.99481" lon="6.79713">
        <ele>2088.1</ele>
        <time>2025-07-06T09:47:43.000Z</time>
      </trkpt>
      <trkpt lat="45.99472" lon="6.79708">
        <ele>2088</ele>
        <time>2025-07-06T09:47:53.000Z</time>
      </trkpt>
      <trkpt lat="45.99464" lon="6.79703">
        <ele>2087</ele>
        <time>2025-07-06T09:48:03.000Z</time>
      </trkpt>
      <trkpt lat="45.99456" lon="6.79695">
        <ele>2086.8</ele>
        <time>2025-07-06T09:48:15.000Z</time>
      </trkpt>
      <trkpt lat="45.99448" lon="6.79687">
        <ele>2086.5</ele>
        <time>2025-07-06T09:48:29.000Z</time>
      </trkpt>
      <trkpt lat="45.99439" lon="6.79685">
        <ele>2086.9</ele>
        <time>2025-07-06T09:48:41.000Z</time>
      </trkpt>
      <trkpt lat="45.99432" lon="6.79693">
        <ele>2085.7</ele>
        <time>2025-07-06T09:48:55.000Z</time>
      </trkpt>
      <trkpt lat="45.99424" lon="6.797">
        <ele>2085.2</ele>
        <time>2025-07-06T09:49:11.000Z</time>
      </trkpt>
      <trkpt lat="45.99416" lon="6.79707">
        <ele>2085</ele>
        <time>2025-07-06T09:49:20.000Z</time>
      </trkpt>
      <trkpt lat="45.99407" lon="6.79712">
        <ele>2085.6</ele>
        <time>2025-07-06T09:49:32.000Z</time>
      </trkpt>
      <trkpt lat="45.99399" lon="6.79719">
        <ele>2085.9</ele>
        <time>2025-07-06T09:49:42.000Z</time>
      </trkpt>
      <trkpt lat="45.99391" lon="6.79726">
        <ele>2085.5</ele>
        <time>2025-07-06T09:49:50.000Z</time>
      </trkpt>
      <trkpt lat="45.99382" lon="6.7973">
        <ele>2085.4</ele>
        <time>2025-07-06T09:50:00.000Z</time>
      </trkpt>
      <trkpt lat="45.99373" lon="6.79736">
        <ele>2084.2</ele>
        <time>2025-07-06T09:50:10.000Z</time>
      </trkpt>
      <trkpt lat="45.99363" lon="6.79737">
        <ele>2084.2</ele>
        <time>2025-07-06T09:50:20.000Z</time>
      </trkpt>
      <trkpt lat="45.99354" lon="6.79737">
        <ele>2082.3</ele>
        <time>2025-07-06T09:50:31.000Z</time>
      </trkpt>
      <trkpt lat="45.99346" lon="6.79729">
        <ele>2082.6</ele>
        <time>2025-07-06T09:50:42.000Z</time>
      </trkpt>
      <trkpt lat="45.99339" lon="6.79721">
        <ele>2082.8</ele>
        <time>2025-07-06T09:50:52.000Z</time>
      </trkpt>
      <trkpt lat="45.99332" lon="6.79711">
        <ele>2084.2</ele>
        <time>2025-07-06T09:51:01.000Z</time>
      </trkpt>
      <trkpt lat="45.99322" lon="6.79709">
        <ele>2084.4</ele>
        <time>2025-07-06T09:51:10.000Z</time>
      </trkpt>
      <trkpt lat="45.99313" lon="6.79711">
        <ele>2083.4</ele>
        <time>2025-07-06T09:51:19.000Z</time>
      </trkpt>
      <trkpt lat="45.99303" lon="6.79713">
        <ele>2082.7</ele>
        <time>2025-07-06T09:51:28.000Z</time>
      </trkpt>
      <trkpt lat="45.99294" lon="6.79712">
        <ele>2082.5</ele>
        <time>2025-07-06T09:51:37.000Z</time>
      </trkpt>
      <trkpt lat="45.99284" lon="6.79714">
        <ele>2082</ele>
        <time>2025-07-06T09:51:47.000Z</time>
      </trkpt>
      <trkpt lat="45.99275" lon="6.79711">
        <ele>2082</ele>
        <time>2025-07-06T09:52:04.000Z</time>
      </trkpt>
      <trkpt lat="45.99267" lon="6.79704">
        <ele>2081.8</ele>
        <time>2025-07-06T09:52:14.000Z</time>
      </trkpt>
      <trkpt lat="45.9926" lon="6.79694">
        <ele>2082.2</ele>
        <time>2025-07-06T09:52:25.000Z</time>
      </trkpt>
      <trkpt lat="45.99255" lon="6.79683">
        <ele>2081.8</ele>
        <time>2025-07-06T09:52:35.000Z</time>
      </trkpt>
      <trkpt lat="45.99251" lon="6.79671">
        <ele>2082</ele>
        <time>2025-07-06T09:52:45.000Z</time>
      </trkpt>
      <trkpt lat="45.99248" lon="6.79658">
        <ele>2081.3</ele>
        <time>2025-07-06T09:52:55.000Z</time>
      </trkpt>
      <trkpt lat="45.99246" lon="6.79645">
        <ele>2080.1</ele>
        <time>2025-07-06T09:53:07.000Z</time>
      </trkpt>
      <trkpt lat="45.99245" lon="6.79632">
        <ele>2079.1</ele>
        <time>2025-07-06T09:53:24.000Z</time>
      </trkpt>
      <trkpt lat="45.99242" lon="6.79619">
        <ele>2076.6</ele>
        <time>2025-07-06T09:53:41.000Z</time>
      </trkpt>
      <trkpt lat="45.99243" lon="6.79606">
        <ele>2075.5</ele>
        <time>2025-07-06T09:53:55.000Z</time>
      </trkpt>
      <trkpt lat="45.99242" lon="6.79593">
        <ele>2073.1</ele>
        <time>2025-07-06T09:54:13.000Z</time>
      </trkpt>
      <trkpt lat="45.9924" lon="6.79579">
        <ele>2070.8</ele>
        <time>2025-07-06T09:54:26.000Z</time>
      </trkpt>
      <trkpt lat="45.99239" lon="6.79565">
        <ele>2069.2</ele>
        <time>2025-07-06T09:54:43.000Z</time>
      </trkpt>
      <trkpt lat="45.99233" lon="6.79555">
        <ele>2065.6</ele>
        <time>2025-07-06T09:54:58.000Z</time>
      </trkpt>
      <trkpt lat="45.99226" lon="6.79546">
        <ele>2062.4</ele>
        <time>2025-07-06T09:55:09.000Z</time>
      </trkpt>
      <trkpt lat="45.99225" lon="6.79532">
        <ele>2062.2</ele>
        <time>2025-07-06T09:55:26.000Z</time>
      </trkpt>
      <trkpt lat="45.99226" lon="6.79519">
        <ele>2063</ele>
        <time>2025-07-06T09:55:36.000Z</time>
      </trkpt>
      <trkpt lat="45.99223" lon="6.79506">
        <ele>2062.3</ele>
        <time>2025-07-06T09:55:47.000Z</time>
      </trkpt>
      <trkpt lat="45.99222" lon="6.79493">
        <ele>2062</ele>
        <time>2025-07-06T09:55:57.000Z</time>
      </trkpt>
      <trkpt lat="45.99222" lon="6.79479">
        <ele>2061.9</ele>
        <time>2025-07-06T09:56:07.000Z</time>
      </trkpt>
      <trkpt lat="45.9922" lon="6.79466">
        <ele>2061.8</ele>
        <time>2025-07-06T09:56:17.000Z</time>
      </trkpt>
      <trkpt lat="45.99219" lon="6.79453">
        <ele>2061.6</ele>
        <time>2025-07-06T09:56:26.000Z</time>
      </trkpt>
      <trkpt lat="45.99219" lon="6.79439">
        <ele>2061.8</ele>
        <time>2025-07-06T09:56:35.000Z</time>
      </trkpt>
      <trkpt lat="45.99217" lon="6.79427">
        <ele>2061.9</ele>
        <time>2025-07-06T09:56:45.000Z</time>
      </trkpt>
      <trkpt lat="45.99215" lon="6.79413">
        <ele>2062</ele>
        <time>2025-07-06T09:56:57.000Z</time>
      </trkpt>
      <trkpt lat="45.99213" lon="6.794">
        <ele>2061.7</ele>
        <time>2025-07-06T09:57:10.000Z</time>
      </trkpt>
      <trkpt lat="45.99213" lon="6.79387">
        <ele>2061.7</ele>
        <time>2025-07-06T09:57:20.000Z</time>
      </trkpt>
      <trkpt lat="45.99213" lon="6.79374">
        <ele>2061.3</ele>
        <time>2025-07-06T09:57:30.000Z</time>
      </trkpt>
      <trkpt lat="45.99213" lon="6.7936">
        <ele>2061</ele>
        <time>2025-07-06T09:57:40.000Z</time>
      </trkpt>
      <trkpt lat="45.99215" lon="6.79347">
        <ele>2060.9</ele>
        <time>2025-07-06T09:57:53.000Z</time>
      </trkpt>
      <trkpt lat="45.99218" lon="6.79333">
        <ele>2060.7</ele>
        <time>2025-07-06T09:59:00.000Z</time>
      </trkpt>
      <trkpt lat="45.99226" lon="6.79325">
        <ele>2060.9</ele>
        <time>2025-07-06T10:00:23.000Z</time>
      </trkpt>
      <trkpt lat="45.99235" lon="6.79321">
        <ele>2061.5</ele>
        <time>2025-07-06T10:00:33.000Z</time>
      </trkpt>
      <trkpt lat="45.99243" lon="6.79315">
        <ele>2061.6</ele>
        <time>2025-07-06T10:00:44.000Z</time>
      </trkpt>
      <trkpt lat="45.99248" lon="6.79303">
        <ele>2060.9</ele>
        <time>2025-07-06T10:00:54.000Z</time>
      </trkpt>
      <trkpt lat="45.99247" lon="6.7929">
        <ele>2060.9</ele>
        <time>2025-07-06T10:01:11.000Z</time>
      </trkpt>
      <trkpt lat="45.99238" lon="6.79284">
        <ele>2060.8</ele>
        <time>2025-07-06T10:02:06.000Z</time>
      </trkpt>
      <trkpt lat="45.99229" lon="6.79284">
        <ele>2060.7</ele>
        <time>2025-07-06T10:02:19.000Z</time>
      </trkpt>
      <trkpt lat="45.99221" lon="6.79278">
        <ele>2061.3</ele>
        <time>2025-07-06T10:02:32.000Z</time>
      </trkpt>
      <trkpt lat="45.99216" lon="6.79267">
        <ele>2063.1</ele>
        <time>2025-07-06T10:02:43.000Z</time>
      </trkpt>
      <trkpt lat="45.99208" lon="6.79259">
        <ele>2065.1</ele>
        <time>2025-07-06T10:02:55.000Z</time>
      </trkpt>
      <trkpt lat="45.99208" lon="6.79272">
        <ele>2064.3</ele>
        <time>2025-07-06T10:29:35.000Z</time>
      </trkpt>
      <trkpt lat="45.99203" lon="6.79283">
        <ele>2064.4</ele>
        <time>2025-07-06T10:29:47.000Z</time>
      </trkpt>
      <trkpt lat="45.99197" lon="6.79294">
        <ele>2063.8</ele>
        <time>2025-07-06T10:29:59.000Z</time>
      </trkpt>
      <trkpt lat="45.99191" lon="6.79304">
        <ele>2063.1</ele>
        <time>2025-07-06T10:30:09.000Z</time>
      </trkpt>
      <trkpt lat="45.99184" lon="6.79314">
        <ele>2063.3</ele>
        <time>2025-07-06T10:30:21.000Z</time>
      </trkpt>
      <trkpt lat="45.9918" lon="6.79327">
        <ele>2063.1</ele>
        <time>2025-07-06T10:30:33.000Z</time>
      </trkpt>
      <trkpt lat="45.99179" lon="6.7934">
        <ele>2062.4</ele>
        <time>2025-07-06T10:30:45.000Z</time>
      </trkpt>
      <trkpt lat="45.99174" lon="6.79351">
        <ele>2062.8</ele>
        <time>2025-07-06T10:31:02.000Z</time>
      </trkpt>
      <trkpt lat="45.9917" lon="6.79364">
        <ele>2062.2</ele>
        <time>2025-07-06T10:31:18.000Z</time>
      </trkpt>
      <trkpt lat="45.99167" lon="6.79377">
        <ele>2060.7</ele>
        <time>2025-07-06T10:31:27.000Z</time>
      </trkpt>
      <trkpt lat="45.99163" lon="6.7939">
        <ele>2059.9</ele>
        <time>2025-07-06T10:31:37.000Z</time>
      </trkpt>
      <trkpt lat="45.99158" lon="6.79402">
        <ele>2060.9</ele>
        <time>2025-07-06T10:31:47.000Z</time>
      </trkpt>
      <trkpt lat="45.99154" lon="6.79414">
        <ele>2061.4</ele>
        <time>2025-07-06T10:31:56.000Z</time>
      </trkpt>
      <trkpt lat="45.99149" lon="6.79426">
        <ele>2062.3</ele>
        <time>2025-07-06T10:32:05.000Z</time>
      </trkpt>
      <trkpt lat="45.99148" lon="6.79439">
        <ele>2062.9</ele>
        <time>2025-07-06T10:32:16.000Z</time>
      </trkpt>
      <trkpt lat="45.99148" lon="6.79453">
        <ele>2063.1</ele>
        <time>2025-07-06T10:32:25.000Z</time>
      </trkpt>
      <trkpt lat="45.99146" lon="6.79466">
        <ele>2063.4</ele>
        <time>2025-07-06T10:32:33.000Z</time>
      </trkpt>
      <trkpt lat="45.99144" lon="6.7948">
        <ele>2063.3</ele>
        <time>2025-07-06T10:32:43.000Z</time>
      </trkpt>
      <trkpt lat="45.99142" lon="6.79494">
        <ele>2062.9</ele>
        <time>2025-07-06T10:32:51.000Z</time>
      </trkpt>
      <trkpt lat="45.9914" lon="6.79508">
        <ele>2062.6</ele>
        <time>2025-07-06T10:33:00.000Z</time>
      </trkpt>
      <trkpt lat="45.99137" lon="6.7952">
        <ele>2063.2</ele>
        <time>2025-07-06T10:33:08.000Z</time>
      </trkpt>
      <trkpt lat="45.99134" lon="6.79533">
        <ele>2063.6</ele>
        <time>2025-07-06T10:33:16.000Z</time>
      </trkpt>
      <trkpt lat="45.99131" lon="6.79545">
        <ele>2063.6</ele>
        <time>2025-07-06T10:33:24.000Z</time>
      </trkpt>
      <trkpt lat="45.99126" lon="6.79557">
        <ele>2063.6</ele>
        <time>2025-07-06T10:33:32.000Z</time>
      </trkpt>
      <trkpt lat="45.9912" lon="6.79569">
        <ele>2063.7</ele>
        <time>2025-07-06T10:33:41.000Z</time>
      </trkpt>
      <trkpt lat="45.99113" lon="6.79578">
        <ele>2063.6</ele>
        <time>2025-07-06T10:33:49.000Z</time>
      </trkpt>
      <trkpt lat="45.99105" lon="6.79583">
        <ele>2064.1</ele>
        <time>2025-07-06T10:33:58.000Z</time>
      </trkpt>
      <trkpt lat="45.99098" lon="6.79592">
        <ele>2064.1</ele>
        <time>2025-07-06T10:34:07.000Z</time>
      </trkpt>
      <trkpt lat="45.99091" lon="6.79601">
        <ele>2064.2</ele>
        <time>2025-07-06T10:34:17.000Z</time>
      </trkpt>
      <trkpt lat="45.99084" lon="6.79611">
        <ele>2064</ele>
        <time>2025-07-06T10:34:27.000Z</time>
      </trkpt>
      <trkpt lat="45.99076" lon="6.79618">
        <ele>2063.5</ele>
        <time>2025-07-06T10:34:36.000Z</time>
      </trkpt>
      <trkpt lat="45.99068" lon="6.79626">
        <ele>2063</ele>
        <time>2025-07-06T10:34:45.000Z</time>
      </trkpt>
      <trkpt lat="45.99059" lon="6.7963">
        <ele>2063.2</ele>
        <time>2025-07-06T10:34:56.000Z</time>
      </trkpt>
      <trkpt lat="45.99051" lon="6.79637">
        <ele>2062.3</ele>
        <time>2025-07-06T10:35:09.000Z</time>
      </trkpt>
      <trkpt lat="45.99042" lon="6.79639">
        <ele>2062</ele>
        <time>2025-07-06T10:35:25.000Z</time>
      </trkpt>
      <trkpt lat="45.99033" lon="6.79641">
        <ele>2061.8</ele>
        <time>2025-07-06T10:35:35.000Z</time>
      </trkpt>
      <trkpt lat="45.99025" lon="6.79648">
        <ele>2061.4</ele>
        <time>2025-07-06T10:35:45.000Z</time>
      </trkpt>
      <trkpt lat="45.99016" lon="6.79654">
        <ele>2061.1</ele>
        <time>2025-07-06T10:35:55.000Z</time>
      </trkpt>
      <trkpt lat="45.99008" lon="6.7966">
        <ele>2061</ele>
        <time>2025-07-06T10:36:04.000Z</time>
      </trkpt>
      <trkpt lat="45.99" lon="6.79669">
        <ele>2060.9</ele>
        <time>2025-07-06T10:36:13.000Z</time>
      </trkpt>
      <trkpt lat="45.98992" lon="6.79675">
        <ele>2060.6</ele>
        <time>2025-07-06T10:36:29.000Z</time>
      </trkpt>
      <trkpt lat="45.98982" lon="6.79679">
        <ele>2060.7</ele>
        <time>2025-07-06T10:36:40.000Z</time>
      </trkpt>
      <trkpt lat="45.98977" lon="6.79689">
        <ele>2060.7</ele>
        <time>2025-07-06T10:37:05.000Z</time>
      </trkpt>
      <trkpt lat="45.9897" lon="6.79699">
        <ele>2060.7</ele>
        <time>2025-07-06T10:37:15.000Z</time>
      </trkpt>
      <trkpt lat="45.98964" lon="6.7971">
        <ele>2060.3</ele>
        <time>2025-07-06T10:37:24.000Z</time>
      </trkpt>
      <trkpt lat="45.98958" lon="6.79721">
        <ele>2060</ele>
        <time>2025-07-06T10:37:34.000Z</time>
      </trkpt>
      <trkpt lat="45.98953" lon="6.79734">
        <ele>2060.4</ele>
        <time>2025-07-06T10:37:43.000Z</time>
      </trkpt>
      <trkpt lat="45.98949" lon="6.79746">
        <ele>2060.7</ele>
        <time>2025-07-06T10:37:52.000Z</time>
      </trkpt>
      <trkpt lat="45.98944" lon="6.79758">
        <ele>2061</ele>
        <time>2025-07-06T10:38:01.000Z</time>
      </trkpt>
      <trkpt lat="45.98942" lon="6.79771">
        <ele>2061.1</ele>
        <time>2025-07-06T10:38:09.000Z</time>
      </trkpt>
      <trkpt lat="45.98936" lon="6.79782">
        <ele>2061.2</ele>
        <time>2025-07-06T10:38:18.000Z</time>
      </trkpt>
      <trkpt lat="45.98928" lon="6.79789">
        <ele>2061.4</ele>
        <time>2025-07-06T10:38:27.000Z</time>
      </trkpt>
      <trkpt lat="45.98925" lon="6.79802">
        <ele>2061.5</ele>
        <time>2025-07-06T10:38:36.000Z</time>
      </trkpt>
      <trkpt lat="45.98921" lon="6.79816">
        <ele>2061.7</ele>
        <time>2025-07-06T10:38:45.000Z</time>
      </trkpt>
      <trkpt lat="45.98919" lon="6.79829">
        <ele>2061.9</ele>
        <time>2025-07-06T10:38:53.000Z</time>
      </trkpt>
      <trkpt lat="45.98915" lon="6.79842">
        <ele>2062.1</ele>
        <time>2025-07-06T10:39:02.000Z</time>
      </trkpt>
      <trkpt lat="45.98911" lon="6.79854">
        <ele>2062.2</ele>
        <time>2025-07-06T10:39:11.000Z</time>
      </trkpt>
      <trkpt lat="45.9891" lon="6.79867">
        <ele>2062.2</ele>
        <time>2025-07-06T10:39:20.000Z</time>
      </trkpt>
      <trkpt lat="45.9891" lon="6.7988">
        <ele>2062.2</ele>
        <time>2025-07-06T10:39:29.000Z</time>
      </trkpt>
      <trkpt lat="45.98913" lon="6.79892">
        <ele>2062.2</ele>
        <time>2025-07-06T10:39:38.000Z</time>
      </trkpt>
      <trkpt lat="45.98916" lon="6.79904">
        <ele>2062.6</ele>
        <time>2025-07-06T10:39:47.000Z</time>
      </trkpt>
      <trkpt lat="45.98919" lon="6.79916">
        <ele>2062.8</ele>
        <time>2025-07-06T10:39:56.000Z</time>
      </trkpt>
      <trkpt lat="45.98924" lon="6.79928">
        <ele>2062.2</ele>
        <time>2025-07-06T10:40:07.000Z</time>
      </trkpt>
      <trkpt lat="45.98928" lon="6.79941">
        <ele>2061.7</ele>
        <time>2025-07-06T10:40:17.000Z</time>
      </trkpt>
      <trkpt lat="45.98935" lon="6.79951">
        <ele>2061.3</ele>
        <time>2025-07-06T10:40:26.000Z</time>
      </trkpt>
      <trkpt lat="45.98939" lon="6.79963">
        <ele>2061.2</ele>
        <time>2025-07-06T10:40:35.000Z</time>
      </trkpt>
      <trkpt lat="45.98943" lon="6.79975">
        <ele>2061.1</ele>
        <time>2025-07-06T10:40:44.000Z</time>
      </trkpt>
      <trkpt lat="45.98945" lon="6.79988">
        <ele>2061</ele>
        <time>2025-07-06T10:40:53.000Z</time>
      </trkpt>
      <trkpt lat="45.98948" lon="6.80002">
        <ele>2060.9</ele>
        <time>2025-07-06T10:41:02.000Z</time>
      </trkpt>
      <trkpt lat="45.98952" lon="6.80014">
        <ele>2060.7</ele>
        <time>2025-07-06T10:41:11.000Z</time>
      </trkpt>
      <trkpt lat="45.98957" lon="6.80027">
        <ele>2060.6</ele>
        <time>2025-07-06T10:41:20.000Z</time>
      </trkpt>
      <trkpt lat="45.9896" lon="6.80039">
        <ele>2060.6</ele>
        <time>2025-07-06T10:41:29.000Z</time>
      </trkpt>
      <trkpt lat="45.98964" lon="6.80052">
        <ele>2060.5</ele>
        <time>2025-07-06T10:41:39.000Z</time>
      </trkpt>
      <trkpt lat="45.98969" lon="6.80065">
        <ele>2060.3</ele>
        <time>2025-07-06T10:41:48.000Z</time>
      </trkpt>
      <trkpt lat="45.98974" lon="6.80077">
        <ele>2059.9</ele>
        <time>2025-07-06T10:41:57.000Z</time>
      </trkpt>
      <trkpt lat="45.98976" lon="6.8009">
        <ele>2059.9</ele>
        <time>2025-07-06T10:42:06.000Z</time>
      </trkpt>
      <trkpt lat="45.98973" lon="6.80103">
        <ele>2060</ele>
        <time>2025-07-06T10:42:17.000Z</time>
      </trkpt>
      <trkpt lat="45.98978" lon="6.80113">
        <ele>2060.1</ele>
        <time>2025-07-06T10:43:14.000Z</time>
      </trkpt>
      <trkpt lat="45.98985" lon="6.80122">
        <ele>2060.6</ele>
        <time>2025-07-06T10:43:25.000Z</time>
      </trkpt>
      <trkpt lat="45.98994" lon="6.80126">
        <ele>2060.7</ele>
        <time>2025-07-06T10:43:34.000Z</time>
      </trkpt>
      <trkpt lat="45.99004" lon="6.80128">
        <ele>2060.5</ele>
        <time>2025-07-06T10:43:44.000Z</time>
      </trkpt>
      <trkpt lat="45.99013" lon="6.8013">
        <ele>2060.2</ele>
        <time>2025-07-06T10:43:54.000Z</time>
      </trkpt>
      <trkpt lat="45.99022" lon="6.80131">
        <ele>2059.9</ele>
        <time>2025-07-06T10:44:02.000Z</time>
      </trkpt>
      <trkpt lat="45.99032" lon="6.80131">
        <ele>2059.7</ele>
        <time>2025-07-06T10:44:10.000Z</time>
      </trkpt>
      <trkpt lat="45.99041" lon="6.80129">
        <ele>2059.6</ele>
        <time>2025-07-06T10:44:20.000Z</time>
      </trkpt>
      <trkpt lat="45.9905" lon="6.80126">
        <ele>2059.5</ele>
        <time>2025-07-06T10:44:34.000Z</time>
      </trkpt>
      <trkpt lat="45.9906" lon="6.80125">
        <ele>2059.6</ele>
        <time>2025-07-06T10:44:43.000Z</time>
      </trkpt>
      <trkpt lat="45.99069" lon="6.80124">
        <ele>2059.9</ele>
        <time>2025-07-06T10:44:51.000Z</time>
      </trkpt>
      <trkpt lat="45.99078" lon="6.80119">
        <ele>2060.1</ele>
        <time>2025-07-06T10:44:59.000Z</time>
      </trkpt>
      <trkpt lat="45.99087" lon="6.80116">
        <ele>2060.2</ele>
        <time>2025-07-06T10:45:06.000Z</time>
      </trkpt>
      <trkpt lat="45.99097" lon="6.80113">
        <ele>2060.1</ele>
        <time>2025-07-06T10:45:14.000Z</time>
      </trkpt>
      <trkpt lat="45.99107" lon="6.80108">
        <ele>2060</ele>
        <time>2025-07-06T10:45:22.000Z</time>
      </trkpt>
      <trkpt lat="45.99116" lon="6.80105">
        <ele>2060.1</ele>
        <time>2025-07-06T10:45:30.000Z</time>
      </trkpt>
      <trkpt lat="45.99125" lon="6.80104">
        <ele>2060.2</ele>
        <time>2025-07-06T10:45:38.000Z</time>
      </trkpt>
      <trkpt lat="45.99135" lon="6.801">
        <ele>2060.2</ele>
        <time>2025-07-06T10:45:46.000Z</time>
      </trkpt>
      <trkpt lat="45.99144" lon="6.80098">
        <ele>2060.3</ele>
        <time>2025-07-06T10:45:54.000Z</time>
      </trkpt>
      <trkpt lat="45.99153" lon="6.80096">
        <ele>2060.5</ele>
        <time>2025-07-06T10:46:02.000Z</time>
      </trkpt>
      <trkpt lat="45.99163" lon="6.80093">
        <ele>2060.6</ele>
        <time>2025-07-06T10:46:10.000Z</time>
      </trkpt>
      <trkpt lat="45.99172" lon="6.80089">
        <ele>2060.6</ele>
        <time>2025-07-06T10:46:18.000Z</time>
      </trkpt>
      <trkpt lat="45.99181" lon="6.80087">
        <ele>2060.8</ele>
        <time>2025-07-06T10:46:26.000Z</time>
      </trkpt>
      <trkpt lat="45.99191" lon="6.80084">
        <ele>2060.9</ele>
        <time>2025-07-06T10:46:34.000Z</time>
      </trkpt>
      <trkpt lat="45.992" lon="6.80082">
        <ele>2061.1</ele>
        <time>2025-07-06T10:46:42.000Z</time>
      </trkpt>
      <trkpt lat="45.99209" lon="6.80079">
        <ele>2061.4</ele>
        <time>2025-07-06T10:46:50.000Z</time>
      </trkpt>
      <trkpt lat="45.99218" lon="6.80078">
        <ele>2061.7</ele>
        <time>2025-07-06T10:46:58.000Z</time>
      </trkpt>
      <trkpt lat="45.99228" lon="6.80076">
        <ele>2061.7</ele>
        <time>2025-07-06T10:47:06.000Z</time>
      </trkpt>
      <trkpt lat="45.99238" lon="6.80073">
        <ele>2061.6</ele>
        <time>2025-07-06T10:47:14.000Z</time>
      </trkpt>
      <trkpt lat="45.99247" lon="6.8007">
        <ele>2061.5</ele>
        <time>2025-07-06T10:47:21.000Z</time>
      </trkpt>
      <trkpt lat="45.99256" lon="6.80069">
        <ele>2061.8</ele>
        <time>2025-07-06T10:47:28.000Z</time>
      </trkpt>
      <trkpt lat="45.99266" lon="6.80069">
        <ele>2062.3</ele>
        <time>2025-07-06T10:47:36.000Z</time>
      </trkpt>
      <trkpt lat="45.99275" lon="6.80069">
        <ele>2062.9</ele>
        <time>2025-07-06T10:47:44.000Z</time>
      </trkpt>
      <trkpt lat="45.99284" lon="6.80064">
        <ele>2062.8</ele>
        <time>2025-07-06T10:47:54.000Z</time>
      </trkpt>
      <trkpt lat="45.99294" lon="6.80063">
        <ele>2062.6</ele>
        <time>2025-07-06T10:48:03.000Z</time>
      </trkpt>
      <trkpt lat="45.99303" lon="6.8006">
        <ele>2062.2</ele>
        <time>2025-07-06T10:48:11.000Z</time>
      </trkpt>
      <trkpt lat="45.99312" lon="6.80057">
        <ele>2062.3</ele>
        <time>2025-07-06T10:48:18.000Z</time>
      </trkpt>
      <trkpt lat="45.99321" lon="6.80056">
        <ele>2062.6</ele>
        <time>2025-07-06T10:48:26.000Z</time>
      </trkpt>
      <trkpt lat="45.9933" lon="6.80053">
        <ele>2062.8</ele>
        <time>2025-07-06T10:48:36.000Z</time>
      </trkpt>
      <trkpt lat="45.99339" lon="6.80047">
        <ele>2063.4</ele>
        <time>2025-07-06T10:48:47.000Z</time>
      </trkpt>
      <trkpt lat="45.99347" lon="6.80039">
        <ele>2063.8</ele>
        <time>2025-07-06T10:48:58.000Z</time>
      </trkpt>
      <trkpt lat="45.99355" lon="6.80035">
        <ele>2064.2</ele>
        <time>2025-07-06T10:49:07.000Z</time>
      </trkpt>
      <trkpt lat="45.99364" lon="6.80031">
        <ele>2065.1</ele>
        <time>2025-07-06T10:49:17.000Z</time>
      </trkpt>
      <trkpt lat="45.99372" lon="6.80026">
        <ele>2066.6</ele>
        <time>2025-07-06T10:49:27.000Z</time>
      </trkpt>
      <trkpt lat="45.9938" lon="6.80017">
        <ele>2067.5</ele>
        <time>2025-07-06T10:49:36.000Z</time>
      </trkpt>
      <trkpt lat="45.99386" lon="6.80005">
        <ele>2067.1</ele>
        <time>2025-07-06T10:49:45.000Z</time>
      </trkpt>
      <trkpt lat="45.99393" lon="6.79996">
        <ele>2067.9</ele>
        <time>2025-07-06T10:49:54.000Z</time>
      </trkpt>
      <trkpt lat="45.99401" lon="6.7999">
        <ele>2069.2</ele>
        <time>2025-07-06T10:50:02.000Z</time>
      </trkpt>
      <trkpt lat="45.99409" lon="6.79982">
        <ele>2069.9</ele>
        <time>2025-07-06T10:50:12.000Z</time>
      </trkpt>
      <trkpt lat="45.99413" lon="6.79969">
        <ele>2067.9</ele>
        <time>2025-07-06T10:50:21.000Z</time>
      </trkpt>
      <trkpt lat="45.99418" lon="6.79958">
        <ele>2067.3</ele>
        <time>2025-07-06T10:50:29.000Z</time>
      </trkpt>
      <trkpt lat="45.9942" lon="6.79944">
        <ele>2065.7</ele>
        <time>2025-07-06T10:50:38.000Z</time>
      </trkpt>
      <trkpt lat="45.99424" lon="6.7993">
        <ele>2065.4</ele>
        <time>2025-07-06T10:50:55.000Z</time>
      </trkpt>
      <trkpt lat="45.99432" lon="6.79922">
        <ele>2065.5</ele>
        <time>2025-07-06T10:51:25.000Z</time>
      </trkpt>
      <trkpt lat="45.9944" lon="6.79915">
        <ele>2065.5</ele>
        <time>2025-07-06T10:51:36.000Z</time>
      </trkpt>
      <trkpt lat="45.99449" lon="6.79909">
        <ele>2066.2</ele>
        <time>2025-07-06T10:51:47.000Z</time>
      </trkpt>
      <trkpt lat="45.99458" lon="6.79906">
        <ele>2066.5</ele>
        <time>2025-07-06T10:51:57.000Z</time>
      </trkpt>
      <trkpt lat="45.99467" lon="6.799">
        <ele>2066.8</ele>
        <time>2025-07-06T10:52:07.000Z</time>
      </trkpt>
      <trkpt lat="45.99476" lon="6.79901">
        <ele>2067.5</ele>
        <time>2025-07-06T10:52:18.000Z</time>
      </trkpt>
      <trkpt lat="45.99486" lon="6.79899">
        <ele>2068.7</ele>
        <time>2025-07-06T10:52:28.000Z</time>
      </trkpt>
      <trkpt lat="45.99495" lon="6.79897">
        <ele>2069.8</ele>
        <time>2025-07-06T10:52:38.000Z</time>
      </trkpt>
      <trkpt lat="45.99505" lon="6.79897">
        <ele>2070.7</ele>
        <time>2025-07-06T10:52:48.000Z</time>
      </trkpt>
      <trkpt lat="45.99514" lon="6.79895">
        <ele>2071.5</ele>
        <time>2025-07-06T10:53:01.000Z</time>
      </trkpt>
      <trkpt lat="45.99523" lon="6.79894">
        <ele>2072.4</ele>
        <time>2025-07-06T10:53:15.000Z</time>
      </trkpt>
      <trkpt lat="45.99533" lon="6.79892">
        <ele>2073.6</ele>
        <time>2025-07-06T10:53:29.000Z</time>
      </trkpt>
      <trkpt lat="45.99542" lon="6.79893">
        <ele>2075</ele>
        <time>2025-07-06T10:53:41.000Z</time>
      </trkpt>
      <trkpt lat="45.99551" lon="6.79891">
        <ele>2076.4</ele>
        <time>2025-07-06T10:53:50.000Z</time>
      </trkpt>
      <trkpt lat="45.99561" lon="6.79887">
        <ele>2077.8</ele>
        <time>2025-07-06T10:54:01.000Z</time>
      </trkpt>
      <trkpt lat="45.9957" lon="6.79885">
        <ele>2079.2</ele>
        <time>2025-07-06T10:54:12.000Z</time>
      </trkpt>
      <trkpt lat="45.99578" lon="6.79881">
        <ele>2080.3</ele>
        <time>2025-07-06T10:54:22.000Z</time>
      </trkpt>
      <trkpt lat="45.99588" lon="6.7988">
        <ele>2081.4</ele>
        <time>2025-07-06T10:54:32.000Z</time>
      </trkpt>
      <trkpt lat="45.99597" lon="6.79877">
        <ele>2082.1</ele>
        <time>2025-07-06T10:54:44.000Z</time>
      </trkpt>
      <trkpt lat="45.99606" lon="6.79875">
        <ele>2083</ele>
        <time>2025-07-06T10:54:56.000Z</time>
      </trkpt>
      <trkpt lat="45.99615" lon="6.79873">
        <ele>2083.9</ele>
        <time>2025-07-06T10:55:08.000Z</time>
      </trkpt>
      <trkpt lat="45.99624" lon="6.79869">
        <ele>2084.8</ele>
        <time>2025-07-06T10:55:21.000Z</time>
      </trkpt>
      <trkpt lat="45.99632" lon="6.79864">
        <ele>2086</ele>
        <time>2025-07-06T10:55:36.000Z</time>
      </trkpt>
      <trkpt lat="45.99641" lon="6.79858">
        <ele>2087.8</ele>
        <time>2025-07-06T10:55:51.000Z</time>
      </trkpt>
      <trkpt lat="45.99649" lon="6.79853">
        <ele>2090.2</ele>
        <time>2025-07-06T10:56:04.000Z</time>
      </trkpt>
      <trkpt lat="45.99659" lon="6.79855">
        <ele>2091.3</ele>
        <time>2025-07-06T10:56:16.000Z</time>
      </trkpt>
      <trkpt lat="45.99668" lon="6.79858">
        <ele>2092.3</ele>
        <time>2025-07-06T10:56:26.000Z</time>
      </trkpt>
      <trkpt lat="45.99676" lon="6.79864">
        <ele>2095.7</ele>
        <time>2025-07-06T10:56:39.000Z</time>
      </trkpt>
      <trkpt lat="45.99679" lon="6.79877">
        <ele>2096.9</ele>
        <time>2025-07-06T10:56:51.000Z</time>
      </trkpt>
      <trkpt lat="45.99684" lon="6.79888">
        <ele>2099.5</ele>
        <time>2025-07-06T10:57:03.000Z</time>
      </trkpt>
      <trkpt lat="45.99685" lon="6.79901">
        <ele>2101.2</ele>
        <time>2025-07-06T10:57:19.000Z</time>
      </trkpt>
      <trkpt lat="45.99687" lon="6.79914">
        <ele>2103.5</ele>
        <time>2025-07-06T10:57:34.000Z</time>
      </trkpt>
      <trkpt lat="45.99689" lon="6.79928">
        <ele>2104.9</ele>
        <time>2025-07-06T10:57:48.000Z</time>
      </trkpt>
      <trkpt lat="45.99689" lon="6.79941">
        <ele>2105.5</ele>
        <time>2025-07-06T10:58:01.000Z</time>
      </trkpt>
      <trkpt lat="45.99689" lon="6.79954">
        <ele>2106.5</ele>
        <time>2025-07-06T10:58:15.000Z</time>
      </trkpt>
      <trkpt lat="45.99692" lon="6.79967">
        <ele>2108.5</ele>
        <time>2025-07-06T10:58:31.000Z</time>
      </trkpt>
      <trkpt lat="45.99693" lon="6.79981">
        <ele>2109.7</ele>
        <time>2025-07-06T10:58:45.000Z</time>
      </trkpt>
      <trkpt lat="45.99701" lon="6.79974">
        <ele>2114</ele>
        <time>2025-07-06T10:59:15.000Z</time>
      </trkpt>
      <trkpt lat="45.99705" lon="6.79962">
        <ele>2116.4</ele>
        <time>2025-07-06T10:59:36.000Z</time>
      </trkpt>
      <trkpt lat="45.99709" lon="6.79949">
        <ele>2118.9</ele>
        <time>2025-07-06T11:00:37.000Z</time>
      </trkpt>
      <trkpt lat="45.99712" lon="6.79936">
        <ele>2120.3</ele>
        <time>2025-07-06T11:00:49.000Z</time>
      </trkpt>
      <trkpt lat="45.99716" lon="6.79924">
        <ele>2123.1</ele>
        <time>2025-07-06T11:01:04.000Z</time>
      </trkpt>
      <trkpt lat="45.99718" lon="6.79937">
        <ele>2124.8</ele>
        <time>2025-07-06T11:01:18.000Z</time>
      </trkpt>
      <trkpt lat="45.99718" lon="6.7995">
        <ele>2125.1</ele>
        <time>2025-07-06T11:01:29.000Z</time>
      </trkpt>
      <trkpt lat="45.99722" lon="6.79962">
        <ele>2127.3</ele>
        <time>2025-07-06T11:01:51.000Z</time>
      </trkpt>
      <trkpt lat="45.99726" lon="6.79974">
        <ele>2129.8</ele>
        <time>2025-07-06T11:02:07.000Z</time>
      </trkpt>
      <trkpt lat="45.99729" lon="6.79986">
        <ele>2131.5</ele>
        <time>2025-07-06T11:02:20.000Z</time>
      </trkpt>
      <trkpt lat="45.99731" lon="6.79999">
        <ele>2132.7</ele>
        <time>2025-07-06T11:02:34.000Z</time>
      </trkpt>
      <trkpt lat="45.99733" lon="6.80012">
        <ele>2133.6</ele>
        <time>2025-07-06T11:02:51.000Z</time>
      </trkpt>
      <trkpt lat="45.99739" lon="6.80022">
        <ele>2136.8</ele>
        <time>2025-07-06T11:03:08.000Z</time>
      </trkpt>
      <trkpt lat="45.99743" lon="6.80034">
        <ele>2138.6</ele>
        <time>2025-07-06T11:03:23.000Z</time>
      </trkpt>
      <trkpt lat="45.99749" lon="6.80044">
        <ele>2141</ele>
        <time>2025-07-06T11:03:40.000Z</time>
      </trkpt>
      <trkpt lat="45.99756" lon="6.80052">
        <ele>2142.6</ele>
        <time>2025-07-06T11:04:00.000Z</time>
      </trkpt>
      <trkpt lat="45.99765" lon="6.80058">
        <ele>2144.4</ele>
        <time>2025-07-06T11:04:36.000Z</time>
      </trkpt>
      <trkpt lat="45.99773" lon="6.80066">
        <ele>2146</ele>
        <time>2025-07-06T11:04:50.000Z</time>
      </trkpt>
      <trkpt lat="45.9978" lon="6.80076">
        <ele>2146.4</ele>
        <time>2025-07-06T11:05:02.000Z</time>
      </trkpt>
      <trkpt lat="45.99786" lon="6.80086">
        <ele>2146.9</ele>
        <time>2025-07-06T11:05:13.000Z</time>
      </trkpt>
      <trkpt lat="45.99794" lon="6.80095">
        <ele>2148.1</ele>
        <time>2025-07-06T11:05:25.000Z</time>
      </trkpt>
      <trkpt lat="45.99802" lon="6.80102">
        <ele>2148.7</ele>
        <time>2025-07-06T11:05:35.000Z</time>
      </trkpt>
      <trkpt lat="45.9981" lon="6.80109">
        <ele>2148.8</ele>
        <time>2025-07-06T11:05:45.000Z</time>
      </trkpt>
      <trkpt lat="45.99819" lon="6.80111">
        <ele>2149</ele>
        <time>2025-07-06T11:05:57.000Z</time>
      </trkpt>
      <trkpt lat="45.99828" lon="6.8011">
        <ele>2148.7</ele>
        <time>2025-07-06T11:06:07.000Z</time>
      </trkpt>
      <trkpt lat="45.99837" lon="6.80111">
        <ele>2147.4</ele>
        <time>2025-07-06T11:06:18.000Z</time>
      </trkpt>
      <trkpt lat="45.99844" lon="6.8012">
        <ele>2146.7</ele>
        <time>2025-07-06T11:06:36.000Z</time>
      </trkpt>
      <trkpt lat="45.99848" lon="6.80132">
        <ele>2147</ele>
        <time>2025-07-06T11:07:42.000Z</time>
      </trkpt>
      <trkpt lat="45.99851" lon="6.80145">
        <ele>2148.2</ele>
        <time>2025-07-06T11:07:54.000Z</time>
      </trkpt>
      <trkpt lat="45.99854" lon="6.80157">
        <ele>2149.2</ele>
        <time>2025-07-06T11:08:05.000Z</time>
      </trkpt>
      <trkpt lat="45.9986" lon="6.80168">
        <ele>2148.7</ele>
        <time>2025-07-06T11:08:14.000Z</time>
      </trkpt>
      <trkpt lat="45.99866" lon="6.80179">
        <ele>2149.2</ele>
        <time>2025-07-06T11:08:23.000Z</time>
      </trkpt>
      <trkpt lat="45.99872" lon="6.8019">
        <ele>2149.1</ele>
        <time>2025-07-06T11:08:32.000Z</time>
      </trkpt>
      <trkpt lat="45.99877" lon="6.80201">
        <ele>2149.6</ele>
        <time>2025-07-06T11:08:42.000Z</time>
      </trkpt>
      <trkpt lat="45.99883" lon="6.80212">
        <ele>2149.9</ele>
        <time>2025-07-06T11:08:53.000Z</time>
      </trkpt>
      <trkpt lat="45.9989" lon="6.80222">
        <ele>2149.7</ele>
        <time>2025-07-06T11:09:03.000Z</time>
      </trkpt>
      <trkpt lat="45.99896" lon="6.80233">
        <ele>2150</ele>
        <time>2025-07-06T11:09:12.000Z</time>
      </trkpt>
      <trkpt lat="45.99901" lon="6.80244">
        <ele>2150.8</ele>
        <time>2025-07-06T11:09:21.000Z</time>
      </trkpt>
      <trkpt lat="45.99909" lon="6.80254">
        <ele>2150.8</ele>
        <time>2025-07-06T11:09:31.000Z</time>
      </trkpt>
      <trkpt lat="45.99915" lon="6.80263">
        <ele>2150.9</ele>
        <time>2025-07-06T11:09:41.000Z</time>
      </trkpt>
      <trkpt lat="45.99922" lon="6.80272">
        <ele>2151.2</ele>
        <time>2025-07-06T11:09:51.000Z</time>
      </trkpt>
      <trkpt lat="45.99928" lon="6.80283">
        <ele>2152.7</ele>
        <time>2025-07-06T11:10:01.000Z</time>
      </trkpt>
      <trkpt lat="45.99936" lon="6.80291">
        <ele>2153.4</ele>
        <time>2025-07-06T11:10:10.000Z</time>
      </trkpt>
      <trkpt lat="45.99945" lon="6.80296">
        <ele>2152.8</ele>
        <time>2025-07-06T11:10:20.000Z</time>
      </trkpt>
      <trkpt lat="45.99955" lon="6.80292">
        <ele>2152.1</ele>
        <time>2025-07-06T11:10:29.000Z</time>
      </trkpt>
      <trkpt lat="45.99963" lon="6.80296">
        <ele>2152.5</ele>
        <time>2025-07-06T11:10:40.000Z</time>
      </trkpt>
      <trkpt lat="45.99969" lon="6.80306">
        <ele>2153.3</ele>
        <time>2025-07-06T11:10:50.000Z</time>
      </trkpt>
      <trkpt lat="45.99975" lon="6.80317">
        <ele>2154.1</ele>
        <time>2025-07-06T11:11:00.000Z</time>
      </trkpt>
      <trkpt lat="45.9998" lon="6.80328">
        <ele>2155.2</ele>
        <time>2025-07-06T11:11:09.000Z</time>
      </trkpt>
      <trkpt lat="45.99985" lon="6.80339">
        <ele>2156.2</ele>
        <time>2025-07-06T11:11:18.000Z</time>
      </trkpt>
      <trkpt lat="45.99988" lon="6.80352">
        <ele>2156.6</ele>
        <time>2025-07-06T11:11:28.000Z</time>
      </trkpt>
      <trkpt lat="45.99992" lon="6.80364">
        <ele>2156.5</ele>
        <time>2025-07-06T11:11:39.000Z</time>
      </trkpt>
      <trkpt lat="45.99997" lon="6.80377">
        <ele>2155.5</ele>
        <time>2025-07-06T11:11:49.000Z</time>
      </trkpt>
      <trkpt lat="46.00001" lon="6.80389">
        <ele>2154</ele>
        <time>2025-07-06T11:11:58.000Z</time>
      </trkpt>
      <trkpt lat="46.00006" lon="6.80401">
        <ele>2153.4</ele>
        <time>2025-07-06T11:12:07.000Z</time>
      </trkpt>
      <trkpt lat="46.0001" lon="6.80413">
        <ele>2152.5</ele>
        <time>2025-07-06T11:12:25.000Z</time>
      </trkpt>
      <trkpt lat="46.00015" lon="6.80425">
        <ele>2151.6</ele>
        <time>2025-07-06T11:12:36.000Z</time>
      </trkpt>
      <trkpt lat="46.00023" lon="6.80432">
        <ele>2150.4</ele>
        <time>2025-07-06T11:12:46.000Z</time>
      </trkpt>
      <trkpt lat="46.00034" lon="6.80432">
        <ele>2148.9</ele>
        <time>2025-07-06T11:12:55.000Z</time>
      </trkpt>
      <trkpt lat="46.00043" lon="6.80431">
        <ele>2147.3</ele>
        <time>2025-07-06T11:13:03.000Z</time>
      </trkpt>
      <trkpt lat="46.00052" lon="6.80432">
        <ele>2145.5</ele>
        <time>2025-07-06T11:13:12.000Z</time>
      </trkpt>
      <trkpt lat="46.00061" lon="6.8044">
        <ele>2143.8</ele>
        <time>2025-07-06T11:13:23.000Z</time>
      </trkpt>
      <trkpt lat="46.00067" lon="6.80449">
        <ele>2142.9</ele>
        <time>2025-07-06T11:13:33.000Z</time>
      </trkpt>
      <trkpt lat="46.00073" lon="6.80459">
        <ele>2142.6</ele>
        <time>2025-07-06T11:13:42.000Z</time>
      </trkpt>
      <trkpt lat="46.00081" lon="6.80467">
        <ele>2142.1</ele>
        <time>2025-07-06T11:13:51.000Z</time>
      </trkpt>
      <trkpt lat="46.00089" lon="6.80474">
        <ele>2141.7</ele>
        <time>2025-07-06T11:14:00.000Z</time>
      </trkpt>
      <trkpt lat="46.00097" lon="6.80482">
        <ele>2141.7</ele>
        <time>2025-07-06T11:14:08.000Z</time>
      </trkpt>
      <trkpt lat="46.00104" lon="6.8049">
        <ele>2141.8</ele>
        <time>2025-07-06T11:14:16.000Z</time>
      </trkpt>
      <trkpt lat="46.00113" lon="6.80498">
        <ele>2141.7</ele>
        <time>2025-07-06T11:14:25.000Z</time>
      </trkpt>
      <trkpt lat="46.00121" lon="6.80505">
        <ele>2141.9</ele>
        <time>2025-07-06T11:14:34.000Z</time>
      </trkpt>
      <trkpt lat="46.00129" lon="6.80511">
        <ele>2141.8</ele>
        <time>2025-07-06T11:14:42.000Z</time>
      </trkpt>
      <trkpt lat="46.00137" lon="6.80519">
        <ele>2141.6</ele>
        <time>2025-07-06T11:14:50.000Z</time>
      </trkpt>
      <trkpt lat="46.00144" lon="6.80526">
        <ele>2141.5</ele>
        <time>2025-07-06T11:14:58.000Z</time>
      </trkpt>
      <trkpt lat="46.00152" lon="6.80535">
        <ele>2141.6</ele>
        <time>2025-07-06T11:15:07.000Z</time>
      </trkpt>
      <trkpt lat="46.00158" lon="6.80545">
        <ele>2141.6</ele>
        <time>2025-07-06T11:15:16.000Z</time>
      </trkpt>
      <trkpt lat="46.00164" lon="6.80557">
        <ele>2141.5</ele>
        <time>2025-07-06T11:15:25.000Z</time>
      </trkpt>
      <trkpt lat="46.0017" lon="6.80569">
        <ele>2141.4</ele>
        <time>2025-07-06T11:15:34.000Z</time>
      </trkpt>
      <trkpt lat="46.00174" lon="6.8058">
        <ele>2141.6</ele>
        <time>2025-07-06T11:15:42.000Z</time>
      </trkpt>
      <trkpt lat="46.00184" lon="6.80584">
        <ele>2141.4</ele>
        <time>2025-07-06T11:15:51.000Z</time>
      </trkpt>
      <trkpt lat="46.00193" lon="6.80582">
        <ele>2141</ele>
        <time>2025-07-06T11:16:04.000Z</time>
      </trkpt>
      <trkpt lat="46.00203" lon="6.80583">
        <ele>2140.7</ele>
        <time>2025-07-06T11:16:13.000Z</time>
      </trkpt>
      <trkpt lat="46.00212" lon="6.80586">
        <ele>2140.4</ele>
        <time>2025-07-06T11:16:25.000Z</time>
      </trkpt>
      <trkpt lat="46.0022" lon="6.80594">
        <ele>2139.8</ele>
        <time>2025-07-06T11:16:42.000Z</time>
      </trkpt>
      <trkpt lat="46.00228" lon="6.80598">
        <ele>2139.1</ele>
        <time>2025-07-06T11:16:53.000Z</time>
      </trkpt>
      <trkpt lat="46.00236" lon="6.80605">
        <ele>2138.1</ele>
        <time>2025-07-06T11:17:04.000Z</time>
      </trkpt>
      <trkpt lat="46.00242" lon="6.80615">
        <ele>2136.8</ele>
        <time>2025-07-06T11:17:16.000Z</time>
      </trkpt>
      <trkpt lat="46.00245" lon="6.80629">
        <ele>2136.2</ele>
        <time>2025-07-06T11:17:31.000Z</time>
      </trkpt>
      <trkpt lat="46.0025" lon="6.8064">
        <ele>2135.1</ele>
        <time>2025-07-06T11:17:41.000Z</time>
      </trkpt>
      <trkpt lat="46.00256" lon="6.8065">
        <ele>2134.2</ele>
        <time>2025-07-06T11:17:50.000Z</time>
      </trkpt>
      <trkpt lat="46.00264" lon="6.80656">
        <ele>2132.2</ele>
        <time>2025-07-06T11:17:59.000Z</time>
      </trkpt>
      <trkpt lat="46.00273" lon="6.80655">
        <ele>2129.5</ele>
        <time>2025-07-06T11:18:08.000Z</time>
      </trkpt>
      <trkpt lat="46.00282" lon="6.8065">
        <ele>2126.5</ele>
        <time>2025-07-06T11:18:19.000Z</time>
      </trkpt>
      <trkpt lat="46.00287" lon="6.80663">
        <ele>2124.9</ele>
        <time>2025-07-06T11:18:34.000Z</time>
      </trkpt>
      <trkpt lat="46.00287" lon="6.80676">
        <ele>2124.2</ele>
        <time>2025-07-06T11:18:49.000Z</time>
      </trkpt>
      <trkpt lat="46.00296" lon="6.8067">
        <ele>2121.2</ele>
        <time>2025-07-06T11:19:10.000Z</time>
      </trkpt>
      <trkpt lat="46.00301" lon="6.80659">
        <ele>2120</ele>
        <time>2025-07-06T11:19:24.000Z</time>
      </trkpt>
      <trkpt lat="46.00305" lon="6.80648">
        <ele>2118.7</ele>
        <time>2025-07-06T11:19:37.000Z</time>
      </trkpt>
      <trkpt lat="46.00312" lon="6.80658">
        <ele>2116.1</ele>
        <time>2025-07-06T11:19:58.000Z</time>
      </trkpt>
      <trkpt lat="46.00313" lon="6.80671">
        <ele>2114.8</ele>
        <time>2025-07-06T11:20:10.000Z</time>
      </trkpt>
      <trkpt lat="46.00311" lon="6.80684">
        <ele>2113.2</ele>
        <time>2025-07-06T11:20:21.000Z</time>
      </trkpt>
      <trkpt lat="46.00307" lon="6.80696">
        <ele>2112.1</ele>
        <time>2025-07-06T11:20:32.000Z</time>
      </trkpt>
      <trkpt lat="46.00304" lon="6.80708">
        <ele>2110.6</ele>
        <time>2025-07-06T11:20:44.000Z</time>
      </trkpt>
      <trkpt lat="46.00302" lon="6.80721">
        <ele>2109.2</ele>
        <time>2025-07-06T11:20:54.000Z</time>
      </trkpt>
      <trkpt lat="46.00302" lon="6.80734">
        <ele>2107.8</ele>
        <time>2025-07-06T11:21:04.000Z</time>
      </trkpt>
      <trkpt lat="46.00303" lon="6.80748">
        <ele>2106.6</ele>
        <time>2025-07-06T11:21:14.000Z</time>
      </trkpt>
      <trkpt lat="46.00299" lon="6.8076">
        <ele>2107.5</ele>
        <time>2025-07-06T11:21:25.000Z</time>
      </trkpt>
      <trkpt lat="46.003" lon="6.80773">
        <ele>2106</ele>
        <time>2025-07-06T11:21:35.000Z</time>
      </trkpt>
      <trkpt lat="46.00301" lon="6.80786">
        <ele>2104.6</ele>
        <time>2025-07-06T11:21:45.000Z</time>
      </trkpt>
      <trkpt lat="46.003" lon="6.808">
        <ele>2104.2</ele>
        <time>2025-07-06T11:21:58.000Z</time>
      </trkpt>
      <trkpt lat="46.00299" lon="6.80814">
        <ele>2105</ele>
        <time>2025-07-06T11:22:08.000Z</time>
      </trkpt>
      <trkpt lat="46.00299" lon="6.80827">
        <ele>2105.4</ele>
        <time>2025-07-06T11:22:16.000Z</time>
      </trkpt>
      <trkpt lat="46.00306" lon="6.80835">
        <ele>2103.5</ele>
        <time>2025-07-06T11:22:25.000Z</time>
      </trkpt>
      <trkpt lat="46.00316" lon="6.8084">
        <ele>2103.4</ele>
        <time>2025-07-06T11:22:34.000Z</time>
      </trkpt>
      <trkpt lat="46.00324" lon="6.80845">
        <ele>2103.4</ele>
        <time>2025-07-06T11:22:43.000Z</time>
      </trkpt>
      <trkpt lat="46.00332" lon="6.80852">
        <ele>2104</ele>
        <time>2025-07-06T11:22:53.000Z</time>
      </trkpt>
      <trkpt lat="46.00341" lon="6.80854">
        <ele>2103.9</ele>
        <time>2025-07-06T11:23:05.000Z</time>
      </trkpt>
      <trkpt lat="46.00349" lon="6.80848">
        <ele>2101.7</ele>
        <time>2025-07-06T11:23:16.000Z</time>
      </trkpt>
      <trkpt lat="46.00358" lon="6.80844">
        <ele>2099.6</ele>
        <time>2025-07-06T11:23:27.000Z</time>
      </trkpt>
      <trkpt lat="46.00367" lon="6.80845">
        <ele>2099.2</ele>
        <time>2025-07-06T11:23:37.000Z</time>
      </trkpt>
      <trkpt lat="46.00376" lon="6.80847">
        <ele>2099</ele>
        <time>2025-07-06T11:23:47.000Z</time>
      </trkpt>
      <trkpt lat="46.00386" lon="6.80847">
        <ele>2098</ele>
        <time>2025-07-06T11:23:57.000Z</time>
      </trkpt>
      <trkpt lat="46.00396" lon="6.80849">
        <ele>2098.6</ele>
        <time>2025-07-06T11:24:06.000Z</time>
      </trkpt>
      <trkpt lat="46.00405" lon="6.80849">
        <ele>2098.5</ele>
        <time>2025-07-06T11:24:16.000Z</time>
      </trkpt>
      <trkpt lat="46.00415" lon="6.80847">
        <ele>2098</ele>
        <time>2025-07-06T11:24:26.000Z</time>
      </trkpt>
      <trkpt lat="46.0042" lon="6.80837">
        <ele>2095.2</ele>
        <time>2025-07-06T11:24:35.000Z</time>
      </trkpt>
      <trkpt lat="46.00428" lon="6.80829">
        <ele>2093.5</ele>
        <time>2025-07-06T11:24:44.000Z</time>
      </trkpt>
      <trkpt lat="46.00437" lon="6.80824">
        <ele>2092.9</ele>
        <time>2025-07-06T11:24:53.000Z</time>
      </trkpt>
      <trkpt lat="46.00446" lon="6.80823">
        <ele>2092.7</ele>
        <time>2025-07-06T11:25:02.000Z</time>
      </trkpt>
      <trkpt lat="46.00455" lon="6.80821">
        <ele>2091.7</ele>
        <time>2025-07-06T11:25:11.000Z</time>
      </trkpt>
      <trkpt lat="46.00465" lon="6.8082">
        <ele>2091</ele>
        <time>2025-07-06T11:25:21.000Z</time>
      </trkpt>
      <trkpt lat="46.00472" lon="6.80813">
        <ele>2089.8</ele>
        <time>2025-07-06T11:25:30.000Z</time>
      </trkpt>
      <trkpt lat="46.00478" lon="6.80802">
        <ele>2088.8</ele>
        <time>2025-07-06T11:25:39.000Z</time>
      </trkpt>
      <trkpt lat="46.00487" lon="6.80796">
        <ele>2088.8</ele>
        <time>2025-07-06T11:25:48.000Z</time>
      </trkpt>
      <trkpt lat="46.00496" lon="6.80796">
        <ele>2088.5</ele>
        <time>2025-07-06T11:25:56.000Z</time>
      </trkpt>
      <trkpt lat="46.00505" lon="6.80796">
        <ele>2088.2</ele>
        <time>2025-07-06T11:26:05.000Z</time>
      </trkpt>
      <trkpt lat="46.00515" lon="6.80794">
        <ele>2088</ele>
        <time>2025-07-06T11:26:14.000Z</time>
      </trkpt>
      <trkpt lat="46.00524" lon="6.80795">
        <ele>2087.5</ele>
        <time>2025-07-06T11:26:23.000Z</time>
      </trkpt>
      <trkpt lat="46.00534" lon="6.80795">
        <ele>2086.8</ele>
        <time>2025-07-06T11:26:31.000Z</time>
      </trkpt>
      <trkpt lat="46.00543" lon="6.80793">
        <ele>2086.2</ele>
        <time>2025-07-06T11:26:40.000Z</time>
      </trkpt>
      <trkpt lat="46.00553" lon="6.80794">
        <ele>2085.3</ele>
        <time>2025-07-06T11:26:49.000Z</time>
      </trkpt>
      <trkpt lat="46.00563" lon="6.80793">
        <ele>2084.5</ele>
        <time>2025-07-06T11:26:58.000Z</time>
      </trkpt>
      <trkpt lat="46.00572" lon="6.80791">
        <ele>2083.9</ele>
        <time>2025-07-06T11:27:06.000Z</time>
      </trkpt>
      <trkpt lat="46.00581" lon="6.80789">
        <ele>2083.3</ele>
        <time>2025-07-06T11:27:14.000Z</time>
      </trkpt>
      <trkpt lat="46.0059" lon="6.80787">
        <ele>2082.5</ele>
        <time>2025-07-06T11:27:22.000Z</time>
      </trkpt>
      <trkpt lat="46.00599" lon="6.80782">
        <ele>2082.1</ele>
        <time>2025-07-06T11:27:30.000Z</time>
      </trkpt>
      <trkpt lat="46.00608" lon="6.80779">
        <ele>2081.3</ele>
        <time>2025-07-06T11:27:40.000Z</time>
      </trkpt>
      <trkpt lat="46.00617" lon="6.80774">
        <ele>2081</ele>
        <time>2025-07-06T11:27:53.000Z</time>
      </trkpt>
      <trkpt lat="46.00626" lon="6.80769">
        <ele>2080.7</ele>
        <time>2025-07-06T11:28:01.000Z</time>
      </trkpt>
      <trkpt lat="46.00634" lon="6.80761">
        <ele>2080.4</ele>
        <time>2025-07-06T11:28:09.000Z</time>
      </trkpt>
      <trkpt lat="46.00641" lon="6.80752">
        <ele>2079.7</ele>
        <time>2025-07-06T11:28:18.000Z</time>
      </trkpt>
      <trkpt lat="46.00649" lon="6.80742">
        <ele>2078.2</ele>
        <time>2025-07-06T11:28:30.000Z</time>
      </trkpt>
      <trkpt lat="46.00653" lon="6.8073">
        <ele>2076.4</ele>
        <time>2025-07-06T11:28:40.000Z</time>
      </trkpt>
      <trkpt lat="46.0066" lon="6.80723">
        <ele>2074.2</ele>
        <time>2025-07-06T11:28:49.000Z</time>
      </trkpt>
      <trkpt lat="46.00667" lon="6.80713">
        <ele>2071.7</ele>
        <time>2025-07-06T11:29:00.000Z</time>
      </trkpt>
      <trkpt lat="46.00676" lon="6.80711">
        <ele>2070.3</ele>
        <time>2025-07-06T11:29:11.000Z</time>
      </trkpt>
      <trkpt lat="46.00686" lon="6.80707">
        <ele>2068.8</ele>
        <time>2025-07-06T11:29:20.000Z</time>
      </trkpt>
      <trkpt lat="46.00694" lon="6.80699">
        <ele>2067.4</ele>
        <time>2025-07-06T11:29:29.000Z</time>
      </trkpt>
      <trkpt lat="46.00702" lon="6.80692">
        <ele>2066.4</ele>
        <time>2025-07-06T11:29:38.000Z</time>
      </trkpt>
      <trkpt lat="46.00708" lon="6.80681">
        <ele>2065.5</ele>
        <time>2025-07-06T11:29:46.000Z</time>
      </trkpt>
      <trkpt lat="46.00715" lon="6.80673">
        <ele>2064.7</ele>
        <time>2025-07-06T11:29:54.000Z</time>
      </trkpt>
      <trkpt lat="46.00723" lon="6.80666">
        <ele>2063.9</ele>
        <time>2025-07-06T11:30:02.000Z</time>
      </trkpt>
      <trkpt lat="46.00731" lon="6.80656">
        <ele>2062.7</ele>
        <time>2025-07-06T11:30:12.000Z</time>
      </trkpt>
      <trkpt lat="46.00738" lon="6.80649">
        <ele>2061.6</ele>
        <time>2025-07-06T11:30:23.000Z</time>
      </trkpt>
      <trkpt lat="46.00745" lon="6.80639">
        <ele>2060.4</ele>
        <time>2025-07-06T11:30:34.000Z</time>
      </trkpt>
      <trkpt lat="46.0075" lon="6.80629">
        <ele>2059.2</ele>
        <time>2025-07-06T11:30:46.000Z</time>
      </trkpt>
      <trkpt lat="46.00755" lon="6.80617">
        <ele>2057.4</ele>
        <time>2025-07-06T11:31:00.000Z</time>
      </trkpt>
      <trkpt lat="46.00758" lon="6.80604">
        <ele>2056.1</ele>
        <time>2025-07-06T11:31:12.000Z</time>
      </trkpt>
      <trkpt lat="46.00764" lon="6.80594">
        <ele>2054.7</ele>
        <time>2025-07-06T11:31:23.000Z</time>
      </trkpt>
      <trkpt lat="46.0077" lon="6.80582">
        <ele>2053.4</ele>
        <time>2025-07-06T11:31:33.000Z</time>
      </trkpt>
      <trkpt lat="46.00777" lon="6.80574">
        <ele>2052.1</ele>
        <time>2025-07-06T11:31:42.000Z</time>
      </trkpt>
      <trkpt lat="46.00785" lon="6.80567">
        <ele>2050.5</ele>
        <time>2025-07-06T11:31:51.000Z</time>
      </trkpt>
      <trkpt lat="46.00791" lon="6.80558">
        <ele>2049.1</ele>
        <time>2025-07-06T11:32:01.000Z</time>
      </trkpt>
      <trkpt lat="46.00796" lon="6.80546">
        <ele>2047.5</ele>
        <time>2025-07-06T11:32:11.000Z</time>
      </trkpt>
      <trkpt lat="46.00792" lon="6.80533">
        <ele>2047.3</ele>
        <time>2025-07-06T11:32:22.000Z</time>
      </trkpt>
      <trkpt lat="46.00791" lon="6.8052">
        <ele>2046.5</ele>
        <time>2025-07-06T11:32:33.000Z</time>
      </trkpt>
      <trkpt lat="46.00795" lon="6.80508">
        <ele>2044.7</ele>
        <time>2025-07-06T11:32:43.000Z</time>
      </trkpt>
      <trkpt lat="46.00802" lon="6.80498">
        <ele>2043.3</ele>
        <time>2025-07-06T11:32:51.000Z</time>
      </trkpt>
      <trkpt lat="46.00809" lon="6.8049">
        <ele>2042.1</ele>
        <time>2025-07-06T11:33:00.000Z</time>
      </trkpt>
      <trkpt lat="46.00816" lon="6.80481">
        <ele>2041.2</ele>
        <time>2025-07-06T11:33:09.000Z</time>
      </trkpt>
      <trkpt lat="46.00821" lon="6.8047">
        <ele>2040.2</ele>
        <time>2025-07-06T11:33:18.000Z</time>
      </trkpt>
      <trkpt lat="46.00829" lon="6.80463">
        <ele>2039.4</ele>
        <time>2025-07-06T11:33:27.000Z</time>
      </trkpt>
      <trkpt lat="46.00835" lon="6.80451">
        <ele>2038.4</ele>
        <time>2025-07-06T11:33:36.000Z</time>
      </trkpt>
      <trkpt lat="46.00843" lon="6.80443">
        <ele>2037.6</ele>
        <time>2025-07-06T11:33:46.000Z</time>
      </trkpt>
      <trkpt lat="46.00852" lon="6.80437">
        <ele>2036.9</ele>
        <time>2025-07-06T11:33:56.000Z</time>
      </trkpt>
      <trkpt lat="46.0086" lon="6.80432">
        <ele>2036.2</ele>
        <time>2025-07-06T11:34:18.000Z</time>
      </trkpt>
      <trkpt lat="46.00851" lon="6.80427">
        <ele>2036.4</ele>
        <time>2025-07-06T11:34:32.000Z</time>
      </trkpt>
      <trkpt lat="46.00842" lon="6.80425">
        <ele>2036.8</ele>
        <time>2025-07-06T11:34:40.000Z</time>
      </trkpt>
      <trkpt lat="46.00832" lon="6.80424">
        <ele>2037.2</ele>
        <time>2025-07-06T11:34:49.000Z</time>
      </trkpt>
      <trkpt lat="46.00822" lon="6.80423">
        <ele>2036.9</ele>
        <time>2025-07-06T11:34:58.000Z</time>
      </trkpt>
      <trkpt lat="46.00812" lon="6.80419">
        <ele>2036.4</ele>
        <time>2025-07-06T11:35:07.000Z</time>
      </trkpt>
      <trkpt lat="46.00803" lon="6.8042">
        <ele>2036</ele>
        <time>2025-07-06T11:35:18.000Z</time>
      </trkpt>
      <trkpt lat="46.00794" lon="6.80419">
        <ele>2035</ele>
        <time>2025-07-06T11:35:48.000Z</time>
      </trkpt>
      <trkpt lat="46.00786" lon="6.80412">
        <ele>2033.7</ele>
        <time>2025-07-06T11:36:00.000Z</time>
      </trkpt>
      <trkpt lat="46.00778" lon="6.80406">
        <ele>2032.6</ele>
        <time>2025-07-06T11:36:11.000Z</time>
      </trkpt>
      <trkpt lat="46.0077" lon="6.80397">
        <ele>2031.6</ele>
        <time>2025-07-06T11:36:22.000Z</time>
      </trkpt>
      <trkpt lat="46.00764" lon="6.80386">
        <ele>2030.4</ele>
        <time>2025-07-06T11:36:33.000Z</time>
      </trkpt>
      <trkpt lat="46.00759" lon="6.80376">
        <ele>2028.7</ele>
        <time>2025-07-06T11:36:44.000Z</time>
      </trkpt>
      <trkpt lat="46.00756" lon="6.80363">
        <ele>2026.6</ele>
        <time>2025-07-06T11:36:56.000Z</time>
      </trkpt>
      <trkpt lat="46.00748" lon="6.80355">
        <ele>2024.8</ele>
        <time>2025-07-06T11:37:09.000Z</time>
      </trkpt>
      <trkpt lat="46.00745" lon="6.80341">
        <ele>2023.7</ele>
        <time>2025-07-06T11:37:21.000Z</time>
      </trkpt>
      <trkpt lat="46.0074" lon="6.8033">
        <ele>2022.1</ele>
        <time>2025-07-06T11:37:32.000Z</time>
      </trkpt>
      <trkpt lat="46.00734" lon="6.80319">
        <ele>2020.4</ele>
        <time>2025-07-06T11:37:44.000Z</time>
      </trkpt>
      <trkpt lat="46.00729" lon="6.80307">
        <ele>2017.9</ele>
        <time>2025-07-06T11:37:57.000Z</time>
      </trkpt>
      <trkpt lat="46.00724" lon="6.80296">
        <ele>2015.9</ele>
        <time>2025-07-06T11:38:09.000Z</time>
      </trkpt>
      <trkpt lat="46.00718" lon="6.80285">
        <ele>2014.5</ele>
        <time>2025-07-06T11:38:21.000Z</time>
      </trkpt>
      <trkpt lat="46.00713" lon="6.80274">
        <ele>2012.8</ele>
        <time>2025-07-06T11:38:33.000Z</time>
      </trkpt>
      <trkpt lat="46.00708" lon="6.80263">
        <ele>2010.9</ele>
        <time>2025-07-06T11:38:47.000Z</time>
      </trkpt>
      <trkpt lat="46.00703" lon="6.80252">
        <ele>2008.6</ele>
        <time>2025-07-06T11:39:00.000Z</time>
      </trkpt>
      <trkpt lat="46.007" lon="6.80239">
        <ele>2007.5</ele>
        <time>2025-07-06T11:39:16.000Z</time>
      </trkpt>
      <trkpt lat="46.00696" lon="6.80227">
        <ele>2005.7</ele>
        <time>2025-07-06T11:39:28.000Z</time>
      </trkpt>
      <trkpt lat="46.00693" lon="6.80214">
        <ele>2004.4</ele>
        <time>2025-07-06T11:39:41.000Z</time>
      </trkpt>
      <trkpt lat="46.00688" lon="6.80202">
        <ele>2002.2</ele>
        <time>2025-07-06T11:39:58.000Z</time>
      </trkpt>
      <trkpt lat="46.00683" lon="6.80192">
        <ele>1999.3</ele>
        <time>2025-07-06T11:40:11.000Z</time>
      </trkpt>
      <trkpt lat="46.00677" lon="6.8018">
        <ele>1996.4</ele>
        <time>2025-07-06T11:40:25.000Z</time>
      </trkpt>
      <trkpt lat="46.00675" lon="6.80168">
        <ele>1995</ele>
        <time>2025-07-06T11:40:36.000Z</time>
      </trkpt>
      <trkpt lat="46.00669" lon="6.80157">
        <ele>1993.1</ele>
        <time>2025-07-06T11:40:49.000Z</time>
      </trkpt>
      <trkpt lat="46.00663" lon="6.80146">
        <ele>1991.4</ele>
        <time>2025-07-06T11:41:04.000Z</time>
      </trkpt>
      <trkpt lat="46.00656" lon="6.80136">
        <ele>1988.8</ele>
        <time>2025-07-06T11:41:20.000Z</time>
      </trkpt>
      <trkpt lat="46.00651" lon="6.80125">
        <ele>1986.6</ele>
        <time>2025-07-06T11:41:35.000Z</time>
      </trkpt>
      <trkpt lat="46.00646" lon="6.80114">
        <ele>1984.1</ele>
        <time>2025-07-06T11:42:20.000Z</time>
      </trkpt>
      <trkpt lat="46.00642" lon="6.80102">
        <ele>1982.4</ele>
        <time>2025-07-06T11:42:36.000Z</time>
      </trkpt>
      <trkpt lat="46.00639" lon="6.80089">
        <ele>1981.5</ele>
        <time>2025-07-06T11:42:47.000Z</time>
      </trkpt>
      <trkpt lat="46.00633" lon="6.80078">
        <ele>1981</ele>
        <time>2025-07-06T11:42:58.000Z</time>
      </trkpt>
      <trkpt lat="46.00626" lon="6.80069">
        <ele>1979.5</ele>
        <time>2025-07-06T11:43:08.000Z</time>
      </trkpt>
      <trkpt lat="46.0062" lon="6.80059">
        <ele>1978.3</ele>
        <time>2025-07-06T11:43:17.000Z</time>
      </trkpt>
      <trkpt lat="46.00614" lon="6.80049">
        <ele>1977.7</ele>
        <time>2025-07-06T11:43:26.000Z</time>
      </trkpt>
      <trkpt lat="46.00608" lon="6.80039">
        <ele>1977.5</ele>
        <time>2025-07-06T11:43:35.000Z</time>
      </trkpt>
      <trkpt lat="46.00603" lon="6.80028">
        <ele>1976.9</ele>
        <time>2025-07-06T11:43:44.000Z</time>
      </trkpt>
      <trkpt lat="46.00597" lon="6.80017">
        <ele>1975.5</ele>
        <time>2025-07-06T11:43:53.000Z</time>
      </trkpt>
      <trkpt lat="46.00592" lon="6.80005">
        <ele>1974.1</ele>
        <time>2025-07-06T11:44:03.000Z</time>
      </trkpt>
      <trkpt lat="46.00588" lon="6.79993">
        <ele>1972.2</ele>
        <time>2025-07-06T11:44:13.000Z</time>
      </trkpt>
      <trkpt lat="46.00587" lon="6.79979">
        <ele>1971.4</ele>
        <time>2025-07-06T11:44:23.000Z</time>
      </trkpt>
      <trkpt lat="46.00589" lon="6.79965">
        <ele>1971.1</ele>
        <time>2025-07-06T11:44:33.000Z</time>
      </trkpt>
      <trkpt lat="46.00591" lon="6.79951">
        <ele>1970.4</ele>
        <time>2025-07-06T11:44:45.000Z</time>
      </trkpt>
      <trkpt lat="46.00594" lon="6.79938">
        <ele>1968.9</ele>
        <time>2025-07-06T11:45:02.000Z</time>
      </trkpt>
      <trkpt lat="46.00597" lon="6.79925">
        <ele>1967.2</ele>
        <time>2025-07-06T11:45:14.000Z</time>
      </trkpt>
      <trkpt lat="46.00601" lon="6.79912">
        <ele>1965.1</ele>
        <time>2025-07-06T11:45:25.000Z</time>
      </trkpt>
      <trkpt lat="46.00603" lon="6.79899">
        <ele>1962.4</ele>
        <time>2025-07-06T11:45:37.000Z</time>
      </trkpt>
      <trkpt lat="46.00607" lon="6.79888">
        <ele>1960.1</ele>
        <time>2025-07-06T11:45:49.000Z</time>
      </trkpt>
      <trkpt lat="46.0061" lon="6.79875">
        <ele>1956.8</ele>
        <time>2025-07-06T11:46:03.000Z</time>
      </trkpt>
      <trkpt lat="46.00615" lon="6.79863">
        <ele>1953.6</ele>
        <time>2025-07-06T11:46:18.000Z</time>
      </trkpt>
      <trkpt lat="46.00623" lon="6.79855">
        <ele>1951.3</ele>
        <time>2025-07-06T11:47:09.000Z</time>
      </trkpt>
      <trkpt lat="46.00626" lon="6.79843">
        <ele>1947.7</ele>
        <time>2025-07-06T11:47:26.000Z</time>
      </trkpt>
      <trkpt lat="46.00633" lon="6.79834">
        <ele>1944.5</ele>
        <time>2025-07-06T11:47:41.000Z</time>
      </trkpt>
      <trkpt lat="46.00636" lon="6.79821">
        <ele>1941.5</ele>
        <time>2025-07-06T11:47:55.000Z</time>
      </trkpt>
      <trkpt lat="46.00635" lon="6.79808">
        <ele>1938.7</ele>
        <time>2025-07-06T11:48:15.000Z</time>
      </trkpt>
      <trkpt lat="46.0063" lon="6.79796">
        <ele>1936.5</ele>
        <time>2025-07-06T11:48:29.000Z</time>
      </trkpt>
      <trkpt lat="46.00626" lon="6.79784">
        <ele>1934.2</ele>
        <time>2025-07-06T11:48:41.000Z</time>
      </trkpt>
      <trkpt lat="46.00622" lon="6.7977">
        <ele>1932</ele>
        <time>2025-07-06T11:48:51.000Z</time>
      </trkpt>
      <trkpt lat="46.0062" lon="6.79758">
        <ele>1930.1</ele>
        <time>2025-07-06T11:49:01.000Z</time>
      </trkpt>
      <trkpt lat="46.00613" lon="6.79747">
        <ele>1928.3</ele>
        <time>2025-07-06T11:49:14.000Z</time>
      </trkpt>
      <trkpt lat="46.00606" lon="6.7974">
        <ele>1926</ele>
        <time>2025-07-06T11:49:27.000Z</time>
      </trkpt>
      <trkpt lat="46.00599" lon="6.79731">
        <ele>1923.6</ele>
        <time>2025-07-06T11:49:43.000Z</time>
      </trkpt>
      <trkpt lat="46.0059" lon="6.79725">
        <ele>1921.9</ele>
        <time>2025-07-06T11:49:59.000Z</time>
      </trkpt>
      <trkpt lat="46.00582" lon="6.79719">
        <ele>1920.2</ele>
        <time>2025-07-06T11:50:11.000Z</time>
      </trkpt>
      <trkpt lat="46.00574" lon="6.7971">
        <ele>1917.9</ele>
        <time>2025-07-06T11:50:23.000Z</time>
      </trkpt>
      <trkpt lat="46.00569" lon="6.797">
        <ele>1915.5</ele>
        <time>2025-07-06T11:50:33.000Z</time>
      </trkpt>
      <trkpt lat="46.0056" lon="6.79696">
        <ele>1914.4</ele>
        <time>2025-07-06T11:50:44.000Z</time>
      </trkpt>
      <trkpt lat="46.00551" lon="6.79697">
        <ele>1913.3</ele>
        <time>2025-07-06T11:50:56.000Z</time>
      </trkpt>
      <trkpt lat="46.00542" lon="6.79693">
        <ele>1910.3</ele>
        <time>2025-07-06T11:51:11.000Z</time>
      </trkpt>
      <trkpt lat="46.00541" lon="6.7968">
        <ele>1907.9</ele>
        <time>2025-07-06T11:51:27.000Z</time>
      </trkpt>
      <trkpt lat="46.00535" lon="6.79669">
        <ele>1904.5</ele>
        <time>2025-07-06T11:51:49.000Z</time>
      </trkpt>
      <trkpt lat="46.00534" lon="6.79656">
        <ele>1902.8</ele>
        <time>2025-07-06T11:52:06.000Z</time>
      </trkpt>
      <trkpt lat="46.00529" lon="6.79644">
        <ele>1900.1</ele>
        <time>2025-07-06T11:52:25.000Z</time>
      </trkpt>
      <trkpt lat="46.00525" lon="6.79632">
        <ele>1897.2</ele>
        <time>2025-07-06T11:52:40.000Z</time>
      </trkpt>
      <trkpt lat="46.00522" lon="6.79619">
        <ele>1894.3</ele>
        <time>2025-07-06T11:52:56.000Z</time>
      </trkpt>
      <trkpt lat="46.0052" lon="6.79605">
        <ele>1892.1</ele>
        <time>2025-07-06T11:53:12.000Z</time>
      </trkpt>
      <trkpt lat="46.00511" lon="6.7961">
        <ele>1889.2</ele>
        <time>2025-07-06T11:53:29.000Z</time>
      </trkpt>
      <trkpt lat="46.00503" lon="6.79618">
        <ele>1886.9</ele>
        <time>2025-07-06T11:53:42.000Z</time>
      </trkpt>
      <trkpt lat="46.00495" lon="6.79613">
        <ele>1883.9</ele>
        <time>2025-07-06T11:53:56.000Z</time>
      </trkpt>
      <trkpt lat="46.00493" lon="6.79599">
        <ele>1881.5</ele>
        <time>2025-07-06T11:54:10.000Z</time>
      </trkpt>
      <trkpt lat="46.00489" lon="6.79586">
        <ele>1878.7</ele>
        <time>2025-07-06T11:54:21.000Z</time>
      </trkpt>
      <trkpt lat="46.00492" lon="6.79574">
        <ele>1877.7</ele>
        <time>2025-07-06T11:54:31.000Z</time>
      </trkpt>
      <trkpt lat="46.00492" lon="6.7956">
        <ele>1876.1</ele>
        <time>2025-07-06T11:54:43.000Z</time>
      </trkpt>
      <trkpt lat="46.00487" lon="6.79548">
        <ele>1874.1</ele>
        <time>2025-07-06T11:54:53.000Z</time>
      </trkpt>
      <trkpt lat="46.00482" lon="6.79538">
        <ele>1872.5</ele>
        <time>2025-07-06T11:55:01.000Z</time>
      </trkpt>
      <trkpt lat="46.00477" lon="6.79526">
        <ele>1870.9</ele>
        <time>2025-07-06T11:55:09.000Z</time>
      </trkpt>
      <trkpt lat="46.00474" lon="6.79513">
        <ele>1869.6</ele>
        <time>2025-07-06T11:55:17.000Z</time>
      </trkpt>
      <trkpt lat="46.00472" lon="6.79499">
        <ele>1869</ele>
        <time>2025-07-06T11:55:26.000Z</time>
      </trkpt>
      <trkpt lat="46.00471" lon="6.79486">
        <ele>1867.6</ele>
        <time>2025-07-06T11:55:34.000Z</time>
      </trkpt>
      <trkpt lat="46.00471" lon="6.79473">
        <ele>1866.6</ele>
        <time>2025-07-06T11:55:42.000Z</time>
      </trkpt>
      <trkpt lat="46.00471" lon="6.79458">
        <ele>1865.4</ele>
        <time>2025-07-06T11:55:50.000Z</time>
      </trkpt>
      <trkpt lat="46.00472" lon="6.79446">
        <ele>1864.9</ele>
        <time>2025-07-06T11:55:58.000Z</time>
      </trkpt>
      <trkpt lat="46.00474" lon="6.79433">
        <ele>1864.7</ele>
        <time>2025-07-06T11:56:06.000Z</time>
      </trkpt>
      <trkpt lat="46.00472" lon="6.79419">
        <ele>1863.2</ele>
        <time>2025-07-06T11:56:14.000Z</time>
      </trkpt>
      <trkpt lat="46.00468" lon="6.79407">
        <ele>1860.6</ele>
        <time>2025-07-06T11:56:22.000Z</time>
      </trkpt>
      <trkpt lat="46.00467" lon="6.79393">
        <ele>1859.4</ele>
        <time>2025-07-06T11:56:31.000Z</time>
      </trkpt>
      <trkpt lat="46.00466" lon="6.7938">
        <ele>1857.2</ele>
        <time>2025-07-06T11:56:42.000Z</time>
      </trkpt>
      <trkpt lat="46.00468" lon="6.79366">
        <ele>1856.1</ele>
        <time>2025-07-06T11:56:53.000Z</time>
      </trkpt>
      <trkpt lat="46.0047" lon="6.79353">
        <ele>1854.8</ele>
        <time>2025-07-06T11:57:04.000Z</time>
      </trkpt>
      <trkpt lat="46.0047" lon="6.7934">
        <ele>1853.2</ele>
        <time>2025-07-06T11:57:15.000Z</time>
      </trkpt>
      <trkpt lat="46.00469" lon="6.79327">
        <ele>1850.6</ele>
        <time>2025-07-06T11:57:27.000Z</time>
      </trkpt>
      <trkpt lat="46.0047" lon="6.79313">
        <ele>1847.9</ele>
        <time>2025-07-06T11:57:38.000Z</time>
      </trkpt>
      <trkpt lat="46.00469" lon="6.79299">
        <ele>1844.1</ele>
        <time>2025-07-06T11:57:49.000Z</time>
      </trkpt>
      <trkpt lat="46.00461" lon="6.79293">
        <ele>1840.4</ele>
        <time>2025-07-06T11:58:03.000Z</time>
      </trkpt>
      <trkpt lat="46.00452" lon="6.79295">
        <ele>1839</ele>
        <time>2025-07-06T11:58:14.000Z</time>
      </trkpt>
      <trkpt lat="46.00443" lon="6.79297">
        <ele>1837.1</ele>
        <time>2025-07-06T11:58:26.000Z</time>
      </trkpt>
      <trkpt lat="46.00434" lon="6.79293">
        <ele>1832.6</ele>
        <time>2025-07-06T11:58:38.000Z</time>
      </trkpt>
      <trkpt lat="46.00435" lon="6.7928">
        <ele>1830.5</ele>
        <time>2025-07-06T11:58:49.000Z</time>
      </trkpt>
      <trkpt lat="46.0044" lon="6.79268">
        <ele>1828.4</ele>
        <time>2025-07-06T11:59:01.000Z</time>
      </trkpt>
      <trkpt lat="46.00439" lon="6.79254">
        <ele>1824.2</ele>
        <time>2025-07-06T11:59:13.000Z</time>
      </trkpt>
      <trkpt lat="46.00431" lon="6.79247">
        <ele>1820.7</ele>
        <time>2025-07-06T11:59:26.000Z</time>
      </trkpt>
      <trkpt lat="46.00422" lon="6.79251">
        <ele>1820.2</ele>
        <time>2025-07-06T11:59:37.000Z</time>
      </trkpt>
      <trkpt lat="46.00414" lon="6.79257">
        <ele>1819.8</ele>
        <time>2025-07-06T11:59:47.000Z</time>
      </trkpt>
      <trkpt lat="46.00407" lon="6.79266">
        <ele>1819.7</ele>
        <time>2025-07-06T11:59:58.000Z</time>
      </trkpt>
      <trkpt lat="46.00398" lon="6.79261">
        <ele>1817.3</ele>
        <time>2025-07-06T12:00:07.000Z</time>
      </trkpt>
      <trkpt lat="46.00394" lon="6.79249">
        <ele>1815.6</ele>
        <time>2025-07-06T12:00:17.000Z</time>
      </trkpt>
      <trkpt lat="46.00394" lon="6.79234">
        <ele>1814.2</ele>
        <time>2025-07-06T12:00:26.000Z</time>
      </trkpt>
      <trkpt lat="46.00397" lon="6.79222">
        <ele>1813</ele>
        <time>2025-07-06T12:00:35.000Z</time>
      </trkpt>
      <trkpt lat="46.00404" lon="6.79213">
        <ele>1812.1</ele>
        <time>2025-07-06T12:00:43.000Z</time>
      </trkpt>
      <trkpt lat="46.00412" lon="6.79206">
        <ele>1811.3</ele>
        <time>2025-07-06T12:00:51.000Z</time>
      </trkpt>
      <trkpt lat="46.00421" lon="6.79203">
        <ele>1811</ele>
        <time>2025-07-06T12:00:59.000Z</time>
      </trkpt>
      <trkpt lat="46.0043" lon="6.79203">
        <ele>1811.2</ele>
        <time>2025-07-06T12:01:07.000Z</time>
      </trkpt>
      <trkpt lat="46.00439" lon="6.79198">
        <ele>1810.6</ele>
        <time>2025-07-06T12:01:14.000Z</time>
      </trkpt>
      <trkpt lat="46.00444" lon="6.79188">
        <ele>1809.5</ele>
        <time>2025-07-06T12:01:23.000Z</time>
      </trkpt>
      <trkpt lat="46.0045" lon="6.79176">
        <ele>1809.1</ele>
        <time>2025-07-06T12:01:32.000Z</time>
      </trkpt>
      <trkpt lat="46.00453" lon="6.79163">
        <ele>1808.4</ele>
        <time>2025-07-06T12:01:40.000Z</time>
      </trkpt>
      <trkpt lat="46.00454" lon="6.7915">
        <ele>1807.7</ele>
        <time>2025-07-06T12:01:53.000Z</time>
      </trkpt>
      <trkpt lat="46.00455" lon="6.79137">
        <ele>1806.9</ele>
        <time>2025-07-06T12:05:37.000Z</time>
      </trkpt>
      <trkpt lat="46.00463" lon="6.79128">
        <ele>1806.4</ele>
        <time>2025-07-06T12:05:45.000Z</time>
      </trkpt>
      <trkpt lat="46.00471" lon="6.79122">
        <ele>1805.8</ele>
        <time>2025-07-06T12:05:53.000Z</time>
      </trkpt>
      <trkpt lat="46.00475" lon="6.7911">
        <ele>1805</ele>
        <time>2025-07-06T12:06:01.000Z</time>
      </trkpt>
      <trkpt lat="46.0048" lon="6.79098">
        <ele>1804.5</ele>
        <time>2025-07-06T12:06:09.000Z</time>
      </trkpt>
      <trkpt lat="46.00483" lon="6.79085">
        <ele>1804</ele>
        <time>2025-07-06T12:06:17.000Z</time>
      </trkpt>
      <trkpt lat="46.00485" lon="6.79071">
        <ele>1803.8</ele>
        <time>2025-07-06T12:06:25.000Z</time>
      </trkpt>
      <trkpt lat="46.00487" lon="6.79057">
        <ele>1803.5</ele>
        <time>2025-07-06T12:06:33.000Z</time>
      </trkpt>
      <trkpt lat="46.00486" lon="6.79043">
        <ele>1803.3</ele>
        <time>2025-07-06T12:06:41.000Z</time>
      </trkpt>
      <trkpt lat="46.00485" lon="6.79029">
        <ele>1803</ele>
        <time>2025-07-06T12:06:48.000Z</time>
      </trkpt>
      <trkpt lat="46.00484" lon="6.79016">
        <ele>1802.6</ele>
        <time>2025-07-06T12:06:56.000Z</time>
      </trkpt>
      <trkpt lat="46.00483" lon="6.79003">
        <ele>1802.1</ele>
        <time>2025-07-06T12:07:04.000Z</time>
      </trkpt>
      <trkpt lat="46.00482" lon="6.78989">
        <ele>1802</ele>
        <time>2025-07-06T12:07:12.000Z</time>
      </trkpt>
      <trkpt lat="46.00482" lon="6.78974">
        <ele>1802</ele>
        <time>2025-07-06T12:07:20.000Z</time>
      </trkpt>
      <trkpt lat="46.00476" lon="6.78963">
        <ele>1801.7</ele>
        <time>2025-07-06T12:07:28.000Z</time>
      </trkpt>
      <trkpt lat="46.00478" lon="6.7895">
        <ele>1801.2</ele>
        <time>2025-07-06T12:07:37.000Z</time>
      </trkpt>
      <trkpt lat="46.00485" lon="6.7894">
        <ele>1800.8</ele>
        <time>2025-07-06T12:07:46.000Z</time>
      </trkpt>
      <trkpt lat="46.00485" lon="6.78926">
        <ele>1800.3</ele>
        <time>2025-07-06T12:07:55.000Z</time>
      </trkpt>
      <trkpt lat="46.00489" lon="6.78913">
        <ele>1799.9</ele>
        <time>2025-07-06T12:08:03.000Z</time>
      </trkpt>
      <trkpt lat="46.00495" lon="6.78904">
        <ele>1799.6</ele>
        <time>2025-07-06T12:08:10.000Z</time>
      </trkpt>
      <trkpt lat="46.00501" lon="6.78893">
        <ele>1799.1</ele>
        <time>2025-07-06T12:08:18.000Z</time>
      </trkpt>
      <trkpt lat="46.00507" lon="6.78882">
        <ele>1798.9</ele>
        <time>2025-07-06T12:08:26.000Z</time>
      </trkpt>
      <trkpt lat="46.0051" lon="6.78868">
        <ele>1798.7</ele>
        <time>2025-07-06T12:08:34.000Z</time>
      </trkpt>
      <trkpt lat="46.0052" lon="6.78862">
        <ele>1798.3</ele>
        <time>2025-07-06T12:08:47.000Z</time>
      </trkpt>
      <trkpt lat="46.00521" lon="6.78849">
        <ele>1797.8</ele>
        <time>2025-07-06T12:08:56.000Z</time>
      </trkpt>
      <trkpt lat="46.00529" lon="6.7884">
        <ele>1797.2</ele>
        <time>2025-07-06T12:09:05.000Z</time>
      </trkpt>
      <trkpt lat="46.00537" lon="6.78832">
        <ele>1797</ele>
        <time>2025-07-06T12:09:14.000Z</time>
      </trkpt>
      <trkpt lat="46.00545" lon="6.78823">
        <ele>1796.8</ele>
        <time>2025-07-06T12:09:22.000Z</time>
      </trkpt>
      <trkpt lat="46.0055" lon="6.78813">
        <ele>1796.4</ele>
        <time>2025-07-06T12:09:29.000Z</time>
      </trkpt>
      <trkpt lat="46.00556" lon="6.78802">
        <ele>1796</ele>
        <time>2025-07-06T12:09:37.000Z</time>
      </trkpt>
      <trkpt lat="46.00562" lon="6.7879">
        <ele>1796.1</ele>
        <time>2025-07-06T12:09:45.000Z</time>
      </trkpt>
      <trkpt lat="46.00567" lon="6.78779">
        <ele>1796</ele>
        <time>2025-07-06T12:09:52.000Z</time>
      </trkpt>
      <trkpt lat="46.00571" lon="6.78767">
        <ele>1795.6</ele>
        <time>2025-07-06T12:09:59.000Z</time>
      </trkpt>
      <trkpt lat="46.00575" lon="6.78754">
        <ele>1795.1</ele>
        <time>2025-07-06T12:10:07.000Z</time>
      </trkpt>
      <trkpt lat="46.00581" lon="6.78744">
        <ele>1795.2</ele>
        <time>2025-07-06T12:10:15.000Z</time>
      </trkpt>
      <trkpt lat="46.00586" lon="6.78732">
        <ele>1796</ele>
        <time>2025-07-06T12:10:24.000Z</time>
      </trkpt>
      <trkpt lat="46.00593" lon="6.78722">
        <ele>1797</ele>
        <time>2025-07-06T12:10:34.000Z</time>
      </trkpt>
      <trkpt lat="46.00601" lon="6.78716">
        <ele>1797.3</ele>
        <time>2025-07-06T12:10:44.000Z</time>
      </trkpt>
      <trkpt lat="46.00608" lon="6.78707">
        <ele>1797.1</ele>
        <time>2025-07-06T12:10:54.000Z</time>
      </trkpt>
      <trkpt lat="46.00615" lon="6.78698">
        <ele>1796.5</ele>
        <time>2025-07-06T12:11:02.000Z</time>
      </trkpt>
      <trkpt lat="46.00623" lon="6.7869">
        <ele>1796</ele>
        <time>2025-07-06T12:11:10.000Z</time>
      </trkpt>
      <trkpt lat="46.00631" lon="6.78681">
        <ele>1795.6</ele>
        <time>2025-07-06T12:11:18.000Z</time>
      </trkpt>
      <trkpt lat="46.00638" lon="6.7867">
        <ele>1795.2</ele>
        <time>2025-07-06T12:11:26.000Z</time>
      </trkpt>
      <trkpt lat="46.00645" lon="6.7866">
        <ele>1794.1</ele>
        <time>2025-07-06T12:11:34.000Z</time>
      </trkpt>
      <trkpt lat="46.00651" lon="6.7865">
        <ele>1792.9</ele>
        <time>2025-07-06T12:11:43.000Z</time>
      </trkpt>
      <trkpt lat="46.00655" lon="6.78638">
        <ele>1791.8</ele>
        <time>2025-07-06T12:11:53.000Z</time>
      </trkpt>
      <trkpt lat="46.00664" lon="6.78636">
        <ele>1791.2</ele>
        <time>2025-07-06T12:12:07.000Z</time>
      </trkpt>
      <trkpt lat="46.00674" lon="6.78635">
        <ele>1790.3</ele>
        <time>2025-07-06T12:12:18.000Z</time>
      </trkpt>
      <trkpt lat="46.00684" lon="6.78634">
        <ele>1789.3</ele>
        <time>2025-07-06T12:12:28.000Z</time>
      </trkpt>
      <trkpt lat="46.00693" lon="6.78637">
        <ele>1788.3</ele>
        <time>2025-07-06T12:12:38.000Z</time>
      </trkpt>
      <trkpt lat="46.00702" lon="6.78634">
        <ele>1787.2</ele>
        <time>2025-07-06T12:12:48.000Z</time>
      </trkpt>
      <trkpt lat="46.0071" lon="6.78629">
        <ele>1785.7</ele>
        <time>2025-07-06T12:13:02.000Z</time>
      </trkpt>
      <trkpt lat="46.00718" lon="6.78622">
        <ele>1783.5</ele>
        <time>2025-07-06T12:13:24.000Z</time>
      </trkpt>
      <trkpt lat="46.00726" lon="6.78613">
        <ele>1781.3</ele>
        <time>2025-07-06T12:13:35.000Z</time>
      </trkpt>
      <trkpt lat="46.0073" lon="6.78601">
        <ele>1779.9</ele>
        <time>2025-07-06T12:13:45.000Z</time>
      </trkpt>
      <trkpt lat="46.00729" lon="6.78588">
        <ele>1778.5</ele>
        <time>2025-07-06T12:13:54.000Z</time>
      </trkpt>
      <trkpt lat="46.00725" lon="6.78575">
        <ele>1777.4</ele>
        <time>2025-07-06T12:14:05.000Z</time>
      </trkpt>
      <trkpt lat="46.00718" lon="6.78564">
        <ele>1777.2</ele>
        <time>2025-07-06T12:14:15.000Z</time>
      </trkpt>
      <trkpt lat="46.00711" lon="6.78555">
        <ele>1776.8</ele>
        <time>2025-07-06T12:14:26.000Z</time>
      </trkpt>
      <trkpt lat="46.00708" lon="6.78543">
        <ele>1774.8</ele>
        <time>2025-07-06T12:14:41.000Z</time>
      </trkpt>
      <trkpt lat="46.007" lon="6.78535">
        <ele>1773.4</ele>
        <time>2025-07-06T12:14:55.000Z</time>
      </trkpt>
      <trkpt lat="46.00696" lon="6.78523">
        <ele>1771.3</ele>
        <time>2025-07-06T12:15:16.000Z</time>
      </trkpt>
      <trkpt lat="46.007" lon="6.78511">
        <ele>1769.6</ele>
        <time>2025-07-06T12:15:30.000Z</time>
      </trkpt>
      <trkpt lat="46.007" lon="6.78497">
        <ele>1767.8</ele>
        <time>2025-07-06T12:15:41.000Z</time>
      </trkpt>
      <trkpt lat="46.00704" lon="6.78484">
        <ele>1767</ele>
        <time>2025-07-06T12:15:51.000Z</time>
      </trkpt>
      <trkpt lat="46.0071" lon="6.78474">
        <ele>1766.7</ele>
        <time>2025-07-06T12:16:00.000Z</time>
      </trkpt>
      <trkpt lat="46.00717" lon="6.78465">
        <ele>1765.5</ele>
        <time>2025-07-06T12:16:09.000Z</time>
      </trkpt>
      <trkpt lat="46.00725" lon="6.78457">
        <ele>1764.1</ele>
        <time>2025-07-06T12:16:18.000Z</time>
      </trkpt>
      <trkpt lat="46.00732" lon="6.78449">
        <ele>1762.4</ele>
        <time>2025-07-06T12:16:28.000Z</time>
      </trkpt>
      <trkpt lat="46.00742" lon="6.78444">
        <ele>1761.3</ele>
        <time>2025-07-06T12:16:38.000Z</time>
      </trkpt>
      <trkpt lat="46.00751" lon="6.78441">
        <ele>1760.5</ele>
        <time>2025-07-06T12:16:47.000Z</time>
      </trkpt>
      <trkpt lat="46.00758" lon="6.78433">
        <ele>1759.3</ele>
        <time>2025-07-06T12:16:56.000Z</time>
      </trkpt>
      <trkpt lat="46.00765" lon="6.78424">
        <ele>1758</ele>
        <time>2025-07-06T12:17:04.000Z</time>
      </trkpt>
      <trkpt lat="46.00774" lon="6.7842">
        <ele>1757.5</ele>
        <time>2025-07-06T12:17:12.000Z</time>
      </trkpt>
      <trkpt lat="46.00783" lon="6.78416">
        <ele>1756.8</ele>
        <time>2025-07-06T12:17:21.000Z</time>
      </trkpt>
      <trkpt lat="46.00792" lon="6.78414">
        <ele>1756.3</ele>
        <time>2025-07-06T12:17:30.000Z</time>
      </trkpt>
      <trkpt lat="46.00801" lon="6.78411">
        <ele>1755.7</ele>
        <time>2025-07-06T12:17:39.000Z</time>
      </trkpt>
      <trkpt lat="46.0081" lon="6.78405">
        <ele>1755</ele>
        <time>2025-07-06T12:17:48.000Z</time>
      </trkpt>
      <trkpt lat="46.00818" lon="6.78398">
        <ele>1754.2</ele>
        <time>2025-07-06T12:17:58.000Z</time>
      </trkpt>
      <trkpt lat="46.00827" lon="6.78393">
        <ele>1753.5</ele>
        <time>2025-07-06T12:18:07.000Z</time>
      </trkpt>
      <trkpt lat="46.00834" lon="6.78385">
        <ele>1752.8</ele>
        <time>2025-07-06T12:18:15.000Z</time>
      </trkpt>
      <trkpt lat="46.00841" lon="6.78376">
        <ele>1752.7</ele>
        <time>2025-07-06T12:18:23.000Z</time>
      </trkpt>
      <trkpt lat="46.0085" lon="6.78371">
        <ele>1752.7</ele>
        <time>2025-07-06T12:18:31.000Z</time>
      </trkpt>
      <trkpt lat="46.00859" lon="6.78366">
        <ele>1752.9</ele>
        <time>2025-07-06T12:18:39.000Z</time>
      </trkpt>
      <trkpt lat="46.00867" lon="6.7836">
        <ele>1752.3</ele>
        <time>2025-07-06T12:18:47.000Z</time>
      </trkpt>
      <trkpt lat="46.00875" lon="6.78356">
        <ele>1751.3</ele>
        <time>2025-07-06T12:18:55.000Z</time>
      </trkpt>
      <trkpt lat="46.00885" lon="6.78357">
        <ele>1750.4</ele>
        <time>2025-07-06T12:19:04.000Z</time>
      </trkpt>
      <trkpt lat="46.00894" lon="6.78362">
        <ele>1749.7</ele>
        <time>2025-07-06T12:19:13.000Z</time>
      </trkpt>
      <trkpt lat="46.00903" lon="6.78361">
        <ele>1749</ele>
        <time>2025-07-06T12:19:23.000Z</time>
      </trkpt>
      <trkpt lat="46.00912" lon="6.78364">
        <ele>1748.5</ele>
        <time>2025-07-06T12:19:31.000Z</time>
      </trkpt>
      <trkpt lat="46.00921" lon="6.78364">
        <ele>1748</ele>
        <time>2025-07-06T12:19:40.000Z</time>
      </trkpt>
      <trkpt lat="46.00931" lon="6.78362">
        <ele>1747.6</ele>
        <time>2025-07-06T12:19:49.000Z</time>
      </trkpt>
      <trkpt lat="46.0094" lon="6.78361">
        <ele>1747.1</ele>
        <time>2025-07-06T12:19:57.000Z</time>
      </trkpt>
      <trkpt lat="46.00949" lon="6.78363">
        <ele>1747.3</ele>
        <time>2025-07-06T12:20:05.000Z</time>
      </trkpt>
      <trkpt lat="46.00959" lon="6.78364">
        <ele>1747.6</ele>
        <time>2025-07-06T12:20:14.000Z</time>
      </trkpt>
      <trkpt lat="46.00969" lon="6.78366">
        <ele>1747.9</ele>
        <time>2025-07-06T12:20:23.000Z</time>
      </trkpt>
      <trkpt lat="46.00978" lon="6.78362">
        <ele>1747.4</ele>
        <time>2025-07-06T12:20:32.000Z</time>
      </trkpt>
      <trkpt lat="46.00987" lon="6.7836">
        <ele>1747.5</ele>
        <time>2025-07-06T12:20:44.000Z</time>
      </trkpt>
      <trkpt lat="46.00996" lon="6.78358">
        <ele>1747.6</ele>
        <time>2025-07-06T12:20:55.000Z</time>
      </trkpt>
      <trkpt lat="46.01003" lon="6.78349">
        <ele>1747.2</ele>
        <time>2025-07-06T12:21:07.000Z</time>
      </trkpt>
      <trkpt lat="46.01007" lon="6.78336">
        <ele>1746.5</ele>
        <time>2025-07-06T12:21:16.000Z</time>
      </trkpt>
      <trkpt lat="46.01014" lon="6.78326">
        <ele>1746.6</ele>
        <time>2025-07-06T12:21:24.000Z</time>
      </trkpt>
      <trkpt lat="46.01019" lon="6.78314">
        <ele>1746.9</ele>
        <time>2025-07-06T12:21:32.000Z</time>
      </trkpt>
      <trkpt lat="46.01024" lon="6.78302">
        <ele>1747.1</ele>
        <time>2025-07-06T12:21:40.000Z</time>
      </trkpt>
      <trkpt lat="46.0103" lon="6.78291">
        <ele>1747.5</ele>
        <time>2025-07-06T12:21:48.000Z</time>
      </trkpt>
      <trkpt lat="46.01035" lon="6.78279">
        <ele>1748</ele>
        <time>2025-07-06T12:21:58.000Z</time>
      </trkpt>
      <trkpt lat="46.0104" lon="6.78268">
        <ele>1749.3</ele>
        <time>2025-07-06T12:22:08.000Z</time>
      </trkpt>
      <trkpt lat="46.01045" lon="6.78256">
        <ele>1750.7</ele>
        <time>2025-07-06T12:22:18.000Z</time>
      </trkpt>
      <trkpt lat="46.01054" lon="6.78252">
        <ele>1750.8</ele>
        <time>2025-07-06T12:22:29.000Z</time>
      </trkpt>
      <trkpt lat="46.01062" lon="6.78245">
        <ele>1751.3</ele>
        <time>2025-07-06T12:22:37.000Z</time>
      </trkpt>
      <trkpt lat="46.0107" lon="6.78236">
        <ele>1751.7</ele>
        <time>2025-07-06T12:22:48.000Z</time>
      </trkpt>
      <trkpt lat="46.01077" lon="6.78229">
        <ele>1751.9</ele>
        <time>2025-07-06T12:22:57.000Z</time>
      </trkpt>
      <trkpt lat="46.01086" lon="6.78222">
        <ele>1751.9</ele>
        <time>2025-07-06T12:23:07.000Z</time>
      </trkpt>
      <trkpt lat="46.01092" lon="6.78211">
        <ele>1752</ele>
        <time>2025-07-06T12:23:19.000Z</time>
      </trkpt>
      <trkpt lat="46.01099" lon="6.78202">
        <ele>1751.8</ele>
        <time>2025-07-06T12:23:30.000Z</time>
      </trkpt>
      <trkpt lat="46.01109" lon="6.78201">
        <ele>1751.2</ele>
        <time>2025-07-06T12:23:41.000Z</time>
      </trkpt>
      <trkpt lat="46.01115" lon="6.7819">
        <ele>1750.3</ele>
        <time>2025-07-06T12:23:52.000Z</time>
      </trkpt>
      <trkpt lat="46.01121" lon="6.78179">
        <ele>1749.4</ele>
        <time>2025-07-06T12:24:01.000Z</time>
      </trkpt>
      <trkpt lat="46.01123" lon="6.78167">
        <ele>1749</ele>
        <time>2025-07-06T12:24:10.000Z</time>
      </trkpt>
      <trkpt lat="46.01129" lon="6.78155">
        <ele>1747.6</ele>
        <time>2025-07-06T12:24:19.000Z</time>
      </trkpt>
      <trkpt lat="46.01137" lon="6.78148">
        <ele>1747</ele>
        <time>2025-07-06T12:24:28.000Z</time>
      </trkpt>
      <trkpt lat="46.01145" lon="6.78143">
        <ele>1746.1</ele>
        <time>2025-07-06T12:24:39.000Z</time>
      </trkpt>
      <trkpt lat="46.01151" lon="6.78133">
        <ele>1745.3</ele>
        <time>2025-07-06T12:24:48.000Z</time>
      </trkpt>
      <trkpt lat="46.0116" lon="6.78131">
        <ele>1744.9</ele>
        <time>2025-07-06T12:24:57.000Z</time>
      </trkpt>
      <trkpt lat="46.01169" lon="6.78127">
        <ele>1744.2</ele>
        <time>2025-07-06T12:25:05.000Z</time>
      </trkpt>
      <trkpt lat="46.01178" lon="6.78121">
        <ele>1742.8</ele>
        <time>2025-07-06T12:25:15.000Z</time>
      </trkpt>
      <trkpt lat="46.01184" lon="6.7811">
        <ele>1742.2</ele>
        <time>2025-07-06T12:25:25.000Z</time>
      </trkpt>
      <trkpt lat="46.0119" lon="6.78099">
        <ele>1742</ele>
        <time>2025-07-06T12:25:34.000Z</time>
      </trkpt>
      <trkpt lat="46.01199" lon="6.78092">
        <ele>1741.7</ele>
        <time>2025-07-06T12:25:42.000Z</time>
      </trkpt>
      <trkpt lat="46.01208" lon="6.78085">
        <ele>1742</ele>
        <time>2025-07-06T12:25:50.000Z</time>
      </trkpt>
      <trkpt lat="46.01215" lon="6.78077">
        <ele>1742.3</ele>
        <time>2025-07-06T12:25:58.000Z</time>
      </trkpt>
      <trkpt lat="46.01222" lon="6.7807">
        <ele>1742.5</ele>
        <time>2025-07-06T12:26:06.000Z</time>
      </trkpt>
      <trkpt lat="46.01229" lon="6.7806">
        <ele>1743.1</ele>
        <time>2025-07-06T12:26:14.000Z</time>
      </trkpt>
      <trkpt lat="46.01237" lon="6.78052">
        <ele>1743.8</ele>
        <time>2025-07-06T12:26:22.000Z</time>
      </trkpt>
      <trkpt lat="46.01246" lon="6.78045">
        <ele>1744.6</ele>
        <time>2025-07-06T12:26:30.000Z</time>
      </trkpt>
      <trkpt lat="46.01254" lon="6.78038">
        <ele>1745.4</ele>
        <time>2025-07-06T12:26:38.000Z</time>
      </trkpt>
      <trkpt lat="46.01262" lon="6.7803">
        <ele>1746.2</ele>
        <time>2025-07-06T12:26:46.000Z</time>
      </trkpt>
      <trkpt lat="46.01267" lon="6.78019">
        <ele>1747.9</ele>
        <time>2025-07-06T12:26:56.000Z</time>
      </trkpt>
      <trkpt lat="46.01269" lon="6.78005">
        <ele>1750</ele>
        <time>2025-07-06T12:27:07.000Z</time>
      </trkpt>
      <trkpt lat="46.01273" lon="6.77992">
        <ele>1752</ele>
        <time>2025-07-06T12:27:20.000Z</time>
      </trkpt>
      <trkpt lat="46.01281" lon="6.77985">
        <ele>1753.2</ele>
        <time>2025-07-06T12:27:33.000Z</time>
      </trkpt>
      <trkpt lat="46.01284" lon="6.77972">
        <ele>1755</ele>
        <time>2025-07-06T12:27:45.000Z</time>
      </trkpt>
      <trkpt lat="46.0129" lon="6.77961">
        <ele>1756.8</ele>
        <time>2025-07-06T12:28:01.000Z</time>
      </trkpt>
      <trkpt lat="46.01296" lon="6.77951">
        <ele>1758.3</ele>
        <time>2025-07-06T12:28:12.000Z</time>
      </trkpt>
      <trkpt lat="46.01301" lon="6.77939">
        <ele>1760.1</ele>
        <time>2025-07-06T12:28:23.000Z</time>
      </trkpt>
      <trkpt lat="46.01306" lon="6.77927">
        <ele>1762.1</ele>
        <time>2025-07-06T12:28:35.000Z</time>
      </trkpt>
      <trkpt lat="46.01311" lon="6.77916">
        <ele>1763.8</ele>
        <time>2025-07-06T12:28:44.000Z</time>
      </trkpt>
      <trkpt lat="46.01319" lon="6.7791">
        <ele>1764.5</ele>
        <time>2025-07-06T12:28:53.000Z</time>
      </trkpt>
      <trkpt lat="46.01328" lon="6.77904">
        <ele>1765.5</ele>
        <time>2025-07-06T12:29:02.000Z</time>
      </trkpt>
      <trkpt lat="46.01336" lon="6.77901">
        <ele>1766.4</ele>
        <time>2025-07-06T12:29:11.000Z</time>
      </trkpt>
      <trkpt lat="46.01345" lon="6.77899">
        <ele>1768</ele>
        <time>2025-07-06T12:29:20.000Z</time>
      </trkpt>
      <trkpt lat="46.01355" lon="6.77897">
        <ele>1770.1</ele>
        <time>2025-07-06T12:29:31.000Z</time>
      </trkpt>
      <trkpt lat="46.01364" lon="6.77895">
        <ele>1772.5</ele>
        <time>2025-07-06T12:29:42.000Z</time>
      </trkpt>
      <trkpt lat="46.01373" lon="6.77891">
        <ele>1775.9</ele>
        <time>2025-07-06T12:29:54.000Z</time>
      </trkpt>
      <trkpt lat="46.01382" lon="6.77891">
        <ele>1777.9</ele>
        <time>2025-07-06T12:30:04.000Z</time>
      </trkpt>
      <trkpt lat="46.0139" lon="6.779">
        <ele>1776.6</ele>
        <time>2025-07-06T12:30:14.000Z</time>
      </trkpt>
      <trkpt lat="46.01399" lon="6.77903">
        <ele>1778</ele>
        <time>2025-07-06T12:30:23.000Z</time>
      </trkpt>
      <trkpt lat="46.01408" lon="6.77901">
        <ele>1781</ele>
        <time>2025-07-06T12:30:34.000Z</time>
      </trkpt>
      <trkpt lat="46.01417" lon="6.77899">
        <ele>1784</ele>
        <time>2025-07-06T12:30:45.000Z</time>
      </trkpt>
      <trkpt lat="46.01427" lon="6.77899">
        <ele>1786.9</ele>
        <time>2025-07-06T12:30:55.000Z</time>
      </trkpt>
      <trkpt lat="46.01437" lon="6.779">
        <ele>1789.3</ele>
        <time>2025-07-06T12:31:05.000Z</time>
      </trkpt>
      <trkpt lat="46.01446" lon="6.77903">
        <ele>1790.8</ele>
        <time>2025-07-06T12:31:16.000Z</time>
      </trkpt>
      <trkpt lat="46.01455" lon="6.77904">
        <ele>1792.3</ele>
        <time>2025-07-06T12:31:29.000Z</time>
      </trkpt>
      <trkpt lat="46.01464" lon="6.77904">
        <ele>1794.4</ele>
        <time>2025-07-06T12:31:44.000Z</time>
      </trkpt>
      <trkpt lat="46.01474" lon="6.77903">
        <ele>1796.4</ele>
        <time>2025-07-06T12:32:01.000Z</time>
      </trkpt>
      <trkpt lat="46.01481" lon="6.77893">
        <ele>1797.4</ele>
        <time>2025-07-06T12:32:13.000Z</time>
      </trkpt>
      <trkpt lat="46.01488" lon="6.77886">
        <ele>1797.6</ele>
        <time>2025-07-06T12:32:21.000Z</time>
      </trkpt>
      <trkpt lat="46.01495" lon="6.77876">
        <ele>1798.3</ele>
        <time>2025-07-06T12:32:28.000Z</time>
      </trkpt>
      <trkpt lat="46.01503" lon="6.7787">
        <ele>1798.7</ele>
        <time>2025-07-06T12:32:36.000Z</time>
      </trkpt>
      <trkpt lat="46.01513" lon="6.7787">
        <ele>1798.5</ele>
        <time>2025-07-06T12:32:44.000Z</time>
      </trkpt>
      <trkpt lat="46.01522" lon="6.77866">
        <ele>1798.8</ele>
        <time>2025-07-06T12:32:52.000Z</time>
      </trkpt>
      <trkpt lat="46.01527" lon="6.77854">
        <ele>1799.8</ele>
        <time>2025-07-06T12:33:00.000Z</time>
      </trkpt>
      <trkpt lat="46.01534" lon="6.77847">
        <ele>1799.7</ele>
        <time>2025-07-06T12:33:07.000Z</time>
      </trkpt>
      <trkpt lat="46.01544" lon="6.77848">
        <ele>1798.4</ele>
        <time>2025-07-06T12:33:15.000Z</time>
      </trkpt>
      <trkpt lat="46.01553" lon="6.77848">
        <ele>1797.2</ele>
        <time>2025-07-06T12:33:21.000Z</time>
      </trkpt>
      <trkpt lat="46.01564" lon="6.77847">
        <ele>1796.5</ele>
        <time>2025-07-06T12:33:28.000Z</time>
      </trkpt>
      <trkpt lat="46.01573" lon="6.77847">
        <ele>1796.1</ele>
        <time>2025-07-06T12:33:34.000Z</time>
      </trkpt>
      <trkpt lat="46.01583" lon="6.77847">
        <ele>1795.5</ele>
        <time>2025-07-06T12:33:41.000Z</time>
      </trkpt>
      <trkpt lat="46.01592" lon="6.7785">
        <ele>1795</ele>
        <time>2025-07-06T12:33:48.000Z</time>
      </trkpt>
      <trkpt lat="46.01601" lon="6.77853">
        <ele>1794.5</ele>
        <time>2025-07-06T12:33:55.000Z</time>
      </trkpt>
      <trkpt lat="46.01611" lon="6.77855">
        <ele>1793.9</ele>
        <time>2025-07-06T12:34:02.000Z</time>
      </trkpt>
      <trkpt lat="46.0162" lon="6.77853">
        <ele>1793.7</ele>
        <time>2025-07-06T12:34:09.000Z</time>
      </trkpt>
      <trkpt lat="46.01629" lon="6.77847">
        <ele>1793.7</ele>
        <time>2025-07-06T12:34:17.000Z</time>
      </trkpt>
      <trkpt lat="46.01638" lon="6.7784">
        <ele>1793.6</ele>
        <time>2025-07-06T12:34:25.000Z</time>
      </trkpt>
      <trkpt lat="46.01645" lon="6.77832">
        <ele>1793.6</ele>
        <time>2025-07-06T12:34:33.000Z</time>
      </trkpt>
      <trkpt lat="46.01648" lon="6.77819">
        <ele>1793.3</ele>
        <time>2025-07-06T12:34:43.000Z</time>
      </trkpt>
      <trkpt lat="46.0165" lon="6.77806">
        <ele>1792.4</ele>
        <time>2025-07-06T12:34:55.000Z</time>
      </trkpt>
      <trkpt lat="46.01656" lon="6.77796">
        <ele>1789.7</ele>
        <time>2025-07-06T12:35:11.000Z</time>
      </trkpt>
      <trkpt lat="46.01661" lon="6.77785">
        <ele>1786.7</ele>
        <time>2025-07-06T12:35:24.000Z</time>
      </trkpt>
      <trkpt lat="46.01666" lon="6.77774">
        <ele>1783</ele>
        <time>2025-07-06T12:35:48.000Z</time>
      </trkpt>
      <trkpt lat="46.01669" lon="6.77761">
        <ele>1779.9</ele>
        <time>2025-07-06T12:36:02.000Z</time>
      </trkpt>
      <trkpt lat="46.01675" lon="6.77749">
        <ele>1775</ele>
        <time>2025-07-06T12:36:16.000Z</time>
      </trkpt>
      <trkpt lat="46.01677" lon="6.77735">
        <ele>1771.8</ele>
        <time>2025-07-06T12:36:26.000Z</time>
      </trkpt>
      <trkpt lat="46.01677" lon="6.77722">
        <ele>1769.7</ele>
        <time>2025-07-06T12:36:34.000Z</time>
      </trkpt>
      <trkpt lat="46.01678" lon="6.77707">
        <ele>1769.2</ele>
        <time>2025-07-06T12:36:43.000Z</time>
      </trkpt>
      <trkpt lat="46.01679" lon="6.77694">
        <ele>1768.8</ele>
        <time>2025-07-06T12:36:52.000Z</time>
      </trkpt>
      <trkpt lat="46.01681" lon="6.7768">
        <ele>1769.7</ele>
        <time>2025-07-06T12:37:01.000Z</time>
      </trkpt>
      <trkpt lat="46.01683" lon="6.77667">
        <ele>1769.5</ele>
        <time>2025-07-06T12:37:10.000Z</time>
      </trkpt>
      <trkpt lat="46.01685" lon="6.77653">
        <ele>1770</ele>
        <time>2025-07-06T12:37:19.000Z</time>
      </trkpt>
      <trkpt lat="46.01691" lon="6.77643">
        <ele>1767.8</ele>
        <time>2025-07-06T12:37:29.000Z</time>
      </trkpt>
      <trkpt lat="46.01694" lon="6.7763">
        <ele>1766.5</ele>
        <time>2025-07-06T12:37:38.000Z</time>
      </trkpt>
      <trkpt lat="46.01693" lon="6.77616">
        <ele>1766.7</ele>
        <time>2025-07-06T12:37:48.000Z</time>
      </trkpt>
      <trkpt lat="46.01692" lon="6.77602">
        <ele>1765.9</ele>
        <time>2025-07-06T12:37:59.000Z</time>
      </trkpt>
      <trkpt lat="46.01689" lon="6.7759">
        <ele>1765.1</ele>
        <time>2025-07-06T12:38:08.000Z</time>
      </trkpt>
      <trkpt lat="46.01684" lon="6.77579">
        <ele>1764.5</ele>
        <time>2025-07-06T12:38:18.000Z</time>
      </trkpt>
      <trkpt lat="46.01679" lon="6.77566">
        <ele>1763.6</ele>
        <time>2025-07-06T12:38:28.000Z</time>
      </trkpt>
      <trkpt lat="46.01677" lon="6.77553">
        <ele>1761.4</ele>
        <time>2025-07-06T12:38:38.000Z</time>
      </trkpt>
      <trkpt lat="46.01673" lon="6.77541">
        <ele>1760.5</ele>
        <time>2025-07-06T12:38:53.000Z</time>
      </trkpt>
      <trkpt lat="46.01674" lon="6.77528">
        <ele>1756.7</ele>
        <time>2025-07-06T12:39:05.000Z</time>
      </trkpt>
      <trkpt lat="46.0167" lon="6.77515">
        <ele>1755.7</ele>
        <time>2025-07-06T12:39:18.000Z</time>
      </trkpt>
      <trkpt lat="46.01668" lon="6.77503">
        <ele>1753.6</ele>
        <time>2025-07-06T12:39:28.000Z</time>
      </trkpt>
      <trkpt lat="46.01666" lon="6.77489">
        <ele>1752</ele>
        <time>2025-07-06T12:39:39.000Z</time>
      </trkpt>
      <trkpt lat="46.01661" lon="6.77479">
        <ele>1753.8</ele>
        <time>2025-07-06T12:39:51.000Z</time>
      </trkpt>
      <trkpt lat="46.01658" lon="6.77466">
        <ele>1752.2</ele>
        <time>2025-07-06T12:40:02.000Z</time>
      </trkpt>
      <trkpt lat="46.01659" lon="6.77452">
        <ele>1748.5</ele>
        <time>2025-07-06T12:40:13.000Z</time>
      </trkpt>
      <trkpt lat="46.01659" lon="6.77439">
        <ele>1746.1</ele>
        <time>2025-07-06T12:40:23.000Z</time>
      </trkpt>
      <trkpt lat="46.01658" lon="6.77426">
        <ele>1744.3</ele>
        <time>2025-07-06T12:40:34.000Z</time>
      </trkpt>
      <trkpt lat="46.01652" lon="6.77415">
        <ele>1744.8</ele>
        <time>2025-07-06T12:40:47.000Z</time>
      </trkpt>
      <trkpt lat="46.01646" lon="6.77404">
        <ele>1744.1</ele>
        <time>2025-07-06T12:41:00.000Z</time>
      </trkpt>
      <trkpt lat="46.01642" lon="6.77393">
        <ele>1742</ele>
        <time>2025-07-06T12:41:11.000Z</time>
      </trkpt>
      <trkpt lat="46.01636" lon="6.77382">
        <ele>1742.5</ele>
        <time>2025-07-06T12:41:29.000Z</time>
      </trkpt>
      <trkpt lat="46.01639" lon="6.77369">
        <ele>1738.6</ele>
        <time>2025-07-06T12:41:41.000Z</time>
      </trkpt>
      <trkpt lat="46.01638" lon="6.77356">
        <ele>1736.4</ele>
        <time>2025-07-06T12:41:55.000Z</time>
      </trkpt>
      <trkpt lat="46.01635" lon="6.77344">
        <ele>1734.8</ele>
        <time>2025-07-06T12:42:03.000Z</time>
      </trkpt>
      <trkpt lat="46.01631" lon="6.77331">
        <ele>1733.7</ele>
        <time>2025-07-06T12:42:14.000Z</time>
      </trkpt>
      <trkpt lat="46.01631" lon="6.77317">
        <ele>1730.4</ele>
        <time>2025-07-06T12:42:25.000Z</time>
      </trkpt>
      <trkpt lat="46.01628" lon="6.77304">
        <ele>1728.2</ele>
        <time>2025-07-06T12:42:35.000Z</time>
      </trkpt>
      <trkpt lat="46.01619" lon="6.77298">
        <ele>1730</ele>
        <time>2025-07-06T12:42:46.000Z</time>
      </trkpt>
      <trkpt lat="46.01618" lon="6.77284">
        <ele>1727.6</ele>
        <time>2025-07-06T12:43:01.000Z</time>
      </trkpt>
      <trkpt lat="46.0162" lon="6.7727">
        <ele>1724.3</ele>
        <time>2025-07-06T12:43:13.000Z</time>
      </trkpt>
      <trkpt lat="46.01629" lon="6.77265">
        <ele>1720.4</ele>
        <time>2025-07-06T12:43:30.000Z</time>
      </trkpt>
      <trkpt lat="46.01637" lon="6.77257">
        <ele>1716.6</ele>
        <time>2025-07-06T12:43:44.000Z</time>
      </trkpt>
      <trkpt lat="46.01635" lon="6.77244">
        <ele>1714.5</ele>
        <time>2025-07-06T12:43:56.000Z</time>
      </trkpt>
      <trkpt lat="46.0163" lon="6.77233">
        <ele>1713</ele>
        <time>2025-07-06T12:44:05.000Z</time>
      </trkpt>
      <trkpt lat="46.01628" lon="6.7722">
        <ele>1709.8</ele>
        <time>2025-07-06T12:44:15.000Z</time>
      </trkpt>
      <trkpt lat="46.01634" lon="6.77209">
        <ele>1706.2</ele>
        <time>2025-07-06T12:44:29.000Z</time>
      </trkpt>
      <trkpt lat="46.01632" lon="6.77197">
        <ele>1703.7</ele>
        <time>2025-07-06T12:44:40.000Z</time>
      </trkpt>
      <trkpt lat="46.01627" lon="6.77184">
        <ele>1701.5</ele>
        <time>2025-07-06T12:44:52.000Z</time>
      </trkpt>
      <trkpt lat="46.01622" lon="6.77174">
        <ele>1699.9</ele>
        <time>2025-07-06T12:45:03.000Z</time>
      </trkpt>
      <trkpt lat="46.0162" lon="6.7716">
        <ele>1696.5</ele>
        <time>2025-07-06T12:45:15.000Z</time>
      </trkpt>
      <trkpt lat="46.01616" lon="6.77148">
        <ele>1693.9</ele>
        <time>2025-07-06T12:45:28.000Z</time>
      </trkpt>
      <trkpt lat="46.01608" lon="6.7714">
        <ele>1692.8</ele>
        <time>2025-07-06T12:45:39.000Z</time>
      </trkpt>
      <trkpt lat="46.01601" lon="6.77132">
        <ele>1691</ele>
        <time>2025-07-06T12:45:52.000Z</time>
      </trkpt>
      <trkpt lat="46.01592" lon="6.77128">
        <ele>1690.6</ele>
        <time>2025-07-06T12:46:05.000Z</time>
      </trkpt>
      <trkpt lat="46.01585" lon="6.77119">
        <ele>1688.3</ele>
        <time>2025-07-06T12:46:15.000Z</time>
      </trkpt>
      <trkpt lat="46.01575" lon="6.77116">
        <ele>1689.1</ele>
        <time>2025-07-06T12:46:25.000Z</time>
      </trkpt>
      <trkpt lat="46.01568" lon="6.77109">
        <ele>1688.1</ele>
        <time>2025-07-06T12:46:45.000Z</time>
      </trkpt>
      <trkpt lat="46.01561" lon="6.77099">
        <ele>1686.5</ele>
        <time>2025-07-06T12:46:57.000Z</time>
      </trkpt>
      <trkpt lat="46.01554" lon="6.77089">
        <ele>1685.2</ele>
        <time>2025-07-06T12:47:06.000Z</time>
      </trkpt>
      <trkpt lat="46.01546" lon="6.77081">
        <ele>1684.6</ele>
        <time>2025-07-06T12:47:15.000Z</time>
      </trkpt>
      <trkpt lat="46.01538" lon="6.77088">
        <ele>1688.9</ele>
        <time>2025-07-06T12:47:25.000Z</time>
      </trkpt>
      <trkpt lat="46.01531" lon="6.77079">
        <ele>1687.8</ele>
        <time>2025-07-06T12:47:39.000Z</time>
      </trkpt>
      <trkpt lat="46.01527" lon="6.77066">
        <ele>1684.5</ele>
        <time>2025-07-06T12:47:51.000Z</time>
      </trkpt>
      <trkpt lat="46.01525" lon="6.77054">
        <ele>1681.6</ele>
        <time>2025-07-06T12:48:08.000Z</time>
      </trkpt>
      <trkpt lat="46.01534" lon="6.77053">
        <ele>1678.7</ele>
        <time>2025-07-06T12:48:27.000Z</time>
      </trkpt>
      <trkpt lat="46.01533" lon="6.77039">
        <ele>1674.4</ele>
        <time>2025-07-06T12:48:54.000Z</time>
      </trkpt>
      <trkpt lat="46.01529" lon="6.77028">
        <ele>1671.6</ele>
        <time>2025-07-06T12:49:06.000Z</time>
      </trkpt>
      <trkpt lat="46.01524" lon="6.77017">
        <ele>1670.5</ele>
        <time>2025-07-06T12:49:20.000Z</time>
      </trkpt>
      <trkpt lat="46.01526" lon="6.77004">
        <ele>1666.6</ele>
        <time>2025-07-06T12:49:39.000Z</time>
      </trkpt>
      <trkpt lat="46.01525" lon="6.7699">
        <ele>1663.2</ele>
        <time>2025-07-06T12:49:58.000Z</time>
      </trkpt>
      <trkpt lat="46.01519" lon="6.76979">
        <ele>1661.6</ele>
        <time>2025-07-06T12:50:11.000Z</time>
      </trkpt>
      <trkpt lat="46.01515" lon="6.76967">
        <ele>1659.3</ele>
        <time>2025-07-06T12:50:23.000Z</time>
      </trkpt>
      <trkpt lat="46.01514" lon="6.76954">
        <ele>1655.8</ele>
        <time>2025-07-06T12:50:38.000Z</time>
      </trkpt>
      <trkpt lat="46.0151" lon="6.76943">
        <ele>1653.6</ele>
        <time>2025-07-06T12:50:55.000Z</time>
      </trkpt>
      <trkpt lat="46.0151" lon="6.76929">
        <ele>1649.9</ele>
        <time>2025-07-06T12:51:14.000Z</time>
      </trkpt>
      <trkpt lat="46.01505" lon="6.76918">
        <ele>1648.1</ele>
        <time>2025-07-06T12:51:25.000Z</time>
      </trkpt>
      <trkpt lat="46.01501" lon="6.76906">
        <ele>1646.2</ele>
        <time>2025-07-06T12:51:36.000Z</time>
      </trkpt>
      <trkpt lat="46.01498" lon="6.76893">
        <ele>1643.7</ele>
        <time>2025-07-06T12:51:49.000Z</time>
      </trkpt>
      <trkpt lat="46.01494" lon="6.7688">
        <ele>1641.4</ele>
        <time>2025-07-06T12:52:00.000Z</time>
      </trkpt>
      <trkpt lat="46.01492" lon="6.76868">
        <ele>1638.2</ele>
        <time>2025-07-06T12:52:11.000Z</time>
      </trkpt>
      <trkpt lat="46.01488" lon="6.76855">
        <ele>1635.6</ele>
        <time>2025-07-06T12:52:20.000Z</time>
      </trkpt>
      <trkpt lat="46.01486" lon="6.76842">
        <ele>1632.6</ele>
        <time>2025-07-06T12:52:30.000Z</time>
      </trkpt>
      <trkpt lat="46.0148" lon="6.76832">
        <ele>1631.3</ele>
        <time>2025-07-06T12:52:42.000Z</time>
      </trkpt>
      <trkpt lat="46.01477" lon="6.76819">
        <ele>1628.5</ele>
        <time>2025-07-06T12:52:52.000Z</time>
      </trkpt>
      <trkpt lat="46.01484" lon="6.7681">
        <ele>1624.6</ele>
        <time>2025-07-06T12:53:08.000Z</time>
      </trkpt>
      <trkpt lat="46.01492" lon="6.76803">
        <ele>1621.1</ele>
        <time>2025-07-06T12:53:31.000Z</time>
      </trkpt>
      <trkpt lat="46.015" lon="6.76797">
        <ele>1618.2</ele>
        <time>2025-07-06T12:53:46.000Z</time>
      </trkpt>
      <trkpt lat="46.01502" lon="6.76785">
        <ele>1615</ele>
        <time>2025-07-06T12:57:46.000Z</time>
      </trkpt>
      <trkpt lat="46.01498" lon="6.76772">
        <ele>1613.1</ele>
        <time>2025-07-06T12:57:57.000Z</time>
      </trkpt>
      <trkpt lat="46.01496" lon="6.76758">
        <ele>1610.3</ele>
        <time>2025-07-06T12:58:12.000Z</time>
      </trkpt>
      <trkpt lat="46.0149" lon="6.76748">
        <ele>1609</ele>
        <time>2025-07-06T12:58:26.000Z</time>
      </trkpt>
      <trkpt lat="46.01483" lon="6.76738">
        <ele>1607.3</ele>
        <time>2025-07-06T12:58:38.000Z</time>
      </trkpt>
      <trkpt lat="46.01479" lon="6.76726">
        <ele>1604.7</ele>
        <time>2025-07-06T12:58:48.000Z</time>
      </trkpt>
      <trkpt lat="46.01474" lon="6.76715">
        <ele>1602.7</ele>
        <time>2025-07-06T12:59:01.000Z</time>
      </trkpt>
      <trkpt lat="46.01468" lon="6.76704">
        <ele>1600.6</ele>
        <time>2025-07-06T12:59:15.000Z</time>
      </trkpt>
      <trkpt lat="46.0147" lon="6.7669">
        <ele>1596.7</ele>
        <time>2025-07-06T12:59:36.000Z</time>
      </trkpt>
      <trkpt lat="46.01475" lon="6.76679">
        <ele>1593.3</ele>
        <time>2025-07-06T12:59:48.000Z</time>
      </trkpt>
      <trkpt lat="46.01471" lon="6.76667">
        <ele>1590</ele>
        <time>2025-07-06T13:00:06.000Z</time>
      </trkpt>
      <trkpt lat="46.01464" lon="6.76657">
        <ele>1586.1</ele>
        <time>2025-07-06T13:00:28.000Z</time>
      </trkpt>
      <trkpt lat="46.01467" lon="6.76644">
        <ele>1581.5</ele>
        <time>2025-07-06T13:00:55.000Z</time>
      </trkpt>
      <trkpt lat="46.01458" lon="6.76639">
        <ele>1579.1</ele>
        <time>2025-07-06T13:01:09.000Z</time>
      </trkpt>
      <trkpt lat="46.01449" lon="6.7664">
        <ele>1578.8</ele>
        <time>2025-07-06T13:01:18.000Z</time>
      </trkpt>
      <trkpt lat="46.01439" lon="6.7664">
        <ele>1577.8</ele>
        <time>2025-07-06T13:01:27.000Z</time>
      </trkpt>
      <trkpt lat="46.0143" lon="6.76638">
        <ele>1576.1</ele>
        <time>2025-07-06T13:01:35.000Z</time>
      </trkpt>
      <trkpt lat="46.01422" lon="6.76632">
        <ele>1573.1</ele>
        <time>2025-07-06T13:01:48.000Z</time>
      </trkpt>
      <trkpt lat="46.01413" lon="6.76629">
        <ele>1571.4</ele>
        <time>2025-07-06T13:02:04.000Z</time>
      </trkpt>
      <trkpt lat="46.01404" lon="6.76624">
        <ele>1569.3</ele>
        <time>2025-07-06T13:02:16.000Z</time>
      </trkpt>
      <trkpt lat="46.01397" lon="6.76616">
        <ele>1565.7</ele>
        <time>2025-07-06T13:02:30.000Z</time>
      </trkpt>
      <trkpt lat="46.01391" lon="6.76606">
        <ele>1561.6</ele>
        <time>2025-07-06T13:02:48.000Z</time>
      </trkpt>
      <trkpt lat="46.01382" lon="6.76604">
        <ele>1562.7</ele>
        <time>2025-07-06T13:03:01.000Z</time>
      </trkpt>
      <trkpt lat="46.01379" lon="6.76592">
        <ele>1559.9</ele>
        <time>2025-07-06T13:03:11.000Z</time>
      </trkpt>
      <trkpt lat="46.01374" lon="6.7658">
        <ele>1557.9</ele>
        <time>2025-07-06T13:03:21.000Z</time>
      </trkpt>
      <trkpt lat="46.01369" lon="6.76568">
        <ele>1555.2</ele>
        <time>2025-07-06T13:03:32.000Z</time>
      </trkpt>
      <trkpt lat="46.01363" lon="6.76557">
        <ele>1553.2</ele>
        <time>2025-07-06T13:03:44.000Z</time>
      </trkpt>
      <trkpt lat="46.01371" lon="6.76553">
        <ele>1549.7</ele>
        <time>2025-07-06T13:03:53.000Z</time>
      </trkpt>
      <trkpt lat="46.01381" lon="6.76556">
        <ele>1548.3</ele>
        <time>2025-07-06T13:04:04.000Z</time>
      </trkpt>
      <trkpt lat="46.0139" lon="6.76553">
        <ele>1545.1</ele>
        <time>2025-07-06T13:04:15.000Z</time>
      </trkpt>
      <trkpt lat="46.01384" lon="6.76543">
        <ele>1543.7</ele>
        <time>2025-07-06T13:04:24.000Z</time>
      </trkpt>
      <trkpt lat="46.01392" lon="6.76537">
        <ele>1539.8</ele>
        <time>2025-07-06T13:04:43.000Z</time>
      </trkpt>
      <trkpt lat="46.01401" lon="6.76541">
        <ele>1539.2</ele>
        <time>2025-07-06T13:04:57.000Z</time>
      </trkpt>
      <trkpt lat="46.0141" lon="6.76544">
        <ele>1538.5</ele>
        <time>2025-07-06T13:05:21.000Z</time>
      </trkpt>
      <trkpt lat="46.01416" lon="6.76534">
        <ele>1533.7</ele>
        <time>2025-07-06T13:06:09.000Z</time>
      </trkpt>
      <trkpt lat="46.01424" lon="6.76528">
        <ele>1531.6</ele>
        <time>2025-07-06T13:06:28.000Z</time>
      </trkpt>
      <trkpt lat="46.01432" lon="6.7652">
        <ele>1529</ele>
        <time>2025-07-06T13:06:42.000Z</time>
      </trkpt>
      <trkpt lat="46.01438" lon="6.76511">
        <ele>1525.6</ele>
        <time>2025-07-06T13:06:58.000Z</time>
      </trkpt>
      <trkpt lat="46.0144" lon="6.76498">
        <ele>1520.2</ele>
        <time>2025-07-06T13:07:15.000Z</time>
      </trkpt>
      <trkpt lat="46.01435" lon="6.76487">
        <ele>1515.9</ele>
        <time>2025-07-06T13:07:26.000Z</time>
      </trkpt>
      <trkpt lat="46.01426" lon="6.76483">
        <ele>1515.4</ele>
        <time>2025-07-06T13:07:39.000Z</time>
      </trkpt>
      <trkpt lat="46.01422" lon="6.76471">
        <ele>1511.7</ele>
        <time>2025-07-06T13:08:14.000Z</time>
      </trkpt>
      <trkpt lat="46.01419" lon="6.76459">
        <ele>1507.7</ele>
        <time>2025-07-06T13:08:36.000Z</time>
      </trkpt>
      <trkpt lat="46.01411" lon="6.76451">
        <ele>1506.2</ele>
        <time>2025-07-06T13:08:51.000Z</time>
      </trkpt>
      <trkpt lat="46.01402" lon="6.76447">
        <ele>1506.6</ele>
        <time>2025-07-06T13:09:05.000Z</time>
      </trkpt>
      <trkpt lat="46.01393" lon="6.76442">
        <ele>1506.5</ele>
        <time>2025-07-06T13:09:15.000Z</time>
      </trkpt>
      <trkpt lat="46.01395" lon="6.76428">
        <ele>1502.4</ele>
        <time>2025-07-06T13:09:25.000Z</time>
      </trkpt>
      <trkpt lat="46.01393" lon="6.76414">
        <ele>1499.2</ele>
        <time>2025-07-06T13:09:36.000Z</time>
      </trkpt>
      <trkpt lat="46.01386" lon="6.76405">
        <ele>1500.5</ele>
        <time>2025-07-06T13:09:46.000Z</time>
      </trkpt>
      <trkpt lat="46.01385" lon="6.76391">
        <ele>1498.7</ele>
        <time>2025-07-06T13:10:01.000Z</time>
      </trkpt>
      <trkpt lat="46.01383" lon="6.76378">
        <ele>1497.6</ele>
        <time>2025-07-06T13:10:11.000Z</time>
      </trkpt>
      <trkpt lat="46.01377" lon="6.76367">
        <ele>1499.2</ele>
        <time>2025-07-06T13:10:23.000Z</time>
      </trkpt>
      <trkpt lat="46.0137" lon="6.76358">
        <ele>1500.7</ele>
        <time>2025-07-06T13:10:35.000Z</time>
      </trkpt>
      <trkpt lat="46.01366" lon="6.76346">
        <ele>1499.1</ele>
        <time>2025-07-06T13:10:46.000Z</time>
      </trkpt>
      <trkpt lat="46.01362" lon="6.76334">
        <ele>1498</ele>
        <time>2025-07-06T13:10:56.000Z</time>
      </trkpt>
      <trkpt lat="46.01361" lon="6.76321">
        <ele>1494</ele>
        <time>2025-07-06T13:11:10.000Z</time>
      </trkpt>
      <trkpt lat="46.01354" lon="6.76311">
        <ele>1494.4</ele>
        <time>2025-07-06T13:11:21.000Z</time>
      </trkpt>
      <trkpt lat="46.01348" lon="6.763">
        <ele>1494.2</ele>
        <time>2025-07-06T13:11:31.000Z</time>
      </trkpt>
      <trkpt lat="46.01341" lon="6.76292">
        <ele>1495.6</ele>
        <time>2025-07-06T13:11:39.000Z</time>
      </trkpt>
      <trkpt lat="46.01338" lon="6.76279">
        <ele>1493.3</ele>
        <time>2025-07-06T13:11:49.000Z</time>
      </trkpt>
      <trkpt lat="46.01337" lon="6.76266">
        <ele>1490.3</ele>
        <time>2025-07-06T13:12:00.000Z</time>
      </trkpt>
      <trkpt lat="46.01332" lon="6.76255">
        <ele>1489.8</ele>
        <time>2025-07-06T13:12:09.000Z</time>
      </trkpt>
      <trkpt lat="46.01324" lon="6.76246">
        <ele>1489.6</ele>
        <time>2025-07-06T13:12:20.000Z</time>
      </trkpt>
      <trkpt lat="46.01318" lon="6.76235">
        <ele>1488.1</ele>
        <time>2025-07-06T13:12:31.000Z</time>
      </trkpt>
      <trkpt lat="46.01309" lon="6.7623">
        <ele>1487.6</ele>
        <time>2025-07-06T13:12:42.000Z</time>
      </trkpt>
      <trkpt lat="46.01301" lon="6.76224">
        <ele>1486.3</ele>
        <time>2025-07-06T13:12:54.000Z</time>
      </trkpt>
      <trkpt lat="46.01293" lon="6.76217">
        <ele>1484.6</ele>
        <time>2025-07-06T13:13:06.000Z</time>
      </trkpt>
      <trkpt lat="46.01284" lon="6.7621">
        <ele>1482.2</ele>
        <time>2025-07-06T13:13:15.000Z</time>
      </trkpt>
      <trkpt lat="46.01276" lon="6.76203">
        <ele>1479.6</ele>
        <time>2025-07-06T13:13:25.000Z</time>
      </trkpt>
      <trkpt lat="46.01268" lon="6.76193">
        <ele>1477.5</ele>
        <time>2025-07-06T13:13:35.000Z</time>
      </trkpt>
      <trkpt lat="46.0126" lon="6.76188">
        <ele>1478.3</ele>
        <time>2025-07-06T13:13:46.000Z</time>
      </trkpt>
      <trkpt lat="46.01251" lon="6.76185">
        <ele>1480.2</ele>
        <time>2025-07-06T13:13:59.000Z</time>
      </trkpt>
      <trkpt lat="46.01243" lon="6.76177">
        <ele>1482.1</ele>
        <time>2025-07-06T13:14:18.000Z</time>
      </trkpt>
      <trkpt lat="46.01247" lon="6.76166">
        <ele>1475.3</ele>
        <time>2025-07-06T13:14:40.000Z</time>
      </trkpt>
      <trkpt lat="46.0124" lon="6.76156">
        <ele>1476.2</ele>
        <time>2025-07-06T13:15:04.000Z</time>
      </trkpt>
      <trkpt lat="46.01244" lon="6.76144">
        <ele>1469.4</ele>
        <time>2025-07-06T13:15:25.000Z</time>
      </trkpt>
      <trkpt lat="46.01238" lon="6.76133">
        <ele>1469.2</ele>
        <time>2025-07-06T13:15:36.000Z</time>
      </trkpt>
      <trkpt lat="46.01234" lon="6.76121">
        <ele>1467.9</ele>
        <time>2025-07-06T13:15:47.000Z</time>
      </trkpt>
      <trkpt lat="46.01232" lon="6.76109">
        <ele>1465.4</ele>
        <time>2025-07-06T13:15:58.000Z</time>
      </trkpt>
      <trkpt lat="46.01228" lon="6.76096">
        <ele>1463.7</ele>
        <time>2025-07-06T13:16:06.000Z</time>
      </trkpt>
      <trkpt lat="46.01225" lon="6.76083">
        <ele>1460.9</ele>
        <time>2025-07-06T13:16:16.000Z</time>
      </trkpt>
      <trkpt lat="46.01222" lon="6.7607">
        <ele>1459.4</ele>
        <time>2025-07-06T13:16:27.000Z</time>
      </trkpt>
      <trkpt lat="46.01218" lon="6.76057">
        <ele>1458.3</ele>
        <time>2025-07-06T13:16:38.000Z</time>
      </trkpt>
      <trkpt lat="46.01215" lon="6.76044">
        <ele>1456.6</ele>
        <time>2025-07-06T13:16:54.000Z</time>
      </trkpt>
      <trkpt lat="46.01216" lon="6.7603">
        <ele>1451.7</ele>
        <time>2025-07-06T13:17:09.000Z</time>
      </trkpt>
      <trkpt lat="46.01219" lon="6.76017">
        <ele>1446.3</ele>
        <time>2025-07-06T13:17:21.000Z</time>
      </trkpt>
      <trkpt lat="46.01226" lon="6.76007">
        <ele>1439.7</ele>
        <time>2025-07-06T13:17:37.000Z</time>
      </trkpt>
      <trkpt lat="46.01226" lon="6.75994">
        <ele>1435.9</ele>
        <time>2025-07-06T13:17:49.000Z</time>
      </trkpt>
      <trkpt lat="46.01231" lon="6.76005">
        <ele>1436</ele>
        <time>2025-07-06T13:18:06.000Z</time>
      </trkpt>
      <trkpt lat="46.01231" lon="6.76019">
        <ele>1439.3</ele>
        <time>2025-07-06T13:18:22.000Z</time>
      </trkpt>
      <trkpt lat="46.01236" lon="6.76031">
        <ele>1439.7</ele>
        <time>2025-07-06T13:18:38.000Z</time>
      </trkpt>
      <trkpt lat="46.01243" lon="6.76024">
        <ele>1433.2</ele>
        <time>2025-07-06T13:19:02.000Z</time>
      </trkpt>
      <trkpt lat="46.01252" lon="6.76021">
        <ele>1427</ele>
        <time>2025-07-06T13:19:28.000Z</time>
      </trkpt>
      <trkpt lat="46.0126" lon="6.76028">
        <ele>1424.7</ele>
        <time>2025-07-06T13:19:41.000Z</time>
      </trkpt>
      <trkpt lat="46.01266" lon="6.76037">
        <ele>1423.9</ele>
        <time>2025-07-06T13:19:59.000Z</time>
      </trkpt>
      <trkpt lat="46.01275" lon="6.76042">
        <ele>1420.5</ele>
        <time>2025-07-06T13:20:31.000Z</time>
      </trkpt>
      <trkpt lat="46.01283" lon="6.76049">
        <ele>1418.6</ele>
        <time>2025-07-06T13:20:51.000Z</time>
      </trkpt>
      <trkpt lat="46.01282" lon="6.76036">
        <ele>1415.3</ele>
        <time>2025-07-06T13:21:14.000Z</time>
      </trkpt>
      <trkpt lat="46.01284" lon="6.76022">
        <ele>1410.7</ele>
        <time>2025-07-06T13:21:34.000Z</time>
      </trkpt>
      <trkpt lat="46.01286" lon="6.76009">
        <ele>1406.4</ele>
        <time>2025-07-06T13:22:17.000Z</time>
      </trkpt>
      <trkpt lat="46.01289" lon="6.75997">
        <ele>1402.2</ele>
        <time>2025-07-06T13:22:39.000Z</time>
      </trkpt>
      <trkpt lat="46.01297" lon="6.76002">
        <ele>1399.4</ele>
        <time>2025-07-06T13:23:03.000Z</time>
      </trkpt>
      <trkpt lat="46.01301" lon="6.76015">
        <ele>1401.1</ele>
        <time>2025-07-06T13:23:16.000Z</time>
      </trkpt>
      <trkpt lat="46.01309" lon="6.76018">
        <ele>1397.7</ele>
        <time>2025-07-06T13:23:27.000Z</time>
      </trkpt>
      <trkpt lat="46.01317" lon="6.76026">
        <ele>1395.6</ele>
        <time>2025-07-06T13:23:39.000Z</time>
      </trkpt>
      <trkpt lat="46.01325" lon="6.76034">
        <ele>1393.3</ele>
        <time>2025-07-06T13:23:51.000Z</time>
      </trkpt>
      <trkpt lat="46.01333" lon="6.76041">
        <ele>1391</ele>
        <time>2025-07-06T13:24:04.000Z</time>
      </trkpt>
      <trkpt lat="46.0134" lon="6.7605">
        <ele>1388.9</ele>
        <time>2025-07-06T13:24:15.000Z</time>
      </trkpt>
      <trkpt lat="46.01349" lon="6.76056">
        <ele>1385.3</ele>
        <time>2025-07-06T13:24:33.000Z</time>
      </trkpt>
      <trkpt lat="46.01353" lon="6.76068">
        <ele>1386.7</ele>
        <time>2025-07-06T13:24:48.000Z</time>
      </trkpt>
      <trkpt lat="46.01359" lon="6.76077">
        <ele>1385.4</ele>
        <time>2025-07-06T13:25:00.000Z</time>
      </trkpt>
      <trkpt lat="46.01365" lon="6.76088">
        <ele>1386.4</ele>
        <time>2025-07-06T13:25:18.000Z</time>
      </trkpt>
      <trkpt lat="46.01372" lon="6.76097">
        <ele>1385.9</ele>
        <time>2025-07-06T13:25:32.000Z</time>
      </trkpt>
      <trkpt lat="46.01377" lon="6.76108">
        <ele>1388.2</ele>
        <time>2025-07-06T13:25:44.000Z</time>
      </trkpt>
      <trkpt lat="46.01386" lon="6.76114">
        <ele>1385.6</ele>
        <time>2025-07-06T13:25:58.000Z</time>
      </trkpt>
      <trkpt lat="46.01395" lon="6.76111">
        <ele>1377.1</ele>
        <time>2025-07-06T13:26:07.000Z</time>
      </trkpt>
      <trkpt lat="46.01404" lon="6.76117">
        <ele>1374.9</ele>
        <time>2025-07-06T13:26:21.000Z</time>
      </trkpt>
      <trkpt lat="46.0141" lon="6.76126">
        <ele>1376.6</ele>
        <time>2025-07-06T13:26:39.000Z</time>
      </trkpt>
      <trkpt lat="46.01415" lon="6.76138">
        <ele>1379.6</ele>
        <time>2025-07-06T13:26:54.000Z</time>
      </trkpt>
      <trkpt lat="46.01424" lon="6.76143">
        <ele>1373.7</ele>
        <time>2025-07-06T13:27:09.000Z</time>
      </trkpt>
      <trkpt lat="46.01431" lon="6.76153">
        <ele>1370.2</ele>
        <time>2025-07-06T13:27:24.000Z</time>
      </trkpt>
      <trkpt lat="46.01438" lon="6.76162">
        <ele>1366.2</ele>
        <time>2025-07-06T13:27:38.000Z</time>
      </trkpt>
      <trkpt lat="46.01446" lon="6.76168">
        <ele>1360</ele>
        <time>2025-07-06T13:28:04.000Z</time>
      </trkpt>
      <trkpt lat="46.01453" lon="6.76177">
        <ele>1358.2</ele>
        <time>2025-07-06T13:28:20.000Z</time>
      </trkpt>
      <trkpt lat="46.01457" lon="6.76188">
        <ele>1358.2</ele>
        <time>2025-07-06T13:28:32.000Z</time>
      </trkpt>
      <trkpt lat="46.01466" lon="6.76194">
        <ele>1352.4</ele>
        <time>2025-07-06T13:28:48.000Z</time>
      </trkpt>
      <trkpt lat="46.01474" lon="6.762">
        <ele>1347.9</ele>
        <time>2025-07-06T13:29:02.000Z</time>
      </trkpt>
      <trkpt lat="46.0148" lon="6.7621">
        <ele>1345.5</ele>
        <time>2025-07-06T13:29:18.000Z</time>
      </trkpt>
      <trkpt lat="46.01485" lon="6.76222">
        <ele>1343.1</ele>
        <time>2025-07-06T13:29:31.000Z</time>
      </trkpt>
      <trkpt lat="46.01488" lon="6.7621">
        <ele>1340.9</ele>
        <time>2025-07-06T13:29:42.000Z</time>
      </trkpt>
      <trkpt lat="46.01493" lon="6.76199">
        <ele>1339.3</ele>
        <time>2025-07-06T13:29:52.000Z</time>
      </trkpt>
      <trkpt lat="46.01492" lon="6.76186">
        <ele>1338.7</ele>
        <time>2025-07-06T13:30:03.000Z</time>
      </trkpt>
      <trkpt lat="46.01491" lon="6.76172">
        <ele>1337</ele>
        <time>2025-07-06T13:30:14.000Z</time>
      </trkpt>
      <trkpt lat="46.01501" lon="6.76169">
        <ele>1333.1</ele>
        <time>2025-07-06T13:30:24.000Z</time>
      </trkpt>
      <trkpt lat="46.0151" lon="6.76172">
        <ele>1330.4</ele>
        <time>2025-07-06T13:30:35.000Z</time>
      </trkpt>
      <trkpt lat="46.01518" lon="6.76178">
        <ele>1327.7</ele>
        <time>2025-07-06T13:30:48.000Z</time>
      </trkpt>
      <trkpt lat="46.01527" lon="6.7618">
        <ele>1324.2</ele>
        <time>2025-07-06T13:31:02.000Z</time>
      </trkpt>
      <trkpt lat="46.01534" lon="6.7619">
        <ele>1321.3</ele>
        <time>2025-07-06T13:31:16.000Z</time>
      </trkpt>
      <trkpt lat="46.01541" lon="6.76199">
        <ele>1318.3</ele>
        <time>2025-07-06T13:31:34.000Z</time>
      </trkpt>
      <trkpt lat="46.01547" lon="6.76209">
        <ele>1315.6</ele>
        <time>2025-07-06T13:31:47.000Z</time>
      </trkpt>
      <trkpt lat="46.01551" lon="6.76221">
        <ele>1313.3</ele>
        <time>2025-07-06T13:31:59.000Z</time>
      </trkpt>
      <trkpt lat="46.01556" lon="6.76232">
        <ele>1311.6</ele>
        <time>2025-07-06T13:32:11.000Z</time>
      </trkpt>
      <trkpt lat="46.01563" lon="6.76242">
        <ele>1310</ele>
        <time>2025-07-06T13:32:22.000Z</time>
      </trkpt>
      <trkpt lat="46.0157" lon="6.76251">
        <ele>1308.5</ele>
        <time>2025-07-06T13:32:33.000Z</time>
      </trkpt>
      <trkpt lat="46.01574" lon="6.76264">
        <ele>1307.5</ele>
        <time>2025-07-06T13:32:44.000Z</time>
      </trkpt>
      <trkpt lat="46.01577" lon="6.76277">
        <ele>1306.5</ele>
        <time>2025-07-06T13:32:54.000Z</time>
      </trkpt>
      <trkpt lat="46.01582" lon="6.76289">
        <ele>1306.2</ele>
        <time>2025-07-06T13:33:03.000Z</time>
      </trkpt>
      <trkpt lat="46.01588" lon="6.76298">
        <ele>1305.2</ele>
        <time>2025-07-06T13:33:11.000Z</time>
      </trkpt>
      <trkpt lat="46.01598" lon="6.76302">
        <ele>1303</ele>
        <time>2025-07-06T13:33:20.000Z</time>
      </trkpt>
      <trkpt lat="46.01607" lon="6.76308">
        <ele>1301.7</ele>
        <time>2025-07-06T13:33:29.000Z</time>
      </trkpt>
      <trkpt lat="46.01615" lon="6.76315">
        <ele>1302</ele>
        <time>2025-07-06T13:33:37.000Z</time>
      </trkpt>
      <trkpt lat="46.01624" lon="6.7632">
        <ele>1300.7</ele>
        <time>2025-07-06T13:33:45.000Z</time>
      </trkpt>
      <trkpt lat="46.01633" lon="6.76324">
        <ele>1298.7</ele>
        <time>2025-07-06T13:33:53.000Z</time>
      </trkpt>
      <trkpt lat="46.01642" lon="6.76329">
        <ele>1296.5</ele>
        <time>2025-07-06T13:34:02.000Z</time>
      </trkpt>
      <trkpt lat="46.0165" lon="6.76333">
        <ele>1294.7</ele>
        <time>2025-07-06T13:34:12.000Z</time>
      </trkpt>
      <trkpt lat="46.01658" lon="6.76341">
        <ele>1293.1</ele>
        <time>2025-07-06T13:34:22.000Z</time>
      </trkpt>
      <trkpt lat="46.01667" lon="6.76348">
        <ele>1291.1</ele>
        <time>2025-07-06T13:34:32.000Z</time>
      </trkpt>
      <trkpt lat="46.01674" lon="6.76356">
        <ele>1289.7</ele>
        <time>2025-07-06T13:34:42.000Z</time>
      </trkpt>
      <trkpt lat="46.01682" lon="6.76365">
        <ele>1287.8</ele>
        <time>2025-07-06T13:34:52.000Z</time>
      </trkpt>
      <trkpt lat="46.01689" lon="6.76373">
        <ele>1285.9</ele>
        <time>2025-07-06T13:35:00.000Z</time>
      </trkpt>
      <trkpt lat="46.01695" lon="6.76384">
        <ele>1284.8</ele>
        <time>2025-07-06T13:35:09.000Z</time>
      </trkpt>
      <trkpt lat="46.017" lon="6.76395">
        <ele>1283.3</ele>
        <time>2025-07-06T13:35:18.000Z</time>
      </trkpt>
      <trkpt lat="46.01709" lon="6.764">
        <ele>1280.7</ele>
        <time>2025-07-06T13:35:26.000Z</time>
      </trkpt>
      <trkpt lat="46.01718" lon="6.76404">
        <ele>1277.9</ele>
        <time>2025-07-06T13:35:36.000Z</time>
      </trkpt>
      <trkpt lat="46.01727" lon="6.76407">
        <ele>1275</ele>
        <time>2025-07-06T13:35:45.000Z</time>
      </trkpt>
      <trkpt lat="46.01735" lon="6.76411">
        <ele>1272.3</ele>
        <time>2025-07-06T13:35:56.000Z</time>
      </trkpt>
      <trkpt lat="46.01744" lon="6.76418">
        <ele>1269.8</ele>
        <time>2025-07-06T13:36:07.000Z</time>
      </trkpt>
      <trkpt lat="46.01751" lon="6.76426">
        <ele>1267.6</ele>
        <time>2025-07-06T13:36:18.000Z</time>
      </trkpt>
      <trkpt lat="46.01761" lon="6.76428">
        <ele>1264.7</ele>
        <time>2025-07-06T13:36:30.000Z</time>
      </trkpt>
      <trkpt lat="46.01769" lon="6.76434">
        <ele>1261.9</ele>
        <time>2025-07-06T13:36:44.000Z</time>
      </trkpt>
      <trkpt lat="46.01775" lon="6.76446">
        <ele>1259.9</ele>
        <time>2025-07-06T13:36:54.000Z</time>
      </trkpt>
      <trkpt lat="46.01781" lon="6.76456">
        <ele>1258</ele>
        <time>2025-07-06T13:37:06.000Z</time>
      </trkpt>
      <trkpt lat="46.01789" lon="6.76464">
        <ele>1255.2</ele>
        <time>2025-07-06T13:37:17.000Z</time>
      </trkpt>
      <trkpt lat="46.01792" lon="6.76476">
        <ele>1253.6</ele>
        <time>2025-07-06T13:37:29.000Z</time>
      </trkpt>
      <trkpt lat="46.01795" lon="6.76489">
        <ele>1252.3</ele>
        <time>2025-07-06T13:37:43.000Z</time>
      </trkpt>
      <trkpt lat="46.01802" lon="6.76498">
        <ele>1249.3</ele>
        <time>2025-07-06T13:37:58.000Z</time>
      </trkpt>
      <trkpt lat="46.01807" lon="6.76509">
        <ele>1248.2</ele>
        <time>2025-07-06T13:38:10.000Z</time>
      </trkpt>
      <trkpt lat="46.01812" lon="6.76521">
        <ele>1247.3</ele>
        <time>2025-07-06T13:38:25.000Z</time>
      </trkpt>
      <trkpt lat="46.0182" lon="6.76528">
        <ele>1244.9</ele>
        <time>2025-07-06T13:38:36.000Z</time>
      </trkpt>
      <trkpt lat="46.01829" lon="6.76533">
        <ele>1242.1</ele>
        <time>2025-07-06T13:38:52.000Z</time>
      </trkpt>
      <trkpt lat="46.01838" lon="6.76534">
        <ele>1239.5</ele>
        <time>2025-07-06T13:39:01.000Z</time>
      </trkpt>
      <trkpt lat="46.01847" lon="6.76532">
        <ele>1236.9</ele>
        <time>2025-07-06T13:39:11.000Z</time>
      </trkpt>
      <trkpt lat="46.01856" lon="6.76533">
        <ele>1234.7</ele>
        <time>2025-07-06T13:39:20.000Z</time>
      </trkpt>
      <trkpt lat="46.01866" lon="6.76537">
        <ele>1232.6</ele>
        <time>2025-07-06T13:39:31.000Z</time>
      </trkpt>
      <trkpt lat="46.01875" lon="6.76539">
        <ele>1230.6</ele>
        <time>2025-07-06T13:39:41.000Z</time>
      </trkpt>
      <trkpt lat="46.01883" lon="6.76545">
        <ele>1229</ele>
        <time>2025-07-06T13:39:51.000Z</time>
      </trkpt>
      <trkpt lat="46.01892" lon="6.76549">
        <ele>1227</ele>
        <time>2025-07-06T13:40:01.000Z</time>
      </trkpt>
      <trkpt lat="46.01899" lon="6.76557">
        <ele>1225.3</ele>
        <time>2025-07-06T13:40:12.000Z</time>
      </trkpt>
      <trkpt lat="46.01908" lon="6.76562">
        <ele>1223</ele>
        <time>2025-07-06T13:40:26.000Z</time>
      </trkpt>
      <trkpt lat="46.01916" lon="6.76569">
        <ele>1220.7</ele>
        <time>2025-07-06T13:40:39.000Z</time>
      </trkpt>
      <trkpt lat="46.01922" lon="6.7658">
        <ele>1218.9</ele>
        <time>2025-07-06T13:40:53.000Z</time>
      </trkpt>
      <trkpt lat="46.01929" lon="6.76589">
        <ele>1217.2</ele>
        <time>2025-07-06T13:41:04.000Z</time>
      </trkpt>
      <trkpt lat="46.01934" lon="6.76602">
        <ele>1216.3</ele>
        <time>2025-07-06T13:41:15.000Z</time>
      </trkpt>
      <trkpt lat="46.01939" lon="6.76614">
        <ele>1215.2</ele>
        <time>2025-07-06T13:41:26.000Z</time>
      </trkpt>
      <trkpt lat="46.0194" lon="6.76626">
        <ele>1214.5</ele>
        <time>2025-07-06T13:41:37.000Z</time>
      </trkpt>
      <trkpt lat="46.01943" lon="6.76639">
        <ele>1213.3</ele>
        <time>2025-07-06T13:41:48.000Z</time>
      </trkpt>
      <trkpt lat="46.01948" lon="6.76651">
        <ele>1212.3</ele>
        <time>2025-07-06T13:41:58.000Z</time>
      </trkpt>
      <trkpt lat="46.0195" lon="6.76664">
        <ele>1211.7</ele>
        <time>2025-07-06T13:42:07.000Z</time>
      </trkpt>
      <trkpt lat="46.01952" lon="6.76677">
        <ele>1211.4</ele>
        <time>2025-07-06T13:42:15.000Z</time>
      </trkpt>
      <trkpt lat="46.01955" lon="6.7669">
        <ele>1210.8</ele>
        <time>2025-07-06T13:42:23.000Z</time>
      </trkpt>
      <trkpt lat="46.01957" lon="6.76703">
        <ele>1210.4</ele>
        <time>2025-07-06T13:42:32.000Z</time>
      </trkpt>
      <trkpt lat="46.01958" lon="6.76717">
        <ele>1210.4</ele>
        <time>2025-07-06T13:42:41.000Z</time>
      </trkpt>
      <trkpt lat="46.01964" lon="6.76727">
        <ele>1209.8</ele>
        <time>2025-07-06T13:42:52.000Z</time>
      </trkpt>
      <trkpt lat="46.01972" lon="6.76731">
        <ele>1208</ele>
        <time>2025-07-06T13:43:03.000Z</time>
      </trkpt>
      <trkpt lat="46.01981" lon="6.76726">
        <ele>1205.7</ele>
        <time>2025-07-06T13:43:16.000Z</time>
      </trkpt>
      <trkpt lat="46.0199" lon="6.7673">
        <ele>1204.4</ele>
        <time>2025-07-06T13:43:30.000Z</time>
      </trkpt>
      <trkpt lat="46.01999" lon="6.76732">
        <ele>1202.5</ele>
        <time>2025-07-06T13:43:42.000Z</time>
      </trkpt>
      <trkpt lat="46.02007" lon="6.76739">
        <ele>1200.8</ele>
        <time>2025-07-06T13:43:54.000Z</time>
      </trkpt>
      <trkpt lat="46.02012" lon="6.76751">
        <ele>1200</ele>
        <time>2025-07-06T13:44:04.000Z</time>
      </trkpt>
      <trkpt lat="46.02016" lon="6.76764">
        <ele>1199.6</ele>
        <time>2025-07-06T13:44:13.000Z</time>
      </trkpt>
      <trkpt lat="46.02023" lon="6.76774">
        <ele>1198.2</ele>
        <time>2025-07-06T13:44:22.000Z</time>
      </trkpt>
      <trkpt lat="46.02032" lon="6.76783">
        <ele>1196.2</ele>
        <time>2025-07-06T13:44:32.000Z</time>
      </trkpt>
      <trkpt lat="46.02041" lon="6.76781">
        <ele>1193.3</ele>
        <time>2025-07-06T13:44:42.000Z</time>
      </trkpt>
      <trkpt lat="46.02048" lon="6.76791">
        <ele>1191.8</ele>
        <time>2025-07-06T13:44:52.000Z</time>
      </trkpt>
      <trkpt lat="46.02056" lon="6.76797">
        <ele>1189.6</ele>
        <time>2025-07-06T13:45:03.000Z</time>
      </trkpt>
      <trkpt lat="46.02064" lon="6.76803">
        <ele>1187.5</ele>
        <time>2025-07-06T13:45:12.000Z</time>
      </trkpt>
      <trkpt lat="46.02071" lon="6.76812">
        <ele>1185.6</ele>
        <time>2025-07-06T13:45:27.000Z</time>
      </trkpt>
      <trkpt lat="46.02076" lon="6.76823">
        <ele>1184.1</ele>
        <time>2025-07-06T13:45:40.000Z</time>
      </trkpt>
      <trkpt lat="46.02083" lon="6.76832">
        <ele>1182.2</ele>
        <time>2025-07-06T13:45:53.000Z</time>
      </trkpt>
      <trkpt lat="46.02092" lon="6.7683">
        <ele>1179.5</ele>
        <time>2025-07-06T13:46:07.000Z</time>
      </trkpt>
      <trkpt lat="46.02099" lon="6.76822">
        <ele>1177.7</ele>
        <time>2025-07-06T13:46:18.000Z</time>
      </trkpt>
      <trkpt lat="46.02106" lon="6.76814">
        <ele>1176</ele>
        <time>2025-07-06T13:46:28.000Z</time>
      </trkpt>
      <trkpt lat="46.02114" lon="6.76806">
        <ele>1174.2</ele>
        <time>2025-07-06T13:46:37.000Z</time>
      </trkpt>
      <trkpt lat="46.02123" lon="6.76802">
        <ele>1171.5</ele>
        <time>2025-07-06T13:46:46.000Z</time>
      </trkpt>
      <trkpt lat="46.02132" lon="6.76805">
        <ele>1169</ele>
        <time>2025-07-06T13:46:55.000Z</time>
      </trkpt>
      <trkpt lat="46.02138" lon="6.76815">
        <ele>1167.2</ele>
        <time>2025-07-06T13:48:18.000Z</time>
      </trkpt>
    </trkseg>
  </trk>
</gpx>
