<?xml version="1.0" encoding="UTF-8"?>
<gpx schemaLocation="http://www.topografix.com/GPX/1/1 http://www.topografix.com/GPX/1/1/gpx.xsd" version="1.1" creator="VisuGPX - https://www.visugpx.com" xmlns="http://www.topografix.com/GPX/1/1" xmlns:xsi="http://www.w3.org/2001/XMLSchema-instance" xsi:schemaLocation="http://www.topografix.com/GPX/1/1 http://www.topografix.com/GPX/1/1/gpx.xsd http://www.garmin.com/xmlschemas/GpxExtensions/v3 http://www.garmin.com/xmlschemas/GpxExtensionsv3.xsd http://www.garmin.com/xmlschemas/TrackPointExtension/v1 http://www.garmin.com/xmlschemas/TrackPointExtensionv1.xsd http://www.garmin.com/xmlschemas/PowerExtension/v1 http://www.garmin.com/xmlschemas/PowerExtensionv1.xsd http://www.topografix.com/GPX/gpx_style/0/2 http://www.topografix.com/GPX/gpx_style/0/2/gpx_style.xsd" xmlns:gpxtpx="http://www.garmin.com/xmlschemas/TrackPointExtension/v1" xmlns:gpxx="http://www.garmin.com/xmlschemas/GpxExtensions/v3" xmlns:gpxpx="http://www.garmin.com/xmlschemas/PowerExtension/v1" xmlns:gpx_style="http://www.topografix.com/GPX/gpx_style/0/2">
  <metadata>
    <name>Pointe d&apos;Ireuse</name>
    <desc>AlpineQuest Track 9/30/25 10:38:30</desc>
    <author>
      <name>gpx.studio</name>
      <link href="https://gpx.studio"/>
    </author>
  </metadata>
  <trk>
    <name>Pointe d&apos;Ireuse</name>
    <trkseg>
      <trkpt lat="46.25215" lon="6.5399">
        <ele>1042.807</ele>
        <time>2025-09-30T08:38:30.000Z</time>
      </trkpt>
      <trkpt lat="46.25207" lon="6.53991">
        <ele>1048.55</ele>
        <time>2025-09-30T08:38:34.000Z</time>
      </trkpt>
      <trkpt lat="46.25208" lon="6.53996">
        <ele>1040.685</ele>
        <time>2025-09-30T08:38:39.000Z</time>
      </trkpt>
      <trkpt lat="46.25213" lon="6.53997">
        <ele>1036.728</ele>
        <time>2025-09-30T08:38:44.000Z</time>
      </trkpt>
      <trkpt lat="46.25218" lon="6.53994">
        <ele>1032.62</ele>
        <time>2025-09-30T08:38:49.000Z</time>
      </trkpt>
      <trkpt lat="46.25223" lon="6.53993">
        <ele>1032.609</ele>
        <time>2025-09-30T08:38:54.000Z</time>
      </trkpt>
      <trkpt lat="46.25229" lon="6.53993">
        <ele>1031.499</ele>
        <time>2025-09-30T08:38:59.000Z</time>
      </trkpt>
      <trkpt lat="46.25232" lon="6.53992">
        <ele>1030.8</ele>
        <time>2025-09-30T08:39:04.000Z</time>
      </trkpt>
      <trkpt lat="46.25236" lon="6.53992">
        <ele>1031.742</ele>
        <time>2025-09-30T08:39:09.000Z</time>
      </trkpt>
      <trkpt lat="46.25241" lon="6.53992">
        <ele>1031.797</ele>
        <time>2025-09-30T08:39:14.000Z</time>
      </trkpt>
      <trkpt lat="46.25246" lon="6.53992">
        <ele>1031.913</ele>
        <time>2025-09-30T08:39:19.000Z</time>
      </trkpt>
      <trkpt lat="46.25249" lon="6.53994">
        <ele>1030.812</ele>
        <time>2025-09-30T08:39:24.000Z</time>
      </trkpt>
      <trkpt lat="46.25253" lon="6.53995">
        <ele>1030.778</ele>
        <time>2025-09-30T08:39:29.000Z</time>
      </trkpt>
      <trkpt lat="46.25258" lon="6.53996">
        <ele>1031.409</ele>
        <time>2025-09-30T08:39:34.000Z</time>
      </trkpt>
      <trkpt lat="46.25264" lon="6.53997">
        <ele>1031.059</ele>
        <time>2025-09-30T08:39:39.000Z</time>
      </trkpt>
      <trkpt lat="46.2527" lon="6.53997">
        <ele>1030.333</ele>
        <time>2025-09-30T08:39:44.000Z</time>
      </trkpt>
      <trkpt lat="46.25277" lon="6.53998">
        <ele>1030.863</ele>
        <time>2025-09-30T08:39:49.000Z</time>
      </trkpt>
      <trkpt lat="46.25283" lon="6.54">
        <ele>1031.248</ele>
        <time>2025-09-30T08:39:54.000Z</time>
      </trkpt>
      <trkpt lat="46.2529" lon="6.54001">
        <ele>1031.026</ele>
        <time>2025-09-30T08:39:59.000Z</time>
      </trkpt>
      <trkpt lat="46.25297" lon="6.54003">
        <ele>1030.498</ele>
        <time>2025-09-30T08:40:04.000Z</time>
      </trkpt>
      <trkpt lat="46.25305" lon="6.54007">
        <ele>1028.381</ele>
        <time>2025-09-30T08:40:09.000Z</time>
      </trkpt>
      <trkpt lat="46.25311" lon="6.54009">
        <ele>1028.711</ele>
        <time>2025-09-30T08:40:14.000Z</time>
      </trkpt>
      <trkpt lat="46.25317" lon="6.5401">
        <ele>1028.942</ele>
        <time>2025-09-30T08:40:19.000Z</time>
      </trkpt>
      <trkpt lat="46.25323" lon="6.54014">
        <ele>1028.096</ele>
        <time>2025-09-30T08:40:24.000Z</time>
      </trkpt>
      <trkpt lat="46.2533" lon="6.54017">
        <ele>1027.739</ele>
        <time>2025-09-30T08:40:29.000Z</time>
      </trkpt>
      <trkpt lat="46.25337" lon="6.54019">
        <ele>1028.771</ele>
        <time>2025-09-30T08:40:34.000Z</time>
      </trkpt>
      <trkpt lat="46.25344" lon="6.54021">
        <ele>1027.799</ele>
        <time>2025-09-30T08:40:39.000Z</time>
      </trkpt>
      <trkpt lat="46.2535" lon="6.54025">
        <ele>1028.387</ele>
        <time>2025-09-30T08:40:44.000Z</time>
      </trkpt>
      <trkpt lat="46.25357" lon="6.54027">
        <ele>1027.63</ele>
        <time>2025-09-30T08:40:49.000Z</time>
      </trkpt>
      <trkpt lat="46.25364" lon="6.5403">
        <ele>1027.253</ele>
        <time>2025-09-30T08:40:54.000Z</time>
      </trkpt>
      <trkpt lat="46.2537" lon="6.54032">
        <ele>1026.172</ele>
        <time>2025-09-30T08:40:59.000Z</time>
      </trkpt>
      <trkpt lat="46.25377" lon="6.54035">
        <ele>1025.869</ele>
        <time>2025-09-30T08:41:04.000Z</time>
      </trkpt>
      <trkpt lat="46.25383" lon="6.54037">
        <ele>1026.629</ele>
        <time>2025-09-30T08:41:09.000Z</time>
      </trkpt>
      <trkpt lat="46.25388" lon="6.5404">
        <ele>1028.171</ele>
        <time>2025-09-30T08:41:14.000Z</time>
      </trkpt>
      <trkpt lat="46.25389" lon="6.54041">
        <ele>1027.393</ele>
        <time>2025-09-30T08:41:19.000Z</time>
      </trkpt>
      <trkpt lat="46.25389" lon="6.54048">
        <ele>1027.255</ele>
        <time>2025-09-30T08:41:24.000Z</time>
      </trkpt>
      <trkpt lat="46.25387" lon="6.54054">
        <ele>1030.422</ele>
        <time>2025-09-30T08:41:29.000Z</time>
      </trkpt>
      <trkpt lat="46.25386" lon="6.54059">
        <ele>1032.073</ele>
        <time>2025-09-30T08:41:34.000Z</time>
      </trkpt>
      <trkpt lat="46.25384" lon="6.54064">
        <ele>1035.275</ele>
        <time>2025-09-30T08:41:39.000Z</time>
      </trkpt>
      <trkpt lat="46.25384" lon="6.54067">
        <ele>1033.952</ele>
        <time>2025-09-30T08:41:44.000Z</time>
      </trkpt>
      <trkpt lat="46.25384" lon="6.54073">
        <ele>1035.584</ele>
        <time>2025-09-30T08:41:49.000Z</time>
      </trkpt>
      <trkpt lat="46.25383" lon="6.54076">
        <ele>1037.608</ele>
        <time>2025-09-30T08:41:54.000Z</time>
      </trkpt>
      <trkpt lat="46.25382" lon="6.5408">
        <ele>1038.115</ele>
        <time>2025-09-30T08:41:59.000Z</time>
      </trkpt>
      <trkpt lat="46.25382" lon="6.54085">
        <ele>1040.377</ele>
        <time>2025-09-30T08:42:04.000Z</time>
      </trkpt>
      <trkpt lat="46.25381" lon="6.5409">
        <ele>1039.808</ele>
        <time>2025-09-30T08:42:09.000Z</time>
      </trkpt>
      <trkpt lat="46.2538" lon="6.54094">
        <ele>1042.008</ele>
        <time>2025-09-30T08:42:14.000Z</time>
      </trkpt>
      <trkpt lat="46.2538" lon="6.54099">
        <ele>1041.916</ele>
        <time>2025-09-30T08:42:19.000Z</time>
      </trkpt>
      <trkpt lat="46.2538" lon="6.54103">
        <ele>1040.623</ele>
        <time>2025-09-30T08:42:24.000Z</time>
      </trkpt>
      <trkpt lat="46.25382" lon="6.54109">
        <ele>1039.056</ele>
        <time>2025-09-30T08:42:29.000Z</time>
      </trkpt>
      <trkpt lat="46.25384" lon="6.54116">
        <ele>1038.074</ele>
        <time>2025-09-30T08:42:34.000Z</time>
      </trkpt>
      <trkpt lat="46.25387" lon="6.54121">
        <ele>1039.199</ele>
        <time>2025-09-30T08:42:39.000Z</time>
      </trkpt>
      <trkpt lat="46.25389" lon="6.54124">
        <ele>1042.932</ele>
        <time>2025-09-30T08:42:44.000Z</time>
      </trkpt>
      <trkpt lat="46.25389" lon="6.54128">
        <ele>1043.716</ele>
        <time>2025-09-30T08:42:49.000Z</time>
      </trkpt>
      <trkpt lat="46.2539" lon="6.54132">
        <ele>1042.863</ele>
        <time>2025-09-30T08:42:54.000Z</time>
      </trkpt>
      <trkpt lat="46.25386" lon="6.54135">
        <ele>1042.139</ele>
        <time>2025-09-30T08:42:59.000Z</time>
      </trkpt>
      <trkpt lat="46.25382" lon="6.54138">
        <ele>1043.317</ele>
        <time>2025-09-30T08:43:04.000Z</time>
      </trkpt>
      <trkpt lat="46.2538" lon="6.5414">
        <ele>1042.001</ele>
        <time>2025-09-30T08:43:09.000Z</time>
      </trkpt>
      <trkpt lat="46.25376" lon="6.54143">
        <ele>1041.835</ele>
        <time>2025-09-30T08:43:14.000Z</time>
      </trkpt>
      <trkpt lat="46.25373" lon="6.54143">
        <ele>1040.381</ele>
        <time>2025-09-30T08:43:19.000Z</time>
      </trkpt>
      <trkpt lat="46.25369" lon="6.54138">
        <ele>1041.939</ele>
        <time>2025-09-30T08:43:24.000Z</time>
      </trkpt>
      <trkpt lat="46.25367" lon="6.5413">
        <ele>1047.617</ele>
        <time>2025-09-30T08:43:29.000Z</time>
      </trkpt>
      <trkpt lat="46.25363" lon="6.54128">
        <ele>1049.947</ele>
        <time>2025-09-30T08:43:34.000Z</time>
      </trkpt>
      <trkpt lat="46.25362" lon="6.54132">
        <ele>1049.375</ele>
        <time>2025-09-30T08:43:39.000Z</time>
      </trkpt>
      <trkpt lat="46.2536" lon="6.54133">
        <ele>1051.067</ele>
        <time>2025-09-30T08:43:44.000Z</time>
      </trkpt>
      <trkpt lat="46.25359" lon="6.54127">
        <ele>1051.973</ele>
        <time>2025-09-30T08:43:49.000Z</time>
      </trkpt>
      <trkpt lat="46.25358" lon="6.5412">
        <ele>1056.351</ele>
        <time>2025-09-30T08:43:54.000Z</time>
      </trkpt>
      <trkpt lat="46.25357" lon="6.54115">
        <ele>1058.05</ele>
        <time>2025-09-30T08:43:59.000Z</time>
      </trkpt>
      <trkpt lat="46.25356" lon="6.54111">
        <ele>1062.399</ele>
        <time>2025-09-30T08:44:04.000Z</time>
      </trkpt>
      <trkpt lat="46.25353" lon="6.54108">
        <ele>1064.461</ele>
        <time>2025-09-30T08:44:09.000Z</time>
      </trkpt>
      <trkpt lat="46.25348" lon="6.54109">
        <ele>1064.817</ele>
        <time>2025-09-30T08:44:14.000Z</time>
      </trkpt>
      <trkpt lat="46.25346" lon="6.54112">
        <ele>1064.743</ele>
        <time>2025-09-30T08:44:19.000Z</time>
      </trkpt>
      <trkpt lat="46.25345" lon="6.54108">
        <ele>1066.704</ele>
        <time>2025-09-30T08:44:24.000Z</time>
      </trkpt>
      <trkpt lat="46.25343" lon="6.54105">
        <ele>1068.01</ele>
        <time>2025-09-30T08:44:29.000Z</time>
      </trkpt>
      <trkpt lat="46.25339" lon="6.54107">
        <ele>1066.947</ele>
        <time>2025-09-30T08:44:34.000Z</time>
      </trkpt>
      <trkpt lat="46.25336" lon="6.54107">
        <ele>1067.414</ele>
        <time>2025-09-30T08:44:39.000Z</time>
      </trkpt>
      <trkpt lat="46.25335" lon="6.54102">
        <ele>1069.438</ele>
        <time>2025-09-30T08:44:44.000Z</time>
      </trkpt>
      <trkpt lat="46.25333" lon="6.54099">
        <ele>1071.526</ele>
        <time>2025-09-30T08:44:49.000Z</time>
      </trkpt>
      <trkpt lat="46.25329" lon="6.54102">
        <ele>1068.461</ele>
        <time>2025-09-30T08:44:54.000Z</time>
      </trkpt>
      <trkpt lat="46.25328" lon="6.54102">
        <ele>1072.057</ele>
        <time>2025-09-30T08:44:59.000Z</time>
      </trkpt>
      <trkpt lat="46.25328" lon="6.541">
        <ele>1072.404</ele>
        <time>2025-09-30T08:45:04.000Z</time>
      </trkpt>
      <trkpt lat="46.25326" lon="6.54098">
        <ele>1073.355</ele>
        <time>2025-09-30T08:45:09.000Z</time>
      </trkpt>
      <trkpt lat="46.25324" lon="6.54099">
        <ele>1070.866</ele>
        <time>2025-09-30T08:45:14.000Z</time>
      </trkpt>
      <trkpt lat="46.25322" lon="6.54103">
        <ele>1073.151</ele>
        <time>2025-09-30T08:45:19.000Z</time>
      </trkpt>
      <trkpt lat="46.25319" lon="6.54104">
        <ele>1072.505</ele>
        <time>2025-09-30T08:45:24.000Z</time>
      </trkpt>
      <trkpt lat="46.25317" lon="6.54104">
        <ele>1074.203</ele>
        <time>2025-09-30T08:45:29.000Z</time>
      </trkpt>
      <trkpt lat="46.25314" lon="6.54108">
        <ele>1072.646</ele>
        <time>2025-09-30T08:45:34.000Z</time>
      </trkpt>
      <trkpt lat="46.25311" lon="6.54108">
        <ele>1073.86</ele>
        <time>2025-09-30T08:45:39.000Z</time>
      </trkpt>
      <trkpt lat="46.25309" lon="6.54108">
        <ele>1071.983</ele>
        <time>2025-09-30T08:45:44.000Z</time>
      </trkpt>
      <trkpt lat="46.25307" lon="6.5411">
        <ele>1073.868</ele>
        <time>2025-09-30T08:45:49.000Z</time>
      </trkpt>
      <trkpt lat="46.25305" lon="6.54112">
        <ele>1075.623</ele>
        <time>2025-09-30T08:45:54.000Z</time>
      </trkpt>
      <trkpt lat="46.25302" lon="6.54111">
        <ele>1079.241</ele>
        <time>2025-09-30T08:45:59.000Z</time>
      </trkpt>
      <trkpt lat="46.25301" lon="6.54108">
        <ele>1080.318</ele>
        <time>2025-09-30T08:46:04.000Z</time>
      </trkpt>
      <trkpt lat="46.25299" lon="6.5411">
        <ele>1077.779</ele>
        <time>2025-09-30T08:46:09.000Z</time>
      </trkpt>
      <trkpt lat="46.25297" lon="6.54113">
        <ele>1079.523</ele>
        <time>2025-09-30T08:46:14.000Z</time>
      </trkpt>
      <trkpt lat="46.25296" lon="6.54116">
        <ele>1080.315</ele>
        <time>2025-09-30T08:46:19.000Z</time>
      </trkpt>
      <trkpt lat="46.25293" lon="6.54118">
        <ele>1081.341</ele>
        <time>2025-09-30T08:46:24.000Z</time>
      </trkpt>
      <trkpt lat="46.25289" lon="6.54118">
        <ele>1083.658</ele>
        <time>2025-09-30T08:46:29.000Z</time>
      </trkpt>
      <trkpt lat="46.25288" lon="6.54123">
        <ele>1082.572</ele>
        <time>2025-09-30T08:46:34.000Z</time>
      </trkpt>
      <trkpt lat="46.25288" lon="6.54128">
        <ele>1084.434</ele>
        <time>2025-09-30T08:46:39.000Z</time>
      </trkpt>
      <trkpt lat="46.25288" lon="6.54131">
        <ele>1083.6</ele>
        <time>2025-09-30T08:46:44.000Z</time>
      </trkpt>
      <trkpt lat="46.25286" lon="6.54132">
        <ele>1086.31</ele>
        <time>2025-09-30T08:46:49.000Z</time>
      </trkpt>
      <trkpt lat="46.25284" lon="6.54131">
        <ele>1087.679</ele>
        <time>2025-09-30T08:46:54.000Z</time>
      </trkpt>
      <trkpt lat="46.25281" lon="6.54132">
        <ele>1087.365</ele>
        <time>2025-09-30T08:46:59.000Z</time>
      </trkpt>
      <trkpt lat="46.2528" lon="6.54136">
        <ele>1087.37</ele>
        <time>2025-09-30T08:47:04.000Z</time>
      </trkpt>
      <trkpt lat="46.25283" lon="6.54141">
        <ele>1085.828</ele>
        <time>2025-09-30T08:47:09.000Z</time>
      </trkpt>
      <trkpt lat="46.25282" lon="6.54142">
        <ele>1085.838</ele>
        <time>2025-09-30T08:47:14.000Z</time>
      </trkpt>
      <trkpt lat="46.25279" lon="6.54144">
        <ele>1086.1</ele>
        <time>2025-09-30T08:47:19.000Z</time>
      </trkpt>
      <trkpt lat="46.25278" lon="6.54147">
        <ele>1089.391</ele>
        <time>2025-09-30T08:47:24.000Z</time>
      </trkpt>
      <trkpt lat="46.25279" lon="6.5415">
        <ele>1088.055</ele>
        <time>2025-09-30T08:47:29.000Z</time>
      </trkpt>
      <trkpt lat="46.25281" lon="6.54153">
        <ele>1088.445</ele>
        <time>2025-09-30T08:47:34.000Z</time>
      </trkpt>
      <trkpt lat="46.25283" lon="6.54155">
        <ele>1089.704</ele>
        <time>2025-09-30T08:47:39.000Z</time>
      </trkpt>
      <trkpt lat="46.25286" lon="6.54156">
        <ele>1090.753</ele>
        <time>2025-09-30T08:47:44.000Z</time>
      </trkpt>
      <trkpt lat="46.25286" lon="6.54161">
        <ele>1091.922</ele>
        <time>2025-09-30T08:47:49.000Z</time>
      </trkpt>
      <trkpt lat="46.25286" lon="6.54164">
        <ele>1093.104</ele>
        <time>2025-09-30T08:47:54.000Z</time>
      </trkpt>
      <trkpt lat="46.25285" lon="6.54169">
        <ele>1093.55</ele>
        <time>2025-09-30T08:47:59.000Z</time>
      </trkpt>
      <trkpt lat="46.25285" lon="6.54173">
        <ele>1094.837</ele>
        <time>2025-09-30T08:48:04.000Z</time>
      </trkpt>
      <trkpt lat="46.25283" lon="6.54176">
        <ele>1095.502</ele>
        <time>2025-09-30T08:48:09.000Z</time>
      </trkpt>
      <trkpt lat="46.2528" lon="6.54178">
        <ele>1097.982</ele>
        <time>2025-09-30T08:48:14.000Z</time>
      </trkpt>
      <trkpt lat="46.25278" lon="6.54179">
        <ele>1096.818</ele>
        <time>2025-09-30T08:48:19.000Z</time>
      </trkpt>
      <trkpt lat="46.25277" lon="6.54181">
        <ele>1096.992</ele>
        <time>2025-09-30T08:48:24.000Z</time>
      </trkpt>
      <trkpt lat="46.25275" lon="6.54183">
        <ele>1096.942</ele>
        <time>2025-09-30T08:48:29.000Z</time>
      </trkpt>
      <trkpt lat="46.25275" lon="6.54186">
        <ele>1095.508</ele>
        <time>2025-09-30T08:48:34.000Z</time>
      </trkpt>
      <trkpt lat="46.25272" lon="6.54189">
        <ele>1099.677</ele>
        <time>2025-09-30T08:48:39.000Z</time>
      </trkpt>
      <trkpt lat="46.25273" lon="6.54192">
        <ele>1099.872</ele>
        <time>2025-09-30T08:48:44.000Z</time>
      </trkpt>
      <trkpt lat="46.25276" lon="6.54193">
        <ele>1101.383</ele>
        <time>2025-09-30T08:48:49.000Z</time>
      </trkpt>
      <trkpt lat="46.25277" lon="6.54196">
        <ele>1103.769</ele>
        <time>2025-09-30T08:48:54.000Z</time>
      </trkpt>
      <trkpt lat="46.25276" lon="6.54198">
        <ele>1105.137</ele>
        <time>2025-09-30T08:48:59.000Z</time>
      </trkpt>
      <trkpt lat="46.25279" lon="6.54201">
        <ele>1104.87</ele>
        <time>2025-09-30T08:49:04.000Z</time>
      </trkpt>
      <trkpt lat="46.25283" lon="6.54202">
        <ele>1104.488</ele>
        <time>2025-09-30T08:49:09.000Z</time>
      </trkpt>
      <trkpt lat="46.25285" lon="6.54205">
        <ele>1105.748</ele>
        <time>2025-09-30T08:49:14.000Z</time>
      </trkpt>
      <trkpt lat="46.25288" lon="6.54204">
        <ele>1104.74</ele>
        <time>2025-09-30T08:49:19.000Z</time>
      </trkpt>
      <trkpt lat="46.2529" lon="6.54203">
        <ele>1103.634</ele>
        <time>2025-09-30T08:49:24.000Z</time>
      </trkpt>
      <trkpt lat="46.25289" lon="6.54207">
        <ele>1105.758</ele>
        <time>2025-09-30T08:49:29.000Z</time>
      </trkpt>
      <trkpt lat="46.2529" lon="6.54209">
        <ele>1107.947</ele>
        <time>2025-09-30T08:49:34.000Z</time>
      </trkpt>
      <trkpt lat="46.25292" lon="6.54209">
        <ele>1107.161</ele>
        <time>2025-09-30T08:49:39.000Z</time>
      </trkpt>
      <trkpt lat="46.25294" lon="6.54209">
        <ele>1107.168</ele>
        <time>2025-09-30T08:49:44.000Z</time>
      </trkpt>
      <trkpt lat="46.25296" lon="6.54212">
        <ele>1107.138</ele>
        <time>2025-09-30T08:49:49.000Z</time>
      </trkpt>
      <trkpt lat="46.25297" lon="6.54216">
        <ele>1108.835</ele>
        <time>2025-09-30T08:49:54.000Z</time>
      </trkpt>
      <trkpt lat="46.25297" lon="6.54221">
        <ele>1107.327</ele>
        <time>2025-09-30T08:49:59.000Z</time>
      </trkpt>
      <trkpt lat="46.25298" lon="6.54226">
        <ele>1110.858</ele>
        <time>2025-09-30T08:50:04.000Z</time>
      </trkpt>
      <trkpt lat="46.25295" lon="6.54231">
        <ele>1112.414</ele>
        <time>2025-09-30T08:50:09.000Z</time>
      </trkpt>
      <trkpt lat="46.25292" lon="6.54236">
        <ele>1115.892</ele>
        <time>2025-09-30T08:50:14.000Z</time>
      </trkpt>
      <trkpt lat="46.25293" lon="6.5424">
        <ele>1116.002</ele>
        <time>2025-09-30T08:50:19.000Z</time>
      </trkpt>
      <trkpt lat="46.25293" lon="6.5424">
        <ele>1115.955</ele>
        <time>2025-09-30T08:50:24.000Z</time>
      </trkpt>
      <trkpt lat="46.25293" lon="6.5424">
        <ele>1115.919</ele>
        <time>2025-09-30T08:50:29.000Z</time>
      </trkpt>
      <trkpt lat="46.25293" lon="6.5424">
        <ele>1115.914</ele>
        <time>2025-09-30T08:50:34.000Z</time>
      </trkpt>
      <trkpt lat="46.25293" lon="6.5424">
        <ele>1116.129</ele>
        <time>2025-09-30T08:50:39.000Z</time>
      </trkpt>
      <trkpt lat="46.25293" lon="6.54244">
        <ele>1116.922</ele>
        <time>2025-09-30T08:50:44.000Z</time>
      </trkpt>
      <trkpt lat="46.25293" lon="6.5425">
        <ele>1116.649</ele>
        <time>2025-09-30T08:50:49.000Z</time>
      </trkpt>
      <trkpt lat="46.25294" lon="6.54255">
        <ele>1115.022</ele>
        <time>2025-09-30T08:50:54.000Z</time>
      </trkpt>
      <trkpt lat="46.25296" lon="6.54259">
        <ele>1115.36</ele>
        <time>2025-09-30T08:50:59.000Z</time>
      </trkpt>
      <trkpt lat="46.25298" lon="6.54262">
        <ele>1116.649</ele>
        <time>2025-09-30T08:51:04.000Z</time>
      </trkpt>
      <trkpt lat="46.25299" lon="6.54264">
        <ele>1117.416</ele>
        <time>2025-09-30T08:51:09.000Z</time>
      </trkpt>
      <trkpt lat="46.25299" lon="6.54264">
        <ele>1117.393</ele>
        <time>2025-09-30T08:51:14.000Z</time>
      </trkpt>
      <trkpt lat="46.25299" lon="6.54264">
        <ele>1117.318</ele>
        <time>2025-09-30T08:51:19.000Z</time>
      </trkpt>
      <trkpt lat="46.253" lon="6.54267">
        <ele>1117.343</ele>
        <time>2025-09-30T08:51:24.000Z</time>
      </trkpt>
      <trkpt lat="46.25302" lon="6.54272">
        <ele>1119.285</ele>
        <time>2025-09-30T08:51:29.000Z</time>
      </trkpt>
      <trkpt lat="46.25304" lon="6.54276">
        <ele>1120.776</ele>
        <time>2025-09-30T08:51:34.000Z</time>
      </trkpt>
      <trkpt lat="46.25306" lon="6.5428">
        <ele>1119.975</ele>
        <time>2025-09-30T08:51:39.000Z</time>
      </trkpt>
      <trkpt lat="46.25309" lon="6.54282">
        <ele>1120.536</ele>
        <time>2025-09-30T08:51:44.000Z</time>
      </trkpt>
      <trkpt lat="46.25311" lon="6.54286">
        <ele>1120.4</ele>
        <time>2025-09-30T08:51:49.000Z</time>
      </trkpt>
      <trkpt lat="46.25314" lon="6.54292">
        <ele>1120.305</ele>
        <time>2025-09-30T08:51:54.000Z</time>
      </trkpt>
      <trkpt lat="46.25315" lon="6.54297">
        <ele>1118.526</ele>
        <time>2025-09-30T08:51:59.000Z</time>
      </trkpt>
      <trkpt lat="46.25314" lon="6.54301">
        <ele>1120.985</ele>
        <time>2025-09-30T08:52:04.000Z</time>
      </trkpt>
      <trkpt lat="46.25313" lon="6.54306">
        <ele>1123.8</ele>
        <time>2025-09-30T08:52:09.000Z</time>
      </trkpt>
      <trkpt lat="46.25313" lon="6.5431">
        <ele>1124.35</ele>
        <time>2025-09-30T08:52:14.000Z</time>
      </trkpt>
      <trkpt lat="46.25312" lon="6.54313">
        <ele>1126.93</ele>
        <time>2025-09-30T08:52:19.000Z</time>
      </trkpt>
      <trkpt lat="46.2531" lon="6.54318">
        <ele>1128.226</ele>
        <time>2025-09-30T08:52:24.000Z</time>
      </trkpt>
      <trkpt lat="46.25309" lon="6.54321">
        <ele>1125.405</ele>
        <time>2025-09-30T08:52:29.000Z</time>
      </trkpt>
      <trkpt lat="46.25308" lon="6.54321">
        <ele>1126.594</ele>
        <time>2025-09-30T08:52:34.000Z</time>
      </trkpt>
      <trkpt lat="46.25305" lon="6.54323">
        <ele>1129.065</ele>
        <time>2025-09-30T08:52:39.000Z</time>
      </trkpt>
      <trkpt lat="46.25305" lon="6.54323">
        <ele>1129.248</ele>
        <time>2025-09-30T08:52:44.000Z</time>
      </trkpt>
      <trkpt lat="46.25305" lon="6.54323">
        <ele>1130.104</ele>
        <time>2025-09-30T08:52:49.000Z</time>
      </trkpt>
      <trkpt lat="46.25305" lon="6.54323">
        <ele>1130.907</ele>
        <time>2025-09-30T08:52:54.000Z</time>
      </trkpt>
      <trkpt lat="46.25305" lon="6.54323">
        <ele>1131.059</ele>
        <time>2025-09-30T08:52:59.000Z</time>
      </trkpt>
      <trkpt lat="46.25305" lon="6.54323">
        <ele>1134.832</ele>
        <time>2025-09-30T08:53:04.000Z</time>
      </trkpt>
      <trkpt lat="46.25305" lon="6.54323">
        <ele>1136.583</ele>
        <time>2025-09-30T08:53:09.000Z</time>
      </trkpt>
      <trkpt lat="46.25297" lon="6.54334">
        <ele>1136.613</ele>
        <time>2025-09-30T08:53:14.000Z</time>
      </trkpt>
      <trkpt lat="46.25298" lon="6.54338">
        <ele>1135.786</ele>
        <time>2025-09-30T08:53:19.000Z</time>
      </trkpt>
      <trkpt lat="46.25296" lon="6.54341">
        <ele>1135.456</ele>
        <time>2025-09-30T08:53:24.000Z</time>
      </trkpt>
      <trkpt lat="46.25295" lon="6.54344">
        <ele>1134.487</ele>
        <time>2025-09-30T08:53:29.000Z</time>
      </trkpt>
      <trkpt lat="46.25293" lon="6.54346">
        <ele>1136.516</ele>
        <time>2025-09-30T08:53:34.000Z</time>
      </trkpt>
      <trkpt lat="46.25288" lon="6.54344">
        <ele>1140.029</ele>
        <time>2025-09-30T08:53:39.000Z</time>
      </trkpt>
      <trkpt lat="46.25286" lon="6.54345">
        <ele>1138.205</ele>
        <time>2025-09-30T08:53:44.000Z</time>
      </trkpt>
      <trkpt lat="46.25284" lon="6.54346">
        <ele>1139.225</ele>
        <time>2025-09-30T08:53:49.000Z</time>
      </trkpt>
      <trkpt lat="46.2528" lon="6.54349">
        <ele>1139.973</ele>
        <time>2025-09-30T08:53:54.000Z</time>
      </trkpt>
      <trkpt lat="46.25277" lon="6.5435">
        <ele>1139.226</ele>
        <time>2025-09-30T08:53:59.000Z</time>
      </trkpt>
      <trkpt lat="46.25275" lon="6.54351">
        <ele>1137.678</ele>
        <time>2025-09-30T08:54:04.000Z</time>
      </trkpt>
      <trkpt lat="46.25272" lon="6.54351">
        <ele>1141.767</ele>
        <time>2025-09-30T08:54:09.000Z</time>
      </trkpt>
      <trkpt lat="46.25269" lon="6.54351">
        <ele>1144.154</ele>
        <time>2025-09-30T08:54:14.000Z</time>
      </trkpt>
      <trkpt lat="46.25267" lon="6.54355">
        <ele>1144.391</ele>
        <time>2025-09-30T08:54:19.000Z</time>
      </trkpt>
      <trkpt lat="46.25265" lon="6.54357">
        <ele>1144.148</ele>
        <time>2025-09-30T08:54:24.000Z</time>
      </trkpt>
      <trkpt lat="46.25263" lon="6.5436">
        <ele>1143.828</ele>
        <time>2025-09-30T08:54:29.000Z</time>
      </trkpt>
      <trkpt lat="46.25261" lon="6.54363">
        <ele>1144.819</ele>
        <time>2025-09-30T08:54:34.000Z</time>
      </trkpt>
      <trkpt lat="46.25259" lon="6.54363">
        <ele>1145.899</ele>
        <time>2025-09-30T08:54:39.000Z</time>
      </trkpt>
      <trkpt lat="46.25256" lon="6.54367">
        <ele>1146.857</ele>
        <time>2025-09-30T08:54:44.000Z</time>
      </trkpt>
      <trkpt lat="46.25253" lon="6.5437">
        <ele>1148.75</ele>
        <time>2025-09-30T08:54:49.000Z</time>
      </trkpt>
      <trkpt lat="46.2525" lon="6.54374">
        <ele>1151.224</ele>
        <time>2025-09-30T08:54:54.000Z</time>
      </trkpt>
      <trkpt lat="46.25248" lon="6.54374">
        <ele>1152.653</ele>
        <time>2025-09-30T08:54:59.000Z</time>
      </trkpt>
      <trkpt lat="46.25247" lon="6.54379">
        <ele>1153.293</ele>
        <time>2025-09-30T08:55:04.000Z</time>
      </trkpt>
      <trkpt lat="46.25244" lon="6.54378">
        <ele>1154.53</ele>
        <time>2025-09-30T08:55:09.000Z</time>
      </trkpt>
      <trkpt lat="46.25242" lon="6.54382">
        <ele>1154.795</ele>
        <time>2025-09-30T08:55:14.000Z</time>
      </trkpt>
      <trkpt lat="46.25242" lon="6.54388">
        <ele>1154.15</ele>
        <time>2025-09-30T08:55:19.000Z</time>
      </trkpt>
      <trkpt lat="46.25242" lon="6.54395">
        <ele>1154.101</ele>
        <time>2025-09-30T08:55:24.000Z</time>
      </trkpt>
      <trkpt lat="46.25241" lon="6.54398">
        <ele>1154.787</ele>
        <time>2025-09-30T08:55:29.000Z</time>
      </trkpt>
      <trkpt lat="46.2524" lon="6.54401">
        <ele>1157.085</ele>
        <time>2025-09-30T08:55:34.000Z</time>
      </trkpt>
      <trkpt lat="46.2524" lon="6.54406">
        <ele>1160.459</ele>
        <time>2025-09-30T08:55:39.000Z</time>
      </trkpt>
      <trkpt lat="46.25241" lon="6.54411">
        <ele>1162.345</ele>
        <time>2025-09-30T08:55:44.000Z</time>
      </trkpt>
      <trkpt lat="46.2524" lon="6.54416">
        <ele>1162.496</ele>
        <time>2025-09-30T08:55:49.000Z</time>
      </trkpt>
      <trkpt lat="46.25241" lon="6.5442">
        <ele>1163.306</ele>
        <time>2025-09-30T08:55:54.000Z</time>
      </trkpt>
      <trkpt lat="46.2524" lon="6.54422">
        <ele>1166.146</ele>
        <time>2025-09-30T08:55:59.000Z</time>
      </trkpt>
      <trkpt lat="46.25237" lon="6.54423">
        <ele>1169.589</ele>
        <time>2025-09-30T08:56:04.000Z</time>
      </trkpt>
      <trkpt lat="46.25238" lon="6.54428">
        <ele>1167.231</ele>
        <time>2025-09-30T08:56:09.000Z</time>
      </trkpt>
      <trkpt lat="46.25238" lon="6.54432">
        <ele>1168.628</ele>
        <time>2025-09-30T08:56:14.000Z</time>
      </trkpt>
      <trkpt lat="46.25238" lon="6.54436">
        <ele>1169.841</ele>
        <time>2025-09-30T08:56:19.000Z</time>
      </trkpt>
      <trkpt lat="46.25237" lon="6.5444">
        <ele>1168.394</ele>
        <time>2025-09-30T08:56:24.000Z</time>
      </trkpt>
      <trkpt lat="46.25235" lon="6.54444">
        <ele>1170.302</ele>
        <time>2025-09-30T08:56:29.000Z</time>
      </trkpt>
      <trkpt lat="46.25234" lon="6.54446">
        <ele>1171.071</ele>
        <time>2025-09-30T08:56:34.000Z</time>
      </trkpt>
      <trkpt lat="46.25233" lon="6.5445">
        <ele>1169.93</ele>
        <time>2025-09-30T08:56:39.000Z</time>
      </trkpt>
      <trkpt lat="46.25232" lon="6.54453">
        <ele>1172.547</ele>
        <time>2025-09-30T08:56:44.000Z</time>
      </trkpt>
      <trkpt lat="46.25231" lon="6.54456">
        <ele>1172.955</ele>
        <time>2025-09-30T08:56:49.000Z</time>
      </trkpt>
      <trkpt lat="46.2523" lon="6.54458">
        <ele>1173.131</ele>
        <time>2025-09-30T08:56:54.000Z</time>
      </trkpt>
      <trkpt lat="46.25229" lon="6.54459">
        <ele>1171.778</ele>
        <time>2025-09-30T08:56:59.000Z</time>
      </trkpt>
      <trkpt lat="46.25228" lon="6.54462">
        <ele>1171.65</ele>
        <time>2025-09-30T08:57:04.000Z</time>
      </trkpt>
      <trkpt lat="46.25228" lon="6.54463">
        <ele>1172.203</ele>
        <time>2025-09-30T08:57:09.000Z</time>
      </trkpt>
      <trkpt lat="46.25228" lon="6.54463">
        <ele>1171.107</ele>
        <time>2025-09-30T08:57:14.000Z</time>
      </trkpt>
      <trkpt lat="46.25228" lon="6.54463">
        <ele>1170.723</ele>
        <time>2025-09-30T08:57:19.000Z</time>
      </trkpt>
      <trkpt lat="46.25228" lon="6.54463">
        <ele>1171.706</ele>
        <time>2025-09-30T08:57:24.000Z</time>
      </trkpt>
      <trkpt lat="46.25228" lon="6.54463">
        <ele>1171.672</ele>
        <time>2025-09-30T08:57:29.000Z</time>
      </trkpt>
      <trkpt lat="46.25228" lon="6.54463">
        <ele>1174.209</ele>
        <time>2025-09-30T08:57:34.000Z</time>
      </trkpt>
      <trkpt lat="46.25228" lon="6.54463">
        <ele>1175.57</ele>
        <time>2025-09-30T08:57:39.000Z</time>
      </trkpt>
      <trkpt lat="46.25228" lon="6.54463">
        <ele>1175.779</ele>
        <time>2025-09-30T08:57:44.000Z</time>
      </trkpt>
      <trkpt lat="46.25225" lon="6.54478">
        <ele>1177.301</ele>
        <time>2025-09-30T08:57:49.000Z</time>
      </trkpt>
      <trkpt lat="46.25226" lon="6.5448">
        <ele>1178.383</ele>
        <time>2025-09-30T08:57:54.000Z</time>
      </trkpt>
      <trkpt lat="46.25226" lon="6.54483">
        <ele>1177.901</ele>
        <time>2025-09-30T08:57:59.000Z</time>
      </trkpt>
      <trkpt lat="46.25225" lon="6.54486">
        <ele>1179.915</ele>
        <time>2025-09-30T08:58:04.000Z</time>
      </trkpt>
      <trkpt lat="46.25225" lon="6.54488">
        <ele>1179.067</ele>
        <time>2025-09-30T08:58:09.000Z</time>
      </trkpt>
      <trkpt lat="46.25222" lon="6.54492">
        <ele>1179.927</ele>
        <time>2025-09-30T08:58:14.000Z</time>
      </trkpt>
      <trkpt lat="46.2522" lon="6.54496">
        <ele>1181.074</ele>
        <time>2025-09-30T08:58:19.000Z</time>
      </trkpt>
      <trkpt lat="46.25222" lon="6.545">
        <ele>1180.914</ele>
        <time>2025-09-30T08:58:24.000Z</time>
      </trkpt>
      <trkpt lat="46.25222" lon="6.545">
        <ele>1183.508</ele>
        <time>2025-09-30T08:58:29.000Z</time>
      </trkpt>
      <trkpt lat="46.25223" lon="6.54502">
        <ele>1184.81</ele>
        <time>2025-09-30T08:58:34.000Z</time>
      </trkpt>
      <trkpt lat="46.25221" lon="6.54504">
        <ele>1184.405</ele>
        <time>2025-09-30T08:58:39.000Z</time>
      </trkpt>
      <trkpt lat="46.2522" lon="6.54506">
        <ele>1187.869</ele>
        <time>2025-09-30T08:58:44.000Z</time>
      </trkpt>
      <trkpt lat="46.25217" lon="6.54507">
        <ele>1189.395</ele>
        <time>2025-09-30T08:58:49.000Z</time>
      </trkpt>
      <trkpt lat="46.25217" lon="6.5451">
        <ele>1188.399</ele>
        <time>2025-09-30T08:58:54.000Z</time>
      </trkpt>
      <trkpt lat="46.25215" lon="6.5451">
        <ele>1190.185</ele>
        <time>2025-09-30T08:58:59.000Z</time>
      </trkpt>
      <trkpt lat="46.25213" lon="6.54511">
        <ele>1191.67</ele>
        <time>2025-09-30T08:59:04.000Z</time>
      </trkpt>
      <trkpt lat="46.25212" lon="6.54515">
        <ele>1191.963</ele>
        <time>2025-09-30T08:59:09.000Z</time>
      </trkpt>
      <trkpt lat="46.2521" lon="6.5452">
        <ele>1191.262</ele>
        <time>2025-09-30T08:59:14.000Z</time>
      </trkpt>
      <trkpt lat="46.25205" lon="6.54519">
        <ele>1192.79</ele>
        <time>2025-09-30T08:59:19.000Z</time>
      </trkpt>
      <trkpt lat="46.25203" lon="6.54522">
        <ele>1193.081</ele>
        <time>2025-09-30T08:59:24.000Z</time>
      </trkpt>
      <trkpt lat="46.25203" lon="6.54525">
        <ele>1196.797</ele>
        <time>2025-09-30T08:59:29.000Z</time>
      </trkpt>
      <trkpt lat="46.252" lon="6.54525">
        <ele>1198.3</ele>
        <time>2025-09-30T08:59:34.000Z</time>
      </trkpt>
      <trkpt lat="46.25198" lon="6.54524">
        <ele>1199.073</ele>
        <time>2025-09-30T08:59:39.000Z</time>
      </trkpt>
      <trkpt lat="46.25195" lon="6.54523">
        <ele>1200.69</ele>
        <time>2025-09-30T08:59:44.000Z</time>
      </trkpt>
      <trkpt lat="46.25193" lon="6.54525">
        <ele>1204.513</ele>
        <time>2025-09-30T08:59:49.000Z</time>
      </trkpt>
      <trkpt lat="46.25192" lon="6.5453">
        <ele>1203.141</ele>
        <time>2025-09-30T08:59:54.000Z</time>
      </trkpt>
      <trkpt lat="46.25193" lon="6.54531">
        <ele>1199.798</ele>
        <time>2025-09-30T08:59:59.000Z</time>
      </trkpt>
      <trkpt lat="46.25194" lon="6.54537">
        <ele>1200.848</ele>
        <time>2025-09-30T09:00:04.000Z</time>
      </trkpt>
      <trkpt lat="46.25194" lon="6.54541">
        <ele>1199.016</ele>
        <time>2025-09-30T09:00:09.000Z</time>
      </trkpt>
      <trkpt lat="46.25192" lon="6.54544">
        <ele>1200.004</ele>
        <time>2025-09-30T09:00:14.000Z</time>
      </trkpt>
      <trkpt lat="46.25192" lon="6.54545">
        <ele>1202.169</ele>
        <time>2025-09-30T09:00:19.000Z</time>
      </trkpt>
      <trkpt lat="46.2519" lon="6.54545">
        <ele>1203.826</ele>
        <time>2025-09-30T09:00:24.000Z</time>
      </trkpt>
      <trkpt lat="46.25188" lon="6.54546">
        <ele>1206.104</ele>
        <time>2025-09-30T09:00:29.000Z</time>
      </trkpt>
      <trkpt lat="46.25187" lon="6.54549">
        <ele>1208.55</ele>
        <time>2025-09-30T09:00:34.000Z</time>
      </trkpt>
      <trkpt lat="46.25187" lon="6.54549">
        <ele>1208.434</ele>
        <time>2025-09-30T09:00:39.000Z</time>
      </trkpt>
      <trkpt lat="46.25187" lon="6.54549">
        <ele>1204.346</ele>
        <time>2025-09-30T09:00:44.000Z</time>
      </trkpt>
      <trkpt lat="46.25187" lon="6.54549">
        <ele>1204.138</ele>
        <time>2025-09-30T09:00:49.000Z</time>
      </trkpt>
      <trkpt lat="46.25187" lon="6.54549">
        <ele>1205.014</ele>
        <time>2025-09-30T09:00:54.000Z</time>
      </trkpt>
      <trkpt lat="46.25187" lon="6.54549">
        <ele>1203.755</ele>
        <time>2025-09-30T09:00:59.000Z</time>
      </trkpt>
      <trkpt lat="46.25187" lon="6.54549">
        <ele>1204.653</ele>
        <time>2025-09-30T09:01:04.000Z</time>
      </trkpt>
      <trkpt lat="46.25193" lon="6.54563">
        <ele>1202.437</ele>
        <time>2025-09-30T09:01:09.000Z</time>
      </trkpt>
      <trkpt lat="46.25193" lon="6.54565">
        <ele>1202.864</ele>
        <time>2025-09-30T09:01:14.000Z</time>
      </trkpt>
      <trkpt lat="46.2519" lon="6.54566">
        <ele>1204.368</ele>
        <time>2025-09-30T09:01:19.000Z</time>
      </trkpt>
      <trkpt lat="46.25188" lon="6.54567">
        <ele>1208.159</ele>
        <time>2025-09-30T09:01:24.000Z</time>
      </trkpt>
      <trkpt lat="46.25185" lon="6.54564">
        <ele>1209.494</ele>
        <time>2025-09-30T09:01:29.000Z</time>
      </trkpt>
      <trkpt lat="46.25182" lon="6.54561">
        <ele>1208.147</ele>
        <time>2025-09-30T09:01:34.000Z</time>
      </trkpt>
      <trkpt lat="46.25178" lon="6.54564">
        <ele>1207.821</ele>
        <time>2025-09-30T09:01:39.000Z</time>
      </trkpt>
      <trkpt lat="46.25176" lon="6.54568">
        <ele>1207.61</ele>
        <time>2025-09-30T09:01:44.000Z</time>
      </trkpt>
      <trkpt lat="46.25175" lon="6.54573">
        <ele>1204.186</ele>
        <time>2025-09-30T09:01:49.000Z</time>
      </trkpt>
      <trkpt lat="46.25173" lon="6.54577">
        <ele>1205.276</ele>
        <time>2025-09-30T09:01:54.000Z</time>
      </trkpt>
      <trkpt lat="46.25169" lon="6.5458">
        <ele>1206.581</ele>
        <time>2025-09-30T09:01:59.000Z</time>
      </trkpt>
      <trkpt lat="46.25166" lon="6.54582">
        <ele>1207.643</ele>
        <time>2025-09-30T09:02:04.000Z</time>
      </trkpt>
      <trkpt lat="46.25165" lon="6.54587">
        <ele>1208.095</ele>
        <time>2025-09-30T09:02:09.000Z</time>
      </trkpt>
      <trkpt lat="46.25162" lon="6.54592">
        <ele>1207.145</ele>
        <time>2025-09-30T09:02:14.000Z</time>
      </trkpt>
      <trkpt lat="46.25158" lon="6.54595">
        <ele>1209.86</ele>
        <time>2025-09-30T09:02:19.000Z</time>
      </trkpt>
      <trkpt lat="46.25157" lon="6.546">
        <ele>1209.483</ele>
        <time>2025-09-30T09:02:24.000Z</time>
      </trkpt>
      <trkpt lat="46.25157" lon="6.54604">
        <ele>1209.93</ele>
        <time>2025-09-30T09:02:29.000Z</time>
      </trkpt>
      <trkpt lat="46.25157" lon="6.54608">
        <ele>1209.858</ele>
        <time>2025-09-30T09:02:34.000Z</time>
      </trkpt>
      <trkpt lat="46.2516" lon="6.54612">
        <ele>1211.173</ele>
        <time>2025-09-30T09:02:39.000Z</time>
      </trkpt>
      <trkpt lat="46.2516" lon="6.54615">
        <ele>1211.374</ele>
        <time>2025-09-30T09:02:44.000Z</time>
      </trkpt>
      <trkpt lat="46.2516" lon="6.54618">
        <ele>1213.342</ele>
        <time>2025-09-30T09:02:49.000Z</time>
      </trkpt>
      <trkpt lat="46.25161" lon="6.54621">
        <ele>1213.328</ele>
        <time>2025-09-30T09:02:54.000Z</time>
      </trkpt>
      <trkpt lat="46.25162" lon="6.54626">
        <ele>1214.784</ele>
        <time>2025-09-30T09:02:59.000Z</time>
      </trkpt>
      <trkpt lat="46.25164" lon="6.54628">
        <ele>1213.153</ele>
        <time>2025-09-30T09:03:04.000Z</time>
      </trkpt>
      <trkpt lat="46.25166" lon="6.54629">
        <ele>1215.897</ele>
        <time>2025-09-30T09:03:09.000Z</time>
      </trkpt>
      <trkpt lat="46.25166" lon="6.54632">
        <ele>1214.302</ele>
        <time>2025-09-30T09:03:14.000Z</time>
      </trkpt>
      <trkpt lat="46.25168" lon="6.54634">
        <ele>1212.975</ele>
        <time>2025-09-30T09:03:19.000Z</time>
      </trkpt>
      <trkpt lat="46.25169" lon="6.54636">
        <ele>1214.534</ele>
        <time>2025-09-30T09:03:24.000Z</time>
      </trkpt>
      <trkpt lat="46.2517" lon="6.54639">
        <ele>1215.683</ele>
        <time>2025-09-30T09:03:29.000Z</time>
      </trkpt>
      <trkpt lat="46.25172" lon="6.54642">
        <ele>1218.406</ele>
        <time>2025-09-30T09:03:34.000Z</time>
      </trkpt>
      <trkpt lat="46.25173" lon="6.54645">
        <ele>1220.53</ele>
        <time>2025-09-30T09:03:39.000Z</time>
      </trkpt>
      <trkpt lat="46.25173" lon="6.54644">
        <ele>1220.722</ele>
        <time>2025-09-30T09:03:44.000Z</time>
      </trkpt>
      <trkpt lat="46.25175" lon="6.5464">
        <ele>1219.841</ele>
        <time>2025-09-30T09:03:49.000Z</time>
      </trkpt>
      <trkpt lat="46.25177" lon="6.54638">
        <ele>1220.973</ele>
        <time>2025-09-30T09:03:54.000Z</time>
      </trkpt>
      <trkpt lat="46.25177" lon="6.54633">
        <ele>1222.665</ele>
        <time>2025-09-30T09:03:59.000Z</time>
      </trkpt>
      <trkpt lat="46.25178" lon="6.54629">
        <ele>1222.542</ele>
        <time>2025-09-30T09:04:04.000Z</time>
      </trkpt>
      <trkpt lat="46.25178" lon="6.54627">
        <ele>1224.146</ele>
        <time>2025-09-30T09:04:09.000Z</time>
      </trkpt>
      <trkpt lat="46.2518" lon="6.54623">
        <ele>1224.726</ele>
        <time>2025-09-30T09:04:14.000Z</time>
      </trkpt>
      <trkpt lat="46.2518" lon="6.5462">
        <ele>1223.835</ele>
        <time>2025-09-30T09:04:19.000Z</time>
      </trkpt>
      <trkpt lat="46.25183" lon="6.54619">
        <ele>1227.423</ele>
        <time>2025-09-30T09:04:24.000Z</time>
      </trkpt>
      <trkpt lat="46.25186" lon="6.54617">
        <ele>1228.348</ele>
        <time>2025-09-30T09:04:29.000Z</time>
      </trkpt>
      <trkpt lat="46.25188" lon="6.54613">
        <ele>1229.211</ele>
        <time>2025-09-30T09:04:34.000Z</time>
      </trkpt>
      <trkpt lat="46.2519" lon="6.54611">
        <ele>1230.155</ele>
        <time>2025-09-30T09:04:39.000Z</time>
      </trkpt>
      <trkpt lat="46.25192" lon="6.54609">
        <ele>1229.974</ele>
        <time>2025-09-30T09:04:44.000Z</time>
      </trkpt>
      <trkpt lat="46.25195" lon="6.54608">
        <ele>1229.355</ele>
        <time>2025-09-30T09:04:49.000Z</time>
      </trkpt>
      <trkpt lat="46.25198" lon="6.54608">
        <ele>1226.244</ele>
        <time>2025-09-30T09:04:54.000Z</time>
      </trkpt>
      <trkpt lat="46.25199" lon="6.54612">
        <ele>1228.989</ele>
        <time>2025-09-30T09:04:59.000Z</time>
      </trkpt>
      <trkpt lat="46.25201" lon="6.54612">
        <ele>1229.22</ele>
        <time>2025-09-30T09:05:04.000Z</time>
      </trkpt>
      <trkpt lat="46.25202" lon="6.54615">
        <ele>1229.48</ele>
        <time>2025-09-30T09:05:09.000Z</time>
      </trkpt>
      <trkpt lat="46.25204" lon="6.54616">
        <ele>1231.249</ele>
        <time>2025-09-30T09:05:14.000Z</time>
      </trkpt>
      <trkpt lat="46.25204" lon="6.54616">
        <ele>1233.434</ele>
        <time>2025-09-30T09:05:19.000Z</time>
      </trkpt>
      <trkpt lat="46.25204" lon="6.54616">
        <ele>1236.194</ele>
        <time>2025-09-30T09:05:24.000Z</time>
      </trkpt>
      <trkpt lat="46.25204" lon="6.54616">
        <ele>1234.825</ele>
        <time>2025-09-30T09:05:29.000Z</time>
      </trkpt>
      <trkpt lat="46.25204" lon="6.54616">
        <ele>1235.989</ele>
        <time>2025-09-30T09:05:34.000Z</time>
      </trkpt>
      <trkpt lat="46.25204" lon="6.54616">
        <ele>1234.855</ele>
        <time>2025-09-30T09:05:39.000Z</time>
      </trkpt>
      <trkpt lat="46.25204" lon="6.54616">
        <ele>1235.917</ele>
        <time>2025-09-30T09:05:44.000Z</time>
      </trkpt>
      <trkpt lat="46.25204" lon="6.54616">
        <ele>1235.927</ele>
        <time>2025-09-30T09:05:49.000Z</time>
      </trkpt>
      <trkpt lat="46.25204" lon="6.54616">
        <ele>1235.953</ele>
        <time>2025-09-30T09:05:54.000Z</time>
      </trkpt>
      <trkpt lat="46.25204" lon="6.54616">
        <ele>1236.287</ele>
        <time>2025-09-30T09:05:59.000Z</time>
      </trkpt>
      <trkpt lat="46.25204" lon="6.54616">
        <ele>1236.82</ele>
        <time>2025-09-30T09:06:04.000Z</time>
      </trkpt>
      <trkpt lat="46.25204" lon="6.54622">
        <ele>1236.525</ele>
        <time>2025-09-30T09:06:09.000Z</time>
      </trkpt>
      <trkpt lat="46.25205" lon="6.54625">
        <ele>1234.725</ele>
        <time>2025-09-30T09:06:14.000Z</time>
      </trkpt>
      <trkpt lat="46.25207" lon="6.54628">
        <ele>1232.495</ele>
        <time>2025-09-30T09:06:19.000Z</time>
      </trkpt>
      <trkpt lat="46.25208" lon="6.54631">
        <ele>1234.194</ele>
        <time>2025-09-30T09:06:24.000Z</time>
      </trkpt>
      <trkpt lat="46.25209" lon="6.54635">
        <ele>1237.381</ele>
        <time>2025-09-30T09:06:29.000Z</time>
      </trkpt>
      <trkpt lat="46.2521" lon="6.54638">
        <ele>1239.388</ele>
        <time>2025-09-30T09:06:34.000Z</time>
      </trkpt>
      <trkpt lat="46.25213" lon="6.5464">
        <ele>1237.595</ele>
        <time>2025-09-30T09:06:39.000Z</time>
      </trkpt>
      <trkpt lat="46.25214" lon="6.54643">
        <ele>1238.922</ele>
        <time>2025-09-30T09:06:44.000Z</time>
      </trkpt>
      <trkpt lat="46.25217" lon="6.54643">
        <ele>1236.989</ele>
        <time>2025-09-30T09:06:49.000Z</time>
      </trkpt>
      <trkpt lat="46.2522" lon="6.54644">
        <ele>1238.681</ele>
        <time>2025-09-30T09:06:54.000Z</time>
      </trkpt>
      <trkpt lat="46.2522" lon="6.54643">
        <ele>1238.905</ele>
        <time>2025-09-30T09:06:59.000Z</time>
      </trkpt>
      <trkpt lat="46.2522" lon="6.54643">
        <ele>1239.573</ele>
        <time>2025-09-30T09:07:04.000Z</time>
      </trkpt>
      <trkpt lat="46.2522" lon="6.54643">
        <ele>1240.414</ele>
        <time>2025-09-30T09:07:09.000Z</time>
      </trkpt>
      <trkpt lat="46.2522" lon="6.54643">
        <ele>1240.507</ele>
        <time>2025-09-30T09:07:14.000Z</time>
      </trkpt>
      <trkpt lat="46.25222" lon="6.54645">
        <ele>1241.133</ele>
        <time>2025-09-30T09:07:19.000Z</time>
      </trkpt>
      <trkpt lat="46.25224" lon="6.54646">
        <ele>1239.761</ele>
        <time>2025-09-30T09:07:24.000Z</time>
      </trkpt>
      <trkpt lat="46.25224" lon="6.54649">
        <ele>1242.421</ele>
        <time>2025-09-30T09:07:29.000Z</time>
      </trkpt>
      <trkpt lat="46.25224" lon="6.54652">
        <ele>1244.871</ele>
        <time>2025-09-30T09:07:34.000Z</time>
      </trkpt>
      <trkpt lat="46.25225" lon="6.54655">
        <ele>1245.276</ele>
        <time>2025-09-30T09:07:39.000Z</time>
      </trkpt>
      <trkpt lat="46.25227" lon="6.54656">
        <ele>1244.08</ele>
        <time>2025-09-30T09:07:44.000Z</time>
      </trkpt>
      <trkpt lat="46.25227" lon="6.54656">
        <ele>1244.094</ele>
        <time>2025-09-30T09:07:49.000Z</time>
      </trkpt>
      <trkpt lat="46.25227" lon="6.54656">
        <ele>1244.12</ele>
        <time>2025-09-30T09:07:54.000Z</time>
      </trkpt>
      <trkpt lat="46.25228" lon="6.54658">
        <ele>1245.741</ele>
        <time>2025-09-30T09:07:59.000Z</time>
      </trkpt>
      <trkpt lat="46.2523" lon="6.5466">
        <ele>1243.767</ele>
        <time>2025-09-30T09:08:04.000Z</time>
      </trkpt>
      <trkpt lat="46.25232" lon="6.54662">
        <ele>1246.456</ele>
        <time>2025-09-30T09:08:09.000Z</time>
      </trkpt>
      <trkpt lat="46.25234" lon="6.54665">
        <ele>1247.042</ele>
        <time>2025-09-30T09:08:14.000Z</time>
      </trkpt>
      <trkpt lat="46.25234" lon="6.54665">
        <ele>1244.784</ele>
        <time>2025-09-30T09:08:19.000Z</time>
      </trkpt>
      <trkpt lat="46.25234" lon="6.54665">
        <ele>1243.402</ele>
        <time>2025-09-30T09:08:24.000Z</time>
      </trkpt>
      <trkpt lat="46.25234" lon="6.54665">
        <ele>1243.188</ele>
        <time>2025-09-30T09:08:29.000Z</time>
      </trkpt>
      <trkpt lat="46.25234" lon="6.54665">
        <ele>1243.42</ele>
        <time>2025-09-30T09:08:34.000Z</time>
      </trkpt>
      <trkpt lat="46.25234" lon="6.54665">
        <ele>1245.477</ele>
        <time>2025-09-30T09:08:39.000Z</time>
      </trkpt>
      <trkpt lat="46.25234" lon="6.54665">
        <ele>1246.407</ele>
        <time>2025-09-30T09:08:44.000Z</time>
      </trkpt>
      <trkpt lat="46.25233" lon="6.5467">
        <ele>1249.68</ele>
        <time>2025-09-30T09:08:49.000Z</time>
      </trkpt>
      <trkpt lat="46.25235" lon="6.54673">
        <ele>1251.767</ele>
        <time>2025-09-30T09:08:54.000Z</time>
      </trkpt>
      <trkpt lat="46.2524" lon="6.54672">
        <ele>1251.464</ele>
        <time>2025-09-30T09:08:59.000Z</time>
      </trkpt>
      <trkpt lat="46.25243" lon="6.54675">
        <ele>1253.055</ele>
        <time>2025-09-30T09:09:04.000Z</time>
      </trkpt>
      <trkpt lat="46.25246" lon="6.54678">
        <ele>1253.607</ele>
        <time>2025-09-30T09:09:09.000Z</time>
      </trkpt>
      <trkpt lat="46.25248" lon="6.54679">
        <ele>1251.584</ele>
        <time>2025-09-30T09:09:14.000Z</time>
      </trkpt>
      <trkpt lat="46.2525" lon="6.5468">
        <ele>1252.848</ele>
        <time>2025-09-30T09:09:19.000Z</time>
      </trkpt>
      <trkpt lat="46.25252" lon="6.54682">
        <ele>1251.297</ele>
        <time>2025-09-30T09:09:24.000Z</time>
      </trkpt>
      <trkpt lat="46.25254" lon="6.5468">
        <ele>1251.642</ele>
        <time>2025-09-30T09:09:29.000Z</time>
      </trkpt>
      <trkpt lat="46.25256" lon="6.54677">
        <ele>1252.414</ele>
        <time>2025-09-30T09:09:34.000Z</time>
      </trkpt>
      <trkpt lat="46.25255" lon="6.54675">
        <ele>1254.705</ele>
        <time>2025-09-30T09:09:39.000Z</time>
      </trkpt>
      <trkpt lat="46.25256" lon="6.5467">
        <ele>1253.462</ele>
        <time>2025-09-30T09:09:44.000Z</time>
      </trkpt>
      <trkpt lat="46.25256" lon="6.54667">
        <ele>1254.734</ele>
        <time>2025-09-30T09:09:49.000Z</time>
      </trkpt>
      <trkpt lat="46.25258" lon="6.54666">
        <ele>1256.461</ele>
        <time>2025-09-30T09:09:54.000Z</time>
      </trkpt>
      <trkpt lat="46.2526" lon="6.54663">
        <ele>1258.729</ele>
        <time>2025-09-30T09:09:59.000Z</time>
      </trkpt>
      <trkpt lat="46.25262" lon="6.5466">
        <ele>1259.455</ele>
        <time>2025-09-30T09:10:04.000Z</time>
      </trkpt>
      <trkpt lat="46.25263" lon="6.54659">
        <ele>1258.714</ele>
        <time>2025-09-30T09:10:09.000Z</time>
      </trkpt>
      <trkpt lat="46.25262" lon="6.54655">
        <ele>1262.949</ele>
        <time>2025-09-30T09:10:14.000Z</time>
      </trkpt>
      <trkpt lat="46.25263" lon="6.54651">
        <ele>1262.711</ele>
        <time>2025-09-30T09:10:19.000Z</time>
      </trkpt>
      <trkpt lat="46.25263" lon="6.54648">
        <ele>1262.091</ele>
        <time>2025-09-30T09:10:24.000Z</time>
      </trkpt>
      <trkpt lat="46.25263" lon="6.54648">
        <ele>1265.572</ele>
        <time>2025-09-30T09:10:29.000Z</time>
      </trkpt>
      <trkpt lat="46.25263" lon="6.54648">
        <ele>1263.731</ele>
        <time>2025-09-30T09:10:34.000Z</time>
      </trkpt>
      <trkpt lat="46.25263" lon="6.54648">
        <ele>1265.357</ele>
        <time>2025-09-30T09:10:39.000Z</time>
      </trkpt>
      <trkpt lat="46.25263" lon="6.54648">
        <ele>1266.898</ele>
        <time>2025-09-30T09:10:44.000Z</time>
      </trkpt>
      <trkpt lat="46.25263" lon="6.54648">
        <ele>1266.579</ele>
        <time>2025-09-30T09:10:49.000Z</time>
      </trkpt>
      <trkpt lat="46.25263" lon="6.54648">
        <ele>1265.644</ele>
        <time>2025-09-30T09:10:54.000Z</time>
      </trkpt>
      <trkpt lat="46.25263" lon="6.54648">
        <ele>1266.677</ele>
        <time>2025-09-30T09:10:59.000Z</time>
      </trkpt>
      <trkpt lat="46.25273" lon="6.5465">
        <ele>1271.263</ele>
        <time>2025-09-30T09:11:04.000Z</time>
      </trkpt>
      <trkpt lat="46.25275" lon="6.54653">
        <ele>1270.59</ele>
        <time>2025-09-30T09:11:09.000Z</time>
      </trkpt>
      <trkpt lat="46.25276" lon="6.54657">
        <ele>1272.541</ele>
        <time>2025-09-30T09:11:14.000Z</time>
      </trkpt>
      <trkpt lat="46.25277" lon="6.54661">
        <ele>1274.661</ele>
        <time>2025-09-30T09:11:19.000Z</time>
      </trkpt>
      <trkpt lat="46.25281" lon="6.54661">
        <ele>1275.202</ele>
        <time>2025-09-30T09:11:24.000Z</time>
      </trkpt>
      <trkpt lat="46.25283" lon="6.54657">
        <ele>1276.217</ele>
        <time>2025-09-30T09:11:29.000Z</time>
      </trkpt>
      <trkpt lat="46.25283" lon="6.54651">
        <ele>1276.604</ele>
        <time>2025-09-30T09:11:34.000Z</time>
      </trkpt>
      <trkpt lat="46.25284" lon="6.54649">
        <ele>1277.883</ele>
        <time>2025-09-30T09:11:39.000Z</time>
      </trkpt>
      <trkpt lat="46.25285" lon="6.54647">
        <ele>1278.415</ele>
        <time>2025-09-30T09:11:44.000Z</time>
      </trkpt>
      <trkpt lat="46.25285" lon="6.54645">
        <ele>1276.158</ele>
        <time>2025-09-30T09:11:49.000Z</time>
      </trkpt>
      <trkpt lat="46.25286" lon="6.54643">
        <ele>1278.959</ele>
        <time>2025-09-30T09:11:54.000Z</time>
      </trkpt>
      <trkpt lat="46.25289" lon="6.54641">
        <ele>1278.521</ele>
        <time>2025-09-30T09:11:59.000Z</time>
      </trkpt>
      <trkpt lat="46.2529" lon="6.54638">
        <ele>1281.755</ele>
        <time>2025-09-30T09:12:04.000Z</time>
      </trkpt>
      <trkpt lat="46.25293" lon="6.54639">
        <ele>1281.635</ele>
        <time>2025-09-30T09:12:09.000Z</time>
      </trkpt>
      <trkpt lat="46.25294" lon="6.54634">
        <ele>1284.036</ele>
        <time>2025-09-30T09:12:14.000Z</time>
      </trkpt>
      <trkpt lat="46.25294" lon="6.54629">
        <ele>1282.642</ele>
        <time>2025-09-30T09:12:19.000Z</time>
      </trkpt>
      <trkpt lat="46.25297" lon="6.54627">
        <ele>1282.919</ele>
        <time>2025-09-30T09:12:24.000Z</time>
      </trkpt>
      <trkpt lat="46.25299" lon="6.54627">
        <ele>1284.102</ele>
        <time>2025-09-30T09:12:29.000Z</time>
      </trkpt>
      <trkpt lat="46.253" lon="6.54631">
        <ele>1285.233</ele>
        <time>2025-09-30T09:12:34.000Z</time>
      </trkpt>
      <trkpt lat="46.253" lon="6.54635">
        <ele>1284.883</ele>
        <time>2025-09-30T09:12:39.000Z</time>
      </trkpt>
      <trkpt lat="46.25299" lon="6.5464">
        <ele>1288.507</ele>
        <time>2025-09-30T09:12:44.000Z</time>
      </trkpt>
      <trkpt lat="46.25299" lon="6.54645">
        <ele>1291.018</ele>
        <time>2025-09-30T09:12:49.000Z</time>
      </trkpt>
      <trkpt lat="46.25302" lon="6.54645">
        <ele>1290.685</ele>
        <time>2025-09-30T09:12:54.000Z</time>
      </trkpt>
      <trkpt lat="46.25304" lon="6.54647">
        <ele>1290.287</ele>
        <time>2025-09-30T09:12:59.000Z</time>
      </trkpt>
      <trkpt lat="46.25307" lon="6.54649">
        <ele>1291.474</ele>
        <time>2025-09-30T09:13:04.000Z</time>
      </trkpt>
      <trkpt lat="46.25307" lon="6.54653">
        <ele>1294.16</ele>
        <time>2025-09-30T09:13:09.000Z</time>
      </trkpt>
      <trkpt lat="46.25307" lon="6.54656">
        <ele>1293.659</ele>
        <time>2025-09-30T09:13:14.000Z</time>
      </trkpt>
      <trkpt lat="46.25308" lon="6.54658">
        <ele>1292.562</ele>
        <time>2025-09-30T09:13:19.000Z</time>
      </trkpt>
      <trkpt lat="46.25311" lon="6.54659">
        <ele>1293.003</ele>
        <time>2025-09-30T09:13:24.000Z</time>
      </trkpt>
      <trkpt lat="46.25312" lon="6.5466">
        <ele>1292.019</ele>
        <time>2025-09-30T09:13:29.000Z</time>
      </trkpt>
      <trkpt lat="46.25313" lon="6.54664">
        <ele>1294.331</ele>
        <time>2025-09-30T09:13:34.000Z</time>
      </trkpt>
      <trkpt lat="46.25314" lon="6.54668">
        <ele>1294.862</ele>
        <time>2025-09-30T09:13:39.000Z</time>
      </trkpt>
      <trkpt lat="46.25313" lon="6.54671">
        <ele>1297.95</ele>
        <time>2025-09-30T09:13:44.000Z</time>
      </trkpt>
      <trkpt lat="46.25312" lon="6.54674">
        <ele>1301.445</ele>
        <time>2025-09-30T09:13:49.000Z</time>
      </trkpt>
      <trkpt lat="46.25313" lon="6.54677">
        <ele>1303.664</ele>
        <time>2025-09-30T09:13:54.000Z</time>
      </trkpt>
      <trkpt lat="46.25314" lon="6.54677">
        <ele>1301.242</ele>
        <time>2025-09-30T09:13:59.000Z</time>
      </trkpt>
      <trkpt lat="46.25316" lon="6.54675">
        <ele>1299.963</ele>
        <time>2025-09-30T09:14:04.000Z</time>
      </trkpt>
      <trkpt lat="46.25317" lon="6.54672">
        <ele>1298.86</ele>
        <time>2025-09-30T09:14:09.000Z</time>
      </trkpt>
      <trkpt lat="46.2532" lon="6.54668">
        <ele>1295.479</ele>
        <time>2025-09-30T09:14:14.000Z</time>
      </trkpt>
      <trkpt lat="46.25322" lon="6.54666">
        <ele>1298.079</ele>
        <time>2025-09-30T09:14:19.000Z</time>
      </trkpt>
      <trkpt lat="46.25323" lon="6.54661">
        <ele>1299.628</ele>
        <time>2025-09-30T09:14:24.000Z</time>
      </trkpt>
      <trkpt lat="46.25324" lon="6.54658">
        <ele>1301.075</ele>
        <time>2025-09-30T09:14:29.000Z</time>
      </trkpt>
      <trkpt lat="46.25324" lon="6.54655">
        <ele>1303.222</ele>
        <time>2025-09-30T09:14:34.000Z</time>
      </trkpt>
      <trkpt lat="46.25325" lon="6.54652">
        <ele>1302.434</ele>
        <time>2025-09-30T09:14:39.000Z</time>
      </trkpt>
      <trkpt lat="46.25329" lon="6.54653">
        <ele>1303.767</ele>
        <time>2025-09-30T09:14:44.000Z</time>
      </trkpt>
      <trkpt lat="46.25329" lon="6.54658">
        <ele>1304.149</ele>
        <time>2025-09-30T09:14:49.000Z</time>
      </trkpt>
      <trkpt lat="46.25331" lon="6.54661">
        <ele>1305.086</ele>
        <time>2025-09-30T09:14:54.000Z</time>
      </trkpt>
      <trkpt lat="46.25332" lon="6.54663">
        <ele>1306.649</ele>
        <time>2025-09-30T09:14:59.000Z</time>
      </trkpt>
      <trkpt lat="46.25333" lon="6.54664">
        <ele>1306.946</ele>
        <time>2025-09-30T09:15:04.000Z</time>
      </trkpt>
      <trkpt lat="46.25336" lon="6.54666">
        <ele>1301.915</ele>
        <time>2025-09-30T09:15:09.000Z</time>
      </trkpt>
      <trkpt lat="46.25338" lon="6.54667">
        <ele>1302.946</ele>
        <time>2025-09-30T09:15:14.000Z</time>
      </trkpt>
      <trkpt lat="46.25339" lon="6.5467">
        <ele>1302.235</ele>
        <time>2025-09-30T09:15:19.000Z</time>
      </trkpt>
      <trkpt lat="46.2534" lon="6.54671">
        <ele>1306.363</ele>
        <time>2025-09-30T09:15:24.000Z</time>
      </trkpt>
      <trkpt lat="46.25341" lon="6.54669">
        <ele>1305.665</ele>
        <time>2025-09-30T09:15:29.000Z</time>
      </trkpt>
      <trkpt lat="46.25341" lon="6.54665">
        <ele>1309.074</ele>
        <time>2025-09-30T09:15:34.000Z</time>
      </trkpt>
      <trkpt lat="46.25341" lon="6.54663">
        <ele>1310.112</ele>
        <time>2025-09-30T09:15:39.000Z</time>
      </trkpt>
      <trkpt lat="46.25342" lon="6.5466">
        <ele>1311.982</ele>
        <time>2025-09-30T09:15:44.000Z</time>
      </trkpt>
      <trkpt lat="46.25345" lon="6.54657">
        <ele>1310.797</ele>
        <time>2025-09-30T09:15:49.000Z</time>
      </trkpt>
      <trkpt lat="46.25347" lon="6.54655">
        <ele>1314.241</ele>
        <time>2025-09-30T09:15:54.000Z</time>
      </trkpt>
      <trkpt lat="46.25349" lon="6.54654">
        <ele>1314.742</ele>
        <time>2025-09-30T09:15:59.000Z</time>
      </trkpt>
      <trkpt lat="46.25349" lon="6.54651">
        <ele>1314.21</ele>
        <time>2025-09-30T09:16:04.000Z</time>
      </trkpt>
      <trkpt lat="46.25349" lon="6.54647">
        <ele>1316.158</ele>
        <time>2025-09-30T09:16:09.000Z</time>
      </trkpt>
      <trkpt lat="46.25348" lon="6.54644">
        <ele>1317.71</ele>
        <time>2025-09-30T09:16:14.000Z</time>
      </trkpt>
      <trkpt lat="46.25349" lon="6.54642">
        <ele>1320.613</ele>
        <time>2025-09-30T09:16:19.000Z</time>
      </trkpt>
      <trkpt lat="46.25349" lon="6.54639">
        <ele>1318.234</ele>
        <time>2025-09-30T09:16:24.000Z</time>
      </trkpt>
      <trkpt lat="46.25353" lon="6.54638">
        <ele>1320.333</ele>
        <time>2025-09-30T09:16:29.000Z</time>
      </trkpt>
      <trkpt lat="46.25355" lon="6.54638">
        <ele>1320.533</ele>
        <time>2025-09-30T09:16:34.000Z</time>
      </trkpt>
      <trkpt lat="46.25356" lon="6.54636">
        <ele>1320.572</ele>
        <time>2025-09-30T09:16:39.000Z</time>
      </trkpt>
      <trkpt lat="46.25358" lon="6.54635">
        <ele>1320.694</ele>
        <time>2025-09-30T09:16:44.000Z</time>
      </trkpt>
      <trkpt lat="46.25358" lon="6.5463">
        <ele>1321.122</ele>
        <time>2025-09-30T09:16:49.000Z</time>
      </trkpt>
      <trkpt lat="46.2536" lon="6.54626">
        <ele>1322.961</ele>
        <time>2025-09-30T09:16:54.000Z</time>
      </trkpt>
      <trkpt lat="46.25363" lon="6.54624">
        <ele>1323.471</ele>
        <time>2025-09-30T09:16:59.000Z</time>
      </trkpt>
      <trkpt lat="46.25365" lon="6.54626">
        <ele>1325.271</ele>
        <time>2025-09-30T09:17:04.000Z</time>
      </trkpt>
      <trkpt lat="46.25369" lon="6.54628">
        <ele>1325.379</ele>
        <time>2025-09-30T09:17:09.000Z</time>
      </trkpt>
      <trkpt lat="46.25372" lon="6.54629">
        <ele>1328.345</ele>
        <time>2025-09-30T09:17:14.000Z</time>
      </trkpt>
      <trkpt lat="46.25375" lon="6.5463">
        <ele>1328.001</ele>
        <time>2025-09-30T09:17:19.000Z</time>
      </trkpt>
      <trkpt lat="46.25374" lon="6.54635">
        <ele>1326.656</ele>
        <time>2025-09-30T09:17:24.000Z</time>
      </trkpt>
      <trkpt lat="46.25371" lon="6.54638">
        <ele>1328.638</ele>
        <time>2025-09-30T09:17:29.000Z</time>
      </trkpt>
      <trkpt lat="46.25369" lon="6.54642">
        <ele>1330.405</ele>
        <time>2025-09-30T09:17:34.000Z</time>
      </trkpt>
      <trkpt lat="46.2537" lon="6.54648">
        <ele>1331.401</ele>
        <time>2025-09-30T09:17:39.000Z</time>
      </trkpt>
      <trkpt lat="46.25371" lon="6.54653">
        <ele>1334.12</ele>
        <time>2025-09-30T09:17:44.000Z</time>
      </trkpt>
      <trkpt lat="46.2537" lon="6.54657">
        <ele>1334.742</ele>
        <time>2025-09-30T09:17:49.000Z</time>
      </trkpt>
      <trkpt lat="46.25369" lon="6.5466">
        <ele>1335.712</ele>
        <time>2025-09-30T09:17:54.000Z</time>
      </trkpt>
      <trkpt lat="46.2537" lon="6.54666">
        <ele>1338.36</ele>
        <time>2025-09-30T09:17:59.000Z</time>
      </trkpt>
      <trkpt lat="46.25371" lon="6.54669">
        <ele>1339.423</ele>
        <time>2025-09-30T09:18:04.000Z</time>
      </trkpt>
      <trkpt lat="46.25371" lon="6.54673">
        <ele>1341.81</ele>
        <time>2025-09-30T09:18:09.000Z</time>
      </trkpt>
      <trkpt lat="46.25372" lon="6.54678">
        <ele>1342.538</ele>
        <time>2025-09-30T09:18:14.000Z</time>
      </trkpt>
      <trkpt lat="46.25374" lon="6.54681">
        <ele>1340.964</ele>
        <time>2025-09-30T09:18:19.000Z</time>
      </trkpt>
      <trkpt lat="46.25377" lon="6.5468">
        <ele>1336.425</ele>
        <time>2025-09-30T09:18:24.000Z</time>
      </trkpt>
      <trkpt lat="46.25378" lon="6.54675">
        <ele>1338.974</ele>
        <time>2025-09-30T09:18:29.000Z</time>
      </trkpt>
      <trkpt lat="46.25379" lon="6.54669">
        <ele>1340.882</ele>
        <time>2025-09-30T09:18:34.000Z</time>
      </trkpt>
      <trkpt lat="46.25383" lon="6.54667">
        <ele>1342.044</ele>
        <time>2025-09-30T09:18:39.000Z</time>
      </trkpt>
      <trkpt lat="46.25383" lon="6.54661">
        <ele>1344.08</ele>
        <time>2025-09-30T09:18:44.000Z</time>
      </trkpt>
      <trkpt lat="46.25387" lon="6.54658">
        <ele>1343.705</ele>
        <time>2025-09-30T09:18:49.000Z</time>
      </trkpt>
      <trkpt lat="46.2539" lon="6.54658">
        <ele>1346.647</ele>
        <time>2025-09-30T09:18:54.000Z</time>
      </trkpt>
      <trkpt lat="46.25392" lon="6.54656">
        <ele>1347.465</ele>
        <time>2025-09-30T09:18:59.000Z</time>
      </trkpt>
      <trkpt lat="46.25394" lon="6.54653">
        <ele>1350.097</ele>
        <time>2025-09-30T09:19:04.000Z</time>
      </trkpt>
      <trkpt lat="46.25396" lon="6.54651">
        <ele>1349.576</ele>
        <time>2025-09-30T09:19:09.000Z</time>
      </trkpt>
      <trkpt lat="46.25396" lon="6.54648">
        <ele>1350.464</ele>
        <time>2025-09-30T09:19:14.000Z</time>
      </trkpt>
      <trkpt lat="46.25396" lon="6.54648">
        <ele>1350.66</ele>
        <time>2025-09-30T09:19:19.000Z</time>
      </trkpt>
      <trkpt lat="46.25396" lon="6.54648">
        <ele>1350.601</ele>
        <time>2025-09-30T09:19:24.000Z</time>
      </trkpt>
      <trkpt lat="46.25398" lon="6.54648">
        <ele>1352.995</ele>
        <time>2025-09-30T09:19:29.000Z</time>
      </trkpt>
      <trkpt lat="46.25401" lon="6.54652">
        <ele>1352.381</ele>
        <time>2025-09-30T09:19:34.000Z</time>
      </trkpt>
      <trkpt lat="46.25401" lon="6.54657">
        <ele>1350.958</ele>
        <time>2025-09-30T09:19:39.000Z</time>
      </trkpt>
      <trkpt lat="46.25399" lon="6.54663">
        <ele>1351.369</ele>
        <time>2025-09-30T09:19:44.000Z</time>
      </trkpt>
      <trkpt lat="46.25399" lon="6.54668">
        <ele>1354.167</ele>
        <time>2025-09-30T09:19:49.000Z</time>
      </trkpt>
      <trkpt lat="46.25399" lon="6.54673">
        <ele>1355.291</ele>
        <time>2025-09-30T09:19:54.000Z</time>
      </trkpt>
      <trkpt lat="46.254" lon="6.54677">
        <ele>1355.638</ele>
        <time>2025-09-30T09:19:59.000Z</time>
      </trkpt>
      <trkpt lat="46.25402" lon="6.54678">
        <ele>1355.302</ele>
        <time>2025-09-30T09:20:04.000Z</time>
      </trkpt>
      <trkpt lat="46.25404" lon="6.54678">
        <ele>1354.223</ele>
        <time>2025-09-30T09:20:09.000Z</time>
      </trkpt>
      <trkpt lat="46.25406" lon="6.54675">
        <ele>1356.154</ele>
        <time>2025-09-30T09:20:14.000Z</time>
      </trkpt>
      <trkpt lat="46.25408" lon="6.54672">
        <ele>1355.519</ele>
        <time>2025-09-30T09:20:19.000Z</time>
      </trkpt>
      <trkpt lat="46.25411" lon="6.54673">
        <ele>1357.776</ele>
        <time>2025-09-30T09:20:24.000Z</time>
      </trkpt>
      <trkpt lat="46.25415" lon="6.54675">
        <ele>1359.049</ele>
        <time>2025-09-30T09:20:29.000Z</time>
      </trkpt>
      <trkpt lat="46.25416" lon="6.54678">
        <ele>1359.56</ele>
        <time>2025-09-30T09:20:34.000Z</time>
      </trkpt>
      <trkpt lat="46.25416" lon="6.54683">
        <ele>1359.904</ele>
        <time>2025-09-30T09:20:39.000Z</time>
      </trkpt>
      <trkpt lat="46.25416" lon="6.54688">
        <ele>1362.083</ele>
        <time>2025-09-30T09:20:44.000Z</time>
      </trkpt>
      <trkpt lat="46.25414" lon="6.54693">
        <ele>1362.884</ele>
        <time>2025-09-30T09:20:49.000Z</time>
      </trkpt>
      <trkpt lat="46.25414" lon="6.54698">
        <ele>1365.076</ele>
        <time>2025-09-30T09:20:54.000Z</time>
      </trkpt>
      <trkpt lat="46.25416" lon="6.547">
        <ele>1364.029</ele>
        <time>2025-09-30T09:20:59.000Z</time>
      </trkpt>
      <trkpt lat="46.25417" lon="6.54702">
        <ele>1363.826</ele>
        <time>2025-09-30T09:21:04.000Z</time>
      </trkpt>
      <trkpt lat="46.25419" lon="6.54702">
        <ele>1364.656</ele>
        <time>2025-09-30T09:21:09.000Z</time>
      </trkpt>
      <trkpt lat="46.25422" lon="6.54705">
        <ele>1367.12</ele>
        <time>2025-09-30T09:21:14.000Z</time>
      </trkpt>
      <trkpt lat="46.25422" lon="6.54706">
        <ele>1369.851</ele>
        <time>2025-09-30T09:21:19.000Z</time>
      </trkpt>
      <trkpt lat="46.25425" lon="6.54707">
        <ele>1368.394</ele>
        <time>2025-09-30T09:21:24.000Z</time>
      </trkpt>
      <trkpt lat="46.25427" lon="6.54709">
        <ele>1368.536</ele>
        <time>2025-09-30T09:21:29.000Z</time>
      </trkpt>
      <trkpt lat="46.2543" lon="6.54713">
        <ele>1368.365</ele>
        <time>2025-09-30T09:21:34.000Z</time>
      </trkpt>
      <trkpt lat="46.25431" lon="6.54715">
        <ele>1369.321</ele>
        <time>2025-09-30T09:21:39.000Z</time>
      </trkpt>
      <trkpt lat="46.25433" lon="6.54716">
        <ele>1369.419</ele>
        <time>2025-09-30T09:21:44.000Z</time>
      </trkpt>
      <trkpt lat="46.25436" lon="6.54718">
        <ele>1367.413</ele>
        <time>2025-09-30T09:21:49.000Z</time>
      </trkpt>
      <trkpt lat="46.25439" lon="6.54719">
        <ele>1368.652</ele>
        <time>2025-09-30T09:21:54.000Z</time>
      </trkpt>
      <trkpt lat="46.2544" lon="6.5472">
        <ele>1370.189</ele>
        <time>2025-09-30T09:21:59.000Z</time>
      </trkpt>
      <trkpt lat="46.2544" lon="6.5472">
        <ele>1372.789</ele>
        <time>2025-09-30T09:22:04.000Z</time>
      </trkpt>
      <trkpt lat="46.2544" lon="6.5472">
        <ele>1376.999</ele>
        <time>2025-09-30T09:22:09.000Z</time>
      </trkpt>
      <trkpt lat="46.2544" lon="6.5472">
        <ele>1375.986</ele>
        <time>2025-09-30T09:22:14.000Z</time>
      </trkpt>
      <trkpt lat="46.2544" lon="6.5472">
        <ele>1376.776</ele>
        <time>2025-09-30T09:22:19.000Z</time>
      </trkpt>
      <trkpt lat="46.2544" lon="6.5472">
        <ele>1375.607</ele>
        <time>2025-09-30T09:22:24.000Z</time>
      </trkpt>
      <trkpt lat="46.2544" lon="6.5472">
        <ele>1377.071</ele>
        <time>2025-09-30T09:22:29.000Z</time>
      </trkpt>
      <trkpt lat="46.2544" lon="6.5472">
        <ele>1375.822</ele>
        <time>2025-09-30T09:22:34.000Z</time>
      </trkpt>
      <trkpt lat="46.2544" lon="6.5472">
        <ele>1373.688</ele>
        <time>2025-09-30T09:22:39.000Z</time>
      </trkpt>
      <trkpt lat="46.2544" lon="6.5472">
        <ele>1374.242</ele>
        <time>2025-09-30T09:22:44.000Z</time>
      </trkpt>
      <trkpt lat="46.2544" lon="6.5472">
        <ele>1373.797</ele>
        <time>2025-09-30T09:22:49.000Z</time>
      </trkpt>
      <trkpt lat="46.2544" lon="6.5472">
        <ele>1373.823</ele>
        <time>2025-09-30T09:22:54.000Z</time>
      </trkpt>
      <trkpt lat="46.2544" lon="6.5472">
        <ele>1376.736</ele>
        <time>2025-09-30T09:22:59.000Z</time>
      </trkpt>
      <trkpt lat="46.2544" lon="6.5472">
        <ele>1376.773</ele>
        <time>2025-09-30T09:23:04.000Z</time>
      </trkpt>
      <trkpt lat="46.2544" lon="6.5472">
        <ele>1376.782</ele>
        <time>2025-09-30T09:23:09.000Z</time>
      </trkpt>
      <trkpt lat="46.25446" lon="6.54732">
        <ele>1376.788</ele>
        <time>2025-09-30T09:23:14.000Z</time>
      </trkpt>
      <trkpt lat="46.25446" lon="6.54734">
        <ele>1377.089</ele>
        <time>2025-09-30T09:23:19.000Z</time>
      </trkpt>
      <trkpt lat="46.25447" lon="6.54736">
        <ele>1378.075</ele>
        <time>2025-09-30T09:23:24.000Z</time>
      </trkpt>
      <trkpt lat="46.25451" lon="6.54735">
        <ele>1378.717</ele>
        <time>2025-09-30T09:23:29.000Z</time>
      </trkpt>
      <trkpt lat="46.25451" lon="6.54735">
        <ele>1378.48</ele>
        <time>2025-09-30T09:23:34.000Z</time>
      </trkpt>
      <trkpt lat="46.25451" lon="6.54735">
        <ele>1378.637</ele>
        <time>2025-09-30T09:23:39.000Z</time>
      </trkpt>
      <trkpt lat="46.25451" lon="6.54735">
        <ele>1378.65</ele>
        <time>2025-09-30T09:23:44.000Z</time>
      </trkpt>
      <trkpt lat="46.25451" lon="6.54735">
        <ele>1378.673</ele>
        <time>2025-09-30T09:23:49.000Z</time>
      </trkpt>
      <trkpt lat="46.25451" lon="6.54735">
        <ele>1378.689</ele>
        <time>2025-09-30T09:23:54.000Z</time>
      </trkpt>
      <trkpt lat="46.25451" lon="6.54735">
        <ele>1378.709</ele>
        <time>2025-09-30T09:23:59.000Z</time>
      </trkpt>
      <trkpt lat="46.25451" lon="6.54735">
        <ele>1378.744</ele>
        <time>2025-09-30T09:24:04.000Z</time>
      </trkpt>
      <trkpt lat="46.25451" lon="6.54735">
        <ele>1378.784</ele>
        <time>2025-09-30T09:24:09.000Z</time>
      </trkpt>
      <trkpt lat="46.25451" lon="6.54735">
        <ele>1378.833</ele>
        <time>2025-09-30T09:24:14.000Z</time>
      </trkpt>
      <trkpt lat="46.25451" lon="6.54735">
        <ele>1379.486</ele>
        <time>2025-09-30T09:24:19.000Z</time>
      </trkpt>
      <trkpt lat="46.25451" lon="6.54735">
        <ele>1376.79</ele>
        <time>2025-09-30T09:24:24.000Z</time>
      </trkpt>
      <trkpt lat="46.25454" lon="6.54737">
        <ele>1377.717</ele>
        <time>2025-09-30T09:24:29.000Z</time>
      </trkpt>
      <trkpt lat="46.25456" lon="6.5474">
        <ele>1377.365</ele>
        <time>2025-09-30T09:24:34.000Z</time>
      </trkpt>
      <trkpt lat="46.25459" lon="6.54742">
        <ele>1378.004</ele>
        <time>2025-09-30T09:24:39.000Z</time>
      </trkpt>
      <trkpt lat="46.25461" lon="6.54744">
        <ele>1380.488</ele>
        <time>2025-09-30T09:24:44.000Z</time>
      </trkpt>
      <trkpt lat="46.25462" lon="6.54744">
        <ele>1380.766</ele>
        <time>2025-09-30T09:24:49.000Z</time>
      </trkpt>
      <trkpt lat="46.25463" lon="6.54747">
        <ele>1382.576</ele>
        <time>2025-09-30T09:24:54.000Z</time>
      </trkpt>
      <trkpt lat="46.25464" lon="6.54744">
        <ele>1383.213</ele>
        <time>2025-09-30T09:24:59.000Z</time>
      </trkpt>
      <trkpt lat="46.25464" lon="6.5474">
        <ele>1381.402</ele>
        <time>2025-09-30T09:25:04.000Z</time>
      </trkpt>
      <trkpt lat="46.25466" lon="6.5474">
        <ele>1381.513</ele>
        <time>2025-09-30T09:25:09.000Z</time>
      </trkpt>
      <trkpt lat="46.25468" lon="6.54736">
        <ele>1383.765</ele>
        <time>2025-09-30T09:25:14.000Z</time>
      </trkpt>
      <trkpt lat="46.25467" lon="6.54731">
        <ele>1384.878</ele>
        <time>2025-09-30T09:25:19.000Z</time>
      </trkpt>
      <trkpt lat="46.25468" lon="6.54727">
        <ele>1387.384</ele>
        <time>2025-09-30T09:25:24.000Z</time>
      </trkpt>
      <trkpt lat="46.25468" lon="6.54724">
        <ele>1387.08</ele>
        <time>2025-09-30T09:25:29.000Z</time>
      </trkpt>
      <trkpt lat="46.2547" lon="6.54722">
        <ele>1388.114</ele>
        <time>2025-09-30T09:25:34.000Z</time>
      </trkpt>
      <trkpt lat="46.25471" lon="6.54717">
        <ele>1389.242</ele>
        <time>2025-09-30T09:25:39.000Z</time>
      </trkpt>
      <trkpt lat="46.2547" lon="6.54713">
        <ele>1387.766</ele>
        <time>2025-09-30T09:25:44.000Z</time>
      </trkpt>
      <trkpt lat="46.25471" lon="6.5471">
        <ele>1387.617</ele>
        <time>2025-09-30T09:25:49.000Z</time>
      </trkpt>
      <trkpt lat="46.25472" lon="6.54707">
        <ele>1387.415</ele>
        <time>2025-09-30T09:25:54.000Z</time>
      </trkpt>
      <trkpt lat="46.25474" lon="6.54705">
        <ele>1388.523</ele>
        <time>2025-09-30T09:25:59.000Z</time>
      </trkpt>
      <trkpt lat="46.25476" lon="6.54703">
        <ele>1391.523</ele>
        <time>2025-09-30T09:26:04.000Z</time>
      </trkpt>
      <trkpt lat="46.25477" lon="6.547">
        <ele>1394.017</ele>
        <time>2025-09-30T09:26:09.000Z</time>
      </trkpt>
      <trkpt lat="46.25475" lon="6.54699">
        <ele>1393.63</ele>
        <time>2025-09-30T09:26:14.000Z</time>
      </trkpt>
      <trkpt lat="46.25473" lon="6.54698">
        <ele>1392.92</ele>
        <time>2025-09-30T09:26:19.000Z</time>
      </trkpt>
      <trkpt lat="46.25473" lon="6.54698">
        <ele>1392.918</ele>
        <time>2025-09-30T09:26:24.000Z</time>
      </trkpt>
      <trkpt lat="46.25473" lon="6.54697">
        <ele>1393.079</ele>
        <time>2025-09-30T09:26:29.000Z</time>
      </trkpt>
      <trkpt lat="46.25473" lon="6.54697">
        <ele>1393.537</ele>
        <time>2025-09-30T09:26:34.000Z</time>
      </trkpt>
      <trkpt lat="46.25473" lon="6.54697">
        <ele>1393.527</ele>
        <time>2025-09-30T09:26:39.000Z</time>
      </trkpt>
      <trkpt lat="46.25473" lon="6.54697">
        <ele>1393.521</ele>
        <time>2025-09-30T09:26:44.000Z</time>
      </trkpt>
      <trkpt lat="46.25473" lon="6.54697">
        <ele>1393.505</ele>
        <time>2025-09-30T09:26:49.000Z</time>
      </trkpt>
      <trkpt lat="46.25473" lon="6.54697">
        <ele>1393.497</ele>
        <time>2025-09-30T09:26:54.000Z</time>
      </trkpt>
      <trkpt lat="46.25473" lon="6.54697">
        <ele>1393.495</ele>
        <time>2025-09-30T09:26:59.000Z</time>
      </trkpt>
      <trkpt lat="46.25473" lon="6.54697">
        <ele>1393.501</ele>
        <time>2025-09-30T09:27:04.000Z</time>
      </trkpt>
      <trkpt lat="46.25473" lon="6.54697">
        <ele>1392.75</ele>
        <time>2025-09-30T09:27:09.000Z</time>
      </trkpt>
      <trkpt lat="46.25473" lon="6.54697">
        <ele>1392.748</ele>
        <time>2025-09-30T09:27:14.000Z</time>
      </trkpt>
      <trkpt lat="46.25473" lon="6.54697">
        <ele>1392.747</ele>
        <time>2025-09-30T09:27:19.000Z</time>
      </trkpt>
      <trkpt lat="46.25473" lon="6.54697">
        <ele>1392.69</ele>
        <time>2025-09-30T09:27:24.000Z</time>
      </trkpt>
      <trkpt lat="46.25473" lon="6.54697">
        <ele>1392.703</ele>
        <time>2025-09-30T09:27:29.000Z</time>
      </trkpt>
      <trkpt lat="46.25473" lon="6.54697">
        <ele>1392.726</ele>
        <time>2025-09-30T09:27:34.000Z</time>
      </trkpt>
      <trkpt lat="46.25473" lon="6.54697">
        <ele>1392.743</ele>
        <time>2025-09-30T09:27:39.000Z</time>
      </trkpt>
      <trkpt lat="46.25473" lon="6.54697">
        <ele>1392.757</ele>
        <time>2025-09-30T09:27:44.000Z</time>
      </trkpt>
      <trkpt lat="46.25473" lon="6.54697">
        <ele>1393.117</ele>
        <time>2025-09-30T09:27:49.000Z</time>
      </trkpt>
      <trkpt lat="46.25473" lon="6.54697">
        <ele>1393.111</ele>
        <time>2025-09-30T09:27:54.000Z</time>
      </trkpt>
      <trkpt lat="46.25473" lon="6.54697">
        <ele>1392.83</ele>
        <time>2025-09-30T09:27:59.000Z</time>
      </trkpt>
      <trkpt lat="46.25473" lon="6.54697">
        <ele>1391.301</ele>
        <time>2025-09-30T09:28:04.000Z</time>
      </trkpt>
      <trkpt lat="46.25473" lon="6.54697">
        <ele>1391.372</ele>
        <time>2025-09-30T09:28:09.000Z</time>
      </trkpt>
      <trkpt lat="46.25473" lon="6.54697">
        <ele>1391.964</ele>
        <time>2025-09-30T09:28:14.000Z</time>
      </trkpt>
      <trkpt lat="46.25473" lon="6.54697">
        <ele>1391.134</ele>
        <time>2025-09-30T09:28:19.000Z</time>
      </trkpt>
      <trkpt lat="46.25473" lon="6.54697">
        <ele>1392.94</ele>
        <time>2025-09-30T09:28:24.000Z</time>
      </trkpt>
      <trkpt lat="46.25473" lon="6.54697">
        <ele>1393.087</ele>
        <time>2025-09-30T09:28:29.000Z</time>
      </trkpt>
      <trkpt lat="46.25473" lon="6.54697">
        <ele>1392.554</ele>
        <time>2025-09-30T09:28:34.000Z</time>
      </trkpt>
      <trkpt lat="46.25486" lon="6.54693">
        <ele>1391.389</ele>
        <time>2025-09-30T09:28:39.000Z</time>
      </trkpt>
      <trkpt lat="46.25487" lon="6.54698">
        <ele>1391.145</ele>
        <time>2025-09-30T09:28:44.000Z</time>
      </trkpt>
      <trkpt lat="46.25487" lon="6.54703">
        <ele>1391.866</ele>
        <time>2025-09-30T09:28:49.000Z</time>
      </trkpt>
      <trkpt lat="46.25487" lon="6.54703">
        <ele>1393.465</ele>
        <time>2025-09-30T09:28:54.000Z</time>
      </trkpt>
      <trkpt lat="46.25487" lon="6.54703">
        <ele>1394.803</ele>
        <time>2025-09-30T09:28:59.000Z</time>
      </trkpt>
      <trkpt lat="46.25487" lon="6.54703">
        <ele>1392.08</ele>
        <time>2025-09-30T09:29:04.000Z</time>
      </trkpt>
      <trkpt lat="46.25487" lon="6.54703">
        <ele>1394.08</ele>
        <time>2025-09-30T09:29:09.000Z</time>
      </trkpt>
      <trkpt lat="46.25487" lon="6.54703">
        <ele>1394.292</ele>
        <time>2025-09-30T09:29:14.000Z</time>
      </trkpt>
      <trkpt lat="46.25487" lon="6.54703">
        <ele>1393.262</ele>
        <time>2025-09-30T09:29:19.000Z</time>
      </trkpt>
      <trkpt lat="46.25487" lon="6.54703">
        <ele>1390.587</ele>
        <time>2025-09-30T09:29:24.000Z</time>
      </trkpt>
      <trkpt lat="46.25487" lon="6.54703">
        <ele>1391.812</ele>
        <time>2025-09-30T09:29:29.000Z</time>
      </trkpt>
      <trkpt lat="46.25487" lon="6.54703">
        <ele>1390.992</ele>
        <time>2025-09-30T09:29:34.000Z</time>
      </trkpt>
      <trkpt lat="46.25487" lon="6.54703">
        <ele>1391.486</ele>
        <time>2025-09-30T09:29:39.000Z</time>
      </trkpt>
      <trkpt lat="46.2548" lon="6.54705">
        <ele>1389.561</ele>
        <time>2025-09-30T09:29:44.000Z</time>
      </trkpt>
      <trkpt lat="46.25476" lon="6.54703">
        <ele>1390.134</ele>
        <time>2025-09-30T09:29:49.000Z</time>
      </trkpt>
      <trkpt lat="46.25472" lon="6.54704">
        <ele>1389.686</ele>
        <time>2025-09-30T09:29:54.000Z</time>
      </trkpt>
      <trkpt lat="46.25469" lon="6.54704">
        <ele>1389.023</ele>
        <time>2025-09-30T09:29:59.000Z</time>
      </trkpt>
      <trkpt lat="46.25469" lon="6.54704">
        <ele>1390.377</ele>
        <time>2025-09-30T09:30:04.000Z</time>
      </trkpt>
      <trkpt lat="46.25469" lon="6.54704">
        <ele>1390.526</ele>
        <time>2025-09-30T09:30:09.000Z</time>
      </trkpt>
      <trkpt lat="46.25469" lon="6.54704">
        <ele>1390.23</ele>
        <time>2025-09-30T09:30:14.000Z</time>
      </trkpt>
      <trkpt lat="46.25469" lon="6.54704">
        <ele>1390.2</ele>
        <time>2025-09-30T09:30:19.000Z</time>
      </trkpt>
      <trkpt lat="46.25469" lon="6.54704">
        <ele>1390.431</ele>
        <time>2025-09-30T09:30:24.000Z</time>
      </trkpt>
      <trkpt lat="46.25469" lon="6.54704">
        <ele>1390.427</ele>
        <time>2025-09-30T09:30:29.000Z</time>
      </trkpt>
      <trkpt lat="46.25469" lon="6.54704">
        <ele>1390.427</ele>
        <time>2025-09-30T09:30:34.000Z</time>
      </trkpt>
      <trkpt lat="46.25469" lon="6.54704">
        <ele>1390.421</ele>
        <time>2025-09-30T09:30:39.000Z</time>
      </trkpt>
      <trkpt lat="46.25469" lon="6.54704">
        <ele>1391.385</ele>
        <time>2025-09-30T09:30:44.000Z</time>
      </trkpt>
      <trkpt lat="46.25469" lon="6.54704">
        <ele>1391.219</ele>
        <time>2025-09-30T09:30:49.000Z</time>
      </trkpt>
      <trkpt lat="46.25469" lon="6.54704">
        <ele>1391.192</ele>
        <time>2025-09-30T09:30:54.000Z</time>
      </trkpt>
      <trkpt lat="46.25469" lon="6.54704">
        <ele>1391.192</ele>
        <time>2025-09-30T09:30:59.000Z</time>
      </trkpt>
      <trkpt lat="46.25469" lon="6.54704">
        <ele>1391.201</ele>
        <time>2025-09-30T09:31:04.000Z</time>
      </trkpt>
      <trkpt lat="46.25469" lon="6.54704">
        <ele>1391.008</ele>
        <time>2025-09-30T09:31:09.000Z</time>
      </trkpt>
      <trkpt lat="46.25469" lon="6.54704">
        <ele>1389.219</ele>
        <time>2025-09-30T09:31:14.000Z</time>
      </trkpt>
      <trkpt lat="46.25469" lon="6.54704">
        <ele>1389.197</ele>
        <time>2025-09-30T09:31:19.000Z</time>
      </trkpt>
      <trkpt lat="46.25469" lon="6.54704">
        <ele>1389.202</ele>
        <time>2025-09-30T09:31:24.000Z</time>
      </trkpt>
      <trkpt lat="46.25469" lon="6.54704">
        <ele>1389.2</ele>
        <time>2025-09-30T09:31:29.000Z</time>
      </trkpt>
      <trkpt lat="46.25469" lon="6.54704">
        <ele>1389.2</ele>
        <time>2025-09-30T09:31:34.000Z</time>
      </trkpt>
      <trkpt lat="46.25469" lon="6.54704">
        <ele>1389.193</ele>
        <time>2025-09-30T09:31:39.000Z</time>
      </trkpt>
      <trkpt lat="46.25469" lon="6.54704">
        <ele>1389.196</ele>
        <time>2025-09-30T09:31:44.000Z</time>
      </trkpt>
      <trkpt lat="46.25469" lon="6.54704">
        <ele>1389.203</ele>
        <time>2025-09-30T09:31:49.000Z</time>
      </trkpt>
      <trkpt lat="46.25469" lon="6.54704">
        <ele>1389.215</ele>
        <time>2025-09-30T09:31:54.000Z</time>
      </trkpt>
      <trkpt lat="46.25469" lon="6.54704">
        <ele>1389.217</ele>
        <time>2025-09-30T09:31:59.000Z</time>
      </trkpt>
      <trkpt lat="46.25469" lon="6.54704">
        <ele>1389.221</ele>
        <time>2025-09-30T09:32:04.000Z</time>
      </trkpt>
      <trkpt lat="46.25469" lon="6.54704">
        <ele>1389.216</ele>
        <time>2025-09-30T09:32:09.000Z</time>
      </trkpt>
      <trkpt lat="46.25469" lon="6.54704">
        <ele>1389.217</ele>
        <time>2025-09-30T09:32:14.000Z</time>
      </trkpt>
      <trkpt lat="46.25469" lon="6.54704">
        <ele>1389.216</ele>
        <time>2025-09-30T09:32:19.000Z</time>
      </trkpt>
      <trkpt lat="46.25469" lon="6.54704">
        <ele>1389.213</ele>
        <time>2025-09-30T09:32:24.000Z</time>
      </trkpt>
      <trkpt lat="46.25469" lon="6.54704">
        <ele>1389.212</ele>
        <time>2025-09-30T09:32:29.000Z</time>
      </trkpt>
      <trkpt lat="46.25469" lon="6.54704">
        <ele>1389.209</ele>
        <time>2025-09-30T09:32:34.000Z</time>
      </trkpt>
      <trkpt lat="46.25469" lon="6.54704">
        <ele>1389.223</ele>
        <time>2025-09-30T09:32:39.000Z</time>
      </trkpt>
      <trkpt lat="46.25469" lon="6.54704">
        <ele>1389.237</ele>
        <time>2025-09-30T09:32:44.000Z</time>
      </trkpt>
      <trkpt lat="46.25469" lon="6.54704">
        <ele>1389.408</ele>
        <time>2025-09-30T09:32:49.000Z</time>
      </trkpt>
      <trkpt lat="46.25469" lon="6.54704">
        <ele>1389.299</ele>
        <time>2025-09-30T09:32:54.000Z</time>
      </trkpt>
      <trkpt lat="46.25472" lon="6.54704">
        <ele>1390.694</ele>
        <time>2025-09-30T09:32:59.000Z</time>
      </trkpt>
      <trkpt lat="46.25474" lon="6.54704">
        <ele>1390.363</ele>
        <time>2025-09-30T09:33:04.000Z</time>
      </trkpt>
      <trkpt lat="46.25476" lon="6.54704">
        <ele>1389.355</ele>
        <time>2025-09-30T09:33:09.000Z</time>
      </trkpt>
      <trkpt lat="46.25478" lon="6.54703">
        <ele>1390.162</ele>
        <time>2025-09-30T09:33:14.000Z</time>
      </trkpt>
      <trkpt lat="46.2548" lon="6.54703">
        <ele>1391.078</ele>
        <time>2025-09-30T09:33:19.000Z</time>
      </trkpt>
      <trkpt lat="46.25482" lon="6.54707">
        <ele>1390.188</ele>
        <time>2025-09-30T09:33:24.000Z</time>
      </trkpt>
      <trkpt lat="46.25484" lon="6.54711">
        <ele>1390.6</ele>
        <time>2025-09-30T09:33:29.000Z</time>
      </trkpt>
      <trkpt lat="46.25486" lon="6.54714">
        <ele>1392.713</ele>
        <time>2025-09-30T09:33:34.000Z</time>
      </trkpt>
      <trkpt lat="46.25487" lon="6.54718">
        <ele>1394.446</ele>
        <time>2025-09-30T09:33:39.000Z</time>
      </trkpt>
      <trkpt lat="46.25488" lon="6.54723">
        <ele>1394.278</ele>
        <time>2025-09-30T09:33:44.000Z</time>
      </trkpt>
      <trkpt lat="46.25487" lon="6.54726">
        <ele>1393.221</ele>
        <time>2025-09-30T09:33:49.000Z</time>
      </trkpt>
      <trkpt lat="46.25489" lon="6.54728">
        <ele>1392.372</ele>
        <time>2025-09-30T09:33:54.000Z</time>
      </trkpt>
      <trkpt lat="46.2549" lon="6.54733">
        <ele>1393.737</ele>
        <time>2025-09-30T09:33:59.000Z</time>
      </trkpt>
      <trkpt lat="46.25493" lon="6.54736">
        <ele>1396.113</ele>
        <time>2025-09-30T09:34:04.000Z</time>
      </trkpt>
      <trkpt lat="46.25495" lon="6.54741">
        <ele>1396.642</ele>
        <time>2025-09-30T09:34:09.000Z</time>
      </trkpt>
      <trkpt lat="46.25497" lon="6.54744">
        <ele>1394.631</ele>
        <time>2025-09-30T09:34:14.000Z</time>
      </trkpt>
      <trkpt lat="46.255" lon="6.54748">
        <ele>1396.06</ele>
        <time>2025-09-30T09:34:19.000Z</time>
      </trkpt>
      <trkpt lat="46.25501" lon="6.54752">
        <ele>1398.881</ele>
        <time>2025-09-30T09:34:24.000Z</time>
      </trkpt>
      <trkpt lat="46.25502" lon="6.54754">
        <ele>1400.681</ele>
        <time>2025-09-30T09:34:29.000Z</time>
      </trkpt>
      <trkpt lat="46.25501" lon="6.54758">
        <ele>1402.235</ele>
        <time>2025-09-30T09:34:34.000Z</time>
      </trkpt>
      <trkpt lat="46.25501" lon="6.54763">
        <ele>1402.928</ele>
        <time>2025-09-30T09:34:39.000Z</time>
      </trkpt>
      <trkpt lat="46.25503" lon="6.54767">
        <ele>1404.609</ele>
        <time>2025-09-30T09:34:44.000Z</time>
      </trkpt>
      <trkpt lat="46.25504" lon="6.54768">
        <ele>1405.607</ele>
        <time>2025-09-30T09:34:49.000Z</time>
      </trkpt>
      <trkpt lat="46.25505" lon="6.54769">
        <ele>1406.713</ele>
        <time>2025-09-30T09:34:54.000Z</time>
      </trkpt>
      <trkpt lat="46.25508" lon="6.5477">
        <ele>1407.556</ele>
        <time>2025-09-30T09:34:59.000Z</time>
      </trkpt>
      <trkpt lat="46.2551" lon="6.54771">
        <ele>1406.388</ele>
        <time>2025-09-30T09:35:04.000Z</time>
      </trkpt>
      <trkpt lat="46.25512" lon="6.54774">
        <ele>1406.758</ele>
        <time>2025-09-30T09:35:09.000Z</time>
      </trkpt>
      <trkpt lat="46.25513" lon="6.5478">
        <ele>1407.932</ele>
        <time>2025-09-30T09:35:14.000Z</time>
      </trkpt>
      <trkpt lat="46.25514" lon="6.54785">
        <ele>1410.428</ele>
        <time>2025-09-30T09:35:19.000Z</time>
      </trkpt>
      <trkpt lat="46.25515" lon="6.54789">
        <ele>1413.299</ele>
        <time>2025-09-30T09:35:24.000Z</time>
      </trkpt>
      <trkpt lat="46.25518" lon="6.5479">
        <ele>1411.937</ele>
        <time>2025-09-30T09:35:29.000Z</time>
      </trkpt>
      <trkpt lat="46.25521" lon="6.54793">
        <ele>1414.494</ele>
        <time>2025-09-30T09:35:34.000Z</time>
      </trkpt>
      <trkpt lat="46.25522" lon="6.54797">
        <ele>1415.533</ele>
        <time>2025-09-30T09:35:39.000Z</time>
      </trkpt>
      <trkpt lat="46.25524" lon="6.54801">
        <ele>1416.024</ele>
        <time>2025-09-30T09:35:44.000Z</time>
      </trkpt>
      <trkpt lat="46.25525" lon="6.54806">
        <ele>1418.365</ele>
        <time>2025-09-30T09:35:49.000Z</time>
      </trkpt>
      <trkpt lat="46.25527" lon="6.54811">
        <ele>1420.567</ele>
        <time>2025-09-30T09:35:54.000Z</time>
      </trkpt>
      <trkpt lat="46.25528" lon="6.54817">
        <ele>1422.486</ele>
        <time>2025-09-30T09:35:59.000Z</time>
      </trkpt>
      <trkpt lat="46.2553" lon="6.54819">
        <ele>1423.498</ele>
        <time>2025-09-30T09:36:04.000Z</time>
      </trkpt>
      <trkpt lat="46.25531" lon="6.54823">
        <ele>1425.31</ele>
        <time>2025-09-30T09:36:09.000Z</time>
      </trkpt>
      <trkpt lat="46.25532" lon="6.54828">
        <ele>1426.401</ele>
        <time>2025-09-30T09:36:14.000Z</time>
      </trkpt>
      <trkpt lat="46.25534" lon="6.54833">
        <ele>1426.362</ele>
        <time>2025-09-30T09:36:19.000Z</time>
      </trkpt>
      <trkpt lat="46.25538" lon="6.54836">
        <ele>1427.085</ele>
        <time>2025-09-30T09:36:24.000Z</time>
      </trkpt>
      <trkpt lat="46.2554" lon="6.54841">
        <ele>1426.802</ele>
        <time>2025-09-30T09:36:29.000Z</time>
      </trkpt>
      <trkpt lat="46.25539" lon="6.54847">
        <ele>1426.643</ele>
        <time>2025-09-30T09:36:34.000Z</time>
      </trkpt>
      <trkpt lat="46.2554" lon="6.54853">
        <ele>1428.174</ele>
        <time>2025-09-30T09:36:39.000Z</time>
      </trkpt>
      <trkpt lat="46.25544" lon="6.54857">
        <ele>1426.821</ele>
        <time>2025-09-30T09:36:44.000Z</time>
      </trkpt>
      <trkpt lat="46.25545" lon="6.54862">
        <ele>1428.305</ele>
        <time>2025-09-30T09:36:49.000Z</time>
      </trkpt>
      <trkpt lat="46.25546" lon="6.54867">
        <ele>1429.539</ele>
        <time>2025-09-30T09:36:54.000Z</time>
      </trkpt>
      <trkpt lat="46.25548" lon="6.5487">
        <ele>1426.606</ele>
        <time>2025-09-30T09:36:59.000Z</time>
      </trkpt>
      <trkpt lat="46.25551" lon="6.54872">
        <ele>1425.63</ele>
        <time>2025-09-30T09:37:04.000Z</time>
      </trkpt>
      <trkpt lat="46.25554" lon="6.54873">
        <ele>1424.933</ele>
        <time>2025-09-30T09:37:09.000Z</time>
      </trkpt>
      <trkpt lat="46.25556" lon="6.54876">
        <ele>1425.174</ele>
        <time>2025-09-30T09:37:14.000Z</time>
      </trkpt>
      <trkpt lat="46.25557" lon="6.54881">
        <ele>1428.196</ele>
        <time>2025-09-30T09:37:19.000Z</time>
      </trkpt>
      <trkpt lat="46.25556" lon="6.54885">
        <ele>1431.981</ele>
        <time>2025-09-30T09:37:24.000Z</time>
      </trkpt>
      <trkpt lat="46.25556" lon="6.5489">
        <ele>1435.029</ele>
        <time>2025-09-30T09:37:29.000Z</time>
      </trkpt>
      <trkpt lat="46.25557" lon="6.54896">
        <ele>1433.678</ele>
        <time>2025-09-30T09:37:34.000Z</time>
      </trkpt>
      <trkpt lat="46.25558" lon="6.54902">
        <ele>1434.216</ele>
        <time>2025-09-30T09:37:39.000Z</time>
      </trkpt>
      <trkpt lat="46.25561" lon="6.54907">
        <ele>1434.751</ele>
        <time>2025-09-30T09:37:44.000Z</time>
      </trkpt>
      <trkpt lat="46.25561" lon="6.54912">
        <ele>1435.281</ele>
        <time>2025-09-30T09:37:49.000Z</time>
      </trkpt>
      <trkpt lat="46.25561" lon="6.54919">
        <ele>1435.127</ele>
        <time>2025-09-30T09:37:54.000Z</time>
      </trkpt>
      <trkpt lat="46.25563" lon="6.54925">
        <ele>1434.041</ele>
        <time>2025-09-30T09:37:59.000Z</time>
      </trkpt>
      <trkpt lat="46.25564" lon="6.54932">
        <ele>1437.284</ele>
        <time>2025-09-30T09:38:04.000Z</time>
      </trkpt>
      <trkpt lat="46.25563" lon="6.54938">
        <ele>1436.854</ele>
        <time>2025-09-30T09:38:09.000Z</time>
      </trkpt>
      <trkpt lat="46.25564" lon="6.54943">
        <ele>1437.387</ele>
        <time>2025-09-30T09:38:14.000Z</time>
      </trkpt>
      <trkpt lat="46.25564" lon="6.54949">
        <ele>1437.339</ele>
        <time>2025-09-30T09:38:19.000Z</time>
      </trkpt>
      <trkpt lat="46.25564" lon="6.54957">
        <ele>1438.042</ele>
        <time>2025-09-30T09:38:24.000Z</time>
      </trkpt>
      <trkpt lat="46.25563" lon="6.54968">
        <ele>1440.473</ele>
        <time>2025-09-30T09:38:29.000Z</time>
      </trkpt>
      <trkpt lat="46.25561" lon="6.5497">
        <ele>1438.655</ele>
        <time>2025-09-30T09:38:34.000Z</time>
      </trkpt>
      <trkpt lat="46.25558" lon="6.54974">
        <ele>1443.658</ele>
        <time>2025-09-30T09:38:39.000Z</time>
      </trkpt>
      <trkpt lat="46.25558" lon="6.5498">
        <ele>1447.304</ele>
        <time>2025-09-30T09:38:44.000Z</time>
      </trkpt>
      <trkpt lat="46.25561" lon="6.54983">
        <ele>1446.364</ele>
        <time>2025-09-30T09:38:49.000Z</time>
      </trkpt>
      <trkpt lat="46.25562" lon="6.54985">
        <ele>1443.065</ele>
        <time>2025-09-30T09:38:54.000Z</time>
      </trkpt>
      <trkpt lat="46.2556" lon="6.54988">
        <ele>1445.646</ele>
        <time>2025-09-30T09:38:59.000Z</time>
      </trkpt>
      <trkpt lat="46.25559" lon="6.54992">
        <ele>1447.412</ele>
        <time>2025-09-30T09:39:04.000Z</time>
      </trkpt>
      <trkpt lat="46.25558" lon="6.54998">
        <ele>1448.247</ele>
        <time>2025-09-30T09:39:09.000Z</time>
      </trkpt>
      <trkpt lat="46.25559" lon="6.55004">
        <ele>1452.224</ele>
        <time>2025-09-30T09:39:14.000Z</time>
      </trkpt>
      <trkpt lat="46.2556" lon="6.55009">
        <ele>1449.289</ele>
        <time>2025-09-30T09:39:19.000Z</time>
      </trkpt>
      <trkpt lat="46.25561" lon="6.55013">
        <ele>1447.571</ele>
        <time>2025-09-30T09:39:24.000Z</time>
      </trkpt>
      <trkpt lat="46.25562" lon="6.55016">
        <ele>1446.633</ele>
        <time>2025-09-30T09:39:29.000Z</time>
      </trkpt>
      <trkpt lat="46.25562" lon="6.55021">
        <ele>1453.178</ele>
        <time>2025-09-30T09:39:34.000Z</time>
      </trkpt>
      <trkpt lat="46.25562" lon="6.55025">
        <ele>1450.274</ele>
        <time>2025-09-30T09:39:39.000Z</time>
      </trkpt>
      <trkpt lat="46.2556" lon="6.5503">
        <ele>1452.13</ele>
        <time>2025-09-30T09:39:44.000Z</time>
      </trkpt>
      <trkpt lat="46.25558" lon="6.55037">
        <ele>1452.895</ele>
        <time>2025-09-30T09:39:49.000Z</time>
      </trkpt>
      <trkpt lat="46.25558" lon="6.55042">
        <ele>1455.798</ele>
        <time>2025-09-30T09:39:54.000Z</time>
      </trkpt>
      <trkpt lat="46.25558" lon="6.55046">
        <ele>1456.34</ele>
        <time>2025-09-30T09:39:59.000Z</time>
      </trkpt>
      <trkpt lat="46.25558" lon="6.55052">
        <ele>1456.454</ele>
        <time>2025-09-30T09:40:04.000Z</time>
      </trkpt>
      <trkpt lat="46.25558" lon="6.55058">
        <ele>1459.043</ele>
        <time>2025-09-30T09:40:09.000Z</time>
      </trkpt>
      <trkpt lat="46.2556" lon="6.55064">
        <ele>1458.075</ele>
        <time>2025-09-30T09:40:14.000Z</time>
      </trkpt>
      <trkpt lat="46.25562" lon="6.55071">
        <ele>1459.528</ele>
        <time>2025-09-30T09:40:19.000Z</time>
      </trkpt>
      <trkpt lat="46.25563" lon="6.55076">
        <ele>1461.696</ele>
        <time>2025-09-30T09:40:24.000Z</time>
      </trkpt>
      <trkpt lat="46.25565" lon="6.55081">
        <ele>1462.762</ele>
        <time>2025-09-30T09:40:29.000Z</time>
      </trkpt>
      <trkpt lat="46.25568" lon="6.55084">
        <ele>1463.831</ele>
        <time>2025-09-30T09:40:34.000Z</time>
      </trkpt>
      <trkpt lat="46.25572" lon="6.55087">
        <ele>1466.103</ele>
        <time>2025-09-30T09:40:39.000Z</time>
      </trkpt>
      <trkpt lat="46.25576" lon="6.55092">
        <ele>1463.41</ele>
        <time>2025-09-30T09:40:44.000Z</time>
      </trkpt>
      <trkpt lat="46.25582" lon="6.55095">
        <ele>1462.061</ele>
        <time>2025-09-30T09:40:49.000Z</time>
      </trkpt>
      <trkpt lat="46.25586" lon="6.551">
        <ele>1462.192</ele>
        <time>2025-09-30T09:40:54.000Z</time>
      </trkpt>
      <trkpt lat="46.25591" lon="6.55102">
        <ele>1459.922</ele>
        <time>2025-09-30T09:40:59.000Z</time>
      </trkpt>
      <trkpt lat="46.25597" lon="6.55104">
        <ele>1462.456</ele>
        <time>2025-09-30T09:41:04.000Z</time>
      </trkpt>
      <trkpt lat="46.25602" lon="6.55106">
        <ele>1466.013</ele>
        <time>2025-09-30T09:41:09.000Z</time>
      </trkpt>
      <trkpt lat="46.25606" lon="6.55111">
        <ele>1467.164</ele>
        <time>2025-09-30T09:41:14.000Z</time>
      </trkpt>
      <trkpt lat="46.25609" lon="6.55115">
        <ele>1470.231</ele>
        <time>2025-09-30T09:41:19.000Z</time>
      </trkpt>
      <trkpt lat="46.25613" lon="6.55119">
        <ele>1469.391</ele>
        <time>2025-09-30T09:41:24.000Z</time>
      </trkpt>
      <trkpt lat="46.25617" lon="6.55124">
        <ele>1468.833</ele>
        <time>2025-09-30T09:41:29.000Z</time>
      </trkpt>
      <trkpt lat="46.2562" lon="6.55128">
        <ele>1468.959</ele>
        <time>2025-09-30T09:41:34.000Z</time>
      </trkpt>
      <trkpt lat="46.25624" lon="6.5513">
        <ele>1469.078</ele>
        <time>2025-09-30T09:41:39.000Z</time>
      </trkpt>
      <trkpt lat="46.25628" lon="6.55133">
        <ele>1470.143</ele>
        <time>2025-09-30T09:41:44.000Z</time>
      </trkpt>
      <trkpt lat="46.25632" lon="6.55137">
        <ele>1469.147</ele>
        <time>2025-09-30T09:41:49.000Z</time>
      </trkpt>
      <trkpt lat="46.25636" lon="6.55141">
        <ele>1468.754</ele>
        <time>2025-09-30T09:41:54.000Z</time>
      </trkpt>
      <trkpt lat="46.25639" lon="6.55143">
        <ele>1469.423</ele>
        <time>2025-09-30T09:41:59.000Z</time>
      </trkpt>
      <trkpt lat="46.25642" lon="6.55143">
        <ele>1469.882</ele>
        <time>2025-09-30T09:42:04.000Z</time>
      </trkpt>
      <trkpt lat="46.25643" lon="6.55147">
        <ele>1472.127</ele>
        <time>2025-09-30T09:42:09.000Z</time>
      </trkpt>
      <trkpt lat="46.25644" lon="6.55153">
        <ele>1475.229</ele>
        <time>2025-09-30T09:42:14.000Z</time>
      </trkpt>
      <trkpt lat="46.25645" lon="6.55155">
        <ele>1475.78</ele>
        <time>2025-09-30T09:42:19.000Z</time>
      </trkpt>
      <trkpt lat="46.25645" lon="6.55161">
        <ele>1476.169</ele>
        <time>2025-09-30T09:42:24.000Z</time>
      </trkpt>
      <trkpt lat="46.25645" lon="6.55165">
        <ele>1476.496</ele>
        <time>2025-09-30T09:42:29.000Z</time>
      </trkpt>
      <trkpt lat="46.25646" lon="6.55168">
        <ele>1477.299</ele>
        <time>2025-09-30T09:42:34.000Z</time>
      </trkpt>
      <trkpt lat="46.25646" lon="6.55174">
        <ele>1478.159</ele>
        <time>2025-09-30T09:42:39.000Z</time>
      </trkpt>
      <trkpt lat="46.25647" lon="6.55178">
        <ele>1480.699</ele>
        <time>2025-09-30T09:42:44.000Z</time>
      </trkpt>
      <trkpt lat="46.25649" lon="6.55181">
        <ele>1479.679</ele>
        <time>2025-09-30T09:42:49.000Z</time>
      </trkpt>
      <trkpt lat="46.25651" lon="6.55184">
        <ele>1479.465</ele>
        <time>2025-09-30T09:42:54.000Z</time>
      </trkpt>
      <trkpt lat="46.2565" lon="6.55189">
        <ele>1483.074</ele>
        <time>2025-09-30T09:42:59.000Z</time>
      </trkpt>
      <trkpt lat="46.25651" lon="6.55194">
        <ele>1482.665</ele>
        <time>2025-09-30T09:43:04.000Z</time>
      </trkpt>
      <trkpt lat="46.2565" lon="6.55197">
        <ele>1480.968</ele>
        <time>2025-09-30T09:43:09.000Z</time>
      </trkpt>
      <trkpt lat="46.25652" lon="6.552">
        <ele>1480.24</ele>
        <time>2025-09-30T09:43:14.000Z</time>
      </trkpt>
      <trkpt lat="46.25655" lon="6.55202">
        <ele>1480.003</ele>
        <time>2025-09-30T09:43:19.000Z</time>
      </trkpt>
      <trkpt lat="46.25655" lon="6.55206">
        <ele>1482.679</ele>
        <time>2025-09-30T09:43:24.000Z</time>
      </trkpt>
      <trkpt lat="46.25655" lon="6.55212">
        <ele>1482.334</ele>
        <time>2025-09-30T09:43:29.000Z</time>
      </trkpt>
      <trkpt lat="46.25653" lon="6.55217">
        <ele>1482.295</ele>
        <time>2025-09-30T09:43:34.000Z</time>
      </trkpt>
      <trkpt lat="46.25651" lon="6.55222">
        <ele>1482.602</ele>
        <time>2025-09-30T09:43:39.000Z</time>
      </trkpt>
      <trkpt lat="46.25649" lon="6.55226">
        <ele>1484.885</ele>
        <time>2025-09-30T09:43:44.000Z</time>
      </trkpt>
      <trkpt lat="46.25649" lon="6.55229">
        <ele>1485.858</ele>
        <time>2025-09-30T09:43:49.000Z</time>
      </trkpt>
      <trkpt lat="46.2565" lon="6.55232">
        <ele>1486.216</ele>
        <time>2025-09-30T09:43:54.000Z</time>
      </trkpt>
      <trkpt lat="46.2565" lon="6.55235">
        <ele>1487.584</ele>
        <time>2025-09-30T09:43:59.000Z</time>
      </trkpt>
      <trkpt lat="46.2565" lon="6.5524">
        <ele>1488.548</ele>
        <time>2025-09-30T09:44:04.000Z</time>
      </trkpt>
      <trkpt lat="46.2565" lon="6.55245">
        <ele>1485.432</ele>
        <time>2025-09-30T09:44:09.000Z</time>
      </trkpt>
      <trkpt lat="46.25651" lon="6.5525">
        <ele>1486.812</ele>
        <time>2025-09-30T09:44:14.000Z</time>
      </trkpt>
      <trkpt lat="46.25651" lon="6.55253">
        <ele>1487.236</ele>
        <time>2025-09-30T09:44:19.000Z</time>
      </trkpt>
      <trkpt lat="46.2565" lon="6.55258">
        <ele>1487.168</ele>
        <time>2025-09-30T09:44:24.000Z</time>
      </trkpt>
      <trkpt lat="46.25651" lon="6.55262">
        <ele>1489.272</ele>
        <time>2025-09-30T09:44:29.000Z</time>
      </trkpt>
      <trkpt lat="46.25651" lon="6.55268">
        <ele>1488.471</ele>
        <time>2025-09-30T09:44:34.000Z</time>
      </trkpt>
      <trkpt lat="46.25651" lon="6.55271">
        <ele>1487.849</ele>
        <time>2025-09-30T09:44:39.000Z</time>
      </trkpt>
      <trkpt lat="46.25652" lon="6.55275">
        <ele>1489.852</ele>
        <time>2025-09-30T09:44:44.000Z</time>
      </trkpt>
      <trkpt lat="46.25652" lon="6.55278">
        <ele>1489.778</ele>
        <time>2025-09-30T09:44:49.000Z</time>
      </trkpt>
      <trkpt lat="46.25654" lon="6.55282">
        <ele>1489.007</ele>
        <time>2025-09-30T09:44:54.000Z</time>
      </trkpt>
      <trkpt lat="46.25656" lon="6.55287">
        <ele>1490.117</ele>
        <time>2025-09-30T09:44:59.000Z</time>
      </trkpt>
      <trkpt lat="46.25657" lon="6.55293">
        <ele>1491.277</ele>
        <time>2025-09-30T09:45:04.000Z</time>
      </trkpt>
      <trkpt lat="46.25658" lon="6.553">
        <ele>1492.446</ele>
        <time>2025-09-30T09:45:09.000Z</time>
      </trkpt>
      <trkpt lat="46.25658" lon="6.55307">
        <ele>1494.819</ele>
        <time>2025-09-30T09:45:14.000Z</time>
      </trkpt>
      <trkpt lat="46.25658" lon="6.55312">
        <ele>1495.98</ele>
        <time>2025-09-30T09:45:19.000Z</time>
      </trkpt>
      <trkpt lat="46.25659" lon="6.55317">
        <ele>1497.345</ele>
        <time>2025-09-30T09:45:24.000Z</time>
      </trkpt>
      <trkpt lat="46.25661" lon="6.5532">
        <ele>1497.498</ele>
        <time>2025-09-30T09:45:29.000Z</time>
      </trkpt>
      <trkpt lat="46.25661" lon="6.55325">
        <ele>1499.175</ele>
        <time>2025-09-30T09:45:34.000Z</time>
      </trkpt>
      <trkpt lat="46.25661" lon="6.5533">
        <ele>1499.695</ele>
        <time>2025-09-30T09:45:39.000Z</time>
      </trkpt>
      <trkpt lat="46.25661" lon="6.55335">
        <ele>1501.678</ele>
        <time>2025-09-30T09:45:44.000Z</time>
      </trkpt>
      <trkpt lat="46.25663" lon="6.55338">
        <ele>1502.155</ele>
        <time>2025-09-30T09:45:49.000Z</time>
      </trkpt>
      <trkpt lat="46.25666" lon="6.55339">
        <ele>1503.991</ele>
        <time>2025-09-30T09:45:54.000Z</time>
      </trkpt>
      <trkpt lat="46.25666" lon="6.55342">
        <ele>1506.97</ele>
        <time>2025-09-30T09:45:59.000Z</time>
      </trkpt>
      <trkpt lat="46.25667" lon="6.55346">
        <ele>1508.822</ele>
        <time>2025-09-30T09:46:04.000Z</time>
      </trkpt>
      <trkpt lat="46.25669" lon="6.55348">
        <ele>1508.867</ele>
        <time>2025-09-30T09:46:09.000Z</time>
      </trkpt>
      <trkpt lat="46.25673" lon="6.55347">
        <ele>1508.778</ele>
        <time>2025-09-30T09:46:14.000Z</time>
      </trkpt>
      <trkpt lat="46.25676" lon="6.55348">
        <ele>1508.955</ele>
        <time>2025-09-30T09:46:19.000Z</time>
      </trkpt>
      <trkpt lat="46.25678" lon="6.55346">
        <ele>1508.854</ele>
        <time>2025-09-30T09:46:24.000Z</time>
      </trkpt>
      <trkpt lat="46.25681" lon="6.55347">
        <ele>1510.454</ele>
        <time>2025-09-30T09:46:29.000Z</time>
      </trkpt>
      <trkpt lat="46.25682" lon="6.55349">
        <ele>1512.719</ele>
        <time>2025-09-30T09:46:34.000Z</time>
      </trkpt>
      <trkpt lat="46.25683" lon="6.55353">
        <ele>1515.127</ele>
        <time>2025-09-30T09:46:39.000Z</time>
      </trkpt>
      <trkpt lat="46.25686" lon="6.55354">
        <ele>1514.942</ele>
        <time>2025-09-30T09:46:44.000Z</time>
      </trkpt>
      <trkpt lat="46.25686" lon="6.55357">
        <ele>1514.457</ele>
        <time>2025-09-30T09:46:49.000Z</time>
      </trkpt>
      <trkpt lat="46.25685" lon="6.55361">
        <ele>1513.908</ele>
        <time>2025-09-30T09:46:54.000Z</time>
      </trkpt>
      <trkpt lat="46.25684" lon="6.55363">
        <ele>1514.137</ele>
        <time>2025-09-30T09:46:59.000Z</time>
      </trkpt>
      <trkpt lat="46.25682" lon="6.55364">
        <ele>1514.61</ele>
        <time>2025-09-30T09:47:04.000Z</time>
      </trkpt>
      <trkpt lat="46.25679" lon="6.55365">
        <ele>1515.042</ele>
        <time>2025-09-30T09:47:09.000Z</time>
      </trkpt>
      <trkpt lat="46.25676" lon="6.55367">
        <ele>1515.086</ele>
        <time>2025-09-30T09:47:14.000Z</time>
      </trkpt>
      <trkpt lat="46.25675" lon="6.55371">
        <ele>1515.541</ele>
        <time>2025-09-30T09:47:19.000Z</time>
      </trkpt>
      <trkpt lat="46.25677" lon="6.55373">
        <ele>1515.841</ele>
        <time>2025-09-30T09:47:24.000Z</time>
      </trkpt>
      <trkpt lat="46.2568" lon="6.55375">
        <ele>1515.659</ele>
        <time>2025-09-30T09:47:29.000Z</time>
      </trkpt>
      <trkpt lat="46.25682" lon="6.55376">
        <ele>1514.917</ele>
        <time>2025-09-30T09:47:34.000Z</time>
      </trkpt>
      <trkpt lat="46.25684" lon="6.55379">
        <ele>1515.007</ele>
        <time>2025-09-30T09:47:39.000Z</time>
      </trkpt>
      <trkpt lat="46.25687" lon="6.5538">
        <ele>1516.877</ele>
        <time>2025-09-30T09:47:44.000Z</time>
      </trkpt>
      <trkpt lat="46.25689" lon="6.55382">
        <ele>1517.963</ele>
        <time>2025-09-30T09:47:49.000Z</time>
      </trkpt>
      <trkpt lat="46.25692" lon="6.55384">
        <ele>1518.115</ele>
        <time>2025-09-30T09:47:54.000Z</time>
      </trkpt>
      <trkpt lat="46.25695" lon="6.55384">
        <ele>1521.483</ele>
        <time>2025-09-30T09:47:59.000Z</time>
      </trkpt>
      <trkpt lat="46.25698" lon="6.55383">
        <ele>1524.554</ele>
        <time>2025-09-30T09:48:04.000Z</time>
      </trkpt>
      <trkpt lat="46.25702" lon="6.55384">
        <ele>1525.407</ele>
        <time>2025-09-30T09:48:09.000Z</time>
      </trkpt>
      <trkpt lat="46.25703" lon="6.55388">
        <ele>1524.481</ele>
        <time>2025-09-30T09:48:14.000Z</time>
      </trkpt>
      <trkpt lat="46.257" lon="6.55391">
        <ele>1524.229</ele>
        <time>2025-09-30T09:48:19.000Z</time>
      </trkpt>
      <trkpt lat="46.25696" lon="6.55394">
        <ele>1524.51</ele>
        <time>2025-09-30T09:48:24.000Z</time>
      </trkpt>
      <trkpt lat="46.25693" lon="6.55397">
        <ele>1524.669</ele>
        <time>2025-09-30T09:48:29.000Z</time>
      </trkpt>
      <trkpt lat="46.2569" lon="6.55399">
        <ele>1526.851</ele>
        <time>2025-09-30T09:48:34.000Z</time>
      </trkpt>
      <trkpt lat="46.25687" lon="6.55402">
        <ele>1527.409</ele>
        <time>2025-09-30T09:48:39.000Z</time>
      </trkpt>
      <trkpt lat="46.25684" lon="6.55404">
        <ele>1527.978</ele>
        <time>2025-09-30T09:48:44.000Z</time>
      </trkpt>
      <trkpt lat="46.25682" lon="6.55407">
        <ele>1528.078</ele>
        <time>2025-09-30T09:48:49.000Z</time>
      </trkpt>
      <trkpt lat="46.25678" lon="6.55408">
        <ele>1527.685</ele>
        <time>2025-09-30T09:48:54.000Z</time>
      </trkpt>
      <trkpt lat="46.25676" lon="6.55411">
        <ele>1527.484</ele>
        <time>2025-09-30T09:48:59.000Z</time>
      </trkpt>
      <trkpt lat="46.25676" lon="6.55414">
        <ele>1526.588</ele>
        <time>2025-09-30T09:49:04.000Z</time>
      </trkpt>
      <trkpt lat="46.25678" lon="6.55415">
        <ele>1527.441</ele>
        <time>2025-09-30T09:49:09.000Z</time>
      </trkpt>
      <trkpt lat="46.25682" lon="6.55416">
        <ele>1528.879</ele>
        <time>2025-09-30T09:49:14.000Z</time>
      </trkpt>
      <trkpt lat="46.25685" lon="6.55418">
        <ele>1529.81</ele>
        <time>2025-09-30T09:49:19.000Z</time>
      </trkpt>
      <trkpt lat="46.25689" lon="6.55419">
        <ele>1530.809</ele>
        <time>2025-09-30T09:49:24.000Z</time>
      </trkpt>
      <trkpt lat="46.25692" lon="6.5542">
        <ele>1531.302</ele>
        <time>2025-09-30T09:49:29.000Z</time>
      </trkpt>
      <trkpt lat="46.25695" lon="6.55419">
        <ele>1531.078</ele>
        <time>2025-09-30T09:49:34.000Z</time>
      </trkpt>
      <trkpt lat="46.25699" lon="6.5542">
        <ele>1532.324</ele>
        <time>2025-09-30T09:49:39.000Z</time>
      </trkpt>
      <trkpt lat="46.25702" lon="6.55421">
        <ele>1531.923</ele>
        <time>2025-09-30T09:49:44.000Z</time>
      </trkpt>
      <trkpt lat="46.25706" lon="6.55422">
        <ele>1534.007</ele>
        <time>2025-09-30T09:49:49.000Z</time>
      </trkpt>
      <trkpt lat="46.25708" lon="6.55424">
        <ele>1533.452</ele>
        <time>2025-09-30T09:49:54.000Z</time>
      </trkpt>
      <trkpt lat="46.25707" lon="6.55428">
        <ele>1534.152</ele>
        <time>2025-09-30T09:49:59.000Z</time>
      </trkpt>
      <trkpt lat="46.25705" lon="6.55429">
        <ele>1532.72</ele>
        <time>2025-09-30T09:50:04.000Z</time>
      </trkpt>
      <trkpt lat="46.25703" lon="6.55431">
        <ele>1533.249</ele>
        <time>2025-09-30T09:50:09.000Z</time>
      </trkpt>
      <trkpt lat="46.25701" lon="6.55432">
        <ele>1535.12</ele>
        <time>2025-09-30T09:50:14.000Z</time>
      </trkpt>
      <trkpt lat="46.25699" lon="6.55434">
        <ele>1537.141</ele>
        <time>2025-09-30T09:50:19.000Z</time>
      </trkpt>
      <trkpt lat="46.25697" lon="6.55437">
        <ele>1536.343</ele>
        <time>2025-09-30T09:50:24.000Z</time>
      </trkpt>
      <trkpt lat="46.25697" lon="6.55443">
        <ele>1537.598</ele>
        <time>2025-09-30T09:50:29.000Z</time>
      </trkpt>
      <trkpt lat="46.25698" lon="6.55447">
        <ele>1539.119</ele>
        <time>2025-09-30T09:50:34.000Z</time>
      </trkpt>
      <trkpt lat="46.257" lon="6.55449">
        <ele>1539.106</ele>
        <time>2025-09-30T09:50:39.000Z</time>
      </trkpt>
      <trkpt lat="46.25703" lon="6.55449">
        <ele>1539.852</ele>
        <time>2025-09-30T09:50:44.000Z</time>
      </trkpt>
      <trkpt lat="46.25705" lon="6.5545">
        <ele>1541.517</ele>
        <time>2025-09-30T09:50:49.000Z</time>
      </trkpt>
      <trkpt lat="46.25705" lon="6.55454">
        <ele>1541.972</ele>
        <time>2025-09-30T09:50:54.000Z</time>
      </trkpt>
      <trkpt lat="46.25709" lon="6.55456">
        <ele>1540.98</ele>
        <time>2025-09-30T09:50:59.000Z</time>
      </trkpt>
      <trkpt lat="46.25713" lon="6.55456">
        <ele>1542.524</ele>
        <time>2025-09-30T09:51:04.000Z</time>
      </trkpt>
      <trkpt lat="46.25717" lon="6.55456">
        <ele>1541.486</ele>
        <time>2025-09-30T09:51:09.000Z</time>
      </trkpt>
      <trkpt lat="46.2572" lon="6.55456">
        <ele>1540.978</ele>
        <time>2025-09-30T09:51:14.000Z</time>
      </trkpt>
      <trkpt lat="46.25723" lon="6.55455">
        <ele>1541.455</ele>
        <time>2025-09-30T09:51:19.000Z</time>
      </trkpt>
      <trkpt lat="46.25725" lon="6.55455">
        <ele>1542.478</ele>
        <time>2025-09-30T09:51:24.000Z</time>
      </trkpt>
      <trkpt lat="46.25728" lon="6.55455">
        <ele>1544.94</ele>
        <time>2025-09-30T09:51:29.000Z</time>
      </trkpt>
      <trkpt lat="46.25732" lon="6.55455">
        <ele>1546.394</ele>
        <time>2025-09-30T09:51:34.000Z</time>
      </trkpt>
      <trkpt lat="46.25735" lon="6.55456">
        <ele>1548.381</ele>
        <time>2025-09-30T09:51:39.000Z</time>
      </trkpt>
      <trkpt lat="46.25739" lon="6.55456">
        <ele>1548.997</ele>
        <time>2025-09-30T09:51:44.000Z</time>
      </trkpt>
      <trkpt lat="46.25742" lon="6.55455">
        <ele>1550.107</ele>
        <time>2025-09-30T09:51:49.000Z</time>
      </trkpt>
      <trkpt lat="46.25745" lon="6.55456">
        <ele>1549.691</ele>
        <time>2025-09-30T09:51:54.000Z</time>
      </trkpt>
      <trkpt lat="46.25747" lon="6.55457">
        <ele>1549.881</ele>
        <time>2025-09-30T09:51:59.000Z</time>
      </trkpt>
      <trkpt lat="46.25751" lon="6.55456">
        <ele>1551.223</ele>
        <time>2025-09-30T09:52:04.000Z</time>
      </trkpt>
      <trkpt lat="46.25755" lon="6.55455">
        <ele>1552.581</ele>
        <time>2025-09-30T09:52:09.000Z</time>
      </trkpt>
      <trkpt lat="46.25757" lon="6.55455">
        <ele>1554</ele>
        <time>2025-09-30T09:52:14.000Z</time>
      </trkpt>
      <trkpt lat="46.25759" lon="6.55457">
        <ele>1554.035</ele>
        <time>2025-09-30T09:52:19.000Z</time>
      </trkpt>
      <trkpt lat="46.25761" lon="6.5546">
        <ele>1555.523</ele>
        <time>2025-09-30T09:52:24.000Z</time>
      </trkpt>
      <trkpt lat="46.25762" lon="6.55464">
        <ele>1556.631</ele>
        <time>2025-09-30T09:52:29.000Z</time>
      </trkpt>
      <trkpt lat="46.25765" lon="6.55465">
        <ele>1556.399</ele>
        <time>2025-09-30T09:52:34.000Z</time>
      </trkpt>
      <trkpt lat="46.25767" lon="6.55466">
        <ele>1556.002</ele>
        <time>2025-09-30T09:52:39.000Z</time>
      </trkpt>
      <trkpt lat="46.25769" lon="6.55468">
        <ele>1557.511</ele>
        <time>2025-09-30T09:52:44.000Z</time>
      </trkpt>
      <trkpt lat="46.25772" lon="6.5547">
        <ele>1558.618</ele>
        <time>2025-09-30T09:52:49.000Z</time>
      </trkpt>
      <trkpt lat="46.25773" lon="6.55473">
        <ele>1560.201</ele>
        <time>2025-09-30T09:52:54.000Z</time>
      </trkpt>
      <trkpt lat="46.25775" lon="6.55475">
        <ele>1561.386</ele>
        <time>2025-09-30T09:52:59.000Z</time>
      </trkpt>
      <trkpt lat="46.25777" lon="6.55477">
        <ele>1561.439</ele>
        <time>2025-09-30T09:53:04.000Z</time>
      </trkpt>
      <trkpt lat="46.25779" lon="6.55479">
        <ele>1562.314</ele>
        <time>2025-09-30T09:53:09.000Z</time>
      </trkpt>
      <trkpt lat="46.2578" lon="6.55482">
        <ele>1562.986</ele>
        <time>2025-09-30T09:53:14.000Z</time>
      </trkpt>
      <trkpt lat="46.25782" lon="6.55485">
        <ele>1564.604</ele>
        <time>2025-09-30T09:53:19.000Z</time>
      </trkpt>
      <trkpt lat="46.25783" lon="6.55489">
        <ele>1565.703</ele>
        <time>2025-09-30T09:53:24.000Z</time>
      </trkpt>
      <trkpt lat="46.25784" lon="6.55493">
        <ele>1565.531</ele>
        <time>2025-09-30T09:53:29.000Z</time>
      </trkpt>
      <trkpt lat="46.25785" lon="6.55496">
        <ele>1566.62</ele>
        <time>2025-09-30T09:53:34.000Z</time>
      </trkpt>
      <trkpt lat="46.25785" lon="6.55497">
        <ele>1567.842</ele>
        <time>2025-09-30T09:53:39.000Z</time>
      </trkpt>
      <trkpt lat="46.25786" lon="6.555">
        <ele>1568.222</ele>
        <time>2025-09-30T09:53:44.000Z</time>
      </trkpt>
      <trkpt lat="46.25788" lon="6.55502">
        <ele>1568.909</ele>
        <time>2025-09-30T09:53:49.000Z</time>
      </trkpt>
      <trkpt lat="46.2579" lon="6.55505">
        <ele>1569.53</ele>
        <time>2025-09-30T09:53:54.000Z</time>
      </trkpt>
      <trkpt lat="46.2579" lon="6.55505">
        <ele>1569.461</ele>
        <time>2025-09-30T09:53:59.000Z</time>
      </trkpt>
      <trkpt lat="46.25791" lon="6.55507">
        <ele>1569.847</ele>
        <time>2025-09-30T09:54:04.000Z</time>
      </trkpt>
      <trkpt lat="46.25794" lon="6.55509">
        <ele>1570.399</ele>
        <time>2025-09-30T09:54:09.000Z</time>
      </trkpt>
      <trkpt lat="46.25795" lon="6.55511">
        <ele>1571.142</ele>
        <time>2025-09-30T09:54:14.000Z</time>
      </trkpt>
      <trkpt lat="46.25797" lon="6.55515">
        <ele>1571.79</ele>
        <time>2025-09-30T09:54:19.000Z</time>
      </trkpt>
      <trkpt lat="46.25799" lon="6.55518">
        <ele>1572.924</ele>
        <time>2025-09-30T09:54:24.000Z</time>
      </trkpt>
      <trkpt lat="46.258" lon="6.5552">
        <ele>1573.976</ele>
        <time>2025-09-30T09:54:29.000Z</time>
      </trkpt>
      <trkpt lat="46.25801" lon="6.55524">
        <ele>1575.381</ele>
        <time>2025-09-30T09:54:34.000Z</time>
      </trkpt>
      <trkpt lat="46.25803" lon="6.55527">
        <ele>1576.415</ele>
        <time>2025-09-30T09:54:39.000Z</time>
      </trkpt>
      <trkpt lat="46.25805" lon="6.55529">
        <ele>1575.519</ele>
        <time>2025-09-30T09:54:44.000Z</time>
      </trkpt>
      <trkpt lat="46.25806" lon="6.55532">
        <ele>1576.969</ele>
        <time>2025-09-30T09:54:49.000Z</time>
      </trkpt>
      <trkpt lat="46.25807" lon="6.55535">
        <ele>1578.242</ele>
        <time>2025-09-30T09:54:54.000Z</time>
      </trkpt>
      <trkpt lat="46.25809" lon="6.55538">
        <ele>1579.046</ele>
        <time>2025-09-30T09:54:59.000Z</time>
      </trkpt>
      <trkpt lat="46.25812" lon="6.5554">
        <ele>1579.529</ele>
        <time>2025-09-30T09:55:04.000Z</time>
      </trkpt>
      <trkpt lat="46.25815" lon="6.55542">
        <ele>1579.58</ele>
        <time>2025-09-30T09:55:09.000Z</time>
      </trkpt>
      <trkpt lat="46.25816" lon="6.55545">
        <ele>1579.597</ele>
        <time>2025-09-30T09:55:14.000Z</time>
      </trkpt>
      <trkpt lat="46.25819" lon="6.55546">
        <ele>1579.604</ele>
        <time>2025-09-30T09:55:19.000Z</time>
      </trkpt>
      <trkpt lat="46.25822" lon="6.55547">
        <ele>1579.758</ele>
        <time>2025-09-30T09:55:24.000Z</time>
      </trkpt>
      <trkpt lat="46.25826" lon="6.55548">
        <ele>1581.27</ele>
        <time>2025-09-30T09:55:29.000Z</time>
      </trkpt>
      <trkpt lat="46.25829" lon="6.5555">
        <ele>1583.461</ele>
        <time>2025-09-30T09:55:34.000Z</time>
      </trkpt>
      <trkpt lat="46.25831" lon="6.5555">
        <ele>1584.812</ele>
        <time>2025-09-30T09:55:39.000Z</time>
      </trkpt>
      <trkpt lat="46.25834" lon="6.55552">
        <ele>1584.432</ele>
        <time>2025-09-30T09:55:44.000Z</time>
      </trkpt>
      <trkpt lat="46.25834" lon="6.55552">
        <ele>1584.809</ele>
        <time>2025-09-30T09:55:49.000Z</time>
      </trkpt>
      <trkpt lat="46.25835" lon="6.55552">
        <ele>1583.595</ele>
        <time>2025-09-30T09:55:54.000Z</time>
      </trkpt>
      <trkpt lat="46.25837" lon="6.55554">
        <ele>1583.284</ele>
        <time>2025-09-30T09:55:59.000Z</time>
      </trkpt>
      <trkpt lat="46.25839" lon="6.55556">
        <ele>1582.13</ele>
        <time>2025-09-30T09:56:04.000Z</time>
      </trkpt>
      <trkpt lat="46.25839" lon="6.5556">
        <ele>1583.215</ele>
        <time>2025-09-30T09:56:09.000Z</time>
      </trkpt>
      <trkpt lat="46.2584" lon="6.55563">
        <ele>1582.094</ele>
        <time>2025-09-30T09:56:14.000Z</time>
      </trkpt>
      <trkpt lat="46.25841" lon="6.55566">
        <ele>1582.558</ele>
        <time>2025-09-30T09:56:19.000Z</time>
      </trkpt>
      <trkpt lat="46.25843" lon="6.55569">
        <ele>1583.041</ele>
        <time>2025-09-30T09:56:24.000Z</time>
      </trkpt>
      <trkpt lat="46.25845" lon="6.55572">
        <ele>1584.014</ele>
        <time>2025-09-30T09:56:29.000Z</time>
      </trkpt>
      <trkpt lat="46.25847" lon="6.55573">
        <ele>1585.626</ele>
        <time>2025-09-30T09:56:34.000Z</time>
      </trkpt>
      <trkpt lat="46.25849" lon="6.55575">
        <ele>1585.828</ele>
        <time>2025-09-30T09:56:39.000Z</time>
      </trkpt>
      <trkpt lat="46.25853" lon="6.55577">
        <ele>1586.227</ele>
        <time>2025-09-30T09:56:44.000Z</time>
      </trkpt>
      <trkpt lat="46.25855" lon="6.55578">
        <ele>1586.634</ele>
        <time>2025-09-30T09:56:49.000Z</time>
      </trkpt>
      <trkpt lat="46.25858" lon="6.5558">
        <ele>1587.849</ele>
        <time>2025-09-30T09:56:54.000Z</time>
      </trkpt>
      <trkpt lat="46.25861" lon="6.55581">
        <ele>1589.11</ele>
        <time>2025-09-30T09:56:59.000Z</time>
      </trkpt>
      <trkpt lat="46.25861" lon="6.55581">
        <ele>1589.605</ele>
        <time>2025-09-30T09:57:04.000Z</time>
      </trkpt>
      <trkpt lat="46.25861" lon="6.55581">
        <ele>1589.608</ele>
        <time>2025-09-30T09:57:09.000Z</time>
      </trkpt>
      <trkpt lat="46.25861" lon="6.55581">
        <ele>1589.611</ele>
        <time>2025-09-30T09:57:14.000Z</time>
      </trkpt>
      <trkpt lat="46.25861" lon="6.55581">
        <ele>1589.616</ele>
        <time>2025-09-30T09:57:19.000Z</time>
      </trkpt>
      <trkpt lat="46.25861" lon="6.55583">
        <ele>1590.553</ele>
        <time>2025-09-30T09:57:24.000Z</time>
      </trkpt>
      <trkpt lat="46.25864" lon="6.55584">
        <ele>1590.929</ele>
        <time>2025-09-30T09:57:29.000Z</time>
      </trkpt>
      <trkpt lat="46.25867" lon="6.55587">
        <ele>1592.661</ele>
        <time>2025-09-30T09:57:34.000Z</time>
      </trkpt>
      <trkpt lat="46.25869" lon="6.55591">
        <ele>1593.692</ele>
        <time>2025-09-30T09:57:39.000Z</time>
      </trkpt>
      <trkpt lat="46.25871" lon="6.55594">
        <ele>1595.366</ele>
        <time>2025-09-30T09:57:44.000Z</time>
      </trkpt>
      <trkpt lat="46.25874" lon="6.55598">
        <ele>1596.33</ele>
        <time>2025-09-30T09:57:49.000Z</time>
      </trkpt>
      <trkpt lat="46.25875" lon="6.55603">
        <ele>1597.715</ele>
        <time>2025-09-30T09:57:54.000Z</time>
      </trkpt>
      <trkpt lat="46.25876" lon="6.55608">
        <ele>1598.789</ele>
        <time>2025-09-30T09:57:59.000Z</time>
      </trkpt>
      <trkpt lat="46.25877" lon="6.55612">
        <ele>1598.85</ele>
        <time>2025-09-30T09:58:04.000Z</time>
      </trkpt>
      <trkpt lat="46.25879" lon="6.55616">
        <ele>1600.068</ele>
        <time>2025-09-30T09:58:09.000Z</time>
      </trkpt>
      <trkpt lat="46.2588" lon="6.5562">
        <ele>1600.631</ele>
        <time>2025-09-30T09:58:14.000Z</time>
      </trkpt>
      <trkpt lat="46.2588" lon="6.55623">
        <ele>1601.494</ele>
        <time>2025-09-30T09:58:19.000Z</time>
      </trkpt>
      <trkpt lat="46.25881" lon="6.55627">
        <ele>1602.609</ele>
        <time>2025-09-30T09:58:24.000Z</time>
      </trkpt>
      <trkpt lat="46.25883" lon="6.55631">
        <ele>1602.987</ele>
        <time>2025-09-30T09:58:29.000Z</time>
      </trkpt>
      <trkpt lat="46.25885" lon="6.55634">
        <ele>1603.792</ele>
        <time>2025-09-30T09:58:34.000Z</time>
      </trkpt>
      <trkpt lat="46.25887" lon="6.55635">
        <ele>1603.747</ele>
        <time>2025-09-30T09:58:39.000Z</time>
      </trkpt>
      <trkpt lat="46.25888" lon="6.55637">
        <ele>1604.003</ele>
        <time>2025-09-30T09:58:44.000Z</time>
      </trkpt>
      <trkpt lat="46.2589" lon="6.5564">
        <ele>1604.789</ele>
        <time>2025-09-30T09:58:49.000Z</time>
      </trkpt>
      <trkpt lat="46.25893" lon="6.55641">
        <ele>1605.16</ele>
        <time>2025-09-30T09:58:54.000Z</time>
      </trkpt>
      <trkpt lat="46.25896" lon="6.55646">
        <ele>1606.078</ele>
        <time>2025-09-30T09:58:59.000Z</time>
      </trkpt>
      <trkpt lat="46.25897" lon="6.55651">
        <ele>1606.002</ele>
        <time>2025-09-30T09:59:04.000Z</time>
      </trkpt>
      <trkpt lat="46.25899" lon="6.55651">
        <ele>1604.205</ele>
        <time>2025-09-30T09:59:09.000Z</time>
      </trkpt>
      <trkpt lat="46.25901" lon="6.55647">
        <ele>1603.578</ele>
        <time>2025-09-30T09:59:14.000Z</time>
      </trkpt>
      <trkpt lat="46.25903" lon="6.55644">
        <ele>1603.789</ele>
        <time>2025-09-30T09:59:19.000Z</time>
      </trkpt>
      <trkpt lat="46.25905" lon="6.55643">
        <ele>1604.747</ele>
        <time>2025-09-30T09:59:24.000Z</time>
      </trkpt>
      <trkpt lat="46.25906" lon="6.55641">
        <ele>1604.886</ele>
        <time>2025-09-30T09:59:29.000Z</time>
      </trkpt>
      <trkpt lat="46.25907" lon="6.55637">
        <ele>1604.769</ele>
        <time>2025-09-30T09:59:34.000Z</time>
      </trkpt>
      <trkpt lat="46.25907" lon="6.55637">
        <ele>1604.777</ele>
        <time>2025-09-30T09:59:39.000Z</time>
      </trkpt>
      <trkpt lat="46.25907" lon="6.55637">
        <ele>1604.777</ele>
        <time>2025-09-30T09:59:44.000Z</time>
      </trkpt>
      <trkpt lat="46.25906" lon="6.55636">
        <ele>1604.621</ele>
        <time>2025-09-30T09:59:49.000Z</time>
      </trkpt>
      <trkpt lat="46.25906" lon="6.55635">
        <ele>1604.424</ele>
        <time>2025-09-30T09:59:54.000Z</time>
      </trkpt>
      <trkpt lat="46.25906" lon="6.55635">
        <ele>1604.402</ele>
        <time>2025-09-30T09:59:59.000Z</time>
      </trkpt>
      <trkpt lat="46.25906" lon="6.55635">
        <ele>1604.392</ele>
        <time>2025-09-30T10:00:03.000Z</time>
      </trkpt>
      <trkpt lat="46.25906" lon="6.55635">
        <ele>1605.673</ele>
        <time>2025-09-30T10:00:09.000Z</time>
      </trkpt>
      <trkpt lat="46.25906" lon="6.55635">
        <ele>1605.637</ele>
        <time>2025-09-30T10:00:14.000Z</time>
      </trkpt>
      <trkpt lat="46.25906" lon="6.55635">
        <ele>1605.509</ele>
        <time>2025-09-30T10:00:19.000Z</time>
      </trkpt>
      <trkpt lat="46.25906" lon="6.55635">
        <ele>1605.525</ele>
        <time>2025-09-30T10:00:24.000Z</time>
      </trkpt>
      <trkpt lat="46.25906" lon="6.55635">
        <ele>1605.523</ele>
        <time>2025-09-30T10:00:29.000Z</time>
      </trkpt>
      <trkpt lat="46.25906" lon="6.55635">
        <ele>1605.512</ele>
        <time>2025-09-30T10:00:34.000Z</time>
      </trkpt>
      <trkpt lat="46.25906" lon="6.55635">
        <ele>1605.508</ele>
        <time>2025-09-30T10:00:39.000Z</time>
      </trkpt>
      <trkpt lat="46.25906" lon="6.55635">
        <ele>1605.523</ele>
        <time>2025-09-30T10:00:44.000Z</time>
      </trkpt>
      <trkpt lat="46.25906" lon="6.55635">
        <ele>1605.494</ele>
        <time>2025-09-30T10:00:49.000Z</time>
      </trkpt>
      <trkpt lat="46.25906" lon="6.55635">
        <ele>1605.459</ele>
        <time>2025-09-30T10:00:54.000Z</time>
      </trkpt>
      <trkpt lat="46.25906" lon="6.55635">
        <ele>1605.459</ele>
        <time>2025-09-30T10:00:59.000Z</time>
      </trkpt>
      <trkpt lat="46.25906" lon="6.55635">
        <ele>1605.449</ele>
        <time>2025-09-30T10:01:04.000Z</time>
      </trkpt>
      <trkpt lat="46.25906" lon="6.55635">
        <ele>1605.456</ele>
        <time>2025-09-30T10:01:09.000Z</time>
      </trkpt>
      <trkpt lat="46.25906" lon="6.55635">
        <ele>1605.463</ele>
        <time>2025-09-30T10:01:14.000Z</time>
      </trkpt>
      <trkpt lat="46.25906" lon="6.55635">
        <ele>1605.458</ele>
        <time>2025-09-30T10:01:19.000Z</time>
      </trkpt>
      <trkpt lat="46.25906" lon="6.55635">
        <ele>1605.395</ele>
        <time>2025-09-30T10:01:24.000Z</time>
      </trkpt>
      <trkpt lat="46.25906" lon="6.55635">
        <ele>1605.369</ele>
        <time>2025-09-30T10:01:29.000Z</time>
      </trkpt>
      <trkpt lat="46.25906" lon="6.55635">
        <ele>1605.368</ele>
        <time>2025-09-30T10:01:34.000Z</time>
      </trkpt>
      <trkpt lat="46.25906" lon="6.55635">
        <ele>1605.359</ele>
        <time>2025-09-30T10:01:39.000Z</time>
      </trkpt>
      <trkpt lat="46.25906" lon="6.55635">
        <ele>1605.363</ele>
        <time>2025-09-30T10:01:44.000Z</time>
      </trkpt>
      <trkpt lat="46.25906" lon="6.55635">
        <ele>1605.359</ele>
        <time>2025-09-30T10:01:49.000Z</time>
      </trkpt>
      <trkpt lat="46.25906" lon="6.55635">
        <ele>1605.36</ele>
        <time>2025-09-30T10:01:54.000Z</time>
      </trkpt>
      <trkpt lat="46.25906" lon="6.55635">
        <ele>1605.364</ele>
        <time>2025-09-30T10:01:59.000Z</time>
      </trkpt>
      <trkpt lat="46.25906" lon="6.55642">
        <ele>1605.458</ele>
        <time>2025-09-30T10:02:04.000Z</time>
      </trkpt>
      <trkpt lat="46.25907" lon="6.55643">
        <ele>1605.698</ele>
        <time>2025-09-30T10:02:09.000Z</time>
      </trkpt>
      <trkpt lat="46.25908" lon="6.55644">
        <ele>1604.643</ele>
        <time>2025-09-30T10:02:14.000Z</time>
      </trkpt>
      <trkpt lat="46.25908" lon="6.55647">
        <ele>1605.001</ele>
        <time>2025-09-30T10:02:19.000Z</time>
      </trkpt>
      <trkpt lat="46.25907" lon="6.5565">
        <ele>1603.407</ele>
        <time>2025-09-30T10:02:24.000Z</time>
      </trkpt>
      <trkpt lat="46.25907" lon="6.5565">
        <ele>1603.317</ele>
        <time>2025-09-30T10:02:29.000Z</time>
      </trkpt>
      <trkpt lat="46.25907" lon="6.55654">
        <ele>1602.828</ele>
        <time>2025-09-30T10:02:34.000Z</time>
      </trkpt>
      <trkpt lat="46.25906" lon="6.55661">
        <ele>1602.596</ele>
        <time>2025-09-30T10:02:39.000Z</time>
      </trkpt>
      <trkpt lat="46.25905" lon="6.55667">
        <ele>1602.38</ele>
        <time>2025-09-30T10:02:44.000Z</time>
      </trkpt>
      <trkpt lat="46.25905" lon="6.55673">
        <ele>1601.778</ele>
        <time>2025-09-30T10:02:49.000Z</time>
      </trkpt>
      <trkpt lat="46.25905" lon="6.55676">
        <ele>1601.607</ele>
        <time>2025-09-30T10:02:54.000Z</time>
      </trkpt>
      <trkpt lat="46.25904" lon="6.5568">
        <ele>1601.155</ele>
        <time>2025-09-30T10:02:59.000Z</time>
      </trkpt>
      <trkpt lat="46.25905" lon="6.55686">
        <ele>1601.657</ele>
        <time>2025-09-30T10:03:04.000Z</time>
      </trkpt>
      <trkpt lat="46.25907" lon="6.55691">
        <ele>1602.698</ele>
        <time>2025-09-30T10:03:09.000Z</time>
      </trkpt>
      <trkpt lat="46.25907" lon="6.55697">
        <ele>1603.579</ele>
        <time>2025-09-30T10:03:14.000Z</time>
      </trkpt>
      <trkpt lat="46.25908" lon="6.55702">
        <ele>1605.071</ele>
        <time>2025-09-30T10:03:19.000Z</time>
      </trkpt>
      <trkpt lat="46.2591" lon="6.55704">
        <ele>1605.239</ele>
        <time>2025-09-30T10:03:24.000Z</time>
      </trkpt>
      <trkpt lat="46.25911" lon="6.55708">
        <ele>1605.952</ele>
        <time>2025-09-30T10:03:29.000Z</time>
      </trkpt>
      <trkpt lat="46.2591" lon="6.55714">
        <ele>1604.851</ele>
        <time>2025-09-30T10:03:34.000Z</time>
      </trkpt>
      <trkpt lat="46.25911" lon="6.55719">
        <ele>1603.767</ele>
        <time>2025-09-30T10:03:39.000Z</time>
      </trkpt>
      <trkpt lat="46.25912" lon="6.55724">
        <ele>1606.072</ele>
        <time>2025-09-30T10:03:44.000Z</time>
      </trkpt>
      <trkpt lat="46.25913" lon="6.55728">
        <ele>1607.113</ele>
        <time>2025-09-30T10:03:49.000Z</time>
      </trkpt>
      <trkpt lat="46.25914" lon="6.55733">
        <ele>1607.779</ele>
        <time>2025-09-30T10:03:54.000Z</time>
      </trkpt>
      <trkpt lat="46.25915" lon="6.55736">
        <ele>1612.06</ele>
        <time>2025-09-30T10:03:59.000Z</time>
      </trkpt>
      <trkpt lat="46.25915" lon="6.5574">
        <ele>1611.271</ele>
        <time>2025-09-30T10:04:04.000Z</time>
      </trkpt>
      <trkpt lat="46.25917" lon="6.55742">
        <ele>1612.957</ele>
        <time>2025-09-30T10:04:09.000Z</time>
      </trkpt>
      <trkpt lat="46.25918" lon="6.55746">
        <ele>1613.929</ele>
        <time>2025-09-30T10:04:14.000Z</time>
      </trkpt>
      <trkpt lat="46.2592" lon="6.55748">
        <ele>1615.061</ele>
        <time>2025-09-30T10:04:19.000Z</time>
      </trkpt>
      <trkpt lat="46.2592" lon="6.5575">
        <ele>1613.061</ele>
        <time>2025-09-30T10:04:24.000Z</time>
      </trkpt>
      <trkpt lat="46.25922" lon="6.55753">
        <ele>1617.296</ele>
        <time>2025-09-30T10:04:29.000Z</time>
      </trkpt>
      <trkpt lat="46.25922" lon="6.55757">
        <ele>1618.853</ele>
        <time>2025-09-30T10:04:34.000Z</time>
      </trkpt>
      <trkpt lat="46.25922" lon="6.55762">
        <ele>1620.766</ele>
        <time>2025-09-30T10:04:39.000Z</time>
      </trkpt>
      <trkpt lat="46.25922" lon="6.55766">
        <ele>1621.781</ele>
        <time>2025-09-30T10:04:44.000Z</time>
      </trkpt>
      <trkpt lat="46.25922" lon="6.55771">
        <ele>1621.052</ele>
        <time>2025-09-30T10:04:49.000Z</time>
      </trkpt>
      <trkpt lat="46.25923" lon="6.55774">
        <ele>1622.484</ele>
        <time>2025-09-30T10:04:54.000Z</time>
      </trkpt>
      <trkpt lat="46.25922" lon="6.55779">
        <ele>1623.466</ele>
        <time>2025-09-30T10:04:59.000Z</time>
      </trkpt>
      <trkpt lat="46.25922" lon="6.55783">
        <ele>1623.35</ele>
        <time>2025-09-30T10:05:04.000Z</time>
      </trkpt>
      <trkpt lat="46.25922" lon="6.55787">
        <ele>1622.488</ele>
        <time>2025-09-30T10:05:09.000Z</time>
      </trkpt>
      <trkpt lat="46.25923" lon="6.55791">
        <ele>1624.064</ele>
        <time>2025-09-30T10:05:14.000Z</time>
      </trkpt>
      <trkpt lat="46.25924" lon="6.55796">
        <ele>1625.643</ele>
        <time>2025-09-30T10:05:19.000Z</time>
      </trkpt>
      <trkpt lat="46.25924" lon="6.55799">
        <ele>1624.506</ele>
        <time>2025-09-30T10:05:24.000Z</time>
      </trkpt>
      <trkpt lat="46.25925" lon="6.55803">
        <ele>1627.712</ele>
        <time>2025-09-30T10:05:29.000Z</time>
      </trkpt>
      <trkpt lat="46.25925" lon="6.55807">
        <ele>1626.54</ele>
        <time>2025-09-30T10:05:34.000Z</time>
      </trkpt>
      <trkpt lat="46.25925" lon="6.55811">
        <ele>1627.091</ele>
        <time>2025-09-30T10:05:39.000Z</time>
      </trkpt>
      <trkpt lat="46.25926" lon="6.55815">
        <ele>1628.188</ele>
        <time>2025-09-30T10:05:44.000Z</time>
      </trkpt>
      <trkpt lat="46.25925" lon="6.55819">
        <ele>1626.809</ele>
        <time>2025-09-30T10:05:49.000Z</time>
      </trkpt>
      <trkpt lat="46.25924" lon="6.55825">
        <ele>1625.292</ele>
        <time>2025-09-30T10:05:54.000Z</time>
      </trkpt>
      <trkpt lat="46.25925" lon="6.55831">
        <ele>1627.237</ele>
        <time>2025-09-30T10:05:59.000Z</time>
      </trkpt>
      <trkpt lat="46.2593" lon="6.55839">
        <ele>1626.474</ele>
        <time>2025-09-30T10:06:04.000Z</time>
      </trkpt>
      <trkpt lat="46.25933" lon="6.55843">
        <ele>1626.1</ele>
        <time>2025-09-30T10:06:09.000Z</time>
      </trkpt>
      <trkpt lat="46.25934" lon="6.55849">
        <ele>1626.508</ele>
        <time>2025-09-30T10:06:14.000Z</time>
      </trkpt>
      <trkpt lat="46.25938" lon="6.55854">
        <ele>1624.692</ele>
        <time>2025-09-30T10:06:19.000Z</time>
      </trkpt>
      <trkpt lat="46.25938" lon="6.55861">
        <ele>1624.893</ele>
        <time>2025-09-30T10:06:24.000Z</time>
      </trkpt>
      <trkpt lat="46.25939" lon="6.55866">
        <ele>1626.239</ele>
        <time>2025-09-30T10:06:29.000Z</time>
      </trkpt>
      <trkpt lat="46.2594" lon="6.55873">
        <ele>1626.797</ele>
        <time>2025-09-30T10:06:34.000Z</time>
      </trkpt>
      <trkpt lat="46.2594" lon="6.5588">
        <ele>1626.305</ele>
        <time>2025-09-30T10:06:39.000Z</time>
      </trkpt>
      <trkpt lat="46.2594" lon="6.55886">
        <ele>1626.64</ele>
        <time>2025-09-30T10:06:44.000Z</time>
      </trkpt>
      <trkpt lat="46.2594" lon="6.5589">
        <ele>1628.497</ele>
        <time>2025-09-30T10:06:49.000Z</time>
      </trkpt>
      <trkpt lat="46.25941" lon="6.55895">
        <ele>1627.452</ele>
        <time>2025-09-30T10:06:54.000Z</time>
      </trkpt>
      <trkpt lat="46.25942" lon="6.55894">
        <ele>1627.727</ele>
        <time>2025-09-30T10:06:59.000Z</time>
      </trkpt>
      <trkpt lat="46.25942" lon="6.55896">
        <ele>1627.924</ele>
        <time>2025-09-30T10:07:04.000Z</time>
      </trkpt>
      <trkpt lat="46.25944" lon="6.55899">
        <ele>1628.717</ele>
        <time>2025-09-30T10:07:09.000Z</time>
      </trkpt>
      <trkpt lat="46.2595" lon="6.55902">
        <ele>1628.458</ele>
        <time>2025-09-30T10:07:14.000Z</time>
      </trkpt>
      <trkpt lat="46.25955" lon="6.55908">
        <ele>1629.316</ele>
        <time>2025-09-30T10:07:19.000Z</time>
      </trkpt>
      <trkpt lat="46.25958" lon="6.5591">
        <ele>1627.712</ele>
        <time>2025-09-30T10:07:24.000Z</time>
      </trkpt>
      <trkpt lat="46.2596" lon="6.55911">
        <ele>1626.269</ele>
        <time>2025-09-30T10:07:29.000Z</time>
      </trkpt>
      <trkpt lat="46.25962" lon="6.55917">
        <ele>1625.805</ele>
        <time>2025-09-30T10:07:34.000Z</time>
      </trkpt>
      <trkpt lat="46.25962" lon="6.55922">
        <ele>1624.275</ele>
        <time>2025-09-30T10:07:39.000Z</time>
      </trkpt>
      <trkpt lat="46.25961" lon="6.55928">
        <ele>1623.043</ele>
        <time>2025-09-30T10:07:44.000Z</time>
      </trkpt>
      <trkpt lat="46.25963" lon="6.55933">
        <ele>1624.07</ele>
        <time>2025-09-30T10:07:49.000Z</time>
      </trkpt>
      <trkpt lat="46.25967" lon="6.55937">
        <ele>1625.652</ele>
        <time>2025-09-30T10:07:54.000Z</time>
      </trkpt>
      <trkpt lat="46.25973" lon="6.55937">
        <ele>1626.153</ele>
        <time>2025-09-30T10:07:59.000Z</time>
      </trkpt>
      <trkpt lat="46.25976" lon="6.55936">
        <ele>1628.268</ele>
        <time>2025-09-30T10:08:04.000Z</time>
      </trkpt>
      <trkpt lat="46.25979" lon="6.55939">
        <ele>1629.463</ele>
        <time>2025-09-30T10:08:09.000Z</time>
      </trkpt>
      <trkpt lat="46.25982" lon="6.55945">
        <ele>1628.892</ele>
        <time>2025-09-30T10:08:14.000Z</time>
      </trkpt>
      <trkpt lat="46.25984" lon="6.55951">
        <ele>1627.929</ele>
        <time>2025-09-30T10:08:19.000Z</time>
      </trkpt>
      <trkpt lat="46.25987" lon="6.55956">
        <ele>1627.912</ele>
        <time>2025-09-30T10:08:24.000Z</time>
      </trkpt>
      <trkpt lat="46.25989" lon="6.55959">
        <ele>1627.503</ele>
        <time>2025-09-30T10:08:29.000Z</time>
      </trkpt>
      <trkpt lat="46.25993" lon="6.55961">
        <ele>1626.438</ele>
        <time>2025-09-30T10:08:34.000Z</time>
      </trkpt>
      <trkpt lat="46.25996" lon="6.55964">
        <ele>1626.283</ele>
        <time>2025-09-30T10:08:39.000Z</time>
      </trkpt>
      <trkpt lat="46.26" lon="6.55963">
        <ele>1627.167</ele>
        <time>2025-09-30T10:08:44.000Z</time>
      </trkpt>
      <trkpt lat="46.26003" lon="6.55964">
        <ele>1628.092</ele>
        <time>2025-09-30T10:08:49.000Z</time>
      </trkpt>
      <trkpt lat="46.26006" lon="6.55966">
        <ele>1629.426</ele>
        <time>2025-09-30T10:08:54.000Z</time>
      </trkpt>
      <trkpt lat="46.26007" lon="6.5597">
        <ele>1630.129</ele>
        <time>2025-09-30T10:08:59.000Z</time>
      </trkpt>
      <trkpt lat="46.26008" lon="6.55976">
        <ele>1630.191</ele>
        <time>2025-09-30T10:09:04.000Z</time>
      </trkpt>
      <trkpt lat="46.26009" lon="6.5598">
        <ele>1630.455</ele>
        <time>2025-09-30T10:09:09.000Z</time>
      </trkpt>
      <trkpt lat="46.26009" lon="6.55986">
        <ele>1628.53</ele>
        <time>2025-09-30T10:09:14.000Z</time>
      </trkpt>
      <trkpt lat="46.2601" lon="6.55991">
        <ele>1629.82</ele>
        <time>2025-09-30T10:09:19.000Z</time>
      </trkpt>
      <trkpt lat="46.26011" lon="6.55996">
        <ele>1630.575</ele>
        <time>2025-09-30T10:09:24.000Z</time>
      </trkpt>
      <trkpt lat="46.26014" lon="6.56">
        <ele>1630.58</ele>
        <time>2025-09-30T10:09:29.000Z</time>
      </trkpt>
      <trkpt lat="46.26016" lon="6.56006">
        <ele>1631.66</ele>
        <time>2025-09-30T10:09:34.000Z</time>
      </trkpt>
      <trkpt lat="46.26017" lon="6.5601">
        <ele>1632.242</ele>
        <time>2025-09-30T10:09:39.000Z</time>
      </trkpt>
      <trkpt lat="46.26018" lon="6.56016">
        <ele>1633.49</ele>
        <time>2025-09-30T10:09:44.000Z</time>
      </trkpt>
      <trkpt lat="46.2602" lon="6.5602">
        <ele>1633.236</ele>
        <time>2025-09-30T10:09:49.000Z</time>
      </trkpt>
      <trkpt lat="46.26022" lon="6.56025">
        <ele>1633.356</ele>
        <time>2025-09-30T10:09:54.000Z</time>
      </trkpt>
      <trkpt lat="46.26024" lon="6.5603">
        <ele>1633.452</ele>
        <time>2025-09-30T10:09:59.000Z</time>
      </trkpt>
      <trkpt lat="46.26025" lon="6.56037">
        <ele>1634.411</ele>
        <time>2025-09-30T10:10:04.000Z</time>
      </trkpt>
      <trkpt lat="46.26027" lon="6.56044">
        <ele>1634.986</ele>
        <time>2025-09-30T10:10:09.000Z</time>
      </trkpt>
      <trkpt lat="46.26029" lon="6.5605">
        <ele>1635.577</ele>
        <time>2025-09-30T10:10:14.000Z</time>
      </trkpt>
      <trkpt lat="46.26032" lon="6.56054">
        <ele>1634.762</ele>
        <time>2025-09-30T10:10:19.000Z</time>
      </trkpt>
      <trkpt lat="46.26035" lon="6.56058">
        <ele>1635.373</ele>
        <time>2025-09-30T10:10:24.000Z</time>
      </trkpt>
      <trkpt lat="46.26038" lon="6.56063">
        <ele>1635.755</ele>
        <time>2025-09-30T10:10:29.000Z</time>
      </trkpt>
      <trkpt lat="46.2604" lon="6.56066">
        <ele>1634.532</ele>
        <time>2025-09-30T10:10:34.000Z</time>
      </trkpt>
      <trkpt lat="46.26044" lon="6.56069">
        <ele>1635.195</ele>
        <time>2025-09-30T10:10:39.000Z</time>
      </trkpt>
      <trkpt lat="46.26047" lon="6.5607">
        <ele>1635.4</ele>
        <time>2025-09-30T10:10:44.000Z</time>
      </trkpt>
      <trkpt lat="46.26049" lon="6.56073">
        <ele>1634.814</ele>
        <time>2025-09-30T10:10:49.000Z</time>
      </trkpt>
      <trkpt lat="46.2605" lon="6.56077">
        <ele>1635.009</ele>
        <time>2025-09-30T10:10:54.000Z</time>
      </trkpt>
      <trkpt lat="46.2605" lon="6.56082">
        <ele>1630.484</ele>
        <time>2025-09-30T10:10:59.000Z</time>
      </trkpt>
      <trkpt lat="46.26052" lon="6.56086">
        <ele>1630.793</ele>
        <time>2025-09-30T10:11:04.000Z</time>
      </trkpt>
      <trkpt lat="46.26052" lon="6.56091">
        <ele>1630.745</ele>
        <time>2025-09-30T10:11:09.000Z</time>
      </trkpt>
      <trkpt lat="46.26052" lon="6.56096">
        <ele>1632.273</ele>
        <time>2025-09-30T10:11:14.000Z</time>
      </trkpt>
      <trkpt lat="46.26054" lon="6.56101">
        <ele>1631.057</ele>
        <time>2025-09-30T10:11:19.000Z</time>
      </trkpt>
      <trkpt lat="46.26053" lon="6.56108">
        <ele>1629.519</ele>
        <time>2025-09-30T10:11:24.000Z</time>
      </trkpt>
      <trkpt lat="46.26053" lon="6.56113">
        <ele>1631.965</ele>
        <time>2025-09-30T10:11:29.000Z</time>
      </trkpt>
      <trkpt lat="46.26053" lon="6.56118">
        <ele>1633.402</ele>
        <time>2025-09-30T10:11:34.000Z</time>
      </trkpt>
      <trkpt lat="46.2605" lon="6.56122">
        <ele>1634.429</ele>
        <time>2025-09-30T10:11:39.000Z</time>
      </trkpt>
      <trkpt lat="46.26048" lon="6.56125">
        <ele>1634.89</ele>
        <time>2025-09-30T10:11:44.000Z</time>
      </trkpt>
      <trkpt lat="46.26045" lon="6.56126">
        <ele>1634.423</ele>
        <time>2025-09-30T10:11:49.000Z</time>
      </trkpt>
      <trkpt lat="46.26044" lon="6.56131">
        <ele>1634.087</ele>
        <time>2025-09-30T10:11:54.000Z</time>
      </trkpt>
      <trkpt lat="46.26043" lon="6.56135">
        <ele>1636.592</ele>
        <time>2025-09-30T10:11:59.000Z</time>
      </trkpt>
      <trkpt lat="46.26044" lon="6.5614">
        <ele>1638.173</ele>
        <time>2025-09-30T10:12:04.000Z</time>
      </trkpt>
      <trkpt lat="46.26042" lon="6.56144">
        <ele>1635.954</ele>
        <time>2025-09-30T10:12:09.000Z</time>
      </trkpt>
      <trkpt lat="46.2604" lon="6.56146">
        <ele>1636.495</ele>
        <time>2025-09-30T10:12:14.000Z</time>
      </trkpt>
      <trkpt lat="46.26038" lon="6.56148">
        <ele>1635.071</ele>
        <time>2025-09-30T10:12:19.000Z</time>
      </trkpt>
      <trkpt lat="46.26037" lon="6.56151">
        <ele>1636.142</ele>
        <time>2025-09-30T10:12:24.000Z</time>
      </trkpt>
      <trkpt lat="46.26035" lon="6.56156">
        <ele>1635.278</ele>
        <time>2025-09-30T10:12:29.000Z</time>
      </trkpt>
      <trkpt lat="46.26035" lon="6.56162">
        <ele>1632.415</ele>
        <time>2025-09-30T10:12:34.000Z</time>
      </trkpt>
      <trkpt lat="46.26034" lon="6.56167">
        <ele>1636.416</ele>
        <time>2025-09-30T10:12:39.000Z</time>
      </trkpt>
      <trkpt lat="46.26035" lon="6.56171">
        <ele>1635.939</ele>
        <time>2025-09-30T10:12:44.000Z</time>
      </trkpt>
      <trkpt lat="46.26034" lon="6.56176">
        <ele>1635.457</ele>
        <time>2025-09-30T10:12:49.000Z</time>
      </trkpt>
      <trkpt lat="46.26033" lon="6.56179">
        <ele>1638.742</ele>
        <time>2025-09-30T10:12:54.000Z</time>
      </trkpt>
      <trkpt lat="46.26032" lon="6.56184">
        <ele>1638.658</ele>
        <time>2025-09-30T10:12:59.000Z</time>
      </trkpt>
      <trkpt lat="46.26032" lon="6.56188">
        <ele>1636.651</ele>
        <time>2025-09-30T10:13:04.000Z</time>
      </trkpt>
      <trkpt lat="46.26033" lon="6.56192">
        <ele>1638.011</ele>
        <time>2025-09-30T10:13:09.000Z</time>
      </trkpt>
      <trkpt lat="46.26032" lon="6.56199">
        <ele>1638.463</ele>
        <time>2025-09-30T10:13:14.000Z</time>
      </trkpt>
      <trkpt lat="46.26034" lon="6.56206">
        <ele>1638.962</ele>
        <time>2025-09-30T10:13:19.000Z</time>
      </trkpt>
      <trkpt lat="46.26035" lon="6.56212">
        <ele>1638.577</ele>
        <time>2025-09-30T10:13:24.000Z</time>
      </trkpt>
      <trkpt lat="46.26035" lon="6.56217">
        <ele>1641.141</ele>
        <time>2025-09-30T10:13:29.000Z</time>
      </trkpt>
      <trkpt lat="46.26034" lon="6.56223">
        <ele>1641.573</ele>
        <time>2025-09-30T10:13:34.000Z</time>
      </trkpt>
      <trkpt lat="46.26034" lon="6.56231">
        <ele>1643.292</ele>
        <time>2025-09-30T10:13:39.000Z</time>
      </trkpt>
      <trkpt lat="46.26035" lon="6.56237">
        <ele>1641.672</ele>
        <time>2025-09-30T10:13:44.000Z</time>
      </trkpt>
      <trkpt lat="46.26039" lon="6.56242">
        <ele>1642.825</ele>
        <time>2025-09-30T10:13:49.000Z</time>
      </trkpt>
      <trkpt lat="46.26041" lon="6.56247">
        <ele>1643.542</ele>
        <time>2025-09-30T10:13:54.000Z</time>
      </trkpt>
      <trkpt lat="46.26042" lon="6.56254">
        <ele>1644.429</ele>
        <time>2025-09-30T10:13:59.000Z</time>
      </trkpt>
      <trkpt lat="46.26041" lon="6.56258">
        <ele>1644.026</ele>
        <time>2025-09-30T10:14:04.000Z</time>
      </trkpt>
      <trkpt lat="46.26038" lon="6.56262">
        <ele>1641.651</ele>
        <time>2025-09-30T10:14:09.000Z</time>
      </trkpt>
      <trkpt lat="46.26035" lon="6.56264">
        <ele>1642.064</ele>
        <time>2025-09-30T10:14:14.000Z</time>
      </trkpt>
      <trkpt lat="46.26033" lon="6.56264">
        <ele>1642.059</ele>
        <time>2025-09-30T10:14:19.000Z</time>
      </trkpt>
      <trkpt lat="46.26031" lon="6.56266">
        <ele>1642.165</ele>
        <time>2025-09-30T10:14:24.000Z</time>
      </trkpt>
      <trkpt lat="46.26029" lon="6.5627">
        <ele>1643.111</ele>
        <time>2025-09-30T10:14:29.000Z</time>
      </trkpt>
      <trkpt lat="46.26028" lon="6.56273">
        <ele>1642.629</ele>
        <time>2025-09-30T10:14:34.000Z</time>
      </trkpt>
      <trkpt lat="46.26025" lon="6.56274">
        <ele>1643.002</ele>
        <time>2025-09-30T10:14:39.000Z</time>
      </trkpt>
      <trkpt lat="46.26024" lon="6.56277">
        <ele>1643.822</ele>
        <time>2025-09-30T10:14:44.000Z</time>
      </trkpt>
      <trkpt lat="46.26022" lon="6.56279">
        <ele>1645.807</ele>
        <time>2025-09-30T10:14:49.000Z</time>
      </trkpt>
      <trkpt lat="46.2602" lon="6.56282">
        <ele>1647.698</ele>
        <time>2025-09-30T10:14:54.000Z</time>
      </trkpt>
      <trkpt lat="46.26021" lon="6.56286">
        <ele>1647.423</ele>
        <time>2025-09-30T10:14:59.000Z</time>
      </trkpt>
      <trkpt lat="46.26021" lon="6.56291">
        <ele>1649.244</ele>
        <time>2025-09-30T10:15:04.000Z</time>
      </trkpt>
      <trkpt lat="46.26019" lon="6.56297">
        <ele>1647.604</ele>
        <time>2025-09-30T10:15:09.000Z</time>
      </trkpt>
      <trkpt lat="46.26019" lon="6.56302">
        <ele>1647.907</ele>
        <time>2025-09-30T10:15:14.000Z</time>
      </trkpt>
      <trkpt lat="46.2602" lon="6.56306">
        <ele>1650.862</ele>
        <time>2025-09-30T10:15:19.000Z</time>
      </trkpt>
      <trkpt lat="46.26019" lon="6.56311">
        <ele>1650.479</ele>
        <time>2025-09-30T10:15:24.000Z</time>
      </trkpt>
      <trkpt lat="46.26017" lon="6.56316">
        <ele>1649.787</ele>
        <time>2025-09-30T10:15:29.000Z</time>
      </trkpt>
      <trkpt lat="46.26017" lon="6.56321">
        <ele>1649.96</ele>
        <time>2025-09-30T10:15:34.000Z</time>
      </trkpt>
      <trkpt lat="46.26014" lon="6.56325">
        <ele>1651.907</ele>
        <time>2025-09-30T10:15:39.000Z</time>
      </trkpt>
      <trkpt lat="46.26011" lon="6.56331">
        <ele>1653.782</ele>
        <time>2025-09-30T10:15:44.000Z</time>
      </trkpt>
      <trkpt lat="46.26008" lon="6.56338">
        <ele>1651.864</ele>
        <time>2025-09-30T10:15:49.000Z</time>
      </trkpt>
      <trkpt lat="46.26007" lon="6.56345">
        <ele>1651.485</ele>
        <time>2025-09-30T10:15:54.000Z</time>
      </trkpt>
      <trkpt lat="46.26007" lon="6.5635">
        <ele>1652.495</ele>
        <time>2025-09-30T10:15:59.000Z</time>
      </trkpt>
      <trkpt lat="46.26007" lon="6.56355">
        <ele>1655.615</ele>
        <time>2025-09-30T10:16:04.000Z</time>
      </trkpt>
      <trkpt lat="46.26008" lon="6.56362">
        <ele>1656.841</ele>
        <time>2025-09-30T10:16:09.000Z</time>
      </trkpt>
      <trkpt lat="46.2601" lon="6.56366">
        <ele>1658.705</ele>
        <time>2025-09-30T10:16:14.000Z</time>
      </trkpt>
      <trkpt lat="46.26012" lon="6.56371">
        <ele>1658.61</ele>
        <time>2025-09-30T10:16:19.000Z</time>
      </trkpt>
      <trkpt lat="46.26011" lon="6.56376">
        <ele>1657.609</ele>
        <time>2025-09-30T10:16:24.000Z</time>
      </trkpt>
      <trkpt lat="46.26011" lon="6.56381">
        <ele>1659.356</ele>
        <time>2025-09-30T10:16:29.000Z</time>
      </trkpt>
      <trkpt lat="46.2601" lon="6.56386">
        <ele>1657.744</ele>
        <time>2025-09-30T10:16:34.000Z</time>
      </trkpt>
      <trkpt lat="46.26008" lon="6.56389">
        <ele>1657.626</ele>
        <time>2025-09-30T10:16:39.000Z</time>
      </trkpt>
      <trkpt lat="46.26007" lon="6.56391">
        <ele>1659.397</ele>
        <time>2025-09-30T10:16:44.000Z</time>
      </trkpt>
      <trkpt lat="46.26005" lon="6.56397">
        <ele>1659.652</ele>
        <time>2025-09-30T10:16:49.000Z</time>
      </trkpt>
      <trkpt lat="46.26003" lon="6.56401">
        <ele>1659.452</ele>
        <time>2025-09-30T10:16:54.000Z</time>
      </trkpt>
      <trkpt lat="46.26002" lon="6.56409">
        <ele>1659.511</ele>
        <time>2025-09-30T10:16:59.000Z</time>
      </trkpt>
      <trkpt lat="46.26001" lon="6.56416">
        <ele>1659.785</ele>
        <time>2025-09-30T10:17:04.000Z</time>
      </trkpt>
      <trkpt lat="46.25999" lon="6.56422">
        <ele>1660.212</ele>
        <time>2025-09-30T10:17:09.000Z</time>
      </trkpt>
      <trkpt lat="46.25999" lon="6.56427">
        <ele>1660.006</ele>
        <time>2025-09-30T10:17:14.000Z</time>
      </trkpt>
      <trkpt lat="46.25998" lon="6.56433">
        <ele>1658.591</ele>
        <time>2025-09-30T10:17:19.000Z</time>
      </trkpt>
      <trkpt lat="46.25998" lon="6.56439">
        <ele>1659.723</ele>
        <time>2025-09-30T10:17:24.000Z</time>
      </trkpt>
      <trkpt lat="46.25997" lon="6.56447">
        <ele>1661.173</ele>
        <time>2025-09-30T10:17:29.000Z</time>
      </trkpt>
      <trkpt lat="46.25997" lon="6.56454">
        <ele>1660.41</ele>
        <time>2025-09-30T10:17:34.000Z</time>
      </trkpt>
      <trkpt lat="46.25995" lon="6.56459">
        <ele>1661.328</ele>
        <time>2025-09-30T10:17:39.000Z</time>
      </trkpt>
      <trkpt lat="46.25996" lon="6.56465">
        <ele>1663.632</ele>
        <time>2025-09-30T10:17:44.000Z</time>
      </trkpt>
      <trkpt lat="46.25997" lon="6.56469">
        <ele>1663.792</ele>
        <time>2025-09-30T10:17:49.000Z</time>
      </trkpt>
      <trkpt lat="46.25997" lon="6.56473">
        <ele>1663.524</ele>
        <time>2025-09-30T10:17:54.000Z</time>
      </trkpt>
      <trkpt lat="46.25996" lon="6.56477">
        <ele>1665.581</ele>
        <time>2025-09-30T10:17:59.000Z</time>
      </trkpt>
      <trkpt lat="46.25995" lon="6.56482">
        <ele>1663.472</ele>
        <time>2025-09-30T10:18:04.000Z</time>
      </trkpt>
      <trkpt lat="46.25993" lon="6.56485">
        <ele>1663.357</ele>
        <time>2025-09-30T10:18:09.000Z</time>
      </trkpt>
      <trkpt lat="46.25991" lon="6.56487">
        <ele>1662.631</ele>
        <time>2025-09-30T10:18:14.000Z</time>
      </trkpt>
      <trkpt lat="46.2599" lon="6.56491">
        <ele>1663.348</ele>
        <time>2025-09-30T10:18:19.000Z</time>
      </trkpt>
      <trkpt lat="46.25991" lon="6.56495">
        <ele>1662.735</ele>
        <time>2025-09-30T10:18:24.000Z</time>
      </trkpt>
      <trkpt lat="46.25991" lon="6.565">
        <ele>1663.709</ele>
        <time>2025-09-30T10:18:29.000Z</time>
      </trkpt>
      <trkpt lat="46.25989" lon="6.56505">
        <ele>1665.631</ele>
        <time>2025-09-30T10:18:34.000Z</time>
      </trkpt>
      <trkpt lat="46.25989" lon="6.5651">
        <ele>1665.613</ele>
        <time>2025-09-30T10:18:39.000Z</time>
      </trkpt>
      <trkpt lat="46.25991" lon="6.56514">
        <ele>1665.773</ele>
        <time>2025-09-30T10:18:44.000Z</time>
      </trkpt>
      <trkpt lat="46.25991" lon="6.56518">
        <ele>1666.528</ele>
        <time>2025-09-30T10:18:49.000Z</time>
      </trkpt>
      <trkpt lat="46.25989" lon="6.56521">
        <ele>1669.13</ele>
        <time>2025-09-30T10:18:54.000Z</time>
      </trkpt>
      <trkpt lat="46.25989" lon="6.56527">
        <ele>1670.324</ele>
        <time>2025-09-30T10:18:59.000Z</time>
      </trkpt>
      <trkpt lat="46.25992" lon="6.5653">
        <ele>1671.635</ele>
        <time>2025-09-30T10:19:04.000Z</time>
      </trkpt>
      <trkpt lat="46.25995" lon="6.56532">
        <ele>1671.304</ele>
        <time>2025-09-30T10:19:09.000Z</time>
      </trkpt>
      <trkpt lat="46.25997" lon="6.56534">
        <ele>1672.59</ele>
        <time>2025-09-30T10:19:14.000Z</time>
      </trkpt>
      <trkpt lat="46.25999" lon="6.56537">
        <ele>1675.231</ele>
        <time>2025-09-30T10:19:19.000Z</time>
      </trkpt>
      <trkpt lat="46.26001" lon="6.5654">
        <ele>1674.802</ele>
        <time>2025-09-30T10:19:24.000Z</time>
      </trkpt>
      <trkpt lat="46.26002" lon="6.56543">
        <ele>1675.358</ele>
        <time>2025-09-30T10:19:29.000Z</time>
      </trkpt>
      <trkpt lat="46.26003" lon="6.56546">
        <ele>1674.212</ele>
        <time>2025-09-30T10:19:34.000Z</time>
      </trkpt>
      <trkpt lat="46.26004" lon="6.56549">
        <ele>1675.531</ele>
        <time>2025-09-30T10:19:39.000Z</time>
      </trkpt>
      <trkpt lat="46.26004" lon="6.56554">
        <ele>1676.325</ele>
        <time>2025-09-30T10:19:44.000Z</time>
      </trkpt>
      <trkpt lat="46.26004" lon="6.56559">
        <ele>1675.94</ele>
        <time>2025-09-30T10:19:49.000Z</time>
      </trkpt>
      <trkpt lat="46.26003" lon="6.56563">
        <ele>1676.266</ele>
        <time>2025-09-30T10:19:54.000Z</time>
      </trkpt>
      <trkpt lat="46.26002" lon="6.56568">
        <ele>1676.19</ele>
        <time>2025-09-30T10:19:59.000Z</time>
      </trkpt>
      <trkpt lat="46.26001" lon="6.56573">
        <ele>1676.348</ele>
        <time>2025-09-30T10:20:04.000Z</time>
      </trkpt>
      <trkpt lat="46.25999" lon="6.56577">
        <ele>1675.776</ele>
        <time>2025-09-30T10:20:09.000Z</time>
      </trkpt>
      <trkpt lat="46.25997" lon="6.56581">
        <ele>1675.508</ele>
        <time>2025-09-30T10:20:14.000Z</time>
      </trkpt>
      <trkpt lat="46.25995" lon="6.56584">
        <ele>1674.544</ele>
        <time>2025-09-30T10:20:19.000Z</time>
      </trkpt>
      <trkpt lat="46.25993" lon="6.56587">
        <ele>1676.37</ele>
        <time>2025-09-30T10:20:24.000Z</time>
      </trkpt>
      <trkpt lat="46.25991" lon="6.56591">
        <ele>1675.522</ele>
        <time>2025-09-30T10:20:29.000Z</time>
      </trkpt>
      <trkpt lat="46.25991" lon="6.56597">
        <ele>1676.732</ele>
        <time>2025-09-30T10:20:34.000Z</time>
      </trkpt>
      <trkpt lat="46.25992" lon="6.56603">
        <ele>1677.343</ele>
        <time>2025-09-30T10:20:39.000Z</time>
      </trkpt>
      <trkpt lat="46.25993" lon="6.56606">
        <ele>1677.543</ele>
        <time>2025-09-30T10:20:44.000Z</time>
      </trkpt>
      <trkpt lat="46.25995" lon="6.5661">
        <ele>1679.281</ele>
        <time>2025-09-30T10:20:49.000Z</time>
      </trkpt>
      <trkpt lat="46.25996" lon="6.56614">
        <ele>1679.448</ele>
        <time>2025-09-30T10:20:54.000Z</time>
      </trkpt>
      <trkpt lat="46.25997" lon="6.56618">
        <ele>1679.003</ele>
        <time>2025-09-30T10:20:59.000Z</time>
      </trkpt>
      <trkpt lat="46.25998" lon="6.56622">
        <ele>1679.997</ele>
        <time>2025-09-30T10:21:04.000Z</time>
      </trkpt>
      <trkpt lat="46.25999" lon="6.56628">
        <ele>1681.525</ele>
        <time>2025-09-30T10:21:09.000Z</time>
      </trkpt>
      <trkpt lat="46.26" lon="6.56632">
        <ele>1680.772</ele>
        <time>2025-09-30T10:21:14.000Z</time>
      </trkpt>
      <trkpt lat="46.26" lon="6.56636">
        <ele>1680.988</ele>
        <time>2025-09-30T10:21:19.000Z</time>
      </trkpt>
      <trkpt lat="46.25999" lon="6.56638">
        <ele>1680.642</ele>
        <time>2025-09-30T10:21:24.000Z</time>
      </trkpt>
      <trkpt lat="46.25999" lon="6.56638">
        <ele>1680.527</ele>
        <time>2025-09-30T10:21:29.000Z</time>
      </trkpt>
      <trkpt lat="46.25998" lon="6.5664">
        <ele>1680.917</ele>
        <time>2025-09-30T10:21:34.000Z</time>
      </trkpt>
      <trkpt lat="46.25995" lon="6.56644">
        <ele>1680.234</ele>
        <time>2025-09-30T10:21:39.000Z</time>
      </trkpt>
      <trkpt lat="46.25995" lon="6.56645">
        <ele>1680.357</ele>
        <time>2025-09-30T10:21:44.000Z</time>
      </trkpt>
      <trkpt lat="46.25995" lon="6.56645">
        <ele>1680.369</ele>
        <time>2025-09-30T10:21:49.000Z</time>
      </trkpt>
      <trkpt lat="46.25995" lon="6.56645">
        <ele>1680.363</ele>
        <time>2025-09-30T10:21:54.000Z</time>
      </trkpt>
      <trkpt lat="46.25995" lon="6.56645">
        <ele>1680.365</ele>
        <time>2025-09-30T10:21:59.000Z</time>
      </trkpt>
      <trkpt lat="46.25995" lon="6.56645">
        <ele>1680.2</ele>
        <time>2025-09-30T10:22:04.000Z</time>
      </trkpt>
      <trkpt lat="46.25995" lon="6.56645">
        <ele>1679.836</ele>
        <time>2025-09-30T10:22:09.000Z</time>
      </trkpt>
      <trkpt lat="46.25995" lon="6.56645">
        <ele>1679.831</ele>
        <time>2025-09-30T10:22:14.000Z</time>
      </trkpt>
      <trkpt lat="46.25995" lon="6.56645">
        <ele>1679.83</ele>
        <time>2025-09-30T10:22:19.000Z</time>
      </trkpt>
      <trkpt lat="46.25995" lon="6.56645">
        <ele>1679.932</ele>
        <time>2025-09-30T10:22:24.000Z</time>
      </trkpt>
      <trkpt lat="46.25995" lon="6.56645">
        <ele>1681.09</ele>
        <time>2025-09-30T10:22:29.000Z</time>
      </trkpt>
      <trkpt lat="46.25995" lon="6.56645">
        <ele>1681.112</ele>
        <time>2025-09-30T10:22:34.000Z</time>
      </trkpt>
      <trkpt lat="46.25995" lon="6.56645">
        <ele>1681.115</ele>
        <time>2025-09-30T10:22:39.000Z</time>
      </trkpt>
      <trkpt lat="46.25995" lon="6.56645">
        <ele>1681.138</ele>
        <time>2025-09-30T10:22:44.000Z</time>
      </trkpt>
      <trkpt lat="46.25995" lon="6.56645">
        <ele>1681.167</ele>
        <time>2025-09-30T10:22:49.000Z</time>
      </trkpt>
      <trkpt lat="46.25995" lon="6.56645">
        <ele>1680.88</ele>
        <time>2025-09-30T10:22:54.000Z</time>
      </trkpt>
      <trkpt lat="46.25995" lon="6.56645">
        <ele>1681.136</ele>
        <time>2025-09-30T10:22:59.000Z</time>
      </trkpt>
      <trkpt lat="46.25995" lon="6.56645">
        <ele>1680.624</ele>
        <time>2025-09-30T10:23:04.000Z</time>
      </trkpt>
      <trkpt lat="46.25993" lon="6.56644">
        <ele>1679.765</ele>
        <time>2025-09-30T10:23:09.000Z</time>
      </trkpt>
      <trkpt lat="46.25992" lon="6.56642">
        <ele>1681.35</ele>
        <time>2025-09-30T10:23:14.000Z</time>
      </trkpt>
      <trkpt lat="46.25989" lon="6.56643">
        <ele>1681.01</ele>
        <time>2025-09-30T10:23:19.000Z</time>
      </trkpt>
      <trkpt lat="46.25987" lon="6.56644">
        <ele>1682.457</ele>
        <time>2025-09-30T10:23:24.000Z</time>
      </trkpt>
      <trkpt lat="46.25984" lon="6.56646">
        <ele>1683.601</ele>
        <time>2025-09-30T10:23:29.000Z</time>
      </trkpt>
      <trkpt lat="46.25981" lon="6.56647">
        <ele>1682.95</ele>
        <time>2025-09-30T10:23:34.000Z</time>
      </trkpt>
      <trkpt lat="46.25977" lon="6.56645">
        <ele>1682.492</ele>
        <time>2025-09-30T10:23:39.000Z</time>
      </trkpt>
      <trkpt lat="46.25973" lon="6.56644">
        <ele>1685.723</ele>
        <time>2025-09-30T10:23:44.000Z</time>
      </trkpt>
      <trkpt lat="46.25969" lon="6.56644">
        <ele>1686.712</ele>
        <time>2025-09-30T10:23:49.000Z</time>
      </trkpt>
      <trkpt lat="46.25965" lon="6.56643">
        <ele>1688.401</ele>
        <time>2025-09-30T10:23:54.000Z</time>
      </trkpt>
      <trkpt lat="46.25961" lon="6.56643">
        <ele>1686.839</ele>
        <time>2025-09-30T10:23:59.000Z</time>
      </trkpt>
      <trkpt lat="46.25957" lon="6.56645">
        <ele>1684.705</ele>
        <time>2025-09-30T10:24:04.000Z</time>
      </trkpt>
      <trkpt lat="46.25954" lon="6.56647">
        <ele>1684.876</ele>
        <time>2025-09-30T10:24:09.000Z</time>
      </trkpt>
      <trkpt lat="46.25951" lon="6.56649">
        <ele>1685.832</ele>
        <time>2025-09-30T10:24:14.000Z</time>
      </trkpt>
      <trkpt lat="46.25949" lon="6.56651">
        <ele>1685.641</ele>
        <time>2025-09-30T10:24:19.000Z</time>
      </trkpt>
      <trkpt lat="46.25948" lon="6.56653">
        <ele>1687.999</ele>
        <time>2025-09-30T10:24:24.000Z</time>
      </trkpt>
      <trkpt lat="46.25948" lon="6.56653">
        <ele>1688.098</ele>
        <time>2025-09-30T10:24:29.000Z</time>
      </trkpt>
      <trkpt lat="46.25947" lon="6.56655">
        <ele>1687.289</ele>
        <time>2025-09-30T10:24:34.000Z</time>
      </trkpt>
      <trkpt lat="46.25946" lon="6.56656">
        <ele>1687.419</ele>
        <time>2025-09-30T10:24:39.000Z</time>
      </trkpt>
      <trkpt lat="46.25945" lon="6.56656">
        <ele>1686.25</ele>
        <time>2025-09-30T10:24:44.000Z</time>
      </trkpt>
      <trkpt lat="46.25945" lon="6.56656">
        <ele>1686.243</ele>
        <time>2025-09-30T10:24:49.000Z</time>
      </trkpt>
      <trkpt lat="46.25945" lon="6.56656">
        <ele>1686.036</ele>
        <time>2025-09-30T10:24:54.000Z</time>
      </trkpt>
      <trkpt lat="46.25945" lon="6.56656">
        <ele>1686.077</ele>
        <time>2025-09-30T10:24:59.000Z</time>
      </trkpt>
      <trkpt lat="46.25945" lon="6.56656">
        <ele>1686.071</ele>
        <time>2025-09-30T10:25:04.000Z</time>
      </trkpt>
      <trkpt lat="46.25945" lon="6.56656">
        <ele>1686.155</ele>
        <time>2025-09-30T10:25:09.000Z</time>
      </trkpt>
      <trkpt lat="46.25945" lon="6.56656">
        <ele>1686.143</ele>
        <time>2025-09-30T10:25:14.000Z</time>
      </trkpt>
      <trkpt lat="46.25945" lon="6.56656">
        <ele>1686.119</ele>
        <time>2025-09-30T10:25:19.000Z</time>
      </trkpt>
      <trkpt lat="46.25945" lon="6.56656">
        <ele>1686.102</ele>
        <time>2025-09-30T10:25:24.000Z</time>
      </trkpt>
      <trkpt lat="46.25945" lon="6.56656">
        <ele>1685.975</ele>
        <time>2025-09-30T10:25:29.000Z</time>
      </trkpt>
      <trkpt lat="46.25945" lon="6.56656">
        <ele>1687.549</ele>
        <time>2025-09-30T10:25:34.000Z</time>
      </trkpt>
      <trkpt lat="46.25945" lon="6.56656">
        <ele>1688.242</ele>
        <time>2025-09-30T10:25:39.000Z</time>
      </trkpt>
      <trkpt lat="46.25945" lon="6.56656">
        <ele>1688.257</ele>
        <time>2025-09-30T10:25:44.000Z</time>
      </trkpt>
      <trkpt lat="46.25945" lon="6.56656">
        <ele>1687.598</ele>
        <time>2025-09-30T10:25:49.000Z</time>
      </trkpt>
      <trkpt lat="46.25945" lon="6.56658">
        <ele>1687.551</ele>
        <time>2025-09-30T10:25:54.000Z</time>
      </trkpt>
      <trkpt lat="46.25945" lon="6.56658">
        <ele>1687.593</ele>
        <time>2025-09-30T10:25:59.000Z</time>
      </trkpt>
      <trkpt lat="46.25947" lon="6.56657">
        <ele>1687.726</ele>
        <time>2025-09-30T10:26:04.000Z</time>
      </trkpt>
      <trkpt lat="46.25949" lon="6.56655">
        <ele>1684.735</ele>
        <time>2025-09-30T10:26:09.000Z</time>
      </trkpt>
      <trkpt lat="46.25951" lon="6.56649">
        <ele>1684.015</ele>
        <time>2025-09-30T10:26:14.000Z</time>
      </trkpt>
      <trkpt lat="46.25955" lon="6.56646">
        <ele>1685.15</ele>
        <time>2025-09-30T10:26:19.000Z</time>
      </trkpt>
      <trkpt lat="46.25959" lon="6.56644">
        <ele>1682.886</ele>
        <time>2025-09-30T10:26:24.000Z</time>
      </trkpt>
      <trkpt lat="46.25963" lon="6.56644">
        <ele>1684.081</ele>
        <time>2025-09-30T10:26:29.000Z</time>
      </trkpt>
      <trkpt lat="46.25966" lon="6.56643">
        <ele>1683.006</ele>
        <time>2025-09-30T10:26:34.000Z</time>
      </trkpt>
      <trkpt lat="46.25969" lon="6.56643">
        <ele>1682.259</ele>
        <time>2025-09-30T10:26:39.000Z</time>
      </trkpt>
      <trkpt lat="46.25973" lon="6.56643">
        <ele>1682.135</ele>
        <time>2025-09-30T10:26:44.000Z</time>
      </trkpt>
      <trkpt lat="46.25973" lon="6.56644">
        <ele>1682.402</ele>
        <time>2025-09-30T10:26:49.000Z</time>
      </trkpt>
      <trkpt lat="46.25977" lon="6.56644">
        <ele>1683.037</ele>
        <time>2025-09-30T10:26:54.000Z</time>
      </trkpt>
      <trkpt lat="46.2598" lon="6.56648">
        <ele>1681.798</ele>
        <time>2025-09-30T10:26:59.000Z</time>
      </trkpt>
      <trkpt lat="46.25985" lon="6.56648">
        <ele>1684.16</ele>
        <time>2025-09-30T10:27:04.000Z</time>
      </trkpt>
      <trkpt lat="46.2599" lon="6.56646">
        <ele>1685.26</ele>
        <time>2025-09-30T10:27:09.000Z</time>
      </trkpt>
      <trkpt lat="46.25994" lon="6.56644">
        <ele>1685.742</ele>
        <time>2025-09-30T10:27:14.000Z</time>
      </trkpt>
      <trkpt lat="46.25998" lon="6.56645">
        <ele>1684.81</ele>
        <time>2025-09-30T10:27:19.000Z</time>
      </trkpt>
      <trkpt lat="46.26" lon="6.56645">
        <ele>1684.225</ele>
        <time>2025-09-30T10:27:24.000Z</time>
      </trkpt>
      <trkpt lat="46.26001" lon="6.56644">
        <ele>1684.497</ele>
        <time>2025-09-30T10:27:29.000Z</time>
      </trkpt>
      <trkpt lat="46.26005" lon="6.56647">
        <ele>1685.08</ele>
        <time>2025-09-30T10:27:34.000Z</time>
      </trkpt>
      <trkpt lat="46.26009" lon="6.56648">
        <ele>1686.141</ele>
        <time>2025-09-30T10:27:39.000Z</time>
      </trkpt>
      <trkpt lat="46.26012" lon="6.5665">
        <ele>1687.384</ele>
        <time>2025-09-30T10:27:44.000Z</time>
      </trkpt>
      <trkpt lat="46.26016" lon="6.56653">
        <ele>1687.926</ele>
        <time>2025-09-30T10:27:49.000Z</time>
      </trkpt>
      <trkpt lat="46.26021" lon="6.56655">
        <ele>1687.557</ele>
        <time>2025-09-30T10:27:54.000Z</time>
      </trkpt>
      <trkpt lat="46.26025" lon="6.56658">
        <ele>1687.465</ele>
        <time>2025-09-30T10:27:59.000Z</time>
      </trkpt>
      <trkpt lat="46.26028" lon="6.56663">
        <ele>1687.88</ele>
        <time>2025-09-30T10:28:04.000Z</time>
      </trkpt>
      <trkpt lat="46.26029" lon="6.5667">
        <ele>1687.62</ele>
        <time>2025-09-30T10:28:09.000Z</time>
      </trkpt>
      <trkpt lat="46.26029" lon="6.5668">
        <ele>1686.722</ele>
        <time>2025-09-30T10:28:14.000Z</time>
      </trkpt>
      <trkpt lat="46.26029" lon="6.56689">
        <ele>1687.427</ele>
        <time>2025-09-30T10:28:19.000Z</time>
      </trkpt>
      <trkpt lat="46.26028" lon="6.56696">
        <ele>1688.894</ele>
        <time>2025-09-30T10:28:24.000Z</time>
      </trkpt>
      <trkpt lat="46.26028" lon="6.56703">
        <ele>1689.534</ele>
        <time>2025-09-30T10:28:29.000Z</time>
      </trkpt>
      <trkpt lat="46.26028" lon="6.56711">
        <ele>1689.585</ele>
        <time>2025-09-30T10:28:34.000Z</time>
      </trkpt>
      <trkpt lat="46.26028" lon="6.56716">
        <ele>1688.939</ele>
        <time>2025-09-30T10:28:39.000Z</time>
      </trkpt>
      <trkpt lat="46.26028" lon="6.56722">
        <ele>1688.564</ele>
        <time>2025-09-30T10:28:44.000Z</time>
      </trkpt>
      <trkpt lat="46.26027" lon="6.56729">
        <ele>1688.519</ele>
        <time>2025-09-30T10:28:49.000Z</time>
      </trkpt>
      <trkpt lat="46.26026" lon="6.56735">
        <ele>1691.378</ele>
        <time>2025-09-30T10:28:54.000Z</time>
      </trkpt>
      <trkpt lat="46.26026" lon="6.56742">
        <ele>1691.793</ele>
        <time>2025-09-30T10:28:59.000Z</time>
      </trkpt>
      <trkpt lat="46.26025" lon="6.56747">
        <ele>1692.041</ele>
        <time>2025-09-30T10:29:04.000Z</time>
      </trkpt>
      <trkpt lat="46.26024" lon="6.56754">
        <ele>1692.039</ele>
        <time>2025-09-30T10:29:09.000Z</time>
      </trkpt>
      <trkpt lat="46.26023" lon="6.5676">
        <ele>1691.709</ele>
        <time>2025-09-30T10:29:14.000Z</time>
      </trkpt>
      <trkpt lat="46.26021" lon="6.56766">
        <ele>1691.258</ele>
        <time>2025-09-30T10:29:19.000Z</time>
      </trkpt>
      <trkpt lat="46.2602" lon="6.56771">
        <ele>1690.201</ele>
        <time>2025-09-30T10:29:24.000Z</time>
      </trkpt>
      <trkpt lat="46.26017" lon="6.56775">
        <ele>1690.557</ele>
        <time>2025-09-30T10:29:29.000Z</time>
      </trkpt>
      <trkpt lat="46.26015" lon="6.56778">
        <ele>1692.089</ele>
        <time>2025-09-30T10:29:34.000Z</time>
      </trkpt>
      <trkpt lat="46.26013" lon="6.56784">
        <ele>1691.837</ele>
        <time>2025-09-30T10:29:39.000Z</time>
      </trkpt>
      <trkpt lat="46.26011" lon="6.56788">
        <ele>1691.812</ele>
        <time>2025-09-30T10:29:44.000Z</time>
      </trkpt>
      <trkpt lat="46.26008" lon="6.5679">
        <ele>1693.476</ele>
        <time>2025-09-30T10:29:49.000Z</time>
      </trkpt>
      <trkpt lat="46.26004" lon="6.5679">
        <ele>1694.409</ele>
        <time>2025-09-30T10:29:54.000Z</time>
      </trkpt>
      <trkpt lat="46.26" lon="6.5679">
        <ele>1693.873</ele>
        <time>2025-09-30T10:29:59.000Z</time>
      </trkpt>
      <trkpt lat="46.25995" lon="6.5679">
        <ele>1689.821</ele>
        <time>2025-09-30T10:30:04.000Z</time>
      </trkpt>
      <trkpt lat="46.25992" lon="6.56791">
        <ele>1689.204</ele>
        <time>2025-09-30T10:30:09.000Z</time>
      </trkpt>
      <trkpt lat="46.25987" lon="6.56789">
        <ele>1691.533</ele>
        <time>2025-09-30T10:30:14.000Z</time>
      </trkpt>
      <trkpt lat="46.25984" lon="6.5679">
        <ele>1690.687</ele>
        <time>2025-09-30T10:30:19.000Z</time>
      </trkpt>
      <trkpt lat="46.25984" lon="6.56796">
        <ele>1692.475</ele>
        <time>2025-09-30T10:30:24.000Z</time>
      </trkpt>
      <trkpt lat="46.25987" lon="6.568">
        <ele>1695.193</ele>
        <time>2025-09-30T10:30:29.000Z</time>
      </trkpt>
      <trkpt lat="46.25991" lon="6.56801">
        <ele>1696.367</ele>
        <time>2025-09-30T10:30:34.000Z</time>
      </trkpt>
      <trkpt lat="46.25996" lon="6.56803">
        <ele>1696.323</ele>
        <time>2025-09-30T10:30:39.000Z</time>
      </trkpt>
      <trkpt lat="46.25998" lon="6.56808">
        <ele>1697.701</ele>
        <time>2025-09-30T10:30:44.000Z</time>
      </trkpt>
      <trkpt lat="46.26002" lon="6.56812">
        <ele>1699.103</ele>
        <time>2025-09-30T10:30:49.000Z</time>
      </trkpt>
      <trkpt lat="46.26001" lon="6.56818">
        <ele>1701.291</ele>
        <time>2025-09-30T10:30:54.000Z</time>
      </trkpt>
      <trkpt lat="46.26003" lon="6.56823">
        <ele>1700.765</ele>
        <time>2025-09-30T10:30:59.000Z</time>
      </trkpt>
      <trkpt lat="46.26004" lon="6.56827">
        <ele>1703.656</ele>
        <time>2025-09-30T10:31:04.000Z</time>
      </trkpt>
      <trkpt lat="46.26005" lon="6.56833">
        <ele>1705.697</ele>
        <time>2025-09-30T10:31:09.000Z</time>
      </trkpt>
      <trkpt lat="46.26007" lon="6.56836">
        <ele>1704.419</ele>
        <time>2025-09-30T10:31:14.000Z</time>
      </trkpt>
      <trkpt lat="46.2601" lon="6.56838">
        <ele>1705.32</ele>
        <time>2025-09-30T10:31:19.000Z</time>
      </trkpt>
      <trkpt lat="46.26013" lon="6.56841">
        <ele>1706.116</ele>
        <time>2025-09-30T10:31:24.000Z</time>
      </trkpt>
      <trkpt lat="46.26015" lon="6.56845">
        <ele>1706.402</ele>
        <time>2025-09-30T10:31:29.000Z</time>
      </trkpt>
      <trkpt lat="46.26017" lon="6.56849">
        <ele>1708.52</ele>
        <time>2025-09-30T10:31:34.000Z</time>
      </trkpt>
      <trkpt lat="46.26019" lon="6.56854">
        <ele>1708.865</ele>
        <time>2025-09-30T10:31:39.000Z</time>
      </trkpt>
      <trkpt lat="46.26021" lon="6.56859">
        <ele>1711.034</ele>
        <time>2025-09-30T10:31:44.000Z</time>
      </trkpt>
      <trkpt lat="46.26022" lon="6.56864">
        <ele>1711.543</ele>
        <time>2025-09-30T10:31:49.000Z</time>
      </trkpt>
      <trkpt lat="46.26024" lon="6.56867">
        <ele>1712.193</ele>
        <time>2025-09-30T10:31:54.000Z</time>
      </trkpt>
      <trkpt lat="46.26026" lon="6.5687">
        <ele>1712.316</ele>
        <time>2025-09-30T10:31:59.000Z</time>
      </trkpt>
      <trkpt lat="46.26027" lon="6.56875">
        <ele>1712.613</ele>
        <time>2025-09-30T10:32:04.000Z</time>
      </trkpt>
      <trkpt lat="46.2603" lon="6.56881">
        <ele>1714.32</ele>
        <time>2025-09-30T10:32:09.000Z</time>
      </trkpt>
      <trkpt lat="46.26035" lon="6.56885">
        <ele>1717.778</ele>
        <time>2025-09-30T10:32:14.000Z</time>
      </trkpt>
      <trkpt lat="46.26036" lon="6.56891">
        <ele>1717.125</ele>
        <time>2025-09-30T10:32:19.000Z</time>
      </trkpt>
      <trkpt lat="46.26036" lon="6.56894">
        <ele>1716.888</ele>
        <time>2025-09-30T10:32:24.000Z</time>
      </trkpt>
      <trkpt lat="46.26036" lon="6.56894">
        <ele>1716.638</ele>
        <time>2025-09-30T10:32:29.000Z</time>
      </trkpt>
      <trkpt lat="46.26036" lon="6.56898">
        <ele>1715.959</ele>
        <time>2025-09-30T10:32:34.000Z</time>
      </trkpt>
      <trkpt lat="46.26037" lon="6.56901">
        <ele>1714.105</ele>
        <time>2025-09-30T10:32:39.000Z</time>
      </trkpt>
      <trkpt lat="46.2604" lon="6.56904">
        <ele>1713.098</ele>
        <time>2025-09-30T10:32:44.000Z</time>
      </trkpt>
      <trkpt lat="46.26043" lon="6.56908">
        <ele>1714.402</ele>
        <time>2025-09-30T10:32:49.000Z</time>
      </trkpt>
      <trkpt lat="46.26044" lon="6.56911">
        <ele>1716.936</ele>
        <time>2025-09-30T10:32:54.000Z</time>
      </trkpt>
      <trkpt lat="46.26046" lon="6.56915">
        <ele>1717.694</ele>
        <time>2025-09-30T10:32:59.000Z</time>
      </trkpt>
      <trkpt lat="46.26049" lon="6.56918">
        <ele>1719.215</ele>
        <time>2025-09-30T10:33:04.000Z</time>
      </trkpt>
      <trkpt lat="46.2605" lon="6.56922">
        <ele>1719.619</ele>
        <time>2025-09-30T10:33:09.000Z</time>
      </trkpt>
      <trkpt lat="46.26052" lon="6.56925">
        <ele>1719.149</ele>
        <time>2025-09-30T10:33:14.000Z</time>
      </trkpt>
      <trkpt lat="46.26055" lon="6.56928">
        <ele>1720.061</ele>
        <time>2025-09-30T10:33:19.000Z</time>
      </trkpt>
      <trkpt lat="46.26057" lon="6.56932">
        <ele>1722.736</ele>
        <time>2025-09-30T10:33:24.000Z</time>
      </trkpt>
      <trkpt lat="46.26059" lon="6.56937">
        <ele>1721.656</ele>
        <time>2025-09-30T10:33:29.000Z</time>
      </trkpt>
      <trkpt lat="46.2606" lon="6.56943">
        <ele>1722.15</ele>
        <time>2025-09-30T10:33:34.000Z</time>
      </trkpt>
      <trkpt lat="46.26062" lon="6.56948">
        <ele>1722.184</ele>
        <time>2025-09-30T10:33:39.000Z</time>
      </trkpt>
      <trkpt lat="46.26064" lon="6.56953">
        <ele>1722.975</ele>
        <time>2025-09-30T10:33:44.000Z</time>
      </trkpt>
      <trkpt lat="46.26065" lon="6.56958">
        <ele>1723.417</ele>
        <time>2025-09-30T10:33:49.000Z</time>
      </trkpt>
      <trkpt lat="46.26066" lon="6.56961">
        <ele>1723.64</ele>
        <time>2025-09-30T10:33:54.000Z</time>
      </trkpt>
      <trkpt lat="46.26064" lon="6.56964">
        <ele>1724.677</ele>
        <time>2025-09-30T10:33:59.000Z</time>
      </trkpt>
      <trkpt lat="46.2606" lon="6.56964">
        <ele>1724.312</ele>
        <time>2025-09-30T10:34:04.000Z</time>
      </trkpt>
      <trkpt lat="46.26058" lon="6.56964">
        <ele>1722.17</ele>
        <time>2025-09-30T10:34:09.000Z</time>
      </trkpt>
      <trkpt lat="46.26055" lon="6.56961">
        <ele>1723.178</ele>
        <time>2025-09-30T10:34:14.000Z</time>
      </trkpt>
      <trkpt lat="46.26052" lon="6.56958">
        <ele>1725.231</ele>
        <time>2025-09-30T10:34:19.000Z</time>
      </trkpt>
      <trkpt lat="46.26049" lon="6.56958">
        <ele>1726.409</ele>
        <time>2025-09-30T10:34:24.000Z</time>
      </trkpt>
      <trkpt lat="46.26048" lon="6.56962">
        <ele>1728.214</ele>
        <time>2025-09-30T10:34:29.000Z</time>
      </trkpt>
      <trkpt lat="46.26047" lon="6.56963">
        <ele>1728.097</ele>
        <time>2025-09-30T10:34:34.000Z</time>
      </trkpt>
      <trkpt lat="46.26048" lon="6.56969">
        <ele>1731.337</ele>
        <time>2025-09-30T10:34:39.000Z</time>
      </trkpt>
      <trkpt lat="46.26046" lon="6.56973">
        <ele>1731.338</ele>
        <time>2025-09-30T10:34:44.000Z</time>
      </trkpt>
      <trkpt lat="46.26047" lon="6.56977">
        <ele>1731.566</ele>
        <time>2025-09-30T10:34:49.000Z</time>
      </trkpt>
      <trkpt lat="46.2605" lon="6.56979">
        <ele>1732.147</ele>
        <time>2025-09-30T10:34:54.000Z</time>
      </trkpt>
      <trkpt lat="46.26052" lon="6.56981">
        <ele>1733.705</ele>
        <time>2025-09-30T10:34:59.000Z</time>
      </trkpt>
      <trkpt lat="46.26052" lon="6.56981">
        <ele>1733.754</ele>
        <time>2025-09-30T10:35:04.000Z</time>
      </trkpt>
      <trkpt lat="46.26052" lon="6.56982">
        <ele>1734.594</ele>
        <time>2025-09-30T10:35:09.000Z</time>
      </trkpt>
      <trkpt lat="46.26052" lon="6.56982">
        <ele>1734.618</ele>
        <time>2025-09-30T10:35:14.000Z</time>
      </trkpt>
      <trkpt lat="46.26052" lon="6.56982">
        <ele>1734.59</ele>
        <time>2025-09-30T10:35:19.000Z</time>
      </trkpt>
      <trkpt lat="46.26052" lon="6.56982">
        <ele>1734.579</ele>
        <time>2025-09-30T10:35:24.000Z</time>
      </trkpt>
      <trkpt lat="46.26052" lon="6.56982">
        <ele>1734.59</ele>
        <time>2025-09-30T10:35:29.000Z</time>
      </trkpt>
      <trkpt lat="46.26052" lon="6.56982">
        <ele>1734.63</ele>
        <time>2025-09-30T10:35:34.000Z</time>
      </trkpt>
      <trkpt lat="46.26052" lon="6.56982">
        <ele>1734.651</ele>
        <time>2025-09-30T10:35:39.000Z</time>
      </trkpt>
      <trkpt lat="46.26052" lon="6.56982">
        <ele>1734.697</ele>
        <time>2025-09-30T10:35:44.000Z</time>
      </trkpt>
      <trkpt lat="46.26052" lon="6.56982">
        <ele>1735.844</ele>
        <time>2025-09-30T10:35:49.000Z</time>
      </trkpt>
      <trkpt lat="46.26052" lon="6.56982">
        <ele>1737.659</ele>
        <time>2025-09-30T10:35:54.000Z</time>
      </trkpt>
      <trkpt lat="46.26052" lon="6.56982">
        <ele>1738.925</ele>
        <time>2025-09-30T10:35:59.000Z</time>
      </trkpt>
      <trkpt lat="46.26052" lon="6.56982">
        <ele>1738.472</ele>
        <time>2025-09-30T10:36:04.000Z</time>
      </trkpt>
      <trkpt lat="46.26052" lon="6.56982">
        <ele>1738.473</ele>
        <time>2025-09-30T10:36:09.000Z</time>
      </trkpt>
      <trkpt lat="46.26052" lon="6.56982">
        <ele>1738.474</ele>
        <time>2025-09-30T10:36:14.000Z</time>
      </trkpt>
      <trkpt lat="46.26052" lon="6.56982">
        <ele>1738.44</ele>
        <time>2025-09-30T10:36:19.000Z</time>
      </trkpt>
      <trkpt lat="46.26052" lon="6.56982">
        <ele>1738.354</ele>
        <time>2025-09-30T10:36:24.000Z</time>
      </trkpt>
      <trkpt lat="46.26052" lon="6.56982">
        <ele>1738.346</ele>
        <time>2025-09-30T10:36:29.000Z</time>
      </trkpt>
      <trkpt lat="46.26052" lon="6.56982">
        <ele>1738.336</ele>
        <time>2025-09-30T10:36:34.000Z</time>
      </trkpt>
      <trkpt lat="46.26052" lon="6.56982">
        <ele>1738.322</ele>
        <time>2025-09-30T10:36:39.000Z</time>
      </trkpt>
      <trkpt lat="46.26052" lon="6.56982">
        <ele>1738.294</ele>
        <time>2025-09-30T10:36:44.000Z</time>
      </trkpt>
      <trkpt lat="46.26052" lon="6.56982">
        <ele>1738.284</ele>
        <time>2025-09-30T10:36:49.000Z</time>
      </trkpt>
      <trkpt lat="46.26052" lon="6.56982">
        <ele>1738.281</ele>
        <time>2025-09-30T10:36:54.000Z</time>
      </trkpt>
      <trkpt lat="46.26052" lon="6.56982">
        <ele>1738.285</ele>
        <time>2025-09-30T10:36:59.000Z</time>
      </trkpt>
      <trkpt lat="46.26052" lon="6.56982">
        <ele>1738.299</ele>
        <time>2025-09-30T10:37:04.000Z</time>
      </trkpt>
      <trkpt lat="46.26052" lon="6.56982">
        <ele>1738.309</ele>
        <time>2025-09-30T10:37:09.000Z</time>
      </trkpt>
      <trkpt lat="46.26052" lon="6.56982">
        <ele>1738.309</ele>
        <time>2025-09-30T10:37:14.000Z</time>
      </trkpt>
      <trkpt lat="46.26052" lon="6.56982">
        <ele>1738.29</ele>
        <time>2025-09-30T10:37:19.000Z</time>
      </trkpt>
      <trkpt lat="46.26059" lon="6.56993">
        <ele>1738.248</ele>
        <time>2025-09-30T10:37:24.000Z</time>
      </trkpt>
      <trkpt lat="46.26059" lon="6.56995">
        <ele>1738.541</ele>
        <time>2025-09-30T10:37:29.000Z</time>
      </trkpt>
      <trkpt lat="46.26057" lon="6.56999">
        <ele>1738.93</ele>
        <time>2025-09-30T10:37:34.000Z</time>
      </trkpt>
      <trkpt lat="46.26054" lon="6.57001">
        <ele>1738.261</ele>
        <time>2025-09-30T10:37:39.000Z</time>
      </trkpt>
      <trkpt lat="46.26052" lon="6.57002">
        <ele>1739.253</ele>
        <time>2025-09-30T10:37:44.000Z</time>
      </trkpt>
      <trkpt lat="46.2605" lon="6.57005">
        <ele>1739.388</ele>
        <time>2025-09-30T10:37:49.000Z</time>
      </trkpt>
      <trkpt lat="46.26049" lon="6.5701">
        <ele>1739.492</ele>
        <time>2025-09-30T10:37:54.000Z</time>
      </trkpt>
      <trkpt lat="46.2605" lon="6.57015">
        <ele>1740.397</ele>
        <time>2025-09-30T10:37:59.000Z</time>
      </trkpt>
      <trkpt lat="46.2605" lon="6.57019">
        <ele>1741.478</ele>
        <time>2025-09-30T10:38:04.000Z</time>
      </trkpt>
      <trkpt lat="46.2605" lon="6.57019">
        <ele>1741.533</ele>
        <time>2025-09-30T10:38:09.000Z</time>
      </trkpt>
      <trkpt lat="46.2605" lon="6.57022">
        <ele>1742.209</ele>
        <time>2025-09-30T10:38:14.000Z</time>
      </trkpt>
      <trkpt lat="46.26051" lon="6.57026">
        <ele>1741.919</ele>
        <time>2025-09-30T10:38:19.000Z</time>
      </trkpt>
      <trkpt lat="46.26053" lon="6.57032">
        <ele>1741.871</ele>
        <time>2025-09-30T10:38:24.000Z</time>
      </trkpt>
      <trkpt lat="46.26055" lon="6.57038">
        <ele>1741.266</ele>
        <time>2025-09-30T10:38:29.000Z</time>
      </trkpt>
      <trkpt lat="46.26057" lon="6.57045">
        <ele>1740.298</ele>
        <time>2025-09-30T10:38:34.000Z</time>
      </trkpt>
      <trkpt lat="46.26061" lon="6.57049">
        <ele>1740.937</ele>
        <time>2025-09-30T10:38:39.000Z</time>
      </trkpt>
      <trkpt lat="46.26064" lon="6.57054">
        <ele>1741.307</ele>
        <time>2025-09-30T10:38:44.000Z</time>
      </trkpt>
      <trkpt lat="46.26067" lon="6.57058">
        <ele>1741.993</ele>
        <time>2025-09-30T10:38:49.000Z</time>
      </trkpt>
      <trkpt lat="46.26071" lon="6.57061">
        <ele>1742.455</ele>
        <time>2025-09-30T10:38:54.000Z</time>
      </trkpt>
      <trkpt lat="46.26074" lon="6.57064">
        <ele>1742.194</ele>
        <time>2025-09-30T10:38:59.000Z</time>
      </trkpt>
      <trkpt lat="46.26076" lon="6.57067">
        <ele>1742.975</ele>
        <time>2025-09-30T10:39:04.000Z</time>
      </trkpt>
      <trkpt lat="46.26077" lon="6.57071">
        <ele>1744.165</ele>
        <time>2025-09-30T10:39:09.000Z</time>
      </trkpt>
      <trkpt lat="46.2608" lon="6.57073">
        <ele>1744.616</ele>
        <time>2025-09-30T10:39:14.000Z</time>
      </trkpt>
      <trkpt lat="46.26082" lon="6.57077">
        <ele>1744.397</ele>
        <time>2025-09-30T10:39:19.000Z</time>
      </trkpt>
      <trkpt lat="46.26082" lon="6.57082">
        <ele>1745.676</ele>
        <time>2025-09-30T10:39:24.000Z</time>
      </trkpt>
      <trkpt lat="46.26079" lon="6.57084">
        <ele>1746.93</ele>
        <time>2025-09-30T10:39:29.000Z</time>
      </trkpt>
      <trkpt lat="46.26076" lon="6.57083">
        <ele>1748.045</ele>
        <time>2025-09-30T10:39:34.000Z</time>
      </trkpt>
      <trkpt lat="46.26074" lon="6.57083">
        <ele>1748.723</ele>
        <time>2025-09-30T10:39:39.000Z</time>
      </trkpt>
      <trkpt lat="46.26072" lon="6.57087">
        <ele>1748.442</ele>
        <time>2025-09-30T10:39:44.000Z</time>
      </trkpt>
      <trkpt lat="46.26072" lon="6.57092">
        <ele>1750.03</ele>
        <time>2025-09-30T10:39:49.000Z</time>
      </trkpt>
      <trkpt lat="46.26071" lon="6.57097">
        <ele>1751.869</ele>
        <time>2025-09-30T10:39:54.000Z</time>
      </trkpt>
      <trkpt lat="46.26069" lon="6.57102">
        <ele>1751.062</ele>
        <time>2025-09-30T10:39:59.000Z</time>
      </trkpt>
      <trkpt lat="46.2607" lon="6.57106">
        <ele>1751.519</ele>
        <time>2025-09-30T10:40:04.000Z</time>
      </trkpt>
      <trkpt lat="46.2607" lon="6.57111">
        <ele>1751.53</ele>
        <time>2025-09-30T10:40:09.000Z</time>
      </trkpt>
      <trkpt lat="46.2607" lon="6.57115">
        <ele>1753.029</ele>
        <time>2025-09-30T10:40:14.000Z</time>
      </trkpt>
      <trkpt lat="46.2607" lon="6.57117">
        <ele>1753.285</ele>
        <time>2025-09-30T10:40:19.000Z</time>
      </trkpt>
      <trkpt lat="46.2607" lon="6.57119">
        <ele>1752.92</ele>
        <time>2025-09-30T10:40:24.000Z</time>
      </trkpt>
      <trkpt lat="46.26069" lon="6.57121">
        <ele>1754.79</ele>
        <time>2025-09-30T10:40:29.000Z</time>
      </trkpt>
      <trkpt lat="46.26067" lon="6.57122">
        <ele>1757.039</ele>
        <time>2025-09-30T10:40:34.000Z</time>
      </trkpt>
      <trkpt lat="46.26064" lon="6.57122">
        <ele>1758.661</ele>
        <time>2025-09-30T10:40:39.000Z</time>
      </trkpt>
      <trkpt lat="46.26061" lon="6.57123">
        <ele>1759.663</ele>
        <time>2025-09-30T10:40:44.000Z</time>
      </trkpt>
      <trkpt lat="46.26058" lon="6.57122">
        <ele>1760.504</ele>
        <time>2025-09-30T10:40:49.000Z</time>
      </trkpt>
      <trkpt lat="46.26056" lon="6.57121">
        <ele>1761.359</ele>
        <time>2025-09-30T10:40:54.000Z</time>
      </trkpt>
      <trkpt lat="46.26053" lon="6.57118">
        <ele>1762.562</ele>
        <time>2025-09-30T10:40:59.000Z</time>
      </trkpt>
      <trkpt lat="46.2605" lon="6.57119">
        <ele>1761.768</ele>
        <time>2025-09-30T10:41:04.000Z</time>
      </trkpt>
      <trkpt lat="46.26047" lon="6.57122">
        <ele>1762.711</ele>
        <time>2025-09-30T10:41:09.000Z</time>
      </trkpt>
      <trkpt lat="46.26046" lon="6.57125">
        <ele>1763.706</ele>
        <time>2025-09-30T10:41:14.000Z</time>
      </trkpt>
      <trkpt lat="46.26045" lon="6.57127">
        <ele>1764.175</ele>
        <time>2025-09-30T10:41:19.000Z</time>
      </trkpt>
      <trkpt lat="46.26043" lon="6.57128">
        <ele>1765.368</ele>
        <time>2025-09-30T10:41:24.000Z</time>
      </trkpt>
      <trkpt lat="46.26041" lon="6.5713">
        <ele>1765.43</ele>
        <time>2025-09-30T10:41:29.000Z</time>
      </trkpt>
      <trkpt lat="46.26039" lon="6.57131">
        <ele>1765.266</ele>
        <time>2025-09-30T10:41:34.000Z</time>
      </trkpt>
      <trkpt lat="46.26037" lon="6.5713">
        <ele>1764.38</ele>
        <time>2025-09-30T10:41:39.000Z</time>
      </trkpt>
      <trkpt lat="46.26035" lon="6.5713">
        <ele>1763.072</ele>
        <time>2025-09-30T10:41:44.000Z</time>
      </trkpt>
      <trkpt lat="46.26032" lon="6.57127">
        <ele>1763.193</ele>
        <time>2025-09-30T10:41:49.000Z</time>
      </trkpt>
      <trkpt lat="46.26029" lon="6.57124">
        <ele>1763.803</ele>
        <time>2025-09-30T10:41:54.000Z</time>
      </trkpt>
      <trkpt lat="46.26027" lon="6.57122">
        <ele>1765.505</ele>
        <time>2025-09-30T10:41:59.000Z</time>
      </trkpt>
      <trkpt lat="46.26023" lon="6.5712">
        <ele>1765.788</ele>
        <time>2025-09-30T10:42:04.000Z</time>
      </trkpt>
      <trkpt lat="46.26019" lon="6.57121">
        <ele>1766.068</ele>
        <time>2025-09-30T10:42:09.000Z</time>
      </trkpt>
      <trkpt lat="46.26014" lon="6.57122">
        <ele>1767.793</ele>
        <time>2025-09-30T10:42:14.000Z</time>
      </trkpt>
      <trkpt lat="46.26012" lon="6.57125">
        <ele>1766.49</ele>
        <time>2025-09-30T10:42:19.000Z</time>
      </trkpt>
      <trkpt lat="46.26011" lon="6.57129">
        <ele>1768.474</ele>
        <time>2025-09-30T10:42:24.000Z</time>
      </trkpt>
      <trkpt lat="46.26013" lon="6.57135">
        <ele>1769.367</ele>
        <time>2025-09-30T10:42:29.000Z</time>
      </trkpt>
      <trkpt lat="46.26015" lon="6.57139">
        <ele>1770.087</ele>
        <time>2025-09-30T10:42:34.000Z</time>
      </trkpt>
      <trkpt lat="46.26015" lon="6.57144">
        <ele>1771.158</ele>
        <time>2025-09-30T10:42:39.000Z</time>
      </trkpt>
      <trkpt lat="46.26014" lon="6.57148">
        <ele>1771.329</ele>
        <time>2025-09-30T10:42:44.000Z</time>
      </trkpt>
      <trkpt lat="46.26012" lon="6.5715">
        <ele>1770.818</ele>
        <time>2025-09-30T10:42:49.000Z</time>
      </trkpt>
      <trkpt lat="46.26011" lon="6.57152">
        <ele>1770.609</ele>
        <time>2025-09-30T10:42:54.000Z</time>
      </trkpt>
      <trkpt lat="46.26009" lon="6.57156">
        <ele>1770.903</ele>
        <time>2025-09-30T10:42:59.000Z</time>
      </trkpt>
      <trkpt lat="46.26006" lon="6.5716">
        <ele>1770.899</ele>
        <time>2025-09-30T10:43:04.000Z</time>
      </trkpt>
      <trkpt lat="46.26004" lon="6.57164">
        <ele>1770.401</ele>
        <time>2025-09-30T10:43:09.000Z</time>
      </trkpt>
      <trkpt lat="46.26003" lon="6.57166">
        <ele>1770.269</ele>
        <time>2025-09-30T10:43:14.000Z</time>
      </trkpt>
      <trkpt lat="46.26" lon="6.57168">
        <ele>1769.945</ele>
        <time>2025-09-30T10:43:19.000Z</time>
      </trkpt>
      <trkpt lat="46.25998" lon="6.57172">
        <ele>1769.466</ele>
        <time>2025-09-30T10:43:24.000Z</time>
      </trkpt>
      <trkpt lat="46.25997" lon="6.57178">
        <ele>1768.492</ele>
        <time>2025-09-30T10:43:29.000Z</time>
      </trkpt>
      <trkpt lat="46.25997" lon="6.57185">
        <ele>1767.734</ele>
        <time>2025-09-30T10:43:34.000Z</time>
      </trkpt>
      <trkpt lat="46.26" lon="6.5719">
        <ele>1768.487</ele>
        <time>2025-09-30T10:43:39.000Z</time>
      </trkpt>
      <trkpt lat="46.26003" lon="6.57195">
        <ele>1768.217</ele>
        <time>2025-09-30T10:43:44.000Z</time>
      </trkpt>
      <trkpt lat="46.26005" lon="6.57199">
        <ele>1766.912</ele>
        <time>2025-09-30T10:43:49.000Z</time>
      </trkpt>
      <trkpt lat="46.26006" lon="6.57205">
        <ele>1766.601</ele>
        <time>2025-09-30T10:43:54.000Z</time>
      </trkpt>
      <trkpt lat="46.26005" lon="6.57211">
        <ele>1766.036</ele>
        <time>2025-09-30T10:43:59.000Z</time>
      </trkpt>
      <trkpt lat="46.26004" lon="6.57214">
        <ele>1765.658</ele>
        <time>2025-09-30T10:44:04.000Z</time>
      </trkpt>
      <trkpt lat="46.26004" lon="6.57214">
        <ele>1765.798</ele>
        <time>2025-09-30T10:44:09.000Z</time>
      </trkpt>
      <trkpt lat="46.26002" lon="6.57217">
        <ele>1765.487</ele>
        <time>2025-09-30T10:44:14.000Z</time>
      </trkpt>
      <trkpt lat="46.26" lon="6.57219">
        <ele>1765.438</ele>
        <time>2025-09-30T10:44:19.000Z</time>
      </trkpt>
      <trkpt lat="46.26" lon="6.57219">
        <ele>1765.39</ele>
        <time>2025-09-30T10:44:24.000Z</time>
      </trkpt>
      <trkpt lat="46.25999" lon="6.5722">
        <ele>1765.406</ele>
        <time>2025-09-30T10:44:29.000Z</time>
      </trkpt>
      <trkpt lat="46.25999" lon="6.57221">
        <ele>1765.382</ele>
        <time>2025-09-30T10:44:34.000Z</time>
      </trkpt>
      <trkpt lat="46.25999" lon="6.57221">
        <ele>1765.368</ele>
        <time>2025-09-30T10:44:39.000Z</time>
      </trkpt>
      <trkpt lat="46.25999" lon="6.57222">
        <ele>1764.873</ele>
        <time>2025-09-30T10:44:44.000Z</time>
      </trkpt>
      <trkpt lat="46.25998" lon="6.57223">
        <ele>1764.03</ele>
        <time>2025-09-30T10:44:49.000Z</time>
      </trkpt>
      <trkpt lat="46.25997" lon="6.57225">
        <ele>1763.839</ele>
        <time>2025-09-30T10:44:54.000Z</time>
      </trkpt>
      <trkpt lat="46.25996" lon="6.57226">
        <ele>1763.604</ele>
        <time>2025-09-30T10:44:59.000Z</time>
      </trkpt>
      <trkpt lat="46.25996" lon="6.57226">
        <ele>1763.582</ele>
        <time>2025-09-30T10:45:04.000Z</time>
      </trkpt>
      <trkpt lat="46.25996" lon="6.57226">
        <ele>1763.56</ele>
        <time>2025-09-30T10:45:09.000Z</time>
      </trkpt>
      <trkpt lat="46.25996" lon="6.57226">
        <ele>1763.546</ele>
        <time>2025-09-30T10:45:14.000Z</time>
      </trkpt>
      <trkpt lat="46.25996" lon="6.57226">
        <ele>1763.531</ele>
        <time>2025-09-30T10:45:19.000Z</time>
      </trkpt>
      <trkpt lat="46.25996" lon="6.57226">
        <ele>1763.524</ele>
        <time>2025-09-30T10:45:24.000Z</time>
      </trkpt>
      <trkpt lat="46.25996" lon="6.57226">
        <ele>1763.519</ele>
        <time>2025-09-30T10:45:29.000Z</time>
      </trkpt>
      <trkpt lat="46.25996" lon="6.57226">
        <ele>1763.363</ele>
        <time>2025-09-30T10:45:34.000Z</time>
      </trkpt>
      <trkpt lat="46.25996" lon="6.57226">
        <ele>1762.852</ele>
        <time>2025-09-30T10:45:39.000Z</time>
      </trkpt>
      <trkpt lat="46.25996" lon="6.57226">
        <ele>1762.84</ele>
        <time>2025-09-30T10:45:44.000Z</time>
      </trkpt>
      <trkpt lat="46.25996" lon="6.57226">
        <ele>1762.827</ele>
        <time>2025-09-30T10:45:49.000Z</time>
      </trkpt>
      <trkpt lat="46.25996" lon="6.57226">
        <ele>1762.55</ele>
        <time>2025-09-30T10:45:54.000Z</time>
      </trkpt>
      <trkpt lat="46.25996" lon="6.57226">
        <ele>1762.653</ele>
        <time>2025-09-30T10:45:59.000Z</time>
      </trkpt>
      <trkpt lat="46.25996" lon="6.57226">
        <ele>1762.66</ele>
        <time>2025-09-30T10:46:04.000Z</time>
      </trkpt>
      <trkpt lat="46.25996" lon="6.57226">
        <ele>1762.741</ele>
        <time>2025-09-30T10:46:09.000Z</time>
      </trkpt>
      <trkpt lat="46.25996" lon="6.57226">
        <ele>1762.701</ele>
        <time>2025-09-30T10:46:14.000Z</time>
      </trkpt>
      <trkpt lat="46.25996" lon="6.57226">
        <ele>1762.682</ele>
        <time>2025-09-30T10:46:19.000Z</time>
      </trkpt>
      <trkpt lat="46.25996" lon="6.57226">
        <ele>1762.667</ele>
        <time>2025-09-30T10:46:24.000Z</time>
      </trkpt>
      <trkpt lat="46.25996" lon="6.57226">
        <ele>1762.658</ele>
        <time>2025-09-30T10:46:29.000Z</time>
      </trkpt>
      <trkpt lat="46.25996" lon="6.57226">
        <ele>1762.652</ele>
        <time>2025-09-30T10:46:34.000Z</time>
      </trkpt>
      <trkpt lat="46.25996" lon="6.57226">
        <ele>1762.645</ele>
        <time>2025-09-30T10:46:39.000Z</time>
      </trkpt>
      <trkpt lat="46.25996" lon="6.57226">
        <ele>1762.644</ele>
        <time>2025-09-30T10:46:44.000Z</time>
      </trkpt>
      <trkpt lat="46.25996" lon="6.57226">
        <ele>1762.638</ele>
        <time>2025-09-30T10:46:49.000Z</time>
      </trkpt>
      <trkpt lat="46.25996" lon="6.57226">
        <ele>1762.628</ele>
        <time>2025-09-30T10:46:54.000Z</time>
      </trkpt>
      <trkpt lat="46.25996" lon="6.57226">
        <ele>1762.265</ele>
        <time>2025-09-30T10:46:59.000Z</time>
      </trkpt>
      <trkpt lat="46.25996" lon="6.57226">
        <ele>1761.856</ele>
        <time>2025-09-30T10:47:04.000Z</time>
      </trkpt>
      <trkpt lat="46.25996" lon="6.57226">
        <ele>1761.705</ele>
        <time>2025-09-30T10:47:09.000Z</time>
      </trkpt>
      <trkpt lat="46.25996" lon="6.57226">
        <ele>1761.701</ele>
        <time>2025-09-30T10:47:14.000Z</time>
      </trkpt>
      <trkpt lat="46.25996" lon="6.57226">
        <ele>1761.691</ele>
        <time>2025-09-30T10:47:19.000Z</time>
      </trkpt>
      <trkpt lat="46.25996" lon="6.57226">
        <ele>1761.687</ele>
        <time>2025-09-30T10:47:24.000Z</time>
      </trkpt>
      <trkpt lat="46.25996" lon="6.57226">
        <ele>1761.676</ele>
        <time>2025-09-30T10:47:29.000Z</time>
      </trkpt>
      <trkpt lat="46.25996" lon="6.57226">
        <ele>1761.67</ele>
        <time>2025-09-30T10:47:34.000Z</time>
      </trkpt>
      <trkpt lat="46.25996" lon="6.57226">
        <ele>1761.672</ele>
        <time>2025-09-30T10:47:39.000Z</time>
      </trkpt>
      <trkpt lat="46.25996" lon="6.57226">
        <ele>1761.672</ele>
        <time>2025-09-30T10:47:44.000Z</time>
      </trkpt>
      <trkpt lat="46.25996" lon="6.57226">
        <ele>1761.67</ele>
        <time>2025-09-30T10:47:49.000Z</time>
      </trkpt>
      <trkpt lat="46.25996" lon="6.57226">
        <ele>1761.928</ele>
        <time>2025-09-30T10:47:54.000Z</time>
      </trkpt>
      <trkpt lat="46.25996" lon="6.57226">
        <ele>1761.645</ele>
        <time>2025-09-30T10:47:59.000Z</time>
      </trkpt>
      <trkpt lat="46.25996" lon="6.57226">
        <ele>1761.652</ele>
        <time>2025-09-30T10:48:04.000Z</time>
      </trkpt>
      <trkpt lat="46.25996" lon="6.57226">
        <ele>1761.659</ele>
        <time>2025-09-30T10:48:09.000Z</time>
      </trkpt>
      <trkpt lat="46.25996" lon="6.57226">
        <ele>1761.756</ele>
        <time>2025-09-30T10:48:14.000Z</time>
      </trkpt>
      <trkpt lat="46.25996" lon="6.57226">
        <ele>1761.829</ele>
        <time>2025-09-30T10:48:19.000Z</time>
      </trkpt>
      <trkpt lat="46.25996" lon="6.57226">
        <ele>1761.824</ele>
        <time>2025-09-30T10:48:24.000Z</time>
      </trkpt>
      <trkpt lat="46.25996" lon="6.57226">
        <ele>1761.822</ele>
        <time>2025-09-30T10:48:29.000Z</time>
      </trkpt>
      <trkpt lat="46.25996" lon="6.57226">
        <ele>1761.823</ele>
        <time>2025-09-30T10:48:34.000Z</time>
      </trkpt>
      <trkpt lat="46.25996" lon="6.57226">
        <ele>1761.824</ele>
        <time>2025-09-30T10:48:39.000Z</time>
      </trkpt>
      <trkpt lat="46.25996" lon="6.57226">
        <ele>1761.839</ele>
        <time>2025-09-30T10:48:44.000Z</time>
      </trkpt>
      <trkpt lat="46.25996" lon="6.57226">
        <ele>1761.85</ele>
        <time>2025-09-30T10:48:49.000Z</time>
      </trkpt>
      <trkpt lat="46.25996" lon="6.57226">
        <ele>1761.856</ele>
        <time>2025-09-30T10:48:54.000Z</time>
      </trkpt>
      <trkpt lat="46.25996" lon="6.57226">
        <ele>1761.855</ele>
        <time>2025-09-30T10:48:59.000Z</time>
      </trkpt>
      <trkpt lat="46.25996" lon="6.57226">
        <ele>1761.862</ele>
        <time>2025-09-30T10:49:04.000Z</time>
      </trkpt>
      <trkpt lat="46.25996" lon="6.57226">
        <ele>1761.864</ele>
        <time>2025-09-30T10:49:09.000Z</time>
      </trkpt>
      <trkpt lat="46.25996" lon="6.57226">
        <ele>1761.967</ele>
        <time>2025-09-30T10:49:14.000Z</time>
      </trkpt>
      <trkpt lat="46.25996" lon="6.57226">
        <ele>1761.966</ele>
        <time>2025-09-30T10:49:19.000Z</time>
      </trkpt>
      <trkpt lat="46.25996" lon="6.57226">
        <ele>1761.968</ele>
        <time>2025-09-30T10:49:24.000Z</time>
      </trkpt>
      <trkpt lat="46.25996" lon="6.57226">
        <ele>1761.966</ele>
        <time>2025-09-30T10:49:29.000Z</time>
      </trkpt>
      <trkpt lat="46.25996" lon="6.57226">
        <ele>1761.97</ele>
        <time>2025-09-30T10:49:34.000Z</time>
      </trkpt>
      <trkpt lat="46.25996" lon="6.57226">
        <ele>1761.971</ele>
        <time>2025-09-30T10:49:39.000Z</time>
      </trkpt>
      <trkpt lat="46.25996" lon="6.57226">
        <ele>1761.738</ele>
        <time>2025-09-30T10:49:44.000Z</time>
      </trkpt>
      <trkpt lat="46.25996" lon="6.57226">
        <ele>1761.745</ele>
        <time>2025-09-30T10:49:49.000Z</time>
      </trkpt>
      <trkpt lat="46.25996" lon="6.57226">
        <ele>1761.746</ele>
        <time>2025-09-30T10:49:54.000Z</time>
      </trkpt>
      <trkpt lat="46.25996" lon="6.57226">
        <ele>1762.11</ele>
        <time>2025-09-30T10:49:59.000Z</time>
      </trkpt>
      <trkpt lat="46.25996" lon="6.57226">
        <ele>1762.108</ele>
        <time>2025-09-30T10:50:04.000Z</time>
      </trkpt>
      <trkpt lat="46.25996" lon="6.57226">
        <ele>1762.556</ele>
        <time>2025-09-30T10:50:09.000Z</time>
      </trkpt>
      <trkpt lat="46.25996" lon="6.57226">
        <ele>1762.316</ele>
        <time>2025-09-30T10:50:14.000Z</time>
      </trkpt>
      <trkpt lat="46.25996" lon="6.57226">
        <ele>1761.85</ele>
        <time>2025-09-30T10:50:19.000Z</time>
      </trkpt>
      <trkpt lat="46.25996" lon="6.57226">
        <ele>1762.097</ele>
        <time>2025-09-30T10:50:24.000Z</time>
      </trkpt>
      <trkpt lat="46.25996" lon="6.57226">
        <ele>1762.128</ele>
        <time>2025-09-30T10:50:29.000Z</time>
      </trkpt>
      <trkpt lat="46.26002" lon="6.57234">
        <ele>1762.126</ele>
        <time>2025-09-30T10:50:34.000Z</time>
      </trkpt>
      <trkpt lat="46.26002" lon="6.57234">
        <ele>1762.126</ele>
        <time>2025-09-30T10:50:39.000Z</time>
      </trkpt>
      <trkpt lat="46.26002" lon="6.57234">
        <ele>1762.127</ele>
        <time>2025-09-30T10:50:44.000Z</time>
      </trkpt>
      <trkpt lat="46.26002" lon="6.57234">
        <ele>1762.12</ele>
        <time>2025-09-30T10:50:49.000Z</time>
      </trkpt>
      <trkpt lat="46.26002" lon="6.57234">
        <ele>1762.108</ele>
        <time>2025-09-30T10:50:54.000Z</time>
      </trkpt>
      <trkpt lat="46.26002" lon="6.57234">
        <ele>1762.1</ele>
        <time>2025-09-30T10:50:59.000Z</time>
      </trkpt>
      <trkpt lat="46.26002" lon="6.57234">
        <ele>1762.099</ele>
        <time>2025-09-30T10:51:04.000Z</time>
      </trkpt>
      <trkpt lat="46.26002" lon="6.57234">
        <ele>1762.094</ele>
        <time>2025-09-30T10:51:09.000Z</time>
      </trkpt>
      <trkpt lat="46.26002" lon="6.57234">
        <ele>1762.096</ele>
        <time>2025-09-30T10:51:14.000Z</time>
      </trkpt>
      <trkpt lat="46.26002" lon="6.57234">
        <ele>1762.093</ele>
        <time>2025-09-30T10:51:19.000Z</time>
      </trkpt>
      <trkpt lat="46.26002" lon="6.57234">
        <ele>1762.097</ele>
        <time>2025-09-30T10:51:24.000Z</time>
      </trkpt>
      <trkpt lat="46.26002" lon="6.57234">
        <ele>1762.094</ele>
        <time>2025-09-30T10:51:29.000Z</time>
      </trkpt>
      <trkpt lat="46.26002" lon="6.57234">
        <ele>1762.084</ele>
        <time>2025-09-30T10:51:34.000Z</time>
      </trkpt>
      <trkpt lat="46.26002" lon="6.57234">
        <ele>1762.082</ele>
        <time>2025-09-30T10:51:39.000Z</time>
      </trkpt>
      <trkpt lat="46.26002" lon="6.57234">
        <ele>1762.081</ele>
        <time>2025-09-30T10:51:44.000Z</time>
      </trkpt>
      <trkpt lat="46.26002" lon="6.57234">
        <ele>1762.07</ele>
        <time>2025-09-30T10:51:49.000Z</time>
      </trkpt>
      <trkpt lat="46.26002" lon="6.57234">
        <ele>1762.067</ele>
        <time>2025-09-30T10:51:54.000Z</time>
      </trkpt>
      <trkpt lat="46.26002" lon="6.57234">
        <ele>1762.062</ele>
        <time>2025-09-30T10:51:59.000Z</time>
      </trkpt>
      <trkpt lat="46.26002" lon="6.57234">
        <ele>1762.06</ele>
        <time>2025-09-30T10:52:04.000Z</time>
      </trkpt>
      <trkpt lat="46.26002" lon="6.57234">
        <ele>1762.064</ele>
        <time>2025-09-30T10:52:09.000Z</time>
      </trkpt>
      <trkpt lat="46.26002" lon="6.57234">
        <ele>1762.063</ele>
        <time>2025-09-30T10:52:14.000Z</time>
      </trkpt>
      <trkpt lat="46.26002" lon="6.57234">
        <ele>1762.057</ele>
        <time>2025-09-30T10:52:19.000Z</time>
      </trkpt>
      <trkpt lat="46.26002" lon="6.57234">
        <ele>1762.054</ele>
        <time>2025-09-30T10:52:24.000Z</time>
      </trkpt>
      <trkpt lat="46.26002" lon="6.57234">
        <ele>1762.051</ele>
        <time>2025-09-30T10:52:29.000Z</time>
      </trkpt>
      <trkpt lat="46.26002" lon="6.57234">
        <ele>1762.042</ele>
        <time>2025-09-30T10:52:34.000Z</time>
      </trkpt>
      <trkpt lat="46.26002" lon="6.57234">
        <ele>1762.033</ele>
        <time>2025-09-30T10:52:39.000Z</time>
      </trkpt>
      <trkpt lat="46.26002" lon="6.57234">
        <ele>1762.026</ele>
        <time>2025-09-30T10:52:44.000Z</time>
      </trkpt>
      <trkpt lat="46.26002" lon="6.57234">
        <ele>1762.017</ele>
        <time>2025-09-30T10:52:49.000Z</time>
      </trkpt>
      <trkpt lat="46.26002" lon="6.57234">
        <ele>1762.008</ele>
        <time>2025-09-30T10:52:54.000Z</time>
      </trkpt>
      <trkpt lat="46.26002" lon="6.57234">
        <ele>1761.996</ele>
        <time>2025-09-30T10:52:59.000Z</time>
      </trkpt>
      <trkpt lat="46.26002" lon="6.57234">
        <ele>1761.992</ele>
        <time>2025-09-30T10:53:04.000Z</time>
      </trkpt>
      <trkpt lat="46.26002" lon="6.57234">
        <ele>1761.994</ele>
        <time>2025-09-30T10:53:09.000Z</time>
      </trkpt>
      <trkpt lat="46.26002" lon="6.57234">
        <ele>1761.997</ele>
        <time>2025-09-30T10:53:14.000Z</time>
      </trkpt>
      <trkpt lat="46.26002" lon="6.57234">
        <ele>1761.992</ele>
        <time>2025-09-30T10:53:19.000Z</time>
      </trkpt>
      <trkpt lat="46.26002" lon="6.57234">
        <ele>1761.993</ele>
        <time>2025-09-30T10:53:24.000Z</time>
      </trkpt>
      <trkpt lat="46.26002" lon="6.57234">
        <ele>1761.988</ele>
        <time>2025-09-30T10:53:29.000Z</time>
      </trkpt>
      <trkpt lat="46.26002" lon="6.57234">
        <ele>1761.989</ele>
        <time>2025-09-30T10:53:34.000Z</time>
      </trkpt>
      <trkpt lat="46.26002" lon="6.57234">
        <ele>1761.987</ele>
        <time>2025-09-30T10:53:39.000Z</time>
      </trkpt>
      <trkpt lat="46.26003" lon="6.57234">
        <ele>1761.722</ele>
        <time>2025-09-30T10:53:44.000Z</time>
      </trkpt>
      <trkpt lat="46.26006" lon="6.57236">
        <ele>1761.531</ele>
        <time>2025-09-30T10:53:49.000Z</time>
      </trkpt>
      <trkpt lat="46.26009" lon="6.57239">
        <ele>1760.86</ele>
        <time>2025-09-30T10:53:54.000Z</time>
      </trkpt>
      <trkpt lat="46.26013" lon="6.57239">
        <ele>1760.204</ele>
        <time>2025-09-30T10:53:59.000Z</time>
      </trkpt>
      <trkpt lat="46.26016" lon="6.57242">
        <ele>1759.384</ele>
        <time>2025-09-30T10:54:04.000Z</time>
      </trkpt>
      <trkpt lat="46.26018" lon="6.57247">
        <ele>1759.887</ele>
        <time>2025-09-30T10:54:09.000Z</time>
      </trkpt>
      <trkpt lat="46.26019" lon="6.57252">
        <ele>1759.898</ele>
        <time>2025-09-30T10:54:14.000Z</time>
      </trkpt>
      <trkpt lat="46.26019" lon="6.57252">
        <ele>1760.156</ele>
        <time>2025-09-30T10:54:19.000Z</time>
      </trkpt>
      <trkpt lat="46.26022" lon="6.57253">
        <ele>1760.558</ele>
        <time>2025-09-30T10:54:24.000Z</time>
      </trkpt>
      <trkpt lat="46.26026" lon="6.57255">
        <ele>1760.996</ele>
        <time>2025-09-30T10:54:29.000Z</time>
      </trkpt>
      <trkpt lat="46.26029" lon="6.57256">
        <ele>1759.876</ele>
        <time>2025-09-30T10:54:34.000Z</time>
      </trkpt>
      <trkpt lat="46.26032" lon="6.57258">
        <ele>1759.383</ele>
        <time>2025-09-30T10:54:39.000Z</time>
      </trkpt>
      <trkpt lat="46.26033" lon="6.57262">
        <ele>1760.226</ele>
        <time>2025-09-30T10:54:44.000Z</time>
      </trkpt>
      <trkpt lat="46.26034" lon="6.57267">
        <ele>1760.384</ele>
        <time>2025-09-30T10:54:49.000Z</time>
      </trkpt>
      <trkpt lat="46.26033" lon="6.57272">
        <ele>1760.913</ele>
        <time>2025-09-30T10:54:54.000Z</time>
      </trkpt>
      <trkpt lat="46.26033" lon="6.57277">
        <ele>1760.371</ele>
        <time>2025-09-30T10:54:59.000Z</time>
      </trkpt>
      <trkpt lat="46.26035" lon="6.57281">
        <ele>1760.333</ele>
        <time>2025-09-30T10:55:04.000Z</time>
      </trkpt>
      <trkpt lat="46.26038" lon="6.57286">
        <ele>1760.464</ele>
        <time>2025-09-30T10:55:09.000Z</time>
      </trkpt>
      <trkpt lat="46.26041" lon="6.57289">
        <ele>1760.226</ele>
        <time>2025-09-30T10:55:14.000Z</time>
      </trkpt>
      <trkpt lat="46.26043" lon="6.57292">
        <ele>1759.48</ele>
        <time>2025-09-30T10:55:19.000Z</time>
      </trkpt>
      <trkpt lat="46.26045" lon="6.57297">
        <ele>1758.617</ele>
        <time>2025-09-30T10:55:24.000Z</time>
      </trkpt>
      <trkpt lat="46.26046" lon="6.57302">
        <ele>1757.694</ele>
        <time>2025-09-30T10:55:29.000Z</time>
      </trkpt>
      <trkpt lat="46.26049" lon="6.57306">
        <ele>1756.521</ele>
        <time>2025-09-30T10:55:34.000Z</time>
      </trkpt>
      <trkpt lat="46.26052" lon="6.57311">
        <ele>1756.703</ele>
        <time>2025-09-30T10:55:39.000Z</time>
      </trkpt>
      <trkpt lat="46.26055" lon="6.57317">
        <ele>1757.392</ele>
        <time>2025-09-30T10:55:44.000Z</time>
      </trkpt>
      <trkpt lat="46.26057" lon="6.57322">
        <ele>1757.07</ele>
        <time>2025-09-30T10:55:49.000Z</time>
      </trkpt>
      <trkpt lat="46.26059" lon="6.57325">
        <ele>1755.87</ele>
        <time>2025-09-30T10:55:54.000Z</time>
      </trkpt>
      <trkpt lat="46.26061" lon="6.57328">
        <ele>1755.509</ele>
        <time>2025-09-30T10:55:59.000Z</time>
      </trkpt>
      <trkpt lat="46.26064" lon="6.57332">
        <ele>1754.816</ele>
        <time>2025-09-30T10:56:04.000Z</time>
      </trkpt>
      <trkpt lat="46.26066" lon="6.57335">
        <ele>1754.453</ele>
        <time>2025-09-30T10:56:09.000Z</time>
      </trkpt>
      <trkpt lat="46.2607" lon="6.57339">
        <ele>1753.854</ele>
        <time>2025-09-30T10:56:14.000Z</time>
      </trkpt>
      <trkpt lat="46.26073" lon="6.57343">
        <ele>1752.948</ele>
        <time>2025-09-30T10:56:19.000Z</time>
      </trkpt>
      <trkpt lat="46.26077" lon="6.57343">
        <ele>1753.324</ele>
        <time>2025-09-30T10:56:24.000Z</time>
      </trkpt>
      <trkpt lat="46.2608" lon="6.57344">
        <ele>1754.68</ele>
        <time>2025-09-30T10:56:29.000Z</time>
      </trkpt>
      <trkpt lat="46.26082" lon="6.57345">
        <ele>1754.449</ele>
        <time>2025-09-30T10:56:34.000Z</time>
      </trkpt>
      <trkpt lat="46.26085" lon="6.57348">
        <ele>1754.903</ele>
        <time>2025-09-30T10:56:39.000Z</time>
      </trkpt>
      <trkpt lat="46.26088" lon="6.57348">
        <ele>1754.183</ele>
        <time>2025-09-30T10:56:44.000Z</time>
      </trkpt>
      <trkpt lat="46.2609" lon="6.57344">
        <ele>1753.777</ele>
        <time>2025-09-30T10:56:49.000Z</time>
      </trkpt>
      <trkpt lat="46.26092" lon="6.57344">
        <ele>1753.713</ele>
        <time>2025-09-30T10:56:54.000Z</time>
      </trkpt>
      <trkpt lat="46.26095" lon="6.57345">
        <ele>1752.036</ele>
        <time>2025-09-30T10:56:59.000Z</time>
      </trkpt>
      <trkpt lat="46.26098" lon="6.57347">
        <ele>1752.044</ele>
        <time>2025-09-30T10:57:04.000Z</time>
      </trkpt>
      <trkpt lat="46.26099" lon="6.57349">
        <ele>1750.83</ele>
        <time>2025-09-30T10:57:09.000Z</time>
      </trkpt>
      <trkpt lat="46.26101" lon="6.5735">
        <ele>1751.256</ele>
        <time>2025-09-30T10:57:14.000Z</time>
      </trkpt>
      <trkpt lat="46.26102" lon="6.5735">
        <ele>1751.091</ele>
        <time>2025-09-30T10:57:19.000Z</time>
      </trkpt>
      <trkpt lat="46.26105" lon="6.57352">
        <ele>1750.83</ele>
        <time>2025-09-30T10:57:24.000Z</time>
      </trkpt>
      <trkpt lat="46.26107" lon="6.57356">
        <ele>1751.256</ele>
        <time>2025-09-30T10:57:29.000Z</time>
      </trkpt>
      <trkpt lat="46.2611" lon="6.57356">
        <ele>1750.024</ele>
        <time>2025-09-30T10:57:34.000Z</time>
      </trkpt>
      <trkpt lat="46.26113" lon="6.57357">
        <ele>1749.952</ele>
        <time>2025-09-30T10:57:39.000Z</time>
      </trkpt>
      <trkpt lat="46.26116" lon="6.57359">
        <ele>1750.708</ele>
        <time>2025-09-30T10:57:44.000Z</time>
      </trkpt>
      <trkpt lat="46.26119" lon="6.57361">
        <ele>1750.608</ele>
        <time>2025-09-30T10:57:49.000Z</time>
      </trkpt>
      <trkpt lat="46.26121" lon="6.57363">
        <ele>1753.202</ele>
        <time>2025-09-30T10:57:54.000Z</time>
      </trkpt>
      <trkpt lat="46.26124" lon="6.57366">
        <ele>1753.77</ele>
        <time>2025-09-30T10:57:59.000Z</time>
      </trkpt>
      <trkpt lat="46.26127" lon="6.57364">
        <ele>1753.508</ele>
        <time>2025-09-30T10:58:04.000Z</time>
      </trkpt>
      <trkpt lat="46.2613" lon="6.57366">
        <ele>1752.926</ele>
        <time>2025-09-30T10:58:09.000Z</time>
      </trkpt>
      <trkpt lat="46.26132" lon="6.57368">
        <ele>1751.633</ele>
        <time>2025-09-30T10:58:14.000Z</time>
      </trkpt>
      <trkpt lat="46.26134" lon="6.57369">
        <ele>1751.119</ele>
        <time>2025-09-30T10:58:19.000Z</time>
      </trkpt>
      <trkpt lat="46.26136" lon="6.5737">
        <ele>1750.579</ele>
        <time>2025-09-30T10:58:24.000Z</time>
      </trkpt>
      <trkpt lat="46.26138" lon="6.57371">
        <ele>1749.774</ele>
        <time>2025-09-30T10:58:29.000Z</time>
      </trkpt>
      <trkpt lat="46.26141" lon="6.57374">
        <ele>1750.13</ele>
        <time>2025-09-30T10:58:34.000Z</time>
      </trkpt>
      <trkpt lat="46.26143" lon="6.57376">
        <ele>1748.758</ele>
        <time>2025-09-30T10:58:39.000Z</time>
      </trkpt>
      <trkpt lat="46.26147" lon="6.57379">
        <ele>1751.046</ele>
        <time>2025-09-30T10:58:44.000Z</time>
      </trkpt>
      <trkpt lat="46.2615" lon="6.5738">
        <ele>1751.114</ele>
        <time>2025-09-30T10:58:49.000Z</time>
      </trkpt>
      <trkpt lat="46.26153" lon="6.57381">
        <ele>1751.763</ele>
        <time>2025-09-30T10:58:54.000Z</time>
      </trkpt>
      <trkpt lat="46.26154" lon="6.57386">
        <ele>1751.749</ele>
        <time>2025-09-30T10:58:59.000Z</time>
      </trkpt>
      <trkpt lat="46.26156" lon="6.57389">
        <ele>1752.447</ele>
        <time>2025-09-30T10:59:04.000Z</time>
      </trkpt>
      <trkpt lat="46.26157" lon="6.57391">
        <ele>1752.011</ele>
        <time>2025-09-30T10:59:09.000Z</time>
      </trkpt>
      <trkpt lat="46.2616" lon="6.5739">
        <ele>1750.8</ele>
        <time>2025-09-30T10:59:14.000Z</time>
      </trkpt>
      <trkpt lat="46.26162" lon="6.5739">
        <ele>1750.677</ele>
        <time>2025-09-30T10:59:19.000Z</time>
      </trkpt>
      <trkpt lat="46.26164" lon="6.57394">
        <ele>1750.959</ele>
        <time>2025-09-30T10:59:24.000Z</time>
      </trkpt>
      <trkpt lat="46.26167" lon="6.57393">
        <ele>1750.277</ele>
        <time>2025-09-30T10:59:29.000Z</time>
      </trkpt>
      <trkpt lat="46.26171" lon="6.57392">
        <ele>1748.692</ele>
        <time>2025-09-30T10:59:34.000Z</time>
      </trkpt>
      <trkpt lat="46.26175" lon="6.57392">
        <ele>1748.612</ele>
        <time>2025-09-30T10:59:39.000Z</time>
      </trkpt>
      <trkpt lat="46.26177" lon="6.57392">
        <ele>1748.504</ele>
        <time>2025-09-30T10:59:44.000Z</time>
      </trkpt>
      <trkpt lat="46.2618" lon="6.57392">
        <ele>1749.126</ele>
        <time>2025-09-30T10:59:49.000Z</time>
      </trkpt>
      <trkpt lat="46.26182" lon="6.57393">
        <ele>1749.653</ele>
        <time>2025-09-30T10:59:54.000Z</time>
      </trkpt>
      <trkpt lat="46.26184" lon="6.57394">
        <ele>1750.238</ele>
        <time>2025-09-30T10:59:59.000Z</time>
      </trkpt>
      <trkpt lat="46.26187" lon="6.57395">
        <ele>1750.83</ele>
        <time>2025-09-30T11:00:04.000Z</time>
      </trkpt>
      <trkpt lat="46.2619" lon="6.57398">
        <ele>1753.271</ele>
        <time>2025-09-30T11:00:09.000Z</time>
      </trkpt>
      <trkpt lat="46.26193" lon="6.574">
        <ele>1752.813</ele>
        <time>2025-09-30T11:00:14.000Z</time>
      </trkpt>
      <trkpt lat="46.26197" lon="6.574">
        <ele>1753.157</ele>
        <time>2025-09-30T11:00:19.000Z</time>
      </trkpt>
      <trkpt lat="46.262" lon="6.57399">
        <ele>1753.735</ele>
        <time>2025-09-30T11:00:24.000Z</time>
      </trkpt>
      <trkpt lat="46.26202" lon="6.57396">
        <ele>1754.248</ele>
        <time>2025-09-30T11:00:29.000Z</time>
      </trkpt>
      <trkpt lat="46.26204" lon="6.57393">
        <ele>1755.002</ele>
        <time>2025-09-30T11:00:34.000Z</time>
      </trkpt>
      <trkpt lat="46.26205" lon="6.57391">
        <ele>1755.175</ele>
        <time>2025-09-30T11:00:39.000Z</time>
      </trkpt>
      <trkpt lat="46.26208" lon="6.57392">
        <ele>1756.376</ele>
        <time>2025-09-30T11:00:44.000Z</time>
      </trkpt>
      <trkpt lat="46.2621" lon="6.57392">
        <ele>1756.653</ele>
        <time>2025-09-30T11:00:49.000Z</time>
      </trkpt>
      <trkpt lat="46.26213" lon="6.5739">
        <ele>1757.688</ele>
        <time>2025-09-30T11:00:54.000Z</time>
      </trkpt>
      <trkpt lat="46.26214" lon="6.57389">
        <ele>1758.339</ele>
        <time>2025-09-30T11:00:59.000Z</time>
      </trkpt>
      <trkpt lat="46.26216" lon="6.57388">
        <ele>1759.509</ele>
        <time>2025-09-30T11:01:04.000Z</time>
      </trkpt>
      <trkpt lat="46.26218" lon="6.57387">
        <ele>1759.896</ele>
        <time>2025-09-30T11:01:09.000Z</time>
      </trkpt>
      <trkpt lat="46.26218" lon="6.57385">
        <ele>1760.728</ele>
        <time>2025-09-30T11:01:14.000Z</time>
      </trkpt>
      <trkpt lat="46.26219" lon="6.57383">
        <ele>1762.124</ele>
        <time>2025-09-30T11:01:19.000Z</time>
      </trkpt>
      <trkpt lat="46.2622" lon="6.5738">
        <ele>1763.216</ele>
        <time>2025-09-30T11:01:24.000Z</time>
      </trkpt>
      <trkpt lat="46.26222" lon="6.57378">
        <ele>1764.181</ele>
        <time>2025-09-30T11:01:29.000Z</time>
      </trkpt>
      <trkpt lat="46.26223" lon="6.57376">
        <ele>1763.912</ele>
        <time>2025-09-30T11:01:34.000Z</time>
      </trkpt>
      <trkpt lat="46.26226" lon="6.57375">
        <ele>1765.49</ele>
        <time>2025-09-30T11:01:39.000Z</time>
      </trkpt>
      <trkpt lat="46.26227" lon="6.57373">
        <ele>1766.225</ele>
        <time>2025-09-30T11:01:44.000Z</time>
      </trkpt>
      <trkpt lat="46.26228" lon="6.57369">
        <ele>1766.944</ele>
        <time>2025-09-30T11:01:49.000Z</time>
      </trkpt>
      <trkpt lat="46.26228" lon="6.57363">
        <ele>1767.158</ele>
        <time>2025-09-30T11:01:54.000Z</time>
      </trkpt>
      <trkpt lat="46.26229" lon="6.57358">
        <ele>1767.605</ele>
        <time>2025-09-30T11:01:59.000Z</time>
      </trkpt>
      <trkpt lat="46.26231" lon="6.57355">
        <ele>1767.764</ele>
        <time>2025-09-30T11:02:04.000Z</time>
      </trkpt>
      <trkpt lat="46.26232" lon="6.57354">
        <ele>1768.268</ele>
        <time>2025-09-30T11:02:09.000Z</time>
      </trkpt>
      <trkpt lat="46.26235" lon="6.57354">
        <ele>1768.329</ele>
        <time>2025-09-30T11:02:14.000Z</time>
      </trkpt>
      <trkpt lat="46.26237" lon="6.57352">
        <ele>1769.441</ele>
        <time>2025-09-30T11:02:19.000Z</time>
      </trkpt>
      <trkpt lat="46.26239" lon="6.57351">
        <ele>1769.887</ele>
        <time>2025-09-30T11:02:24.000Z</time>
      </trkpt>
      <trkpt lat="46.26242" lon="6.57348">
        <ele>1770.241</ele>
        <time>2025-09-30T11:02:29.000Z</time>
      </trkpt>
      <trkpt lat="46.26244" lon="6.57346">
        <ele>1770.744</ele>
        <time>2025-09-30T11:02:34.000Z</time>
      </trkpt>
      <trkpt lat="46.26246" lon="6.57344">
        <ele>1771.297</ele>
        <time>2025-09-30T11:02:39.000Z</time>
      </trkpt>
      <trkpt lat="46.26249" lon="6.57344">
        <ele>1772.887</ele>
        <time>2025-09-30T11:02:44.000Z</time>
      </trkpt>
      <trkpt lat="46.26251" lon="6.57343">
        <ele>1773.775</ele>
        <time>2025-09-30T11:02:49.000Z</time>
      </trkpt>
      <trkpt lat="46.26253" lon="6.57342">
        <ele>1774.309</ele>
        <time>2025-09-30T11:02:54.000Z</time>
      </trkpt>
      <trkpt lat="46.26254" lon="6.5734">
        <ele>1775.213</ele>
        <time>2025-09-30T11:02:59.000Z</time>
      </trkpt>
      <trkpt lat="46.26256" lon="6.57339">
        <ele>1776.057</ele>
        <time>2025-09-30T11:03:04.000Z</time>
      </trkpt>
      <trkpt lat="46.26258" lon="6.5734">
        <ele>1776.525</ele>
        <time>2025-09-30T11:03:09.000Z</time>
      </trkpt>
      <trkpt lat="46.2626" lon="6.57341">
        <ele>1777.359</ele>
        <time>2025-09-30T11:03:14.000Z</time>
      </trkpt>
      <trkpt lat="46.26262" lon="6.57342">
        <ele>1778.315</ele>
        <time>2025-09-30T11:03:19.000Z</time>
      </trkpt>
      <trkpt lat="46.26263" lon="6.57341">
        <ele>1779.102</ele>
        <time>2025-09-30T11:03:24.000Z</time>
      </trkpt>
      <trkpt lat="46.26265" lon="6.5734">
        <ele>1779.301</ele>
        <time>2025-09-30T11:03:29.000Z</time>
      </trkpt>
      <trkpt lat="46.26267" lon="6.57338">
        <ele>1780.967</ele>
        <time>2025-09-30T11:03:34.000Z</time>
      </trkpt>
      <trkpt lat="46.26269" lon="6.57338">
        <ele>1780.94</ele>
        <time>2025-09-30T11:03:39.000Z</time>
      </trkpt>
      <trkpt lat="46.2627" lon="6.57336">
        <ele>1781.497</ele>
        <time>2025-09-30T11:03:44.000Z</time>
      </trkpt>
      <trkpt lat="46.26272" lon="6.57336">
        <ele>1783.018</ele>
        <time>2025-09-30T11:03:49.000Z</time>
      </trkpt>
      <trkpt lat="46.26274" lon="6.57338">
        <ele>1783.902</ele>
        <time>2025-09-30T11:03:54.000Z</time>
      </trkpt>
      <trkpt lat="46.26276" lon="6.57336">
        <ele>1784.333</ele>
        <time>2025-09-30T11:03:59.000Z</time>
      </trkpt>
      <trkpt lat="46.26279" lon="6.57335">
        <ele>1785.952</ele>
        <time>2025-09-30T11:04:04.000Z</time>
      </trkpt>
      <trkpt lat="46.26281" lon="6.57333">
        <ele>1786.188</ele>
        <time>2025-09-30T11:04:09.000Z</time>
      </trkpt>
      <trkpt lat="46.26283" lon="6.57335">
        <ele>1787.1</ele>
        <time>2025-09-30T11:04:14.000Z</time>
      </trkpt>
      <trkpt lat="46.26286" lon="6.57333">
        <ele>1788.037</ele>
        <time>2025-09-30T11:04:19.000Z</time>
      </trkpt>
      <trkpt lat="46.26288" lon="6.5733">
        <ele>1788.721</ele>
        <time>2025-09-30T11:04:24.000Z</time>
      </trkpt>
      <trkpt lat="46.26291" lon="6.57329">
        <ele>1788.873</ele>
        <time>2025-09-30T11:04:29.000Z</time>
      </trkpt>
      <trkpt lat="46.26293" lon="6.57326">
        <ele>1788.928</ele>
        <time>2025-09-30T11:04:34.000Z</time>
      </trkpt>
      <trkpt lat="46.26295" lon="6.57324">
        <ele>1789.758</ele>
        <time>2025-09-30T11:04:39.000Z</time>
      </trkpt>
      <trkpt lat="46.26298" lon="6.57323">
        <ele>1790.288</ele>
        <time>2025-09-30T11:04:44.000Z</time>
      </trkpt>
      <trkpt lat="46.26301" lon="6.57321">
        <ele>1791.384</ele>
        <time>2025-09-30T11:04:49.000Z</time>
      </trkpt>
      <trkpt lat="46.26305" lon="6.5732">
        <ele>1792.044</ele>
        <time>2025-09-30T11:04:54.000Z</time>
      </trkpt>
      <trkpt lat="46.26309" lon="6.5732">
        <ele>1793.219</ele>
        <time>2025-09-30T11:04:59.000Z</time>
      </trkpt>
      <trkpt lat="46.26312" lon="6.5732">
        <ele>1793.629</ele>
        <time>2025-09-30T11:05:04.000Z</time>
      </trkpt>
      <trkpt lat="46.26314" lon="6.57318">
        <ele>1795.014</ele>
        <time>2025-09-30T11:05:09.000Z</time>
      </trkpt>
      <trkpt lat="46.26316" lon="6.57318">
        <ele>1795.651</ele>
        <time>2025-09-30T11:05:14.000Z</time>
      </trkpt>
      <trkpt lat="46.26319" lon="6.57316">
        <ele>1796.231</ele>
        <time>2025-09-30T11:05:19.000Z</time>
      </trkpt>
      <trkpt lat="46.26321" lon="6.57315">
        <ele>1797.257</ele>
        <time>2025-09-30T11:05:24.000Z</time>
      </trkpt>
      <trkpt lat="46.26323" lon="6.57314">
        <ele>1797.823</ele>
        <time>2025-09-30T11:05:29.000Z</time>
      </trkpt>
      <trkpt lat="46.26326" lon="6.57313">
        <ele>1798.676</ele>
        <time>2025-09-30T11:05:34.000Z</time>
      </trkpt>
      <trkpt lat="46.2633" lon="6.57312">
        <ele>1799.774</ele>
        <time>2025-09-30T11:05:39.000Z</time>
      </trkpt>
      <trkpt lat="46.26332" lon="6.5731">
        <ele>1800.816</ele>
        <time>2025-09-30T11:05:44.000Z</time>
      </trkpt>
      <trkpt lat="46.26334" lon="6.57307">
        <ele>1801.569</ele>
        <time>2025-09-30T11:05:49.000Z</time>
      </trkpt>
      <trkpt lat="46.26337" lon="6.57305">
        <ele>1802.075</ele>
        <time>2025-09-30T11:05:54.000Z</time>
      </trkpt>
      <trkpt lat="46.2634" lon="6.57304">
        <ele>1803.558</ele>
        <time>2025-09-30T11:05:59.000Z</time>
      </trkpt>
      <trkpt lat="46.26343" lon="6.57302">
        <ele>1803.927</ele>
        <time>2025-09-30T11:06:04.000Z</time>
      </trkpt>
      <trkpt lat="46.26346" lon="6.573">
        <ele>1804.631</ele>
        <time>2025-09-30T11:06:09.000Z</time>
      </trkpt>
      <trkpt lat="46.26349" lon="6.57298">
        <ele>1805.721</ele>
        <time>2025-09-30T11:06:14.000Z</time>
      </trkpt>
      <trkpt lat="46.26352" lon="6.57294">
        <ele>1805.222</ele>
        <time>2025-09-30T11:06:19.000Z</time>
      </trkpt>
      <trkpt lat="46.26354" lon="6.57291">
        <ele>1805.394</ele>
        <time>2025-09-30T11:06:24.000Z</time>
      </trkpt>
      <trkpt lat="46.26357" lon="6.57287">
        <ele>1805.898</ele>
        <time>2025-09-30T11:06:29.000Z</time>
      </trkpt>
      <trkpt lat="46.26361" lon="6.57283">
        <ele>1805.708</ele>
        <time>2025-09-30T11:06:34.000Z</time>
      </trkpt>
      <trkpt lat="46.26365" lon="6.57279">
        <ele>1805.278</ele>
        <time>2025-09-30T11:06:39.000Z</time>
      </trkpt>
      <trkpt lat="46.26368" lon="6.57278">
        <ele>1806.206</ele>
        <time>2025-09-30T11:06:44.000Z</time>
      </trkpt>
      <trkpt lat="46.26372" lon="6.57277">
        <ele>1807.032</ele>
        <time>2025-09-30T11:06:49.000Z</time>
      </trkpt>
      <trkpt lat="46.26375" lon="6.57278">
        <ele>1807.276</ele>
        <time>2025-09-30T11:06:54.000Z</time>
      </trkpt>
      <trkpt lat="46.26379" lon="6.57278">
        <ele>1806.786</ele>
        <time>2025-09-30T11:06:59.000Z</time>
      </trkpt>
      <trkpt lat="46.26382" lon="6.57275">
        <ele>1806.426</ele>
        <time>2025-09-30T11:07:04.000Z</time>
      </trkpt>
      <trkpt lat="46.26386" lon="6.57275">
        <ele>1806.941</ele>
        <time>2025-09-30T11:07:09.000Z</time>
      </trkpt>
      <trkpt lat="46.2639" lon="6.57277">
        <ele>1808.072</ele>
        <time>2025-09-30T11:07:14.000Z</time>
      </trkpt>
      <trkpt lat="46.26394" lon="6.57279">
        <ele>1808.957</ele>
        <time>2025-09-30T11:07:19.000Z</time>
      </trkpt>
      <trkpt lat="46.26398" lon="6.57281">
        <ele>1809.389</ele>
        <time>2025-09-30T11:07:24.000Z</time>
      </trkpt>
      <trkpt lat="46.26402" lon="6.57284">
        <ele>1809.514</ele>
        <time>2025-09-30T11:07:29.000Z</time>
      </trkpt>
      <trkpt lat="46.26407" lon="6.57283">
        <ele>1809.823</ele>
        <time>2025-09-30T11:07:34.000Z</time>
      </trkpt>
      <trkpt lat="46.26412" lon="6.57283">
        <ele>1809.476</ele>
        <time>2025-09-30T11:07:39.000Z</time>
      </trkpt>
      <trkpt lat="46.26416" lon="6.57283">
        <ele>1810.935</ele>
        <time>2025-09-30T11:07:44.000Z</time>
      </trkpt>
      <trkpt lat="46.2642" lon="6.57283">
        <ele>1811.865</ele>
        <time>2025-09-30T11:07:49.000Z</time>
      </trkpt>
      <trkpt lat="46.26424" lon="6.57284">
        <ele>1811.484</ele>
        <time>2025-09-30T11:07:54.000Z</time>
      </trkpt>
      <trkpt lat="46.26427" lon="6.57287">
        <ele>1812.429</ele>
        <time>2025-09-30T11:07:59.000Z</time>
      </trkpt>
      <trkpt lat="46.26431" lon="6.57289">
        <ele>1811.987</ele>
        <time>2025-09-30T11:08:04.000Z</time>
      </trkpt>
      <trkpt lat="46.26434" lon="6.57293">
        <ele>1812.473</ele>
        <time>2025-09-30T11:08:09.000Z</time>
      </trkpt>
      <trkpt lat="46.26437" lon="6.57297">
        <ele>1814.239</ele>
        <time>2025-09-30T11:08:14.000Z</time>
      </trkpt>
      <trkpt lat="46.2644" lon="6.57299">
        <ele>1814.577</ele>
        <time>2025-09-30T11:08:19.000Z</time>
      </trkpt>
      <trkpt lat="46.26443" lon="6.57303">
        <ele>1814.432</ele>
        <time>2025-09-30T11:08:24.000Z</time>
      </trkpt>
      <trkpt lat="46.26444" lon="6.57307">
        <ele>1814.77</ele>
        <time>2025-09-30T11:08:29.000Z</time>
      </trkpt>
      <trkpt lat="46.26447" lon="6.57311">
        <ele>1814.835</ele>
        <time>2025-09-30T11:08:34.000Z</time>
      </trkpt>
      <trkpt lat="46.2645" lon="6.57314">
        <ele>1815.463</ele>
        <time>2025-09-30T11:08:39.000Z</time>
      </trkpt>
      <trkpt lat="46.26452" lon="6.57317">
        <ele>1816.235</ele>
        <time>2025-09-30T11:08:44.000Z</time>
      </trkpt>
      <trkpt lat="46.26455" lon="6.5732">
        <ele>1816.574</ele>
        <time>2025-09-30T11:08:49.000Z</time>
      </trkpt>
      <trkpt lat="46.26458" lon="6.57324">
        <ele>1816.441</ele>
        <time>2025-09-30T11:08:54.000Z</time>
      </trkpt>
      <trkpt lat="46.2646" lon="6.57328">
        <ele>1816.351</ele>
        <time>2025-09-30T11:08:59.000Z</time>
      </trkpt>
      <trkpt lat="46.26464" lon="6.5733">
        <ele>1815.712</ele>
        <time>2025-09-30T11:09:04.000Z</time>
      </trkpt>
      <trkpt lat="46.26467" lon="6.57334">
        <ele>1815.685</ele>
        <time>2025-09-30T11:09:09.000Z</time>
      </trkpt>
      <trkpt lat="46.26469" lon="6.57339">
        <ele>1817.168</ele>
        <time>2025-09-30T11:09:14.000Z</time>
      </trkpt>
      <trkpt lat="46.2647" lon="6.57345">
        <ele>1817.703</ele>
        <time>2025-09-30T11:09:19.000Z</time>
      </trkpt>
      <trkpt lat="46.26475" lon="6.57349">
        <ele>1816.64</ele>
        <time>2025-09-30T11:09:24.000Z</time>
      </trkpt>
      <trkpt lat="46.26478" lon="6.57354">
        <ele>1816.637</ele>
        <time>2025-09-30T11:09:29.000Z</time>
      </trkpt>
      <trkpt lat="46.26481" lon="6.57359">
        <ele>1817.889</ele>
        <time>2025-09-30T11:09:34.000Z</time>
      </trkpt>
      <trkpt lat="46.26484" lon="6.57363">
        <ele>1818.378</ele>
        <time>2025-09-30T11:09:39.000Z</time>
      </trkpt>
      <trkpt lat="46.26486" lon="6.57368">
        <ele>1819.389</ele>
        <time>2025-09-30T11:09:44.000Z</time>
      </trkpt>
      <trkpt lat="46.26489" lon="6.57374">
        <ele>1820.732</ele>
        <time>2025-09-30T11:09:49.000Z</time>
      </trkpt>
      <trkpt lat="46.26492" lon="6.57378">
        <ele>1821.129</ele>
        <time>2025-09-30T11:09:54.000Z</time>
      </trkpt>
      <trkpt lat="46.26494" lon="6.57377">
        <ele>1822.419</ele>
        <time>2025-09-30T11:09:59.000Z</time>
      </trkpt>
      <trkpt lat="46.26494" lon="6.57377">
        <ele>1823.065</ele>
        <time>2025-09-30T11:10:04.000Z</time>
      </trkpt>
      <trkpt lat="46.26494" lon="6.57377">
        <ele>1823.265</ele>
        <time>2025-09-30T11:10:09.000Z</time>
      </trkpt>
      <trkpt lat="46.26494" lon="6.57377">
        <ele>1823.251</ele>
        <time>2025-09-30T11:10:14.000Z</time>
      </trkpt>
      <trkpt lat="46.26494" lon="6.57377">
        <ele>1822.973</ele>
        <time>2025-09-30T11:10:19.000Z</time>
      </trkpt>
      <trkpt lat="46.26494" lon="6.57377">
        <ele>1824.489</ele>
        <time>2025-09-30T11:10:24.000Z</time>
      </trkpt>
      <trkpt lat="46.26494" lon="6.57377">
        <ele>1824.567</ele>
        <time>2025-09-30T11:10:29.000Z</time>
      </trkpt>
      <trkpt lat="46.26494" lon="6.57377">
        <ele>1825.014</ele>
        <time>2025-09-30T11:10:34.000Z</time>
      </trkpt>
      <trkpt lat="46.26494" lon="6.57377">
        <ele>1824.999</ele>
        <time>2025-09-30T11:10:39.000Z</time>
      </trkpt>
      <trkpt lat="46.26494" lon="6.57377">
        <ele>1824.875</ele>
        <time>2025-09-30T11:10:44.000Z</time>
      </trkpt>
      <trkpt lat="46.26494" lon="6.57359">
        <ele>1824.87</ele>
        <time>2025-09-30T11:10:49.000Z</time>
      </trkpt>
      <trkpt lat="46.26495" lon="6.57356">
        <ele>1825.51</ele>
        <time>2025-09-30T11:10:54.000Z</time>
      </trkpt>
      <trkpt lat="46.26495" lon="6.57349">
        <ele>1825.866</ele>
        <time>2025-09-30T11:10:59.000Z</time>
      </trkpt>
      <trkpt lat="46.26496" lon="6.57344">
        <ele>1825.927</ele>
        <time>2025-09-30T11:11:04.000Z</time>
      </trkpt>
      <trkpt lat="46.26496" lon="6.57344">
        <ele>1825.619</ele>
        <time>2025-09-30T11:11:09.000Z</time>
      </trkpt>
      <trkpt lat="46.26496" lon="6.57344">
        <ele>1825.546</ele>
        <time>2025-09-30T11:11:14.000Z</time>
      </trkpt>
      <trkpt lat="46.26496" lon="6.57344">
        <ele>1825.565</ele>
        <time>2025-09-30T11:11:19.000Z</time>
      </trkpt>
      <trkpt lat="46.26496" lon="6.57344">
        <ele>1825.582</ele>
        <time>2025-09-30T11:11:24.000Z</time>
      </trkpt>
      <trkpt lat="46.26496" lon="6.57344">
        <ele>1825.184</ele>
        <time>2025-09-30T11:11:29.000Z</time>
      </trkpt>
      <trkpt lat="46.26496" lon="6.57344">
        <ele>1825.222</ele>
        <time>2025-09-30T11:11:34.000Z</time>
      </trkpt>
      <trkpt lat="46.26496" lon="6.57344">
        <ele>1825.335</ele>
        <time>2025-09-30T11:11:39.000Z</time>
      </trkpt>
      <trkpt lat="46.26496" lon="6.57344">
        <ele>1825.34</ele>
        <time>2025-09-30T11:11:44.000Z</time>
      </trkpt>
      <trkpt lat="46.26496" lon="6.57344">
        <ele>1825.338</ele>
        <time>2025-09-30T11:11:49.000Z</time>
      </trkpt>
      <trkpt lat="46.26496" lon="6.57344">
        <ele>1825.326</ele>
        <time>2025-09-30T11:11:54.000Z</time>
      </trkpt>
      <trkpt lat="46.26496" lon="6.57344">
        <ele>1825.81</ele>
        <time>2025-09-30T11:11:59.000Z</time>
      </trkpt>
      <trkpt lat="46.26496" lon="6.57344">
        <ele>1825.684</ele>
        <time>2025-09-30T11:12:04.000Z</time>
      </trkpt>
      <trkpt lat="46.26496" lon="6.57346">
        <ele>1825.524</ele>
        <time>2025-09-30T11:12:09.000Z</time>
      </trkpt>
      <trkpt lat="46.26496" lon="6.57346">
        <ele>1825.524</ele>
        <time>2025-09-30T11:12:14.000Z</time>
      </trkpt>
      <trkpt lat="46.26498" lon="6.57349">
        <ele>1825.22</ele>
        <time>2025-09-30T11:12:19.000Z</time>
      </trkpt>
      <trkpt lat="46.265" lon="6.57353">
        <ele>1825.692</ele>
        <time>2025-09-30T11:12:24.000Z</time>
      </trkpt>
      <trkpt lat="46.26502" lon="6.57358">
        <ele>1827.493</ele>
        <time>2025-09-30T11:12:29.000Z</time>
      </trkpt>
      <trkpt lat="46.26502" lon="6.57363">
        <ele>1827.422</ele>
        <time>2025-09-30T11:12:34.000Z</time>
      </trkpt>
      <trkpt lat="46.26503" lon="6.57369">
        <ele>1828.555</ele>
        <time>2025-09-30T11:12:39.000Z</time>
      </trkpt>
      <trkpt lat="46.26504" lon="6.57373">
        <ele>1828.886</ele>
        <time>2025-09-30T11:12:44.000Z</time>
      </trkpt>
      <trkpt lat="46.26504" lon="6.57379">
        <ele>1829.328</ele>
        <time>2025-09-30T11:12:49.000Z</time>
      </trkpt>
      <trkpt lat="46.26504" lon="6.57385">
        <ele>1828.332</ele>
        <time>2025-09-30T11:12:54.000Z</time>
      </trkpt>
      <trkpt lat="46.26506" lon="6.57389">
        <ele>1827.073</ele>
        <time>2025-09-30T11:12:59.000Z</time>
      </trkpt>
      <trkpt lat="46.26508" lon="6.57393">
        <ele>1828.429</ele>
        <time>2025-09-30T11:13:04.000Z</time>
      </trkpt>
      <trkpt lat="46.26509" lon="6.57398">
        <ele>1829.227</ele>
        <time>2025-09-30T11:13:09.000Z</time>
      </trkpt>
      <trkpt lat="46.2651" lon="6.57402">
        <ele>1829.641</ele>
        <time>2025-09-30T11:13:14.000Z</time>
      </trkpt>
      <trkpt lat="46.2651" lon="6.57406">
        <ele>1829.66</ele>
        <time>2025-09-30T11:13:19.000Z</time>
      </trkpt>
      <trkpt lat="46.26511" lon="6.57411">
        <ele>1830.416</ele>
        <time>2025-09-30T11:13:24.000Z</time>
      </trkpt>
      <trkpt lat="46.26513" lon="6.57414">
        <ele>1831.54</ele>
        <time>2025-09-30T11:13:29.000Z</time>
      </trkpt>
      <trkpt lat="46.26514" lon="6.57417">
        <ele>1830.358</ele>
        <time>2025-09-30T11:13:34.000Z</time>
      </trkpt>
      <trkpt lat="46.26515" lon="6.57421">
        <ele>1830.722</ele>
        <time>2025-09-30T11:13:39.000Z</time>
      </trkpt>
      <trkpt lat="46.26518" lon="6.57426">
        <ele>1831.119</ele>
        <time>2025-09-30T11:13:44.000Z</time>
      </trkpt>
      <trkpt lat="46.26519" lon="6.57429">
        <ele>1831.263</ele>
        <time>2025-09-30T11:13:49.000Z</time>
      </trkpt>
      <trkpt lat="46.26519" lon="6.57436">
        <ele>1830.551</ele>
        <time>2025-09-30T11:13:54.000Z</time>
      </trkpt>
      <trkpt lat="46.26518" lon="6.57441">
        <ele>1831.76</ele>
        <time>2025-09-30T11:13:59.000Z</time>
      </trkpt>
      <trkpt lat="46.2652" lon="6.57445">
        <ele>1831.971</ele>
        <time>2025-09-30T11:14:04.000Z</time>
      </trkpt>
      <trkpt lat="46.2652" lon="6.57448">
        <ele>1832.236</ele>
        <time>2025-09-30T11:14:09.000Z</time>
      </trkpt>
      <trkpt lat="46.26522" lon="6.57451">
        <ele>1832.612</ele>
        <time>2025-09-30T11:14:14.000Z</time>
      </trkpt>
      <trkpt lat="46.26524" lon="6.57454">
        <ele>1833.259</ele>
        <time>2025-09-30T11:14:19.000Z</time>
      </trkpt>
      <trkpt lat="46.26526" lon="6.57458">
        <ele>1834.124</ele>
        <time>2025-09-30T11:14:24.000Z</time>
      </trkpt>
      <trkpt lat="46.26528" lon="6.5746">
        <ele>1834.551</ele>
        <time>2025-09-30T11:14:29.000Z</time>
      </trkpt>
      <trkpt lat="46.26529" lon="6.5746">
        <ele>1834.977</ele>
        <time>2025-09-30T11:14:34.000Z</time>
      </trkpt>
      <trkpt lat="46.26532" lon="6.57461">
        <ele>1836.523</ele>
        <time>2025-09-30T11:14:39.000Z</time>
      </trkpt>
      <trkpt lat="46.26533" lon="6.57466">
        <ele>1837.68</ele>
        <time>2025-09-30T11:14:44.000Z</time>
      </trkpt>
      <trkpt lat="46.26535" lon="6.57469">
        <ele>1838.208</ele>
        <time>2025-09-30T11:14:49.000Z</time>
      </trkpt>
      <trkpt lat="46.26537" lon="6.57468">
        <ele>1838.926</ele>
        <time>2025-09-30T11:14:54.000Z</time>
      </trkpt>
      <trkpt lat="46.2654" lon="6.57467">
        <ele>1839.312</ele>
        <time>2025-09-30T11:14:59.000Z</time>
      </trkpt>
      <trkpt lat="46.26542" lon="6.57467">
        <ele>1839.73</ele>
        <time>2025-09-30T11:15:04.000Z</time>
      </trkpt>
      <trkpt lat="46.26543" lon="6.57469">
        <ele>1840.091</ele>
        <time>2025-09-30T11:15:09.000Z</time>
      </trkpt>
      <trkpt lat="46.26546" lon="6.57469">
        <ele>1841.033</ele>
        <time>2025-09-30T11:15:14.000Z</time>
      </trkpt>
      <trkpt lat="46.26547" lon="6.57471">
        <ele>1842.326</ele>
        <time>2025-09-30T11:15:19.000Z</time>
      </trkpt>
      <trkpt lat="46.26549" lon="6.57473">
        <ele>1842.62</ele>
        <time>2025-09-30T11:15:24.000Z</time>
      </trkpt>
      <trkpt lat="46.2655" lon="6.57472">
        <ele>1842.911</ele>
        <time>2025-09-30T11:15:29.000Z</time>
      </trkpt>
      <trkpt lat="46.2655" lon="6.57471">
        <ele>1842.952</ele>
        <time>2025-09-30T11:15:34.000Z</time>
      </trkpt>
      <trkpt lat="46.26552" lon="6.57469">
        <ele>1844.691</ele>
        <time>2025-09-30T11:15:39.000Z</time>
      </trkpt>
      <trkpt lat="46.26554" lon="6.57468">
        <ele>1846.08</ele>
        <time>2025-09-30T11:15:44.000Z</time>
      </trkpt>
      <trkpt lat="46.26556" lon="6.57466">
        <ele>1846.154</ele>
        <time>2025-09-30T11:15:49.000Z</time>
      </trkpt>
      <trkpt lat="46.26558" lon="6.57465">
        <ele>1847.206</ele>
        <time>2025-09-30T11:15:54.000Z</time>
      </trkpt>
      <trkpt lat="46.2656" lon="6.57466">
        <ele>1847.689</ele>
        <time>2025-09-30T11:15:59.000Z</time>
      </trkpt>
      <trkpt lat="46.26561" lon="6.57463">
        <ele>1849.276</ele>
        <time>2025-09-30T11:16:04.000Z</time>
      </trkpt>
      <trkpt lat="46.26562" lon="6.57461">
        <ele>1850.249</ele>
        <time>2025-09-30T11:16:09.000Z</time>
      </trkpt>
      <trkpt lat="46.26562" lon="6.57458">
        <ele>1850.329</ele>
        <time>2025-09-30T11:16:14.000Z</time>
      </trkpt>
      <trkpt lat="46.26563" lon="6.57454">
        <ele>1850.975</ele>
        <time>2025-09-30T11:16:19.000Z</time>
      </trkpt>
      <trkpt lat="46.26565" lon="6.57453">
        <ele>1851.268</ele>
        <time>2025-09-30T11:16:24.000Z</time>
      </trkpt>
      <trkpt lat="46.26565" lon="6.57453">
        <ele>1851.255</ele>
        <time>2025-09-30T11:16:29.000Z</time>
      </trkpt>
      <trkpt lat="46.26565" lon="6.57453">
        <ele>1851.25</ele>
        <time>2025-09-30T11:16:34.000Z</time>
      </trkpt>
      <trkpt lat="46.26565" lon="6.57453">
        <ele>1851.244</ele>
        <time>2025-09-30T11:16:39.000Z</time>
      </trkpt>
      <trkpt lat="46.26565" lon="6.57453">
        <ele>1852.281</ele>
        <time>2025-09-30T11:16:44.000Z</time>
      </trkpt>
      <trkpt lat="46.26565" lon="6.57453">
        <ele>1852.538</ele>
        <time>2025-09-30T11:16:49.000Z</time>
      </trkpt>
      <trkpt lat="46.26565" lon="6.57453">
        <ele>1852.465</ele>
        <time>2025-09-30T11:16:54.000Z</time>
      </trkpt>
      <trkpt lat="46.26565" lon="6.57453">
        <ele>1852.711</ele>
        <time>2025-09-30T11:16:59.000Z</time>
      </trkpt>
      <trkpt lat="46.26565" lon="6.57453">
        <ele>1852.725</ele>
        <time>2025-09-30T11:17:04.000Z</time>
      </trkpt>
      <trkpt lat="46.26565" lon="6.57453">
        <ele>1852.744</ele>
        <time>2025-09-30T11:17:09.000Z</time>
      </trkpt>
      <trkpt lat="46.26565" lon="6.57453">
        <ele>1852.755</ele>
        <time>2025-09-30T11:17:14.000Z</time>
      </trkpt>
      <trkpt lat="46.26565" lon="6.57453">
        <ele>1852.752</ele>
        <time>2025-09-30T11:17:19.000Z</time>
      </trkpt>
      <trkpt lat="46.26565" lon="6.57453">
        <ele>1852.748</ele>
        <time>2025-09-30T11:17:24.000Z</time>
      </trkpt>
      <trkpt lat="46.26565" lon="6.57453">
        <ele>1852.746</ele>
        <time>2025-09-30T11:17:29.000Z</time>
      </trkpt>
      <trkpt lat="46.26565" lon="6.57453">
        <ele>1852.74</ele>
        <time>2025-09-30T11:17:34.000Z</time>
      </trkpt>
      <trkpt lat="46.26565" lon="6.57453">
        <ele>1852.74</ele>
        <time>2025-09-30T11:17:39.000Z</time>
      </trkpt>
      <trkpt lat="46.26565" lon="6.57453">
        <ele>1852.684</ele>
        <time>2025-09-30T11:17:44.000Z</time>
      </trkpt>
      <trkpt lat="46.26565" lon="6.57453">
        <ele>1852.688</ele>
        <time>2025-09-30T11:17:49.000Z</time>
      </trkpt>
      <trkpt lat="46.26565" lon="6.57453">
        <ele>1852.238</ele>
        <time>2025-09-30T11:17:54.000Z</time>
      </trkpt>
      <trkpt lat="46.26566" lon="6.57454">
        <ele>1852.301</ele>
        <time>2025-09-30T11:17:59.000Z</time>
      </trkpt>
      <trkpt lat="46.26567" lon="6.57452">
        <ele>1852.054</ele>
        <time>2025-09-30T11:18:04.000Z</time>
      </trkpt>
      <trkpt lat="46.26569" lon="6.57448">
        <ele>1853.541</ele>
        <time>2025-09-30T11:18:09.000Z</time>
      </trkpt>
      <trkpt lat="46.26571" lon="6.57446">
        <ele>1854.373</ele>
        <time>2025-09-30T11:18:14.000Z</time>
      </trkpt>
      <trkpt lat="46.26573" lon="6.57445">
        <ele>1854.601</ele>
        <time>2025-09-30T11:18:19.000Z</time>
      </trkpt>
      <trkpt lat="46.26575" lon="6.57446">
        <ele>1855.779</ele>
        <time>2025-09-30T11:18:24.000Z</time>
      </trkpt>
      <trkpt lat="46.26577" lon="6.57443">
        <ele>1856.563</ele>
        <time>2025-09-30T11:18:29.000Z</time>
      </trkpt>
      <trkpt lat="46.26581" lon="6.57441">
        <ele>1856.755</ele>
        <time>2025-09-30T11:18:34.000Z</time>
      </trkpt>
      <trkpt lat="46.26583" lon="6.57442">
        <ele>1857.015</ele>
        <time>2025-09-30T11:18:39.000Z</time>
      </trkpt>
      <trkpt lat="46.26585" lon="6.57445">
        <ele>1857.569</ele>
        <time>2025-09-30T11:18:44.000Z</time>
      </trkpt>
      <trkpt lat="46.26587" lon="6.57445">
        <ele>1858.069</ele>
        <time>2025-09-30T11:18:49.000Z</time>
      </trkpt>
      <trkpt lat="46.26589" lon="6.57447">
        <ele>1858.971</ele>
        <time>2025-09-30T11:18:54.000Z</time>
      </trkpt>
      <trkpt lat="46.26589" lon="6.57449">
        <ele>1859.56</ele>
        <time>2025-09-30T11:18:59.000Z</time>
      </trkpt>
      <trkpt lat="46.2659" lon="6.5745">
        <ele>1859.383</ele>
        <time>2025-09-30T11:19:04.000Z</time>
      </trkpt>
      <trkpt lat="46.26591" lon="6.57449">
        <ele>1860.028</ele>
        <time>2025-09-30T11:19:09.000Z</time>
      </trkpt>
      <trkpt lat="46.26592" lon="6.57449">
        <ele>1860.324</ele>
        <time>2025-09-30T11:19:14.000Z</time>
      </trkpt>
      <trkpt lat="46.26594" lon="6.5745">
        <ele>1861.313</ele>
        <time>2025-09-30T11:19:19.000Z</time>
      </trkpt>
      <trkpt lat="46.26596" lon="6.57448">
        <ele>1861.255</ele>
        <time>2025-09-30T11:19:24.000Z</time>
      </trkpt>
      <trkpt lat="46.26598" lon="6.57446">
        <ele>1861.185</ele>
        <time>2025-09-30T11:19:29.000Z</time>
      </trkpt>
      <trkpt lat="46.26601" lon="6.57443">
        <ele>1862.277</ele>
        <time>2025-09-30T11:19:34.000Z</time>
      </trkpt>
      <trkpt lat="46.26603" lon="6.57441">
        <ele>1863.116</ele>
        <time>2025-09-30T11:19:39.000Z</time>
      </trkpt>
      <trkpt lat="46.26605" lon="6.57439">
        <ele>1863.926</ele>
        <time>2025-09-30T11:19:44.000Z</time>
      </trkpt>
      <trkpt lat="46.26608" lon="6.57438">
        <ele>1863.489</ele>
        <time>2025-09-30T11:19:49.000Z</time>
      </trkpt>
      <trkpt lat="46.26609" lon="6.57436">
        <ele>1862.748</ele>
        <time>2025-09-30T11:19:54.000Z</time>
      </trkpt>
      <trkpt lat="46.26611" lon="6.57433">
        <ele>1863.542</ele>
        <time>2025-09-30T11:19:59.000Z</time>
      </trkpt>
      <trkpt lat="46.26612" lon="6.5743">
        <ele>1864.894</ele>
        <time>2025-09-30T11:20:04.000Z</time>
      </trkpt>
      <trkpt lat="46.26614" lon="6.5743">
        <ele>1864.716</ele>
        <time>2025-09-30T11:20:09.000Z</time>
      </trkpt>
      <trkpt lat="46.26616" lon="6.57431">
        <ele>1865.403</ele>
        <time>2025-09-30T11:20:14.000Z</time>
      </trkpt>
      <trkpt lat="46.26618" lon="6.57433">
        <ele>1866.203</ele>
        <time>2025-09-30T11:20:19.000Z</time>
      </trkpt>
      <trkpt lat="46.2662" lon="6.57432">
        <ele>1867.266</ele>
        <time>2025-09-30T11:20:24.000Z</time>
      </trkpt>
      <trkpt lat="46.26622" lon="6.5743">
        <ele>1868.006</ele>
        <time>2025-09-30T11:20:29.000Z</time>
      </trkpt>
      <trkpt lat="46.26625" lon="6.57428">
        <ele>1869.026</ele>
        <time>2025-09-30T11:20:34.000Z</time>
      </trkpt>
      <trkpt lat="46.26626" lon="6.57426">
        <ele>1870.082</ele>
        <time>2025-09-30T11:20:39.000Z</time>
      </trkpt>
      <trkpt lat="46.26627" lon="6.57424">
        <ele>1869.841</ele>
        <time>2025-09-30T11:20:44.000Z</time>
      </trkpt>
      <trkpt lat="46.26628" lon="6.57421">
        <ele>1870.287</ele>
        <time>2025-09-30T11:20:49.000Z</time>
      </trkpt>
      <trkpt lat="46.26628" lon="6.57418">
        <ele>1870.895</ele>
        <time>2025-09-30T11:20:54.000Z</time>
      </trkpt>
      <trkpt lat="46.26628" lon="6.57418">
        <ele>1870.891</ele>
        <time>2025-09-30T11:20:59.000Z</time>
      </trkpt>
      <trkpt lat="46.26628" lon="6.57418">
        <ele>1870.893</ele>
        <time>2025-09-30T11:21:04.000Z</time>
      </trkpt>
      <trkpt lat="46.26628" lon="6.57418">
        <ele>1870.937</ele>
        <time>2025-09-30T11:21:09.000Z</time>
      </trkpt>
      <trkpt lat="46.26628" lon="6.57418">
        <ele>1870.921</ele>
        <time>2025-09-30T11:21:14.000Z</time>
      </trkpt>
      <trkpt lat="46.26629" lon="6.57418">
        <ele>1870.953</ele>
        <time>2025-09-30T11:21:19.000Z</time>
      </trkpt>
      <trkpt lat="46.26629" lon="6.57418">
        <ele>1870.96</ele>
        <time>2025-09-30T11:21:24.000Z</time>
      </trkpt>
      <trkpt lat="46.26629" lon="6.57418">
        <ele>1870.958</ele>
        <time>2025-09-30T11:21:29.000Z</time>
      </trkpt>
      <trkpt lat="46.26629" lon="6.57418">
        <ele>1870.95</ele>
        <time>2025-09-30T11:21:34.000Z</time>
      </trkpt>
      <trkpt lat="46.26629" lon="6.57418">
        <ele>1870.959</ele>
        <time>2025-09-30T11:21:39.000Z</time>
      </trkpt>
      <trkpt lat="46.26629" lon="6.57418">
        <ele>1870.969</ele>
        <time>2025-09-30T11:21:44.000Z</time>
      </trkpt>
      <trkpt lat="46.26629" lon="6.57418">
        <ele>1870.979</ele>
        <time>2025-09-30T11:21:49.000Z</time>
      </trkpt>
      <trkpt lat="46.26629" lon="6.57419">
        <ele>1870.847</ele>
        <time>2025-09-30T11:21:54.000Z</time>
      </trkpt>
      <trkpt lat="46.26629" lon="6.57423">
        <ele>1871.248</ele>
        <time>2025-09-30T11:21:59.000Z</time>
      </trkpt>
      <trkpt lat="46.26631" lon="6.57427">
        <ele>1871.261</ele>
        <time>2025-09-30T11:22:04.000Z</time>
      </trkpt>
      <trkpt lat="46.26632" lon="6.57428">
        <ele>1870.84</ele>
        <time>2025-09-30T11:22:09.000Z</time>
      </trkpt>
      <trkpt lat="46.26632" lon="6.57428">
        <ele>1870.847</ele>
        <time>2025-09-30T11:22:14.000Z</time>
      </trkpt>
      <trkpt lat="46.26633" lon="6.57429">
        <ele>1870.761</ele>
        <time>2025-09-30T11:22:19.000Z</time>
      </trkpt>
      <trkpt lat="46.26634" lon="6.57429">
        <ele>1870.849</ele>
        <time>2025-09-30T11:22:24.000Z</time>
      </trkpt>
      <trkpt lat="46.26635" lon="6.57429">
        <ele>1870.298</ele>
        <time>2025-09-30T11:22:29.000Z</time>
      </trkpt>
      <trkpt lat="46.26636" lon="6.5743">
        <ele>1869.758</ele>
        <time>2025-09-30T11:22:34.000Z</time>
      </trkpt>
      <trkpt lat="46.26637" lon="6.57431">
        <ele>1869.057</ele>
        <time>2025-09-30T11:22:39.000Z</time>
      </trkpt>
      <trkpt lat="46.2664" lon="6.57433">
        <ele>1868.388</ele>
        <time>2025-09-30T11:22:44.000Z</time>
      </trkpt>
      <trkpt lat="46.26644" lon="6.57435">
        <ele>1868.004</ele>
        <time>2025-09-30T11:22:49.000Z</time>
      </trkpt>
      <trkpt lat="46.26648" lon="6.57435">
        <ele>1868.739</ele>
        <time>2025-09-30T11:22:54.000Z</time>
      </trkpt>
      <trkpt lat="46.2665" lon="6.57434">
        <ele>1868.835</ele>
        <time>2025-09-30T11:22:59.000Z</time>
      </trkpt>
      <trkpt lat="46.26654" lon="6.57433">
        <ele>1868.848</ele>
        <time>2025-09-30T11:23:04.000Z</time>
      </trkpt>
      <trkpt lat="46.26657" lon="6.57434">
        <ele>1869.219</ele>
        <time>2025-09-30T11:23:09.000Z</time>
      </trkpt>
      <trkpt lat="46.2666" lon="6.57433">
        <ele>1868.099</ele>
        <time>2025-09-30T11:23:14.000Z</time>
      </trkpt>
      <trkpt lat="46.26663" lon="6.57434">
        <ele>1867.529</ele>
        <time>2025-09-30T11:23:19.000Z</time>
      </trkpt>
      <trkpt lat="46.26663" lon="6.57435">
        <ele>1867.269</ele>
        <time>2025-09-30T11:23:24.000Z</time>
      </trkpt>
      <trkpt lat="46.26666" lon="6.57435">
        <ele>1867.088</ele>
        <time>2025-09-30T11:23:29.000Z</time>
      </trkpt>
      <trkpt lat="46.26669" lon="6.57434">
        <ele>1868.347</ele>
        <time>2025-09-30T11:23:34.000Z</time>
      </trkpt>
      <trkpt lat="46.26673" lon="6.57434">
        <ele>1868.166</ele>
        <time>2025-09-30T11:23:39.000Z</time>
      </trkpt>
      <trkpt lat="46.26676" lon="6.57436">
        <ele>1869.144</ele>
        <time>2025-09-30T11:23:44.000Z</time>
      </trkpt>
      <trkpt lat="46.26677" lon="6.57439">
        <ele>1870.515</ele>
        <time>2025-09-30T11:23:49.000Z</time>
      </trkpt>
      <trkpt lat="46.26679" lon="6.5744">
        <ele>1870.003</ele>
        <time>2025-09-30T11:23:54.000Z</time>
      </trkpt>
      <trkpt lat="46.26682" lon="6.57441">
        <ele>1869.036</ele>
        <time>2025-09-30T11:23:59.000Z</time>
      </trkpt>
      <trkpt lat="46.26685" lon="6.57443">
        <ele>1868.962</ele>
        <time>2025-09-30T11:24:04.000Z</time>
      </trkpt>
      <trkpt lat="46.26687" lon="6.57445">
        <ele>1869.126</ele>
        <time>2025-09-30T11:24:09.000Z</time>
      </trkpt>
      <trkpt lat="46.26688" lon="6.57448">
        <ele>1868.433</ele>
        <time>2025-09-30T11:24:14.000Z</time>
      </trkpt>
      <trkpt lat="46.2669" lon="6.57451">
        <ele>1868.525</ele>
        <time>2025-09-30T11:24:19.000Z</time>
      </trkpt>
      <trkpt lat="46.26692" lon="6.57454">
        <ele>1869.813</ele>
        <time>2025-09-30T11:24:24.000Z</time>
      </trkpt>
      <trkpt lat="46.26695" lon="6.57455">
        <ele>1869.284</ele>
        <time>2025-09-30T11:24:29.000Z</time>
      </trkpt>
      <trkpt lat="46.26697" lon="6.57454">
        <ele>1870.578</ele>
        <time>2025-09-30T11:24:34.000Z</time>
      </trkpt>
      <trkpt lat="46.267" lon="6.57453">
        <ele>1871.262</ele>
        <time>2025-09-30T11:24:39.000Z</time>
      </trkpt>
      <trkpt lat="46.26704" lon="6.57452">
        <ele>1872.064</ele>
        <time>2025-09-30T11:24:44.000Z</time>
      </trkpt>
      <trkpt lat="46.26707" lon="6.57454">
        <ele>1873.715</ele>
        <time>2025-09-30T11:24:49.000Z</time>
      </trkpt>
      <trkpt lat="46.2671" lon="6.57456">
        <ele>1874.925</ele>
        <time>2025-09-30T11:24:54.000Z</time>
      </trkpt>
      <trkpt lat="46.26712" lon="6.57457">
        <ele>1875.768</ele>
        <time>2025-09-30T11:24:59.000Z</time>
      </trkpt>
      <trkpt lat="46.26714" lon="6.57459">
        <ele>1876.396</ele>
        <time>2025-09-30T11:25:04.000Z</time>
      </trkpt>
      <trkpt lat="46.26716" lon="6.57461">
        <ele>1877.22</ele>
        <time>2025-09-30T11:25:09.000Z</time>
      </trkpt>
      <trkpt lat="46.26719" lon="6.57463">
        <ele>1877.761</ele>
        <time>2025-09-30T11:25:14.000Z</time>
      </trkpt>
      <trkpt lat="46.26722" lon="6.57466">
        <ele>1878.175</ele>
        <time>2025-09-30T11:25:19.000Z</time>
      </trkpt>
      <trkpt lat="46.26725" lon="6.5747">
        <ele>1878.33</ele>
        <time>2025-09-30T11:25:24.000Z</time>
      </trkpt>
      <trkpt lat="46.26726" lon="6.57473">
        <ele>1878.435</ele>
        <time>2025-09-30T11:25:29.000Z</time>
      </trkpt>
      <trkpt lat="46.26728" lon="6.57475">
        <ele>1877.569</ele>
        <time>2025-09-30T11:25:34.000Z</time>
      </trkpt>
      <trkpt lat="46.26728" lon="6.57475">
        <ele>1877.936</ele>
        <time>2025-09-30T11:25:39.000Z</time>
      </trkpt>
      <trkpt lat="46.2673" lon="6.57474">
        <ele>1878.22</ele>
        <time>2025-09-30T11:25:44.000Z</time>
      </trkpt>
      <trkpt lat="46.26733" lon="6.57476">
        <ele>1878.952</ele>
        <time>2025-09-30T11:25:49.000Z</time>
      </trkpt>
      <trkpt lat="46.26734" lon="6.57477">
        <ele>1879.746</ele>
        <time>2025-09-30T11:25:54.000Z</time>
      </trkpt>
      <trkpt lat="46.26736" lon="6.57481">
        <ele>1880.126</ele>
        <time>2025-09-30T11:25:59.000Z</time>
      </trkpt>
      <trkpt lat="46.26739" lon="6.57483">
        <ele>1881.001</ele>
        <time>2025-09-30T11:26:04.000Z</time>
      </trkpt>
      <trkpt lat="46.26741" lon="6.57485">
        <ele>1881.673</ele>
        <time>2025-09-30T11:26:09.000Z</time>
      </trkpt>
      <trkpt lat="46.26743" lon="6.57488">
        <ele>1882.568</ele>
        <time>2025-09-30T11:26:14.000Z</time>
      </trkpt>
      <trkpt lat="46.26745" lon="6.5749">
        <ele>1882.797</ele>
        <time>2025-09-30T11:26:19.000Z</time>
      </trkpt>
      <trkpt lat="46.26748" lon="6.57491">
        <ele>1883.121</ele>
        <time>2025-09-30T11:26:24.000Z</time>
      </trkpt>
      <trkpt lat="46.26751" lon="6.57493">
        <ele>1882.96</ele>
        <time>2025-09-30T11:26:29.000Z</time>
      </trkpt>
      <trkpt lat="46.26753" lon="6.57496">
        <ele>1883.526</ele>
        <time>2025-09-30T11:26:34.000Z</time>
      </trkpt>
      <trkpt lat="46.26755" lon="6.575">
        <ele>1885.073</ele>
        <time>2025-09-30T11:26:39.000Z</time>
      </trkpt>
      <trkpt lat="46.26757" lon="6.57502">
        <ele>1885.955</ele>
        <time>2025-09-30T11:26:44.000Z</time>
      </trkpt>
      <trkpt lat="46.26758" lon="6.57505">
        <ele>1885.716</ele>
        <time>2025-09-30T11:26:49.000Z</time>
      </trkpt>
      <trkpt lat="46.26758" lon="6.57505">
        <ele>1885.723</ele>
        <time>2025-09-30T11:26:54.000Z</time>
      </trkpt>
      <trkpt lat="46.26758" lon="6.57505">
        <ele>1885.948</ele>
        <time>2025-09-30T11:26:59.000Z</time>
      </trkpt>
      <trkpt lat="46.26758" lon="6.57505">
        <ele>1886.378</ele>
        <time>2025-09-30T11:27:04.000Z</time>
      </trkpt>
      <trkpt lat="46.26758" lon="6.57505">
        <ele>1886.392</ele>
        <time>2025-09-30T11:27:09.000Z</time>
      </trkpt>
      <trkpt lat="46.26758" lon="6.57505">
        <ele>1886.409</ele>
        <time>2025-09-30T11:27:14.000Z</time>
      </trkpt>
      <trkpt lat="46.26758" lon="6.57505">
        <ele>1886.41</ele>
        <time>2025-09-30T11:27:19.000Z</time>
      </trkpt>
      <trkpt lat="46.26758" lon="6.57505">
        <ele>1886.407</ele>
        <time>2025-09-30T11:27:24.000Z</time>
      </trkpt>
      <trkpt lat="46.26758" lon="6.57505">
        <ele>1886.406</ele>
        <time>2025-09-30T11:27:29.000Z</time>
      </trkpt>
      <trkpt lat="46.26758" lon="6.57505">
        <ele>1886.395</ele>
        <time>2025-09-30T11:27:34.000Z</time>
      </trkpt>
      <trkpt lat="46.26758" lon="6.57505">
        <ele>1886.395</ele>
        <time>2025-09-30T11:27:39.000Z</time>
      </trkpt>
      <trkpt lat="46.26758" lon="6.57505">
        <ele>1886.363</ele>
        <time>2025-09-30T11:27:44.000Z</time>
      </trkpt>
      <trkpt lat="46.26758" lon="6.57505">
        <ele>1887.383</ele>
        <time>2025-09-30T11:27:49.000Z</time>
      </trkpt>
      <trkpt lat="46.26758" lon="6.57505">
        <ele>1887.394</ele>
        <time>2025-09-30T11:27:54.000Z</time>
      </trkpt>
      <trkpt lat="46.26758" lon="6.57505">
        <ele>1887.409</ele>
        <time>2025-09-30T11:27:59.000Z</time>
      </trkpt>
      <trkpt lat="46.26758" lon="6.57505">
        <ele>1887.228</ele>
        <time>2025-09-30T11:28:04.000Z</time>
      </trkpt>
      <trkpt lat="46.26758" lon="6.57505">
        <ele>1887.227</ele>
        <time>2025-09-30T11:28:09.000Z</time>
      </trkpt>
      <trkpt lat="46.26758" lon="6.57505">
        <ele>1887.236</ele>
        <time>2025-09-30T11:28:14.000Z</time>
      </trkpt>
      <trkpt lat="46.26758" lon="6.57505">
        <ele>1887.242</ele>
        <time>2025-09-30T11:28:19.000Z</time>
      </trkpt>
      <trkpt lat="46.26758" lon="6.57505">
        <ele>1887.248</ele>
        <time>2025-09-30T11:28:24.000Z</time>
      </trkpt>
      <trkpt lat="46.26758" lon="6.57505">
        <ele>1887.737</ele>
        <time>2025-09-30T11:28:29.000Z</time>
      </trkpt>
      <trkpt lat="46.26758" lon="6.57505">
        <ele>1888.056</ele>
        <time>2025-09-30T11:28:34.000Z</time>
      </trkpt>
      <trkpt lat="46.26758" lon="6.57505">
        <ele>1887.619</ele>
        <time>2025-09-30T11:28:39.000Z</time>
      </trkpt>
      <trkpt lat="46.26758" lon="6.57505">
        <ele>1887.624</ele>
        <time>2025-09-30T11:28:44.000Z</time>
      </trkpt>
      <trkpt lat="46.26758" lon="6.57505">
        <ele>1887.46</ele>
        <time>2025-09-30T11:28:49.000Z</time>
      </trkpt>
      <trkpt lat="46.26758" lon="6.57505">
        <ele>1887.505</ele>
        <time>2025-09-30T11:28:54.000Z</time>
      </trkpt>
      <trkpt lat="46.26758" lon="6.57505">
        <ele>1887.499</ele>
        <time>2025-09-30T11:28:59.000Z</time>
      </trkpt>
      <trkpt lat="46.26758" lon="6.57505">
        <ele>1887.501</ele>
        <time>2025-09-30T11:29:04.000Z</time>
      </trkpt>
      <trkpt lat="46.26758" lon="6.57505">
        <ele>1887.506</ele>
        <time>2025-09-30T11:29:09.000Z</time>
      </trkpt>
      <trkpt lat="46.26758" lon="6.57505">
        <ele>1887.506</ele>
        <time>2025-09-30T11:29:14.000Z</time>
      </trkpt>
      <trkpt lat="46.26758" lon="6.57505">
        <ele>1887.107</ele>
        <time>2025-09-30T11:29:19.000Z</time>
      </trkpt>
      <trkpt lat="46.26758" lon="6.57505">
        <ele>1887.088</ele>
        <time>2025-09-30T11:29:24.000Z</time>
      </trkpt>
      <trkpt lat="46.26758" lon="6.57505">
        <ele>1887.091</ele>
        <time>2025-09-30T11:29:29.000Z</time>
      </trkpt>
      <trkpt lat="46.26758" lon="6.57505">
        <ele>1887.088</ele>
        <time>2025-09-30T11:29:34.000Z</time>
      </trkpt>
      <trkpt lat="46.26758" lon="6.57505">
        <ele>1887.083</ele>
        <time>2025-09-30T11:29:39.000Z</time>
      </trkpt>
      <trkpt lat="46.26758" lon="6.57505">
        <ele>1887.09</ele>
        <time>2025-09-30T11:29:44.000Z</time>
      </trkpt>
      <trkpt lat="46.26758" lon="6.57505">
        <ele>1887.631</ele>
        <time>2025-09-30T11:29:49.000Z</time>
      </trkpt>
      <trkpt lat="46.26758" lon="6.57505">
        <ele>1887.644</ele>
        <time>2025-09-30T11:29:54.000Z</time>
      </trkpt>
      <trkpt lat="46.26758" lon="6.57505">
        <ele>1887.65</ele>
        <time>2025-09-30T11:29:59.000Z</time>
      </trkpt>
      <trkpt lat="46.26758" lon="6.57505">
        <ele>1887.653</ele>
        <time>2025-09-30T11:30:04.000Z</time>
      </trkpt>
      <trkpt lat="46.26758" lon="6.57505">
        <ele>1887.647</ele>
        <time>2025-09-30T11:30:09.000Z</time>
      </trkpt>
      <trkpt lat="46.26758" lon="6.57505">
        <ele>1887.628</ele>
        <time>2025-09-30T11:30:14.000Z</time>
      </trkpt>
      <trkpt lat="46.26758" lon="6.57505">
        <ele>1887.624</ele>
        <time>2025-09-30T11:30:19.000Z</time>
      </trkpt>
      <trkpt lat="46.26758" lon="6.57505">
        <ele>1887.612</ele>
        <time>2025-09-30T11:30:24.000Z</time>
      </trkpt>
      <trkpt lat="46.26758" lon="6.57505">
        <ele>1887.602</ele>
        <time>2025-09-30T11:30:29.000Z</time>
      </trkpt>
      <trkpt lat="46.26758" lon="6.57505">
        <ele>1887.589</ele>
        <time>2025-09-30T11:30:34.000Z</time>
      </trkpt>
      <trkpt lat="46.26758" lon="6.57505">
        <ele>1887.575</ele>
        <time>2025-09-30T11:30:39.000Z</time>
      </trkpt>
      <trkpt lat="46.26758" lon="6.57505">
        <ele>1887.564</ele>
        <time>2025-09-30T11:30:44.000Z</time>
      </trkpt>
      <trkpt lat="46.26758" lon="6.57505">
        <ele>1887.547</ele>
        <time>2025-09-30T11:30:49.000Z</time>
      </trkpt>
      <trkpt lat="46.26758" lon="6.57505">
        <ele>1887.539</ele>
        <time>2025-09-30T11:30:54.000Z</time>
      </trkpt>
      <trkpt lat="46.26758" lon="6.57505">
        <ele>1887.524</ele>
        <time>2025-09-30T11:30:59.000Z</time>
      </trkpt>
      <trkpt lat="46.26758" lon="6.57505">
        <ele>1887.532</ele>
        <time>2025-09-30T11:31:04.000Z</time>
      </trkpt>
      <trkpt lat="46.26758" lon="6.57505">
        <ele>1887.528</ele>
        <time>2025-09-30T11:31:09.000Z</time>
      </trkpt>
      <trkpt lat="46.26758" lon="6.57505">
        <ele>1887.206</ele>
        <time>2025-09-30T11:31:14.000Z</time>
      </trkpt>
      <trkpt lat="46.26758" lon="6.57505">
        <ele>1887.193</ele>
        <time>2025-09-30T11:31:19.000Z</time>
      </trkpt>
      <trkpt lat="46.26758" lon="6.57505">
        <ele>1887.175</ele>
        <time>2025-09-30T11:31:24.000Z</time>
      </trkpt>
      <trkpt lat="46.26758" lon="6.57505">
        <ele>1887.165</ele>
        <time>2025-09-30T11:31:29.000Z</time>
      </trkpt>
      <trkpt lat="46.26758" lon="6.57505">
        <ele>1887.162</ele>
        <time>2025-09-30T11:31:34.000Z</time>
      </trkpt>
      <trkpt lat="46.26758" lon="6.57505">
        <ele>1885.881</ele>
        <time>2025-09-30T11:31:39.000Z</time>
      </trkpt>
      <trkpt lat="46.26758" lon="6.57505">
        <ele>1886.286</ele>
        <time>2025-09-30T11:31:44.000Z</time>
      </trkpt>
      <trkpt lat="46.26758" lon="6.57505">
        <ele>1886.126</ele>
        <time>2025-09-30T11:31:49.000Z</time>
      </trkpt>
      <trkpt lat="46.26758" lon="6.57505">
        <ele>1886.14</ele>
        <time>2025-09-30T11:31:54.000Z</time>
      </trkpt>
      <trkpt lat="46.26758" lon="6.57505">
        <ele>1886.138</ele>
        <time>2025-09-30T11:31:59.000Z</time>
      </trkpt>
      <trkpt lat="46.26758" lon="6.57505">
        <ele>1886.138</ele>
        <time>2025-09-30T11:32:04.000Z</time>
      </trkpt>
      <trkpt lat="46.26758" lon="6.57505">
        <ele>1886.138</ele>
        <time>2025-09-30T11:32:09.000Z</time>
      </trkpt>
      <trkpt lat="46.26758" lon="6.57505">
        <ele>1886.142</ele>
        <time>2025-09-30T11:32:14.000Z</time>
      </trkpt>
      <trkpt lat="46.26758" lon="6.57505">
        <ele>1886.966</ele>
        <time>2025-09-30T11:32:19.000Z</time>
      </trkpt>
      <trkpt lat="46.26758" lon="6.57505">
        <ele>1886.414</ele>
        <time>2025-09-30T11:32:24.000Z</time>
      </trkpt>
      <trkpt lat="46.26758" lon="6.57505">
        <ele>1885.386</ele>
        <time>2025-09-30T11:32:29.000Z</time>
      </trkpt>
      <trkpt lat="46.26758" lon="6.57505">
        <ele>1885.374</ele>
        <time>2025-09-30T11:32:34.000Z</time>
      </trkpt>
      <trkpt lat="46.26758" lon="6.57505">
        <ele>1885.006</ele>
        <time>2025-09-30T11:32:39.000Z</time>
      </trkpt>
      <trkpt lat="46.26758" lon="6.57505">
        <ele>1884.995</ele>
        <time>2025-09-30T11:32:44.000Z</time>
      </trkpt>
      <trkpt lat="46.26758" lon="6.57505">
        <ele>1884.978</ele>
        <time>2025-09-30T11:32:49.000Z</time>
      </trkpt>
      <trkpt lat="46.26758" lon="6.57505">
        <ele>1884.97</ele>
        <time>2025-09-30T11:32:54.000Z</time>
      </trkpt>
      <trkpt lat="46.26758" lon="6.57505">
        <ele>1884.967</ele>
        <time>2025-09-30T11:32:59.000Z</time>
      </trkpt>
      <trkpt lat="46.26758" lon="6.57505">
        <ele>1884.957</ele>
        <time>2025-09-30T11:33:04.000Z</time>
      </trkpt>
      <trkpt lat="46.26758" lon="6.57505">
        <ele>1884.949</ele>
        <time>2025-09-30T11:33:09.000Z</time>
      </trkpt>
      <trkpt lat="46.26758" lon="6.57505">
        <ele>1884.944</ele>
        <time>2025-09-30T11:33:14.000Z</time>
      </trkpt>
      <trkpt lat="46.26758" lon="6.57505">
        <ele>1884.94</ele>
        <time>2025-09-30T11:33:19.000Z</time>
      </trkpt>
      <trkpt lat="46.26758" lon="6.57505">
        <ele>1884.926</ele>
        <time>2025-09-30T11:33:24.000Z</time>
      </trkpt>
      <trkpt lat="46.26758" lon="6.57505">
        <ele>1885.389</ele>
        <time>2025-09-30T11:33:29.000Z</time>
      </trkpt>
      <trkpt lat="46.26758" lon="6.57505">
        <ele>1885.407</ele>
        <time>2025-09-30T11:33:34.000Z</time>
      </trkpt>
      <trkpt lat="46.26758" lon="6.57505">
        <ele>1885.41</ele>
        <time>2025-09-30T11:33:39.000Z</time>
      </trkpt>
      <trkpt lat="46.26758" lon="6.57505">
        <ele>1885.335</ele>
        <time>2025-09-30T11:33:44.000Z</time>
      </trkpt>
      <trkpt lat="46.26758" lon="6.57505">
        <ele>1885.764</ele>
        <time>2025-09-30T11:33:49.000Z</time>
      </trkpt>
      <trkpt lat="46.26758" lon="6.57505">
        <ele>1886.048</ele>
        <time>2025-09-30T11:33:54.000Z</time>
      </trkpt>
      <trkpt lat="46.26758" lon="6.57505">
        <ele>1886.059</ele>
        <time>2025-09-30T11:33:59.000Z</time>
      </trkpt>
      <trkpt lat="46.26758" lon="6.57505">
        <ele>1886.061</ele>
        <time>2025-09-30T11:34:04.000Z</time>
      </trkpt>
      <trkpt lat="46.26758" lon="6.57505">
        <ele>1886.049</ele>
        <time>2025-09-30T11:34:09.000Z</time>
      </trkpt>
      <trkpt lat="46.26758" lon="6.57505">
        <ele>1885.74</ele>
        <time>2025-09-30T11:34:14.000Z</time>
      </trkpt>
      <trkpt lat="46.26758" lon="6.57505">
        <ele>1885.738</ele>
        <time>2025-09-30T11:34:19.000Z</time>
      </trkpt>
      <trkpt lat="46.26758" lon="6.57505">
        <ele>1885.74</ele>
        <time>2025-09-30T11:34:24.000Z</time>
      </trkpt>
      <trkpt lat="46.26758" lon="6.57505">
        <ele>1885.74</ele>
        <time>2025-09-30T11:34:29.000Z</time>
      </trkpt>
      <trkpt lat="46.26758" lon="6.57505">
        <ele>1885.733</ele>
        <time>2025-09-30T11:34:34.000Z</time>
      </trkpt>
      <trkpt lat="46.26758" lon="6.57505">
        <ele>1885.734</ele>
        <time>2025-09-30T11:34:39.000Z</time>
      </trkpt>
      <trkpt lat="46.26758" lon="6.57505">
        <ele>1885.727</ele>
        <time>2025-09-30T11:34:44.000Z</time>
      </trkpt>
      <trkpt lat="46.26758" lon="6.57505">
        <ele>1885.725</ele>
        <time>2025-09-30T11:34:49.000Z</time>
      </trkpt>
      <trkpt lat="46.26758" lon="6.57505">
        <ele>1885.978</ele>
        <time>2025-09-30T11:34:54.000Z</time>
      </trkpt>
      <trkpt lat="46.26758" lon="6.57505">
        <ele>1886.185</ele>
        <time>2025-09-30T11:34:59.000Z</time>
      </trkpt>
      <trkpt lat="46.26758" lon="6.57505">
        <ele>1885.328</ele>
        <time>2025-09-30T11:35:04.000Z</time>
      </trkpt>
      <trkpt lat="46.26758" lon="6.57505">
        <ele>1885.173</ele>
        <time>2025-09-30T11:35:09.000Z</time>
      </trkpt>
      <trkpt lat="46.26758" lon="6.57505">
        <ele>1885.223</ele>
        <time>2025-09-30T11:35:14.000Z</time>
      </trkpt>
      <trkpt lat="46.26758" lon="6.57505">
        <ele>1885.219</ele>
        <time>2025-09-30T11:35:19.000Z</time>
      </trkpt>
      <trkpt lat="46.26758" lon="6.57505">
        <ele>1885.219</ele>
        <time>2025-09-30T11:35:24.000Z</time>
      </trkpt>
      <trkpt lat="46.26758" lon="6.57505">
        <ele>1885.223</ele>
        <time>2025-09-30T11:35:29.000Z</time>
      </trkpt>
      <trkpt lat="46.26758" lon="6.57505">
        <ele>1885.229</ele>
        <time>2025-09-30T11:35:34.000Z</time>
      </trkpt>
      <trkpt lat="46.26758" lon="6.57505">
        <ele>1885.238</ele>
        <time>2025-09-30T11:35:39.000Z</time>
      </trkpt>
      <trkpt lat="46.26758" lon="6.57505">
        <ele>1885.241</ele>
        <time>2025-09-30T11:35:44.000Z</time>
      </trkpt>
      <trkpt lat="46.26758" lon="6.57505">
        <ele>1885.243</ele>
        <time>2025-09-30T11:35:49.000Z</time>
      </trkpt>
      <trkpt lat="46.26758" lon="6.57505">
        <ele>1885.281</ele>
        <time>2025-09-30T11:35:54.000Z</time>
      </trkpt>
      <trkpt lat="46.26758" lon="6.57505">
        <ele>1885.295</ele>
        <time>2025-09-30T11:35:59.000Z</time>
      </trkpt>
      <trkpt lat="46.26758" lon="6.57505">
        <ele>1885.29</ele>
        <time>2025-09-30T11:36:04.000Z</time>
      </trkpt>
      <trkpt lat="46.26758" lon="6.57505">
        <ele>1885.288</ele>
        <time>2025-09-30T11:36:09.000Z</time>
      </trkpt>
      <trkpt lat="46.26758" lon="6.57505">
        <ele>1885.283</ele>
        <time>2025-09-30T11:36:14.000Z</time>
      </trkpt>
      <trkpt lat="46.26758" lon="6.57505">
        <ele>1885.273</ele>
        <time>2025-09-30T11:36:19.000Z</time>
      </trkpt>
      <trkpt lat="46.26758" lon="6.57505">
        <ele>1885.273</ele>
        <time>2025-09-30T11:36:24.000Z</time>
      </trkpt>
      <trkpt lat="46.26758" lon="6.57505">
        <ele>1885.278</ele>
        <time>2025-09-30T11:36:29.000Z</time>
      </trkpt>
      <trkpt lat="46.26758" lon="6.57505">
        <ele>1885.273</ele>
        <time>2025-09-30T11:36:34.000Z</time>
      </trkpt>
      <trkpt lat="46.26758" lon="6.57505">
        <ele>1885.118</ele>
        <time>2025-09-30T11:36:39.000Z</time>
      </trkpt>
      <trkpt lat="46.26758" lon="6.57505">
        <ele>1884.71</ele>
        <time>2025-09-30T11:36:44.000Z</time>
      </trkpt>
      <trkpt lat="46.26758" lon="6.57505">
        <ele>1884.712</ele>
        <time>2025-09-30T11:36:49.000Z</time>
      </trkpt>
      <trkpt lat="46.26758" lon="6.57505">
        <ele>1884.868</ele>
        <time>2025-09-30T11:36:54.000Z</time>
      </trkpt>
      <trkpt lat="46.26758" lon="6.57505">
        <ele>1884.617</ele>
        <time>2025-09-30T11:36:59.000Z</time>
      </trkpt>
      <trkpt lat="46.26758" lon="6.57505">
        <ele>1884.613</ele>
        <time>2025-09-30T11:37:04.000Z</time>
      </trkpt>
      <trkpt lat="46.26758" lon="6.57505">
        <ele>1884.611</ele>
        <time>2025-09-30T11:37:09.000Z</time>
      </trkpt>
      <trkpt lat="46.26758" lon="6.57505">
        <ele>1884.606</ele>
        <time>2025-09-30T11:37:14.000Z</time>
      </trkpt>
      <trkpt lat="46.26758" lon="6.57505">
        <ele>1884.599</ele>
        <time>2025-09-30T11:37:19.000Z</time>
      </trkpt>
      <trkpt lat="46.26758" lon="6.57505">
        <ele>1884.588</ele>
        <time>2025-09-30T11:37:24.000Z</time>
      </trkpt>
      <trkpt lat="46.26758" lon="6.57505">
        <ele>1884.579</ele>
        <time>2025-09-30T11:37:29.000Z</time>
      </trkpt>
      <trkpt lat="46.26758" lon="6.57505">
        <ele>1884.571</ele>
        <time>2025-09-30T11:37:34.000Z</time>
      </trkpt>
      <trkpt lat="46.26758" lon="6.57505">
        <ele>1884.568</ele>
        <time>2025-09-30T11:37:39.000Z</time>
      </trkpt>
      <trkpt lat="46.26758" lon="6.57505">
        <ele>1884.574</ele>
        <time>2025-09-30T11:37:44.000Z</time>
      </trkpt>
      <trkpt lat="46.26758" lon="6.57505">
        <ele>1884.573</ele>
        <time>2025-09-30T11:37:49.000Z</time>
      </trkpt>
      <trkpt lat="46.26758" lon="6.57505">
        <ele>1884.574</ele>
        <time>2025-09-30T11:37:54.000Z</time>
      </trkpt>
      <trkpt lat="46.26758" lon="6.57505">
        <ele>1884.303</ele>
        <time>2025-09-30T11:37:59.000Z</time>
      </trkpt>
      <trkpt lat="46.26758" lon="6.57505">
        <ele>1884.369</ele>
        <time>2025-09-30T11:38:04.000Z</time>
      </trkpt>
      <trkpt lat="46.26758" lon="6.57505">
        <ele>1884.371</ele>
        <time>2025-09-30T11:38:09.000Z</time>
      </trkpt>
      <trkpt lat="46.26758" lon="6.57505">
        <ele>1884.372</ele>
        <time>2025-09-30T11:38:14.000Z</time>
      </trkpt>
      <trkpt lat="46.26758" lon="6.57505">
        <ele>1884.373</ele>
        <time>2025-09-30T11:38:19.000Z</time>
      </trkpt>
      <trkpt lat="46.26758" lon="6.57505">
        <ele>1884.37</ele>
        <time>2025-09-30T11:38:24.000Z</time>
      </trkpt>
      <trkpt lat="46.26758" lon="6.57505">
        <ele>1884.573</ele>
        <time>2025-09-30T11:38:29.000Z</time>
      </trkpt>
      <trkpt lat="46.26758" lon="6.57505">
        <ele>1884.644</ele>
        <time>2025-09-30T11:38:34.000Z</time>
      </trkpt>
      <trkpt lat="46.26758" lon="6.57505">
        <ele>1884.644</ele>
        <time>2025-09-30T11:38:39.000Z</time>
      </trkpt>
      <trkpt lat="46.26758" lon="6.57505">
        <ele>1884.648</ele>
        <time>2025-09-30T11:38:44.000Z</time>
      </trkpt>
      <trkpt lat="46.26758" lon="6.57505">
        <ele>1884.654</ele>
        <time>2025-09-30T11:38:49.000Z</time>
      </trkpt>
      <trkpt lat="46.26758" lon="6.57505">
        <ele>1884.956</ele>
        <time>2025-09-30T11:38:54.000Z</time>
      </trkpt>
      <trkpt lat="46.26758" lon="6.57505">
        <ele>1884.958</ele>
        <time>2025-09-30T11:38:59.000Z</time>
      </trkpt>
      <trkpt lat="46.26758" lon="6.57505">
        <ele>1884.962</ele>
        <time>2025-09-30T11:39:04.000Z</time>
      </trkpt>
      <trkpt lat="46.26758" lon="6.57505">
        <ele>1884.966</ele>
        <time>2025-09-30T11:39:09.000Z</time>
      </trkpt>
      <trkpt lat="46.26758" lon="6.57505">
        <ele>1884.967</ele>
        <time>2025-09-30T11:39:14.000Z</time>
      </trkpt>
      <trkpt lat="46.26758" lon="6.57505">
        <ele>1884.968</ele>
        <time>2025-09-30T11:39:19.000Z</time>
      </trkpt>
      <trkpt lat="46.26758" lon="6.57505">
        <ele>1884.972</ele>
        <time>2025-09-30T11:39:24.000Z</time>
      </trkpt>
      <trkpt lat="46.26758" lon="6.57505">
        <ele>1884.977</ele>
        <time>2025-09-30T11:39:29.000Z</time>
      </trkpt>
      <trkpt lat="46.26758" lon="6.57505">
        <ele>1884.979</ele>
        <time>2025-09-30T11:39:34.000Z</time>
      </trkpt>
      <trkpt lat="46.26758" lon="6.57505">
        <ele>1885.185</ele>
        <time>2025-09-30T11:39:39.000Z</time>
      </trkpt>
      <trkpt lat="46.26758" lon="6.57505">
        <ele>1885.319</ele>
        <time>2025-09-30T11:39:44.000Z</time>
      </trkpt>
      <trkpt lat="46.26758" lon="6.57505">
        <ele>1885.318</ele>
        <time>2025-09-30T11:39:49.000Z</time>
      </trkpt>
      <trkpt lat="46.26758" lon="6.57505">
        <ele>1885.244</ele>
        <time>2025-09-30T11:39:54.000Z</time>
      </trkpt>
      <trkpt lat="46.26758" lon="6.57505">
        <ele>1885.268</ele>
        <time>2025-09-30T11:39:59.000Z</time>
      </trkpt>
      <trkpt lat="46.26758" lon="6.57505">
        <ele>1885.276</ele>
        <time>2025-09-30T11:40:04.000Z</time>
      </trkpt>
      <trkpt lat="46.26758" lon="6.57505">
        <ele>1885.28</ele>
        <time>2025-09-30T11:40:09.000Z</time>
      </trkpt>
      <trkpt lat="46.26758" lon="6.57505">
        <ele>1885.283</ele>
        <time>2025-09-30T11:40:14.000Z</time>
      </trkpt>
      <trkpt lat="46.26758" lon="6.57505">
        <ele>1885.289</ele>
        <time>2025-09-30T11:40:19.000Z</time>
      </trkpt>
      <trkpt lat="46.26758" lon="6.57505">
        <ele>1885.296</ele>
        <time>2025-09-30T11:40:24.000Z</time>
      </trkpt>
      <trkpt lat="46.26758" lon="6.57505">
        <ele>1885.119</ele>
        <time>2025-09-30T11:40:29.000Z</time>
      </trkpt>
      <trkpt lat="46.26758" lon="6.57505">
        <ele>1885.116</ele>
        <time>2025-09-30T11:40:34.000Z</time>
      </trkpt>
      <trkpt lat="46.26758" lon="6.57505">
        <ele>1885.112</ele>
        <time>2025-09-30T11:40:39.000Z</time>
      </trkpt>
      <trkpt lat="46.26758" lon="6.57505">
        <ele>1885.105</ele>
        <time>2025-09-30T11:40:44.000Z</time>
      </trkpt>
      <trkpt lat="46.26758" lon="6.57505">
        <ele>1885.099</ele>
        <time>2025-09-30T11:40:49.000Z</time>
      </trkpt>
      <trkpt lat="46.26758" lon="6.57505">
        <ele>1885.093</ele>
        <time>2025-09-30T11:40:54.000Z</time>
      </trkpt>
      <trkpt lat="46.26758" lon="6.57505">
        <ele>1885.09</ele>
        <time>2025-09-30T11:40:59.000Z</time>
      </trkpt>
      <trkpt lat="46.26758" lon="6.57505">
        <ele>1885.089</ele>
        <time>2025-09-30T11:41:04.000Z</time>
      </trkpt>
      <trkpt lat="46.26758" lon="6.57505">
        <ele>1885.089</ele>
        <time>2025-09-30T11:41:09.000Z</time>
      </trkpt>
      <trkpt lat="46.26758" lon="6.57505">
        <ele>1885.091</ele>
        <time>2025-09-30T11:41:14.000Z</time>
      </trkpt>
      <trkpt lat="46.26758" lon="6.57505">
        <ele>1885.092</ele>
        <time>2025-09-30T11:41:19.000Z</time>
      </trkpt>
      <trkpt lat="46.26758" lon="6.57505">
        <ele>1885.092</ele>
        <time>2025-09-30T11:41:24.000Z</time>
      </trkpt>
      <trkpt lat="46.26758" lon="6.57505">
        <ele>1885.091</ele>
        <time>2025-09-30T11:41:29.000Z</time>
      </trkpt>
      <trkpt lat="46.26758" lon="6.57505">
        <ele>1885.091</ele>
        <time>2025-09-30T11:41:34.000Z</time>
      </trkpt>
      <trkpt lat="46.26758" lon="6.57505">
        <ele>1885.085</ele>
        <time>2025-09-30T11:41:39.000Z</time>
      </trkpt>
      <trkpt lat="46.26758" lon="6.57505">
        <ele>1885.079</ele>
        <time>2025-09-30T11:41:44.000Z</time>
      </trkpt>
      <trkpt lat="46.26758" lon="6.57505">
        <ele>1885.071</ele>
        <time>2025-09-30T11:41:49.000Z</time>
      </trkpt>
      <trkpt lat="46.26758" lon="6.57505">
        <ele>1885.064</ele>
        <time>2025-09-30T11:41:54.000Z</time>
      </trkpt>
      <trkpt lat="46.26758" lon="6.57505">
        <ele>1885.06</ele>
        <time>2025-09-30T11:41:59.000Z</time>
      </trkpt>
      <trkpt lat="46.26758" lon="6.57505">
        <ele>1885.06</ele>
        <time>2025-09-30T11:42:04.000Z</time>
      </trkpt>
      <trkpt lat="46.26758" lon="6.57505">
        <ele>1885.058</ele>
        <time>2025-09-30T11:42:09.000Z</time>
      </trkpt>
      <trkpt lat="46.26758" lon="6.57505">
        <ele>1885.048</ele>
        <time>2025-09-30T11:42:14.000Z</time>
      </trkpt>
      <trkpt lat="46.26758" lon="6.57505">
        <ele>1885.041</ele>
        <time>2025-09-30T11:42:19.000Z</time>
      </trkpt>
      <trkpt lat="46.26758" lon="6.57505">
        <ele>1885.036</ele>
        <time>2025-09-30T11:42:24.000Z</time>
      </trkpt>
      <trkpt lat="46.26758" lon="6.57505">
        <ele>1885.032</ele>
        <time>2025-09-30T11:42:29.000Z</time>
      </trkpt>
      <trkpt lat="46.26758" lon="6.57505">
        <ele>1885.026</ele>
        <time>2025-09-30T11:42:34.000Z</time>
      </trkpt>
      <trkpt lat="46.26758" lon="6.57505">
        <ele>1885.019</ele>
        <time>2025-09-30T11:42:39.000Z</time>
      </trkpt>
      <trkpt lat="46.26758" lon="6.57505">
        <ele>1885.009</ele>
        <time>2025-09-30T11:42:44.000Z</time>
      </trkpt>
      <trkpt lat="46.26758" lon="6.57505">
        <ele>1885.006</ele>
        <time>2025-09-30T11:42:49.000Z</time>
      </trkpt>
      <trkpt lat="46.26758" lon="6.57505">
        <ele>1885.004</ele>
        <time>2025-09-30T11:42:54.000Z</time>
      </trkpt>
      <trkpt lat="46.26758" lon="6.57505">
        <ele>1884.998</ele>
        <time>2025-09-30T11:42:59.000Z</time>
      </trkpt>
      <trkpt lat="46.26758" lon="6.57505">
        <ele>1884.99</ele>
        <time>2025-09-30T11:43:04.000Z</time>
      </trkpt>
      <trkpt lat="46.26758" lon="6.57505">
        <ele>1884.984</ele>
        <time>2025-09-30T11:43:09.000Z</time>
      </trkpt>
      <trkpt lat="46.26758" lon="6.57505">
        <ele>1884.978</ele>
        <time>2025-09-30T11:43:14.000Z</time>
      </trkpt>
      <trkpt lat="46.26758" lon="6.57505">
        <ele>1884.97</ele>
        <time>2025-09-30T11:43:19.000Z</time>
      </trkpt>
      <trkpt lat="46.26758" lon="6.57505">
        <ele>1884.963</ele>
        <time>2025-09-30T11:43:24.000Z</time>
      </trkpt>
      <trkpt lat="46.26758" lon="6.57505">
        <ele>1884.953</ele>
        <time>2025-09-30T11:43:29.000Z</time>
      </trkpt>
      <trkpt lat="46.26758" lon="6.57505">
        <ele>1884.944</ele>
        <time>2025-09-30T11:43:34.000Z</time>
      </trkpt>
      <trkpt lat="46.26758" lon="6.57505">
        <ele>1884.938</ele>
        <time>2025-09-30T11:43:39.000Z</time>
      </trkpt>
      <trkpt lat="46.26758" lon="6.57505">
        <ele>1884.929</ele>
        <time>2025-09-30T11:43:44.000Z</time>
      </trkpt>
      <trkpt lat="46.26758" lon="6.57505">
        <ele>1884.919</ele>
        <time>2025-09-30T11:43:49.000Z</time>
      </trkpt>
      <trkpt lat="46.26758" lon="6.57505">
        <ele>1884.912</ele>
        <time>2025-09-30T11:43:54.000Z</time>
      </trkpt>
      <trkpt lat="46.26758" lon="6.57505">
        <ele>1884.905</ele>
        <time>2025-09-30T11:43:59.000Z</time>
      </trkpt>
      <trkpt lat="46.26758" lon="6.57505">
        <ele>1884.902</ele>
        <time>2025-09-30T11:44:04.000Z</time>
      </trkpt>
      <trkpt lat="46.26758" lon="6.57505">
        <ele>1884.897</ele>
        <time>2025-09-30T11:44:09.000Z</time>
      </trkpt>
      <trkpt lat="46.26758" lon="6.57505">
        <ele>1884.892</ele>
        <time>2025-09-30T11:44:14.000Z</time>
      </trkpt>
      <trkpt lat="46.26758" lon="6.57505">
        <ele>1884.885</ele>
        <time>2025-09-30T11:44:19.000Z</time>
      </trkpt>
      <trkpt lat="46.26758" lon="6.57505">
        <ele>1884.882</ele>
        <time>2025-09-30T11:44:24.000Z</time>
      </trkpt>
      <trkpt lat="46.26758" lon="6.57505">
        <ele>1884.878</ele>
        <time>2025-09-30T11:44:29.000Z</time>
      </trkpt>
      <trkpt lat="46.26758" lon="6.57505">
        <ele>1884.874</ele>
        <time>2025-09-30T11:44:34.000Z</time>
      </trkpt>
      <trkpt lat="46.26758" lon="6.57505">
        <ele>1884.87</ele>
        <time>2025-09-30T11:44:39.000Z</time>
      </trkpt>
      <trkpt lat="46.26758" lon="6.57505">
        <ele>1884.869</ele>
        <time>2025-09-30T11:44:44.000Z</time>
      </trkpt>
      <trkpt lat="46.26758" lon="6.57505">
        <ele>1884.879</ele>
        <time>2025-09-30T11:44:49.000Z</time>
      </trkpt>
      <trkpt lat="46.26758" lon="6.57505">
        <ele>1884.889</ele>
        <time>2025-09-30T11:44:54.000Z</time>
      </trkpt>
      <trkpt lat="46.26758" lon="6.57505">
        <ele>1884.901</ele>
        <time>2025-09-30T11:44:59.000Z</time>
      </trkpt>
      <trkpt lat="46.26758" lon="6.57505">
        <ele>1884.907</ele>
        <time>2025-09-30T11:45:04.000Z</time>
      </trkpt>
      <trkpt lat="46.26758" lon="6.57505">
        <ele>1884.914</ele>
        <time>2025-09-30T11:45:09.000Z</time>
      </trkpt>
      <trkpt lat="46.26758" lon="6.57505">
        <ele>1884.921</ele>
        <time>2025-09-30T11:45:14.000Z</time>
      </trkpt>
      <trkpt lat="46.26758" lon="6.57505">
        <ele>1884.926</ele>
        <time>2025-09-30T11:45:19.000Z</time>
      </trkpt>
      <trkpt lat="46.26758" lon="6.57505">
        <ele>1884.93</ele>
        <time>2025-09-30T11:45:24.000Z</time>
      </trkpt>
      <trkpt lat="46.26758" lon="6.57505">
        <ele>1884.932</ele>
        <time>2025-09-30T11:45:29.000Z</time>
      </trkpt>
      <trkpt lat="46.26758" lon="6.57505">
        <ele>1884.939</ele>
        <time>2025-09-30T11:45:34.000Z</time>
      </trkpt>
      <trkpt lat="46.26758" lon="6.57505">
        <ele>1884.946</ele>
        <time>2025-09-30T11:45:39.000Z</time>
      </trkpt>
      <trkpt lat="46.26758" lon="6.57505">
        <ele>1884.952</ele>
        <time>2025-09-30T11:45:44.000Z</time>
      </trkpt>
      <trkpt lat="46.26758" lon="6.57505">
        <ele>1884.955</ele>
        <time>2025-09-30T11:45:49.000Z</time>
      </trkpt>
      <trkpt lat="46.26758" lon="6.57505">
        <ele>1884.962</ele>
        <time>2025-09-30T11:45:54.000Z</time>
      </trkpt>
      <trkpt lat="46.26758" lon="6.57505">
        <ele>1884.968</ele>
        <time>2025-09-30T11:45:59.000Z</time>
      </trkpt>
      <trkpt lat="46.26758" lon="6.57505">
        <ele>1884.973</ele>
        <time>2025-09-30T11:46:04.000Z</time>
      </trkpt>
      <trkpt lat="46.26758" lon="6.57505">
        <ele>1884.975</ele>
        <time>2025-09-30T11:46:09.000Z</time>
      </trkpt>
      <trkpt lat="46.26758" lon="6.57505">
        <ele>1884.974</ele>
        <time>2025-09-30T11:46:14.000Z</time>
      </trkpt>
      <trkpt lat="46.26758" lon="6.57505">
        <ele>1884.978</ele>
        <time>2025-09-30T11:46:19.000Z</time>
      </trkpt>
      <trkpt lat="46.26758" lon="6.57505">
        <ele>1884.975</ele>
        <time>2025-09-30T11:46:24.000Z</time>
      </trkpt>
      <trkpt lat="46.26758" lon="6.57505">
        <ele>1884.977</ele>
        <time>2025-09-30T11:46:29.000Z</time>
      </trkpt>
      <trkpt lat="46.26758" lon="6.57505">
        <ele>1884.977</ele>
        <time>2025-09-30T11:46:34.000Z</time>
      </trkpt>
      <trkpt lat="46.26758" lon="6.57505">
        <ele>1884.983</ele>
        <time>2025-09-30T11:46:39.000Z</time>
      </trkpt>
      <trkpt lat="46.26758" lon="6.57505">
        <ele>1884.983</ele>
        <time>2025-09-30T11:46:44.000Z</time>
      </trkpt>
      <trkpt lat="46.26758" lon="6.57505">
        <ele>1884.986</ele>
        <time>2025-09-30T11:46:49.000Z</time>
      </trkpt>
      <trkpt lat="46.26758" lon="6.57505">
        <ele>1884.986</ele>
        <time>2025-09-30T11:46:54.000Z</time>
      </trkpt>
      <trkpt lat="46.26758" lon="6.57505">
        <ele>1884.983</ele>
        <time>2025-09-30T11:46:59.000Z</time>
      </trkpt>
      <trkpt lat="46.26758" lon="6.57505">
        <ele>1884.984</ele>
        <time>2025-09-30T11:47:04.000Z</time>
      </trkpt>
      <trkpt lat="46.26758" lon="6.57505">
        <ele>1884.985</ele>
        <time>2025-09-30T11:47:09.000Z</time>
      </trkpt>
      <trkpt lat="46.26758" lon="6.57505">
        <ele>1884.992</ele>
        <time>2025-09-30T11:47:14.000Z</time>
      </trkpt>
      <trkpt lat="46.26758" lon="6.57505">
        <ele>1884.995</ele>
        <time>2025-09-30T11:47:19.000Z</time>
      </trkpt>
      <trkpt lat="46.26758" lon="6.57505">
        <ele>1884.999</ele>
        <time>2025-09-30T11:47:24.000Z</time>
      </trkpt>
      <trkpt lat="46.26758" lon="6.57505">
        <ele>1885.006</ele>
        <time>2025-09-30T11:47:29.000Z</time>
      </trkpt>
      <trkpt lat="46.26758" lon="6.57505">
        <ele>1885.013</ele>
        <time>2025-09-30T11:47:34.000Z</time>
      </trkpt>
      <trkpt lat="46.26758" lon="6.57505">
        <ele>1885.015</ele>
        <time>2025-09-30T11:47:39.000Z</time>
      </trkpt>
      <trkpt lat="46.26758" lon="6.57505">
        <ele>1885.015</ele>
        <time>2025-09-30T11:47:44.000Z</time>
      </trkpt>
      <trkpt lat="46.26758" lon="6.57505">
        <ele>1885.013</ele>
        <time>2025-09-30T11:47:49.000Z</time>
      </trkpt>
      <trkpt lat="46.26758" lon="6.57505">
        <ele>1885.018</ele>
        <time>2025-09-30T11:47:54.000Z</time>
      </trkpt>
      <trkpt lat="46.26758" lon="6.57505">
        <ele>1885.018</ele>
        <time>2025-09-30T11:47:59.000Z</time>
      </trkpt>
      <trkpt lat="46.26758" lon="6.57505">
        <ele>1885.021</ele>
        <time>2025-09-30T11:48:04.000Z</time>
      </trkpt>
      <trkpt lat="46.26758" lon="6.57505">
        <ele>1885.022</ele>
        <time>2025-09-30T11:48:09.000Z</time>
      </trkpt>
      <trkpt lat="46.26758" lon="6.57505">
        <ele>1885.023</ele>
        <time>2025-09-30T11:48:14.000Z</time>
      </trkpt>
      <trkpt lat="46.26758" lon="6.57505">
        <ele>1885.295</ele>
        <time>2025-09-30T11:48:19.000Z</time>
      </trkpt>
      <trkpt lat="46.26758" lon="6.57505">
        <ele>1885.294</ele>
        <time>2025-09-30T11:48:24.000Z</time>
      </trkpt>
      <trkpt lat="46.26758" lon="6.57505">
        <ele>1885.289</ele>
        <time>2025-09-30T11:48:29.000Z</time>
      </trkpt>
      <trkpt lat="46.26758" lon="6.57505">
        <ele>1885.289</ele>
        <time>2025-09-30T11:48:34.000Z</time>
      </trkpt>
      <trkpt lat="46.26758" lon="6.57505">
        <ele>1885.285</ele>
        <time>2025-09-30T11:48:39.000Z</time>
      </trkpt>
      <trkpt lat="46.26758" lon="6.57505">
        <ele>1885.282</ele>
        <time>2025-09-30T11:48:44.000Z</time>
      </trkpt>
      <trkpt lat="46.26758" lon="6.57505">
        <ele>1885.28</ele>
        <time>2025-09-30T11:48:49.000Z</time>
      </trkpt>
      <trkpt lat="46.26758" lon="6.57505">
        <ele>1885.275</ele>
        <time>2025-09-30T11:48:54.000Z</time>
      </trkpt>
      <trkpt lat="46.26758" lon="6.57505">
        <ele>1885.271</ele>
        <time>2025-09-30T11:48:59.000Z</time>
      </trkpt>
      <trkpt lat="46.26758" lon="6.57505">
        <ele>1885.269</ele>
        <time>2025-09-30T11:49:04.000Z</time>
      </trkpt>
      <trkpt lat="46.26758" lon="6.57505">
        <ele>1885.263</ele>
        <time>2025-09-30T11:49:09.000Z</time>
      </trkpt>
      <trkpt lat="46.26758" lon="6.57505">
        <ele>1885.261</ele>
        <time>2025-09-30T11:49:14.000Z</time>
      </trkpt>
      <trkpt lat="46.26758" lon="6.57505">
        <ele>1885.257</ele>
        <time>2025-09-30T11:49:19.000Z</time>
      </trkpt>
      <trkpt lat="46.26758" lon="6.57505">
        <ele>1885.254</ele>
        <time>2025-09-30T11:49:24.000Z</time>
      </trkpt>
      <trkpt lat="46.26758" lon="6.57505">
        <ele>1885.251</ele>
        <time>2025-09-30T11:49:29.000Z</time>
      </trkpt>
      <trkpt lat="46.26758" lon="6.57505">
        <ele>1885.248</ele>
        <time>2025-09-30T11:49:34.000Z</time>
      </trkpt>
      <trkpt lat="46.26758" lon="6.57505">
        <ele>1885.246</ele>
        <time>2025-09-30T11:49:39.000Z</time>
      </trkpt>
      <trkpt lat="46.26758" lon="6.57505">
        <ele>1885.242</ele>
        <time>2025-09-30T11:49:44.000Z</time>
      </trkpt>
      <trkpt lat="46.26758" lon="6.57505">
        <ele>1885.237</ele>
        <time>2025-09-30T11:49:49.000Z</time>
      </trkpt>
      <trkpt lat="46.26758" lon="6.57505">
        <ele>1885.233</ele>
        <time>2025-09-30T11:49:54.000Z</time>
      </trkpt>
      <trkpt lat="46.26758" lon="6.57505">
        <ele>1885.232</ele>
        <time>2025-09-30T11:49:59.000Z</time>
      </trkpt>
      <trkpt lat="46.26758" lon="6.57505">
        <ele>1885.352</ele>
        <time>2025-09-30T11:50:04.000Z</time>
      </trkpt>
      <trkpt lat="46.26758" lon="6.57505">
        <ele>1885.35</ele>
        <time>2025-09-30T11:50:09.000Z</time>
      </trkpt>
      <trkpt lat="46.26758" lon="6.57505">
        <ele>1885.337</ele>
        <time>2025-09-30T11:50:14.000Z</time>
      </trkpt>
      <trkpt lat="46.26758" lon="6.57505">
        <ele>1885.336</ele>
        <time>2025-09-30T11:50:19.000Z</time>
      </trkpt>
      <trkpt lat="46.26758" lon="6.57505">
        <ele>1885.33</ele>
        <time>2025-09-30T11:50:24.000Z</time>
      </trkpt>
      <trkpt lat="46.26758" lon="6.57505">
        <ele>1885.328</ele>
        <time>2025-09-30T11:50:29.000Z</time>
      </trkpt>
      <trkpt lat="46.26758" lon="6.57505">
        <ele>1885.321</ele>
        <time>2025-09-30T11:50:34.000Z</time>
      </trkpt>
      <trkpt lat="46.26758" lon="6.57505">
        <ele>1885.318</ele>
        <time>2025-09-30T11:50:39.000Z</time>
      </trkpt>
      <trkpt lat="46.26758" lon="6.57505">
        <ele>1885.321</ele>
        <time>2025-09-30T11:50:44.000Z</time>
      </trkpt>
      <trkpt lat="46.26758" lon="6.57505">
        <ele>1885.318</ele>
        <time>2025-09-30T11:50:49.000Z</time>
      </trkpt>
      <trkpt lat="46.26758" lon="6.57505">
        <ele>1885.319</ele>
        <time>2025-09-30T11:50:54.000Z</time>
      </trkpt>
      <trkpt lat="46.26758" lon="6.57505">
        <ele>1885.317</ele>
        <time>2025-09-30T11:50:59.000Z</time>
      </trkpt>
      <trkpt lat="46.26758" lon="6.57505">
        <ele>1885.318</ele>
        <time>2025-09-30T11:51:04.000Z</time>
      </trkpt>
      <trkpt lat="46.26758" lon="6.57505">
        <ele>1885.317</ele>
        <time>2025-09-30T11:51:09.000Z</time>
      </trkpt>
      <trkpt lat="46.26758" lon="6.57505">
        <ele>1885.319</ele>
        <time>2025-09-30T11:51:14.000Z</time>
      </trkpt>
      <trkpt lat="46.26758" lon="6.57505">
        <ele>1885.319</ele>
        <time>2025-09-30T11:51:19.000Z</time>
      </trkpt>
      <trkpt lat="46.26758" lon="6.57505">
        <ele>1885.321</ele>
        <time>2025-09-30T11:51:24.000Z</time>
      </trkpt>
      <trkpt lat="46.26758" lon="6.57505">
        <ele>1885.321</ele>
        <time>2025-09-30T11:51:29.000Z</time>
      </trkpt>
      <trkpt lat="46.26758" lon="6.57505">
        <ele>1885.32</ele>
        <time>2025-09-30T11:51:34.000Z</time>
      </trkpt>
      <trkpt lat="46.26758" lon="6.57505">
        <ele>1885.316</ele>
        <time>2025-09-30T11:51:39.000Z</time>
      </trkpt>
      <trkpt lat="46.26758" lon="6.57505">
        <ele>1885.315</ele>
        <time>2025-09-30T11:51:44.000Z</time>
      </trkpt>
      <trkpt lat="46.26758" lon="6.57505">
        <ele>1885.31</ele>
        <time>2025-09-30T11:51:49.000Z</time>
      </trkpt>
      <trkpt lat="46.26758" lon="6.57505">
        <ele>1885.308</ele>
        <time>2025-09-30T11:51:54.000Z</time>
      </trkpt>
      <trkpt lat="46.26758" lon="6.57505">
        <ele>1885.303</ele>
        <time>2025-09-30T11:51:59.000Z</time>
      </trkpt>
      <trkpt lat="46.26758" lon="6.57505">
        <ele>1885.3</ele>
        <time>2025-09-30T11:52:04.000Z</time>
      </trkpt>
      <trkpt lat="46.26758" lon="6.57505">
        <ele>1885.299</ele>
        <time>2025-09-30T11:52:09.000Z</time>
      </trkpt>
      <trkpt lat="46.26758" lon="6.57505">
        <ele>1885.296</ele>
        <time>2025-09-30T11:52:14.000Z</time>
      </trkpt>
      <trkpt lat="46.26758" lon="6.57505">
        <ele>1885.295</ele>
        <time>2025-09-30T11:52:19.000Z</time>
      </trkpt>
      <trkpt lat="46.26758" lon="6.57505">
        <ele>1885.295</ele>
        <time>2025-09-30T11:52:24.000Z</time>
      </trkpt>
      <trkpt lat="46.26758" lon="6.57505">
        <ele>1885.294</ele>
        <time>2025-09-30T11:52:29.000Z</time>
      </trkpt>
      <trkpt lat="46.26758" lon="6.57505">
        <ele>1885.292</ele>
        <time>2025-09-30T11:52:34.000Z</time>
      </trkpt>
      <trkpt lat="46.26758" lon="6.57505">
        <ele>1885.29</ele>
        <time>2025-09-30T11:52:39.000Z</time>
      </trkpt>
      <trkpt lat="46.26758" lon="6.57505">
        <ele>1885.287</ele>
        <time>2025-09-30T11:52:44.000Z</time>
      </trkpt>
      <trkpt lat="46.26758" lon="6.57505">
        <ele>1885.287</ele>
        <time>2025-09-30T11:52:49.000Z</time>
      </trkpt>
      <trkpt lat="46.26758" lon="6.57505">
        <ele>1885.285</ele>
        <time>2025-09-30T11:52:54.000Z</time>
      </trkpt>
      <trkpt lat="46.26758" lon="6.57505">
        <ele>1885.285</ele>
        <time>2025-09-30T11:52:59.000Z</time>
      </trkpt>
      <trkpt lat="46.26758" lon="6.57505">
        <ele>1885.283</ele>
        <time>2025-09-30T11:53:04.000Z</time>
      </trkpt>
      <trkpt lat="46.26758" lon="6.57505">
        <ele>1885.284</ele>
        <time>2025-09-30T11:53:09.000Z</time>
      </trkpt>
      <trkpt lat="46.26758" lon="6.57505">
        <ele>1885.287</ele>
        <time>2025-09-30T11:53:14.000Z</time>
      </trkpt>
      <trkpt lat="46.26758" lon="6.57505">
        <ele>1885.284</ele>
        <time>2025-09-30T11:53:19.000Z</time>
      </trkpt>
      <trkpt lat="46.26758" lon="6.57505">
        <ele>1885.283</ele>
        <time>2025-09-30T11:53:24.000Z</time>
      </trkpt>
      <trkpt lat="46.26758" lon="6.57505">
        <ele>1885.284</ele>
        <time>2025-09-30T11:53:29.000Z</time>
      </trkpt>
      <trkpt lat="46.26758" lon="6.57505">
        <ele>1885.289</ele>
        <time>2025-09-30T11:53:34.000Z</time>
      </trkpt>
      <trkpt lat="46.26758" lon="6.57505">
        <ele>1885.296</ele>
        <time>2025-09-30T11:53:39.000Z</time>
      </trkpt>
      <trkpt lat="46.26758" lon="6.57505">
        <ele>1885.299</ele>
        <time>2025-09-30T11:53:44.000Z</time>
      </trkpt>
      <trkpt lat="46.26758" lon="6.57505">
        <ele>1885.303</ele>
        <time>2025-09-30T11:53:49.000Z</time>
      </trkpt>
      <trkpt lat="46.26758" lon="6.57505">
        <ele>1885.307</ele>
        <time>2025-09-30T11:53:54.000Z</time>
      </trkpt>
      <trkpt lat="46.26758" lon="6.57505">
        <ele>1885.318</ele>
        <time>2025-09-30T11:53:59.000Z</time>
      </trkpt>
      <trkpt lat="46.26758" lon="6.57505">
        <ele>1885.329</ele>
        <time>2025-09-30T11:54:04.000Z</time>
      </trkpt>
      <trkpt lat="46.26758" lon="6.57505">
        <ele>1885.331</ele>
        <time>2025-09-30T11:54:09.000Z</time>
      </trkpt>
      <trkpt lat="46.26758" lon="6.57505">
        <ele>1885.335</ele>
        <time>2025-09-30T11:54:14.000Z</time>
      </trkpt>
      <trkpt lat="46.26758" lon="6.57505">
        <ele>1885.335</ele>
        <time>2025-09-30T11:54:19.000Z</time>
      </trkpt>
      <trkpt lat="46.26758" lon="6.57505">
        <ele>1885.336</ele>
        <time>2025-09-30T11:54:24.000Z</time>
      </trkpt>
      <trkpt lat="46.26758" lon="6.57505">
        <ele>1885.338</ele>
        <time>2025-09-30T11:54:29.000Z</time>
      </trkpt>
      <trkpt lat="46.26758" lon="6.57505">
        <ele>1885.343</ele>
        <time>2025-09-30T11:54:34.000Z</time>
      </trkpt>
      <trkpt lat="46.26758" lon="6.57505">
        <ele>1885.347</ele>
        <time>2025-09-30T11:54:39.000Z</time>
      </trkpt>
      <trkpt lat="46.26758" lon="6.57505">
        <ele>1885.351</ele>
        <time>2025-09-30T11:54:44.000Z</time>
      </trkpt>
      <trkpt lat="46.26758" lon="6.57505">
        <ele>1885.354</ele>
        <time>2025-09-30T11:54:49.000Z</time>
      </trkpt>
      <trkpt lat="46.26758" lon="6.57505">
        <ele>1885.353</ele>
        <time>2025-09-30T11:54:54.000Z</time>
      </trkpt>
      <trkpt lat="46.26758" lon="6.57505">
        <ele>1885.352</ele>
        <time>2025-09-30T11:54:59.000Z</time>
      </trkpt>
      <trkpt lat="46.26758" lon="6.57505">
        <ele>1885.352</ele>
        <time>2025-09-30T11:55:04.000Z</time>
      </trkpt>
      <trkpt lat="46.26758" lon="6.57505">
        <ele>1885.351</ele>
        <time>2025-09-30T11:55:09.000Z</time>
      </trkpt>
      <trkpt lat="46.26758" lon="6.57505">
        <ele>1885.346</ele>
        <time>2025-09-30T11:55:14.000Z</time>
      </trkpt>
      <trkpt lat="46.26758" lon="6.57505">
        <ele>1885.344</ele>
        <time>2025-09-30T11:55:19.000Z</time>
      </trkpt>
      <trkpt lat="46.26758" lon="6.57505">
        <ele>1885.343</ele>
        <time>2025-09-30T11:55:24.000Z</time>
      </trkpt>
      <trkpt lat="46.26758" lon="6.57505">
        <ele>1885.343</ele>
        <time>2025-09-30T11:55:29.000Z</time>
      </trkpt>
      <trkpt lat="46.26758" lon="6.57505">
        <ele>1885.342</ele>
        <time>2025-09-30T11:55:34.000Z</time>
      </trkpt>
      <trkpt lat="46.26758" lon="6.57505">
        <ele>1885.338</ele>
        <time>2025-09-30T11:55:39.000Z</time>
      </trkpt>
      <trkpt lat="46.26758" lon="6.57505">
        <ele>1885.332</ele>
        <time>2025-09-30T11:55:44.000Z</time>
      </trkpt>
      <trkpt lat="46.26758" lon="6.57505">
        <ele>1885.331</ele>
        <time>2025-09-30T11:55:49.000Z</time>
      </trkpt>
      <trkpt lat="46.26758" lon="6.57505">
        <ele>1885.329</ele>
        <time>2025-09-30T11:55:54.000Z</time>
      </trkpt>
      <trkpt lat="46.26758" lon="6.57505">
        <ele>1885.328</ele>
        <time>2025-09-30T11:55:59.000Z</time>
      </trkpt>
      <trkpt lat="46.26758" lon="6.57505">
        <ele>1885.326</ele>
        <time>2025-09-30T11:56:04.000Z</time>
      </trkpt>
      <trkpt lat="46.26758" lon="6.57505">
        <ele>1885.325</ele>
        <time>2025-09-30T11:56:09.000Z</time>
      </trkpt>
      <trkpt lat="46.26758" lon="6.57505">
        <ele>1885.323</ele>
        <time>2025-09-30T11:56:14.000Z</time>
      </trkpt>
      <trkpt lat="46.26758" lon="6.57505">
        <ele>1885.317</ele>
        <time>2025-09-30T11:56:19.000Z</time>
      </trkpt>
      <trkpt lat="46.26758" lon="6.57505">
        <ele>1885.314</ele>
        <time>2025-09-30T11:56:24.000Z</time>
      </trkpt>
      <trkpt lat="46.26758" lon="6.57505">
        <ele>1885.31</ele>
        <time>2025-09-30T11:56:29.000Z</time>
      </trkpt>
      <trkpt lat="46.26758" lon="6.57505">
        <ele>1885.308</ele>
        <time>2025-09-30T11:56:34.000Z</time>
      </trkpt>
      <trkpt lat="46.26758" lon="6.57505">
        <ele>1885.304</ele>
        <time>2025-09-30T11:56:39.000Z</time>
      </trkpt>
      <trkpt lat="46.26758" lon="6.57505">
        <ele>1885.3</ele>
        <time>2025-09-30T11:56:44.000Z</time>
      </trkpt>
      <trkpt lat="46.26758" lon="6.57505">
        <ele>1885.297</ele>
        <time>2025-09-30T11:56:49.000Z</time>
      </trkpt>
      <trkpt lat="46.26758" lon="6.57505">
        <ele>1885.292</ele>
        <time>2025-09-30T11:56:54.000Z</time>
      </trkpt>
      <trkpt lat="46.26758" lon="6.57505">
        <ele>1885.286</ele>
        <time>2025-09-30T11:56:59.000Z</time>
      </trkpt>
      <trkpt lat="46.26758" lon="6.57505">
        <ele>1885.282</ele>
        <time>2025-09-30T11:57:04.000Z</time>
      </trkpt>
      <trkpt lat="46.26758" lon="6.57505">
        <ele>1885.281</ele>
        <time>2025-09-30T11:57:09.000Z</time>
      </trkpt>
      <trkpt lat="46.26758" lon="6.57505">
        <ele>1885.278</ele>
        <time>2025-09-30T11:57:14.000Z</time>
      </trkpt>
      <trkpt lat="46.26758" lon="6.57505">
        <ele>1885.273</ele>
        <time>2025-09-30T11:57:19.000Z</time>
      </trkpt>
      <trkpt lat="46.26758" lon="6.57505">
        <ele>1885.269</ele>
        <time>2025-09-30T11:57:24.000Z</time>
      </trkpt>
      <trkpt lat="46.26758" lon="6.57505">
        <ele>1885.266</ele>
        <time>2025-09-30T11:57:29.000Z</time>
      </trkpt>
      <trkpt lat="46.26758" lon="6.57505">
        <ele>1885.263</ele>
        <time>2025-09-30T11:57:34.000Z</time>
      </trkpt>
      <trkpt lat="46.26758" lon="6.57505">
        <ele>1885.275</ele>
        <time>2025-09-30T11:57:39.000Z</time>
      </trkpt>
      <trkpt lat="46.26758" lon="6.57505">
        <ele>1885.27</ele>
        <time>2025-09-30T11:57:44.000Z</time>
      </trkpt>
      <trkpt lat="46.26758" lon="6.57505">
        <ele>1885.27</ele>
        <time>2025-09-30T11:57:49.000Z</time>
      </trkpt>
      <trkpt lat="46.26758" lon="6.57505">
        <ele>1885.271</ele>
        <time>2025-09-30T11:57:54.000Z</time>
      </trkpt>
      <trkpt lat="46.26758" lon="6.57505">
        <ele>1884.939</ele>
        <time>2025-09-30T11:57:59.000Z</time>
      </trkpt>
      <trkpt lat="46.26758" lon="6.57505">
        <ele>1884.942</ele>
        <time>2025-09-30T11:58:04.000Z</time>
      </trkpt>
      <trkpt lat="46.26758" lon="6.57505">
        <ele>1884.943</ele>
        <time>2025-09-30T11:58:09.000Z</time>
      </trkpt>
      <trkpt lat="46.26758" lon="6.57505">
        <ele>1884.814</ele>
        <time>2025-09-30T11:58:14.000Z</time>
      </trkpt>
      <trkpt lat="46.26758" lon="6.57505">
        <ele>1884.497</ele>
        <time>2025-09-30T11:58:19.000Z</time>
      </trkpt>
      <trkpt lat="46.26758" lon="6.57505">
        <ele>1884.49</ele>
        <time>2025-09-30T11:58:24.000Z</time>
      </trkpt>
      <trkpt lat="46.26758" lon="6.57505">
        <ele>1885.193</ele>
        <time>2025-09-30T11:58:29.000Z</time>
      </trkpt>
      <trkpt lat="46.26758" lon="6.57505">
        <ele>1885.218</ele>
        <time>2025-09-30T11:58:34.000Z</time>
      </trkpt>
      <trkpt lat="46.26758" lon="6.57505">
        <ele>1885.234</ele>
        <time>2025-09-30T11:58:39.000Z</time>
      </trkpt>
      <trkpt lat="46.26758" lon="6.57505">
        <ele>1885.244</ele>
        <time>2025-09-30T11:58:44.000Z</time>
      </trkpt>
      <trkpt lat="46.26758" lon="6.57505">
        <ele>1885.253</ele>
        <time>2025-09-30T11:58:49.000Z</time>
      </trkpt>
      <trkpt lat="46.26758" lon="6.57505">
        <ele>1885.462</ele>
        <time>2025-09-30T11:58:54.000Z</time>
      </trkpt>
      <trkpt lat="46.26758" lon="6.57505">
        <ele>1885.499</ele>
        <time>2025-09-30T11:58:59.000Z</time>
      </trkpt>
      <trkpt lat="46.26758" lon="6.57505">
        <ele>1885.506</ele>
        <time>2025-09-30T11:59:04.000Z</time>
      </trkpt>
      <trkpt lat="46.26758" lon="6.57505">
        <ele>1885.493</ele>
        <time>2025-09-30T11:59:09.000Z</time>
      </trkpt>
      <trkpt lat="46.26758" lon="6.57505">
        <ele>1885.486</ele>
        <time>2025-09-30T11:59:14.000Z</time>
      </trkpt>
      <trkpt lat="46.26758" lon="6.57505">
        <ele>1885.485</ele>
        <time>2025-09-30T11:59:19.000Z</time>
      </trkpt>
      <trkpt lat="46.26758" lon="6.57505">
        <ele>1885.637</ele>
        <time>2025-09-30T11:59:24.000Z</time>
      </trkpt>
      <trkpt lat="46.26758" lon="6.57505">
        <ele>1886.091</ele>
        <time>2025-09-30T11:59:29.000Z</time>
      </trkpt>
      <trkpt lat="46.26758" lon="6.57505">
        <ele>1885.72</ele>
        <time>2025-09-30T11:59:34.000Z</time>
      </trkpt>
      <trkpt lat="46.26758" lon="6.57505">
        <ele>1886.173</ele>
        <time>2025-09-30T11:59:39.000Z</time>
      </trkpt>
      <trkpt lat="46.26758" lon="6.57505">
        <ele>1886.187</ele>
        <time>2025-09-30T11:59:44.000Z</time>
      </trkpt>
      <trkpt lat="46.26758" lon="6.57505">
        <ele>1886.2</ele>
        <time>2025-09-30T11:59:49.000Z</time>
      </trkpt>
      <trkpt lat="46.26758" lon="6.57505">
        <ele>1886.211</ele>
        <time>2025-09-30T11:59:54.000Z</time>
      </trkpt>
      <trkpt lat="46.26758" lon="6.57505">
        <ele>1886.213</ele>
        <time>2025-09-30T11:59:59.000Z</time>
      </trkpt>
      <trkpt lat="46.26758" lon="6.57505">
        <ele>1886.218</ele>
        <time>2025-09-30T12:00:04.000Z</time>
      </trkpt>
      <trkpt lat="46.26758" lon="6.57505">
        <ele>1886.22</ele>
        <time>2025-09-30T12:00:09.000Z</time>
      </trkpt>
      <trkpt lat="46.26758" lon="6.57505">
        <ele>1886.218</ele>
        <time>2025-09-30T12:00:14.000Z</time>
      </trkpt>
      <trkpt lat="46.26758" lon="6.57505">
        <ele>1886.216</ele>
        <time>2025-09-30T12:00:19.000Z</time>
      </trkpt>
      <trkpt lat="46.26758" lon="6.57505">
        <ele>1886.211</ele>
        <time>2025-09-30T12:00:24.000Z</time>
      </trkpt>
      <trkpt lat="46.26758" lon="6.57505">
        <ele>1886.209</ele>
        <time>2025-09-30T12:00:29.000Z</time>
      </trkpt>
      <trkpt lat="46.26758" lon="6.57505">
        <ele>1886.209</ele>
        <time>2025-09-30T12:00:34.000Z</time>
      </trkpt>
      <trkpt lat="46.26758" lon="6.57505">
        <ele>1886.217</ele>
        <time>2025-09-30T12:00:39.000Z</time>
      </trkpt>
      <trkpt lat="46.26758" lon="6.57505">
        <ele>1886.224</ele>
        <time>2025-09-30T12:00:44.000Z</time>
      </trkpt>
      <trkpt lat="46.26758" lon="6.57505">
        <ele>1886.225</ele>
        <time>2025-09-30T12:00:49.000Z</time>
      </trkpt>
      <trkpt lat="46.26758" lon="6.57505">
        <ele>1886.227</ele>
        <time>2025-09-30T12:00:54.000Z</time>
      </trkpt>
      <trkpt lat="46.26758" lon="6.57505">
        <ele>1886.233</ele>
        <time>2025-09-30T12:00:59.000Z</time>
      </trkpt>
      <trkpt lat="46.26758" lon="6.57505">
        <ele>1886.236</ele>
        <time>2025-09-30T12:01:04.000Z</time>
      </trkpt>
      <trkpt lat="46.26758" lon="6.57505">
        <ele>1886.236</ele>
        <time>2025-09-30T12:01:09.000Z</time>
      </trkpt>
      <trkpt lat="46.26758" lon="6.57505">
        <ele>1886.242</ele>
        <time>2025-09-30T12:01:14.000Z</time>
      </trkpt>
      <trkpt lat="46.26758" lon="6.57505">
        <ele>1886.247</ele>
        <time>2025-09-30T12:01:19.000Z</time>
      </trkpt>
      <trkpt lat="46.26758" lon="6.57505">
        <ele>1886.248</ele>
        <time>2025-09-30T12:01:24.000Z</time>
      </trkpt>
      <trkpt lat="46.26758" lon="6.57505">
        <ele>1886.25</ele>
        <time>2025-09-30T12:01:29.000Z</time>
      </trkpt>
      <trkpt lat="46.26758" lon="6.57505">
        <ele>1886.247</ele>
        <time>2025-09-30T12:01:34.000Z</time>
      </trkpt>
      <trkpt lat="46.26758" lon="6.57505">
        <ele>1886.243</ele>
        <time>2025-09-30T12:01:39.000Z</time>
      </trkpt>
      <trkpt lat="46.26758" lon="6.57505">
        <ele>1886.242</ele>
        <time>2025-09-30T12:01:44.000Z</time>
      </trkpt>
      <trkpt lat="46.26758" lon="6.57505">
        <ele>1886.241</ele>
        <time>2025-09-30T12:01:49.000Z</time>
      </trkpt>
      <trkpt lat="46.26758" lon="6.57505">
        <ele>1886.235</ele>
        <time>2025-09-30T12:01:54.000Z</time>
      </trkpt>
      <trkpt lat="46.26758" lon="6.57505">
        <ele>1886.236</ele>
        <time>2025-09-30T12:01:59.000Z</time>
      </trkpt>
      <trkpt lat="46.26758" lon="6.57505">
        <ele>1886.236</ele>
        <time>2025-09-30T12:02:04.000Z</time>
      </trkpt>
      <trkpt lat="46.26758" lon="6.57505">
        <ele>1886.236</ele>
        <time>2025-09-30T12:02:09.000Z</time>
      </trkpt>
      <trkpt lat="46.26758" lon="6.57505">
        <ele>1886.235</ele>
        <time>2025-09-30T12:02:14.000Z</time>
      </trkpt>
      <trkpt lat="46.26758" lon="6.57505">
        <ele>1886.23</ele>
        <time>2025-09-30T12:02:19.000Z</time>
      </trkpt>
      <trkpt lat="46.26758" lon="6.57505">
        <ele>1886.227</ele>
        <time>2025-09-30T12:02:24.000Z</time>
      </trkpt>
      <trkpt lat="46.26758" lon="6.57505">
        <ele>1886.222</ele>
        <time>2025-09-30T12:02:29.000Z</time>
      </trkpt>
      <trkpt lat="46.26758" lon="6.57505">
        <ele>1886.217</ele>
        <time>2025-09-30T12:02:34.000Z</time>
      </trkpt>
      <trkpt lat="46.26758" lon="6.57505">
        <ele>1886.209</ele>
        <time>2025-09-30T12:02:39.000Z</time>
      </trkpt>
      <trkpt lat="46.26758" lon="6.57505">
        <ele>1886.206</ele>
        <time>2025-09-30T12:02:44.000Z</time>
      </trkpt>
      <trkpt lat="46.26758" lon="6.57505">
        <ele>1886.201</ele>
        <time>2025-09-30T12:02:49.000Z</time>
      </trkpt>
      <trkpt lat="46.26758" lon="6.57505">
        <ele>1886.195</ele>
        <time>2025-09-30T12:02:54.000Z</time>
      </trkpt>
      <trkpt lat="46.26758" lon="6.57505">
        <ele>1886.187</ele>
        <time>2025-09-30T12:02:59.000Z</time>
      </trkpt>
      <trkpt lat="46.26758" lon="6.57505">
        <ele>1886.179</ele>
        <time>2025-09-30T12:03:04.000Z</time>
      </trkpt>
      <trkpt lat="46.26758" lon="6.57505">
        <ele>1886.175</ele>
        <time>2025-09-30T12:03:09.000Z</time>
      </trkpt>
      <trkpt lat="46.26758" lon="6.57505">
        <ele>1886.172</ele>
        <time>2025-09-30T12:03:14.000Z</time>
      </trkpt>
      <trkpt lat="46.26758" lon="6.57505">
        <ele>1886.168</ele>
        <time>2025-09-30T12:03:19.000Z</time>
      </trkpt>
      <trkpt lat="46.26758" lon="6.57505">
        <ele>1886.166</ele>
        <time>2025-09-30T12:03:24.000Z</time>
      </trkpt>
      <trkpt lat="46.26758" lon="6.57505">
        <ele>1886.164</ele>
        <time>2025-09-30T12:03:29.000Z</time>
      </trkpt>
      <trkpt lat="46.26758" lon="6.57505">
        <ele>1886.158</ele>
        <time>2025-09-30T12:03:34.000Z</time>
      </trkpt>
      <trkpt lat="46.26758" lon="6.57505">
        <ele>1886.154</ele>
        <time>2025-09-30T12:03:39.000Z</time>
      </trkpt>
      <trkpt lat="46.26758" lon="6.57505">
        <ele>1886.155</ele>
        <time>2025-09-30T12:03:44.000Z</time>
      </trkpt>
      <trkpt lat="46.26758" lon="6.57505">
        <ele>1886.154</ele>
        <time>2025-09-30T12:03:49.000Z</time>
      </trkpt>
      <trkpt lat="46.26758" lon="6.57505">
        <ele>1886.148</ele>
        <time>2025-09-30T12:03:54.000Z</time>
      </trkpt>
      <trkpt lat="46.26758" lon="6.57505">
        <ele>1886.144</ele>
        <time>2025-09-30T12:03:59.000Z</time>
      </trkpt>
      <trkpt lat="46.26758" lon="6.57505">
        <ele>1886.139</ele>
        <time>2025-09-30T12:04:04.000Z</time>
      </trkpt>
      <trkpt lat="46.26758" lon="6.57505">
        <ele>1886.135</ele>
        <time>2025-09-30T12:04:09.000Z</time>
      </trkpt>
      <trkpt lat="46.26758" lon="6.57505">
        <ele>1886.138</ele>
        <time>2025-09-30T12:04:14.000Z</time>
      </trkpt>
      <trkpt lat="46.26758" lon="6.57505">
        <ele>1886.143</ele>
        <time>2025-09-30T12:04:19.000Z</time>
      </trkpt>
      <trkpt lat="46.26758" lon="6.57505">
        <ele>1886.14</ele>
        <time>2025-09-30T12:04:24.000Z</time>
      </trkpt>
      <trkpt lat="46.26758" lon="6.57505">
        <ele>1886.14</ele>
        <time>2025-09-30T12:04:29.000Z</time>
      </trkpt>
      <trkpt lat="46.26758" lon="6.57505">
        <ele>1886.141</ele>
        <time>2025-09-30T12:04:34.000Z</time>
      </trkpt>
      <trkpt lat="46.26758" lon="6.57505">
        <ele>1886.136</ele>
        <time>2025-09-30T12:04:39.000Z</time>
      </trkpt>
      <trkpt lat="46.26758" lon="6.57505">
        <ele>1886.132</ele>
        <time>2025-09-30T12:04:44.000Z</time>
      </trkpt>
      <trkpt lat="46.26758" lon="6.57505">
        <ele>1886.128</ele>
        <time>2025-09-30T12:04:49.000Z</time>
      </trkpt>
      <trkpt lat="46.26758" lon="6.57505">
        <ele>1886.123</ele>
        <time>2025-09-30T12:04:54.000Z</time>
      </trkpt>
      <trkpt lat="46.26758" lon="6.57505">
        <ele>1886.122</ele>
        <time>2025-09-30T12:04:59.000Z</time>
      </trkpt>
      <trkpt lat="46.26758" lon="6.57505">
        <ele>1886.121</ele>
        <time>2025-09-30T12:05:04.000Z</time>
      </trkpt>
      <trkpt lat="46.26758" lon="6.57505">
        <ele>1886.117</ele>
        <time>2025-09-30T12:05:09.000Z</time>
      </trkpt>
      <trkpt lat="46.26758" lon="6.57505">
        <ele>1886.117</ele>
        <time>2025-09-30T12:05:14.000Z</time>
      </trkpt>
      <trkpt lat="46.26758" lon="6.57505">
        <ele>1886.115</ele>
        <time>2025-09-30T12:05:19.000Z</time>
      </trkpt>
      <trkpt lat="46.26758" lon="6.57505">
        <ele>1886.119</ele>
        <time>2025-09-30T12:05:24.000Z</time>
      </trkpt>
      <trkpt lat="46.26758" lon="6.57505">
        <ele>1886.124</ele>
        <time>2025-09-30T12:05:29.000Z</time>
      </trkpt>
      <trkpt lat="46.26758" lon="6.57505">
        <ele>1886.126</ele>
        <time>2025-09-30T12:05:34.000Z</time>
      </trkpt>
      <trkpt lat="46.26758" lon="6.57505">
        <ele>1886.279</ele>
        <time>2025-09-30T12:05:39.000Z</time>
      </trkpt>
      <trkpt lat="46.26758" lon="6.57505">
        <ele>1886.2</ele>
        <time>2025-09-30T12:05:44.000Z</time>
      </trkpt>
      <trkpt lat="46.26758" lon="6.57505">
        <ele>1886.243</ele>
        <time>2025-09-30T12:05:49.000Z</time>
      </trkpt>
      <trkpt lat="46.26758" lon="6.57505">
        <ele>1886.246</ele>
        <time>2025-09-30T12:05:54.000Z</time>
      </trkpt>
      <trkpt lat="46.26758" lon="6.57505">
        <ele>1886.161</ele>
        <time>2025-09-30T12:05:59.000Z</time>
      </trkpt>
      <trkpt lat="46.26758" lon="6.57505">
        <ele>1886.039</ele>
        <time>2025-09-30T12:06:04.000Z</time>
      </trkpt>
      <trkpt lat="46.26758" lon="6.57505">
        <ele>1886.04</ele>
        <time>2025-09-30T12:06:09.000Z</time>
      </trkpt>
      <trkpt lat="46.26758" lon="6.57505">
        <ele>1886.037</ele>
        <time>2025-09-30T12:06:14.000Z</time>
      </trkpt>
      <trkpt lat="46.26758" lon="6.57505">
        <ele>1886.034</ele>
        <time>2025-09-30T12:06:19.000Z</time>
      </trkpt>
      <trkpt lat="46.26758" lon="6.57505">
        <ele>1886.032</ele>
        <time>2025-09-30T12:06:24.000Z</time>
      </trkpt>
      <trkpt lat="46.26758" lon="6.57505">
        <ele>1886.039</ele>
        <time>2025-09-30T12:06:29.000Z</time>
      </trkpt>
      <trkpt lat="46.26758" lon="6.57505">
        <ele>1886.041</ele>
        <time>2025-09-30T12:06:34.000Z</time>
      </trkpt>
      <trkpt lat="46.26758" lon="6.57505">
        <ele>1885.85</ele>
        <time>2025-09-30T12:06:39.000Z</time>
      </trkpt>
      <trkpt lat="46.26758" lon="6.57505">
        <ele>1885.783</ele>
        <time>2025-09-30T12:06:44.000Z</time>
      </trkpt>
      <trkpt lat="46.26758" lon="6.57505">
        <ele>1885.752</ele>
        <time>2025-09-30T12:06:49.000Z</time>
      </trkpt>
      <trkpt lat="46.26758" lon="6.57505">
        <ele>1885.733</ele>
        <time>2025-09-30T12:06:54.000Z</time>
      </trkpt>
      <trkpt lat="46.26758" lon="6.57505">
        <ele>1886.125</ele>
        <time>2025-09-30T12:06:59.000Z</time>
      </trkpt>
      <trkpt lat="46.26758" lon="6.57505">
        <ele>1886.133</ele>
        <time>2025-09-30T12:07:04.000Z</time>
      </trkpt>
      <trkpt lat="46.26758" lon="6.57505">
        <ele>1886.132</ele>
        <time>2025-09-30T12:07:09.000Z</time>
      </trkpt>
      <trkpt lat="46.26758" lon="6.57505">
        <ele>1886.134</ele>
        <time>2025-09-30T12:07:14.000Z</time>
      </trkpt>
      <trkpt lat="46.26758" lon="6.57505">
        <ele>1885.762</ele>
        <time>2025-09-30T12:07:19.000Z</time>
      </trkpt>
      <trkpt lat="46.26758" lon="6.57505">
        <ele>1885.799</ele>
        <time>2025-09-30T12:07:24.000Z</time>
      </trkpt>
      <trkpt lat="46.26758" lon="6.57505">
        <ele>1885.988</ele>
        <time>2025-09-30T12:07:29.000Z</time>
      </trkpt>
      <trkpt lat="46.26758" lon="6.57505">
        <ele>1884.707</ele>
        <time>2025-09-30T12:07:34.000Z</time>
      </trkpt>
      <trkpt lat="46.26758" lon="6.57505">
        <ele>1884.463</ele>
        <time>2025-09-30T12:07:39.000Z</time>
      </trkpt>
      <trkpt lat="46.26758" lon="6.57505">
        <ele>1884.464</ele>
        <time>2025-09-30T12:07:44.000Z</time>
      </trkpt>
      <trkpt lat="46.26758" lon="6.57505">
        <ele>1884.462</ele>
        <time>2025-09-30T12:07:49.000Z</time>
      </trkpt>
      <trkpt lat="46.26758" lon="6.57505">
        <ele>1884.449</ele>
        <time>2025-09-30T12:07:54.000Z</time>
      </trkpt>
      <trkpt lat="46.26758" lon="6.57505">
        <ele>1884.451</ele>
        <time>2025-09-30T12:07:59.000Z</time>
      </trkpt>
      <trkpt lat="46.26758" lon="6.57505">
        <ele>1884.453</ele>
        <time>2025-09-30T12:08:04.000Z</time>
      </trkpt>
      <trkpt lat="46.26758" lon="6.57505">
        <ele>1884.454</ele>
        <time>2025-09-30T12:08:09.000Z</time>
      </trkpt>
      <trkpt lat="46.26758" lon="6.57505">
        <ele>1884.463</ele>
        <time>2025-09-30T12:08:14.000Z</time>
      </trkpt>
      <trkpt lat="46.26758" lon="6.57505">
        <ele>1884.466</ele>
        <time>2025-09-30T12:08:19.000Z</time>
      </trkpt>
      <trkpt lat="46.26758" lon="6.57505">
        <ele>1884.466</ele>
        <time>2025-09-30T12:08:24.000Z</time>
      </trkpt>
      <trkpt lat="46.26758" lon="6.57505">
        <ele>1884.467</ele>
        <time>2025-09-30T12:08:29.000Z</time>
      </trkpt>
      <trkpt lat="46.26758" lon="6.57505">
        <ele>1884.471</ele>
        <time>2025-09-30T12:08:34.000Z</time>
      </trkpt>
      <trkpt lat="46.26758" lon="6.57505">
        <ele>1884.474</ele>
        <time>2025-09-30T12:08:39.000Z</time>
      </trkpt>
      <trkpt lat="46.26758" lon="6.57505">
        <ele>1884.476</ele>
        <time>2025-09-30T12:08:44.000Z</time>
      </trkpt>
      <trkpt lat="46.26758" lon="6.57505">
        <ele>1884.481</ele>
        <time>2025-09-30T12:08:49.000Z</time>
      </trkpt>
      <trkpt lat="46.26758" lon="6.57505">
        <ele>1884.48</ele>
        <time>2025-09-30T12:08:54.000Z</time>
      </trkpt>
      <trkpt lat="46.26758" lon="6.57505">
        <ele>1884.48</ele>
        <time>2025-09-30T12:08:59.000Z</time>
      </trkpt>
      <trkpt lat="46.26758" lon="6.57505">
        <ele>1884.477</ele>
        <time>2025-09-30T12:09:04.000Z</time>
      </trkpt>
      <trkpt lat="46.26758" lon="6.57505">
        <ele>1884.473</ele>
        <time>2025-09-30T12:09:09.000Z</time>
      </trkpt>
      <trkpt lat="46.26758" lon="6.57505">
        <ele>1884.468</ele>
        <time>2025-09-30T12:09:14.000Z</time>
      </trkpt>
      <trkpt lat="46.26758" lon="6.57505">
        <ele>1884.461</ele>
        <time>2025-09-30T12:09:19.000Z</time>
      </trkpt>
      <trkpt lat="46.26758" lon="6.57505">
        <ele>1884.28</ele>
        <time>2025-09-30T12:09:24.000Z</time>
      </trkpt>
      <trkpt lat="46.26758" lon="6.57505">
        <ele>1884.234</ele>
        <time>2025-09-30T12:09:29.000Z</time>
      </trkpt>
      <trkpt lat="46.26758" lon="6.57505">
        <ele>1884.225</ele>
        <time>2025-09-30T12:09:34.000Z</time>
      </trkpt>
      <trkpt lat="46.26758" lon="6.57505">
        <ele>1884.216</ele>
        <time>2025-09-30T12:09:39.000Z</time>
      </trkpt>
      <trkpt lat="46.26758" lon="6.57505">
        <ele>1884.211</ele>
        <time>2025-09-30T12:09:44.000Z</time>
      </trkpt>
      <trkpt lat="46.26758" lon="6.57505">
        <ele>1884.208</ele>
        <time>2025-09-30T12:09:49.000Z</time>
      </trkpt>
      <trkpt lat="46.26758" lon="6.57505">
        <ele>1884.197</ele>
        <time>2025-09-30T12:09:54.000Z</time>
      </trkpt>
      <trkpt lat="46.26758" lon="6.57505">
        <ele>1884.184</ele>
        <time>2025-09-30T12:09:59.000Z</time>
      </trkpt>
      <trkpt lat="46.26758" lon="6.57505">
        <ele>1884.177</ele>
        <time>2025-09-30T12:10:04.000Z</time>
      </trkpt>
      <trkpt lat="46.26758" lon="6.57505">
        <ele>1884.176</ele>
        <time>2025-09-30T12:10:09.000Z</time>
      </trkpt>
      <trkpt lat="46.26758" lon="6.57505">
        <ele>1884.175</ele>
        <time>2025-09-30T12:10:14.000Z</time>
      </trkpt>
      <trkpt lat="46.26758" lon="6.57505">
        <ele>1884.165</ele>
        <time>2025-09-30T12:10:19.000Z</time>
      </trkpt>
      <trkpt lat="46.26758" lon="6.57505">
        <ele>1884.162</ele>
        <time>2025-09-30T12:10:24.000Z</time>
      </trkpt>
      <trkpt lat="46.26758" lon="6.57505">
        <ele>1884.157</ele>
        <time>2025-09-30T12:10:29.000Z</time>
      </trkpt>
      <trkpt lat="46.26758" lon="6.57505">
        <ele>1884.152</ele>
        <time>2025-09-30T12:10:34.000Z</time>
      </trkpt>
      <trkpt lat="46.26758" lon="6.57505">
        <ele>1884.142</ele>
        <time>2025-09-30T12:10:39.000Z</time>
      </trkpt>
      <trkpt lat="46.26758" lon="6.57505">
        <ele>1884.141</ele>
        <time>2025-09-30T12:10:44.000Z</time>
      </trkpt>
      <trkpt lat="46.26758" lon="6.57505">
        <ele>1884.143</ele>
        <time>2025-09-30T12:10:49.000Z</time>
      </trkpt>
      <trkpt lat="46.26758" lon="6.57505">
        <ele>1884.144</ele>
        <time>2025-09-30T12:10:54.000Z</time>
      </trkpt>
      <trkpt lat="46.26758" lon="6.57505">
        <ele>1884.143</ele>
        <time>2025-09-30T12:10:59.000Z</time>
      </trkpt>
      <trkpt lat="46.26758" lon="6.57505">
        <ele>1884.144</ele>
        <time>2025-09-30T12:11:04.000Z</time>
      </trkpt>
      <trkpt lat="46.26758" lon="6.57505">
        <ele>1884.132</ele>
        <time>2025-09-30T12:11:09.000Z</time>
      </trkpt>
      <trkpt lat="46.26758" lon="6.57503">
        <ele>1882.382</ele>
        <time>2025-09-30T12:11:14.000Z</time>
      </trkpt>
      <trkpt lat="46.26759" lon="6.57503">
        <ele>1882.369</ele>
        <time>2025-09-30T12:11:19.000Z</time>
      </trkpt>
      <trkpt lat="46.26759" lon="6.57503">
        <ele>1882.358</ele>
        <time>2025-09-30T12:11:24.000Z</time>
      </trkpt>
      <trkpt lat="46.26759" lon="6.57503">
        <ele>1882.344</ele>
        <time>2025-09-30T12:11:29.000Z</time>
      </trkpt>
      <trkpt lat="46.26759" lon="6.57503">
        <ele>1882.331</ele>
        <time>2025-09-30T12:11:34.000Z</time>
      </trkpt>
      <trkpt lat="46.26759" lon="6.57503">
        <ele>1882.327</ele>
        <time>2025-09-30T12:11:39.000Z</time>
      </trkpt>
      <trkpt lat="46.26759" lon="6.57503">
        <ele>1882.313</ele>
        <time>2025-09-30T12:11:44.000Z</time>
      </trkpt>
      <trkpt lat="46.26759" lon="6.57503">
        <ele>1882.254</ele>
        <time>2025-09-30T12:11:49.000Z</time>
      </trkpt>
      <trkpt lat="46.26759" lon="6.57502">
        <ele>1881.992</ele>
        <time>2025-09-30T12:11:54.000Z</time>
      </trkpt>
      <trkpt lat="46.26758" lon="6.57501">
        <ele>1881.845</ele>
        <time>2025-09-30T12:11:59.000Z</time>
      </trkpt>
      <trkpt lat="46.26756" lon="6.57499">
        <ele>1881.532</ele>
        <time>2025-09-30T12:12:04.000Z</time>
      </trkpt>
      <trkpt lat="46.26754" lon="6.57498">
        <ele>1881.691</ele>
        <time>2025-09-30T12:12:09.000Z</time>
      </trkpt>
      <trkpt lat="46.26751" lon="6.57497">
        <ele>1881.636</ele>
        <time>2025-09-30T12:12:14.000Z</time>
      </trkpt>
      <trkpt lat="46.26749" lon="6.57494">
        <ele>1881.201</ele>
        <time>2025-09-30T12:12:19.000Z</time>
      </trkpt>
      <trkpt lat="46.26747" lon="6.57493">
        <ele>1880.859</ele>
        <time>2025-09-30T12:12:24.000Z</time>
      </trkpt>
      <trkpt lat="46.26744" lon="6.57492">
        <ele>1880.661</ele>
        <time>2025-09-30T12:12:29.000Z</time>
      </trkpt>
      <trkpt lat="46.26741" lon="6.57491">
        <ele>1880.359</ele>
        <time>2025-09-30T12:12:34.000Z</time>
      </trkpt>
      <trkpt lat="46.26738" lon="6.57489">
        <ele>1879.497</ele>
        <time>2025-09-30T12:12:39.000Z</time>
      </trkpt>
      <trkpt lat="46.26736" lon="6.57487">
        <ele>1878.943</ele>
        <time>2025-09-30T12:12:44.000Z</time>
      </trkpt>
      <trkpt lat="46.26735" lon="6.57484">
        <ele>1878.639</ele>
        <time>2025-09-30T12:12:49.000Z</time>
      </trkpt>
      <trkpt lat="46.26732" lon="6.57483">
        <ele>1878.143</ele>
        <time>2025-09-30T12:12:54.000Z</time>
      </trkpt>
      <trkpt lat="46.26731" lon="6.5748">
        <ele>1877.551</ele>
        <time>2025-09-30T12:12:59.000Z</time>
      </trkpt>
      <trkpt lat="46.26731" lon="6.57479">
        <ele>1876.891</ele>
        <time>2025-09-30T12:13:04.000Z</time>
      </trkpt>
      <trkpt lat="46.26731" lon="6.57476">
        <ele>1876.225</ele>
        <time>2025-09-30T12:13:09.000Z</time>
      </trkpt>
      <trkpt lat="46.26729" lon="6.57474">
        <ele>1876.152</ele>
        <time>2025-09-30T12:13:14.000Z</time>
      </trkpt>
      <trkpt lat="46.26728" lon="6.57475">
        <ele>1876.238</ele>
        <time>2025-09-30T12:13:19.000Z</time>
      </trkpt>
      <trkpt lat="46.26726" lon="6.57475">
        <ele>1875.788</ele>
        <time>2025-09-30T12:13:24.000Z</time>
      </trkpt>
      <trkpt lat="46.26724" lon="6.57473">
        <ele>1874.979</ele>
        <time>2025-09-30T12:13:29.000Z</time>
      </trkpt>
      <trkpt lat="46.26722" lon="6.57469">
        <ele>1875.239</ele>
        <time>2025-09-30T12:13:34.000Z</time>
      </trkpt>
      <trkpt lat="46.2672" lon="6.57466">
        <ele>1874.021</ele>
        <time>2025-09-30T12:13:39.000Z</time>
      </trkpt>
      <trkpt lat="46.26716" lon="6.57464">
        <ele>1873.983</ele>
        <time>2025-09-30T12:13:44.000Z</time>
      </trkpt>
      <trkpt lat="46.26714" lon="6.57462">
        <ele>1872.834</ele>
        <time>2025-09-30T12:13:49.000Z</time>
      </trkpt>
      <trkpt lat="46.26711" lon="6.57462">
        <ele>1871.164</ele>
        <time>2025-09-30T12:13:54.000Z</time>
      </trkpt>
      <trkpt lat="46.2671" lon="6.57459">
        <ele>1871.208</ele>
        <time>2025-09-30T12:13:59.000Z</time>
      </trkpt>
      <trkpt lat="46.26707" lon="6.57457">
        <ele>1870.259</ele>
        <time>2025-09-30T12:14:04.000Z</time>
      </trkpt>
      <trkpt lat="46.26703" lon="6.57457">
        <ele>1869.438</ele>
        <time>2025-09-30T12:14:09.000Z</time>
      </trkpt>
      <trkpt lat="46.26699" lon="6.57455">
        <ele>1869.162</ele>
        <time>2025-09-30T12:14:14.000Z</time>
      </trkpt>
      <trkpt lat="46.26696" lon="6.57455">
        <ele>1868.838</ele>
        <time>2025-09-30T12:14:19.000Z</time>
      </trkpt>
      <trkpt lat="46.26693" lon="6.57455">
        <ele>1868.362</ele>
        <time>2025-09-30T12:14:24.000Z</time>
      </trkpt>
      <trkpt lat="46.26691" lon="6.57456">
        <ele>1868.278</ele>
        <time>2025-09-30T12:14:29.000Z</time>
      </trkpt>
      <trkpt lat="46.26689" lon="6.57456">
        <ele>1868.151</ele>
        <time>2025-09-30T12:14:34.000Z</time>
      </trkpt>
      <trkpt lat="46.26686" lon="6.57452">
        <ele>1866.928</ele>
        <time>2025-09-30T12:14:39.000Z</time>
      </trkpt>
      <trkpt lat="46.26684" lon="6.57448">
        <ele>1866.889</ele>
        <time>2025-09-30T12:14:44.000Z</time>
      </trkpt>
      <trkpt lat="46.26681" lon="6.57444">
        <ele>1866.502</ele>
        <time>2025-09-30T12:14:49.000Z</time>
      </trkpt>
      <trkpt lat="46.26678" lon="6.57442">
        <ele>1866.816</ele>
        <time>2025-09-30T12:14:54.000Z</time>
      </trkpt>
      <trkpt lat="46.26675" lon="6.57441">
        <ele>1867.033</ele>
        <time>2025-09-30T12:14:59.000Z</time>
      </trkpt>
      <trkpt lat="46.26672" lon="6.57439">
        <ele>1867.428</ele>
        <time>2025-09-30T12:15:04.000Z</time>
      </trkpt>
      <trkpt lat="46.26671" lon="6.57437">
        <ele>1867.446</ele>
        <time>2025-09-30T12:15:09.000Z</time>
      </trkpt>
      <trkpt lat="46.26668" lon="6.57435">
        <ele>1866.52</ele>
        <time>2025-09-30T12:15:14.000Z</time>
      </trkpt>
      <trkpt lat="46.26664" lon="6.57436">
        <ele>1865.987</ele>
        <time>2025-09-30T12:15:19.000Z</time>
      </trkpt>
      <trkpt lat="46.2666" lon="6.57438">
        <ele>1865.951</ele>
        <time>2025-09-30T12:15:24.000Z</time>
      </trkpt>
      <trkpt lat="46.26656" lon="6.57438">
        <ele>1865.62</ele>
        <time>2025-09-30T12:15:29.000Z</time>
      </trkpt>
      <trkpt lat="46.26653" lon="6.57438">
        <ele>1865.686</ele>
        <time>2025-09-30T12:15:34.000Z</time>
      </trkpt>
      <trkpt lat="46.26651" lon="6.57436">
        <ele>1865.643</ele>
        <time>2025-09-30T12:15:39.000Z</time>
      </trkpt>
      <trkpt lat="46.26647" lon="6.57437">
        <ele>1865.534</ele>
        <time>2025-09-30T12:15:44.000Z</time>
      </trkpt>
      <trkpt lat="46.26644" lon="6.57437">
        <ele>1865.412</ele>
        <time>2025-09-30T12:15:49.000Z</time>
      </trkpt>
      <trkpt lat="46.2664" lon="6.57436">
        <ele>1865.225</ele>
        <time>2025-09-30T12:15:54.000Z</time>
      </trkpt>
      <trkpt lat="46.26636" lon="6.57433">
        <ele>1865.006</ele>
        <time>2025-09-30T12:15:59.000Z</time>
      </trkpt>
      <trkpt lat="46.26634" lon="6.5743">
        <ele>1865.859</ele>
        <time>2025-09-30T12:16:04.000Z</time>
      </trkpt>
      <trkpt lat="46.26632" lon="6.57429">
        <ele>1865.708</ele>
        <time>2025-09-30T12:16:09.000Z</time>
      </trkpt>
      <trkpt lat="46.26631" lon="6.57431">
        <ele>1867.343</ele>
        <time>2025-09-30T12:16:14.000Z</time>
      </trkpt>
      <trkpt lat="46.26629" lon="6.57429">
        <ele>1868.852</ele>
        <time>2025-09-30T12:16:19.000Z</time>
      </trkpt>
      <trkpt lat="46.26627" lon="6.57429">
        <ele>1868.438</ele>
        <time>2025-09-30T12:16:24.000Z</time>
      </trkpt>
      <trkpt lat="46.26625" lon="6.5743">
        <ele>1868.273</ele>
        <time>2025-09-30T12:16:29.000Z</time>
      </trkpt>
      <trkpt lat="46.26623" lon="6.5743">
        <ele>1867.903</ele>
        <time>2025-09-30T12:16:34.000Z</time>
      </trkpt>
      <trkpt lat="46.26622" lon="6.57429">
        <ele>1867.81</ele>
        <time>2025-09-30T12:16:39.000Z</time>
      </trkpt>
      <trkpt lat="46.26619" lon="6.57429">
        <ele>1867.553</ele>
        <time>2025-09-30T12:16:44.000Z</time>
      </trkpt>
      <trkpt lat="46.26616" lon="6.5743">
        <ele>1866.978</ele>
        <time>2025-09-30T12:16:49.000Z</time>
      </trkpt>
      <trkpt lat="46.26614" lon="6.57433">
        <ele>1867.077</ele>
        <time>2025-09-30T12:16:54.000Z</time>
      </trkpt>
      <trkpt lat="46.26612" lon="6.57434">
        <ele>1866.686</ele>
        <time>2025-09-30T12:16:59.000Z</time>
      </trkpt>
      <trkpt lat="46.26609" lon="6.57435">
        <ele>1865.746</ele>
        <time>2025-09-30T12:17:04.000Z</time>
      </trkpt>
      <trkpt lat="46.26608" lon="6.57437">
        <ele>1865.69</ele>
        <time>2025-09-30T12:17:09.000Z</time>
      </trkpt>
      <trkpt lat="46.26606" lon="6.57437">
        <ele>1864.666</ele>
        <time>2025-09-30T12:17:14.000Z</time>
      </trkpt>
      <trkpt lat="46.26605" lon="6.57437">
        <ele>1863.329</ele>
        <time>2025-09-30T12:17:19.000Z</time>
      </trkpt>
      <trkpt lat="46.26603" lon="6.57441">
        <ele>1863.25</ele>
        <time>2025-09-30T12:17:24.000Z</time>
      </trkpt>
      <trkpt lat="46.266" lon="6.57442">
        <ele>1862.655</ele>
        <time>2025-09-30T12:17:29.000Z</time>
      </trkpt>
      <trkpt lat="46.26599" lon="6.57443">
        <ele>1861.257</ele>
        <time>2025-09-30T12:17:34.000Z</time>
      </trkpt>
      <trkpt lat="46.26597" lon="6.57445">
        <ele>1860.568</ele>
        <time>2025-09-30T12:17:39.000Z</time>
      </trkpt>
      <trkpt lat="46.26595" lon="6.57447">
        <ele>1860.576</ele>
        <time>2025-09-30T12:17:44.000Z</time>
      </trkpt>
      <trkpt lat="46.26593" lon="6.5745">
        <ele>1859.907</ele>
        <time>2025-09-30T12:17:49.000Z</time>
      </trkpt>
      <trkpt lat="46.2659" lon="6.57452">
        <ele>1859.563</ele>
        <time>2025-09-30T12:17:54.000Z</time>
      </trkpt>
      <trkpt lat="46.26588" lon="6.57452">
        <ele>1858.44</ele>
        <time>2025-09-30T12:17:59.000Z</time>
      </trkpt>
      <trkpt lat="46.26585" lon="6.57451">
        <ele>1857.311</ele>
        <time>2025-09-30T12:18:04.000Z</time>
      </trkpt>
      <trkpt lat="46.26583" lon="6.57451">
        <ele>1856.564</ele>
        <time>2025-09-30T12:18:09.000Z</time>
      </trkpt>
      <trkpt lat="46.26583" lon="6.57449">
        <ele>1855.252</ele>
        <time>2025-09-30T12:18:14.000Z</time>
      </trkpt>
      <trkpt lat="46.26582" lon="6.57445">
        <ele>1855.533</ele>
        <time>2025-09-30T12:18:19.000Z</time>
      </trkpt>
      <trkpt lat="46.26579" lon="6.57444">
        <ele>1856.205</ele>
        <time>2025-09-30T12:18:24.000Z</time>
      </trkpt>
      <trkpt lat="46.26579" lon="6.57444">
        <ele>1855.058</ele>
        <time>2025-09-30T12:18:29.000Z</time>
      </trkpt>
      <trkpt lat="46.26577" lon="6.57442">
        <ele>1854.985</ele>
        <time>2025-09-30T12:18:34.000Z</time>
      </trkpt>
      <trkpt lat="46.26573" lon="6.57441">
        <ele>1855.446</ele>
        <time>2025-09-30T12:18:39.000Z</time>
      </trkpt>
      <trkpt lat="46.2657" lon="6.57444">
        <ele>1855.76</ele>
        <time>2025-09-30T12:18:44.000Z</time>
      </trkpt>
      <trkpt lat="46.26568" lon="6.57445">
        <ele>1855.239</ele>
        <time>2025-09-30T12:18:49.000Z</time>
      </trkpt>
      <trkpt lat="46.26565" lon="6.57446">
        <ele>1854.314</ele>
        <time>2025-09-30T12:18:54.000Z</time>
      </trkpt>
      <trkpt lat="46.26562" lon="6.57449">
        <ele>1853.637</ele>
        <time>2025-09-30T12:18:59.000Z</time>
      </trkpt>
      <trkpt lat="46.2656" lon="6.57452">
        <ele>1852.121</ele>
        <time>2025-09-30T12:19:04.000Z</time>
      </trkpt>
      <trkpt lat="46.26559" lon="6.57456">
        <ele>1851.194</ele>
        <time>2025-09-30T12:19:09.000Z</time>
      </trkpt>
      <trkpt lat="46.26558" lon="6.57456">
        <ele>1851.063</ele>
        <time>2025-09-30T12:19:14.000Z</time>
      </trkpt>
      <trkpt lat="46.26558" lon="6.57457">
        <ele>1850.577</ele>
        <time>2025-09-30T12:19:19.000Z</time>
      </trkpt>
      <trkpt lat="46.26558" lon="6.57459">
        <ele>1849.378</ele>
        <time>2025-09-30T12:19:24.000Z</time>
      </trkpt>
      <trkpt lat="46.26557" lon="6.57463">
        <ele>1848.266</ele>
        <time>2025-09-30T12:19:29.000Z</time>
      </trkpt>
      <trkpt lat="46.26556" lon="6.57465">
        <ele>1847.331</ele>
        <time>2025-09-30T12:19:34.000Z</time>
      </trkpt>
      <trkpt lat="46.26555" lon="6.57467">
        <ele>1846.741</ele>
        <time>2025-09-30T12:19:39.000Z</time>
      </trkpt>
      <trkpt lat="46.26553" lon="6.57468">
        <ele>1845.133</ele>
        <time>2025-09-30T12:19:44.000Z</time>
      </trkpt>
      <trkpt lat="46.2655" lon="6.5747">
        <ele>1844.538</ele>
        <time>2025-09-30T12:19:49.000Z</time>
      </trkpt>
      <trkpt lat="46.26547" lon="6.57471">
        <ele>1844.04</ele>
        <time>2025-09-30T12:19:54.000Z</time>
      </trkpt>
      <trkpt lat="46.26545" lon="6.57474">
        <ele>1842.597</ele>
        <time>2025-09-30T12:19:59.000Z</time>
      </trkpt>
      <trkpt lat="46.26543" lon="6.57475">
        <ele>1842.049</ele>
        <time>2025-09-30T12:20:04.000Z</time>
      </trkpt>
      <trkpt lat="46.26542" lon="6.57472">
        <ele>1841.035</ele>
        <time>2025-09-30T12:20:09.000Z</time>
      </trkpt>
      <trkpt lat="46.26539" lon="6.57472">
        <ele>1839.967</ele>
        <time>2025-09-30T12:20:14.000Z</time>
      </trkpt>
      <trkpt lat="46.26537" lon="6.5747">
        <ele>1838.914</ele>
        <time>2025-09-30T12:20:19.000Z</time>
      </trkpt>
      <trkpt lat="46.26535" lon="6.57469">
        <ele>1838.773</ele>
        <time>2025-09-30T12:20:24.000Z</time>
      </trkpt>
      <trkpt lat="46.26532" lon="6.5747">
        <ele>1837.72</ele>
        <time>2025-09-30T12:20:29.000Z</time>
      </trkpt>
      <trkpt lat="46.2653" lon="6.57469">
        <ele>1836.911</ele>
        <time>2025-09-30T12:20:34.000Z</time>
      </trkpt>
      <trkpt lat="46.26529" lon="6.57464">
        <ele>1835.389</ele>
        <time>2025-09-30T12:20:39.000Z</time>
      </trkpt>
      <trkpt lat="46.26527" lon="6.57461">
        <ele>1834.842</ele>
        <time>2025-09-30T12:20:44.000Z</time>
      </trkpt>
      <trkpt lat="46.26523" lon="6.57462">
        <ele>1834.066</ele>
        <time>2025-09-30T12:20:49.000Z</time>
      </trkpt>
      <trkpt lat="46.2652" lon="6.57459">
        <ele>1832.884</ele>
        <time>2025-09-30T12:20:54.000Z</time>
      </trkpt>
      <trkpt lat="46.26518" lon="6.57456">
        <ele>1831.752</ele>
        <time>2025-09-30T12:20:59.000Z</time>
      </trkpt>
      <trkpt lat="46.26517" lon="6.57454">
        <ele>1831.366</ele>
        <time>2025-09-30T12:21:04.000Z</time>
      </trkpt>
      <trkpt lat="46.26515" lon="6.57452">
        <ele>1830.948</ele>
        <time>2025-09-30T12:21:09.000Z</time>
      </trkpt>
      <trkpt lat="46.26514" lon="6.57448">
        <ele>1830.318</ele>
        <time>2025-09-30T12:21:14.000Z</time>
      </trkpt>
      <trkpt lat="46.26513" lon="6.57444">
        <ele>1829.068</ele>
        <time>2025-09-30T12:21:19.000Z</time>
      </trkpt>
      <trkpt lat="46.26512" lon="6.57439">
        <ele>1828.685</ele>
        <time>2025-09-30T12:21:24.000Z</time>
      </trkpt>
      <trkpt lat="46.26513" lon="6.57434">
        <ele>1828.943</ele>
        <time>2025-09-30T12:21:29.000Z</time>
      </trkpt>
      <trkpt lat="46.26512" lon="6.57434">
        <ele>1827.669</ele>
        <time>2025-09-30T12:21:34.000Z</time>
      </trkpt>
      <trkpt lat="46.2651" lon="6.5743">
        <ele>1827.537</ele>
        <time>2025-09-30T12:21:39.000Z</time>
      </trkpt>
      <trkpt lat="46.26508" lon="6.57429">
        <ele>1826.884</ele>
        <time>2025-09-30T12:21:44.000Z</time>
      </trkpt>
      <trkpt lat="46.26505" lon="6.57427">
        <ele>1826.255</ele>
        <time>2025-09-30T12:21:49.000Z</time>
      </trkpt>
      <trkpt lat="46.26503" lon="6.57426">
        <ele>1827.117</ele>
        <time>2025-09-30T12:21:54.000Z</time>
      </trkpt>
      <trkpt lat="46.265" lon="6.57423">
        <ele>1826.891</ele>
        <time>2025-09-30T12:21:59.000Z</time>
      </trkpt>
      <trkpt lat="46.26498" lon="6.57422">
        <ele>1825.859</ele>
        <time>2025-09-30T12:22:04.000Z</time>
      </trkpt>
      <trkpt lat="46.26497" lon="6.57421">
        <ele>1824.879</ele>
        <time>2025-09-30T12:22:09.000Z</time>
      </trkpt>
      <trkpt lat="46.26495" lon="6.57417">
        <ele>1824.243</ele>
        <time>2025-09-30T12:22:14.000Z</time>
      </trkpt>
      <trkpt lat="46.26495" lon="6.57412">
        <ele>1823.234</ele>
        <time>2025-09-30T12:22:19.000Z</time>
      </trkpt>
      <trkpt lat="46.26495" lon="6.57408">
        <ele>1822.534</ele>
        <time>2025-09-30T12:22:24.000Z</time>
      </trkpt>
      <trkpt lat="46.26494" lon="6.57403">
        <ele>1823.393</ele>
        <time>2025-09-30T12:22:29.000Z</time>
      </trkpt>
      <trkpt lat="46.26494" lon="6.574">
        <ele>1823.471</ele>
        <time>2025-09-30T12:22:34.000Z</time>
      </trkpt>
      <trkpt lat="46.26492" lon="6.57399">
        <ele>1822.932</ele>
        <time>2025-09-30T12:22:39.000Z</time>
      </trkpt>
      <trkpt lat="46.26491" lon="6.57399">
        <ele>1822.379</ele>
        <time>2025-09-30T12:22:44.000Z</time>
      </trkpt>
      <trkpt lat="46.26489" lon="6.57397">
        <ele>1821.574</ele>
        <time>2025-09-30T12:22:49.000Z</time>
      </trkpt>
      <trkpt lat="46.2649" lon="6.57392">
        <ele>1821.435</ele>
        <time>2025-09-30T12:22:54.000Z</time>
      </trkpt>
      <trkpt lat="46.26489" lon="6.57389">
        <ele>1821.251</ele>
        <time>2025-09-30T12:22:59.000Z</time>
      </trkpt>
      <trkpt lat="46.26489" lon="6.57385">
        <ele>1820.59</ele>
        <time>2025-09-30T12:23:04.000Z</time>
      </trkpt>
      <trkpt lat="46.26489" lon="6.57382">
        <ele>1820.428</ele>
        <time>2025-09-30T12:23:09.000Z</time>
      </trkpt>
      <trkpt lat="46.26488" lon="6.57378">
        <ele>1819.984</ele>
        <time>2025-09-30T12:23:14.000Z</time>
      </trkpt>
      <trkpt lat="46.26486" lon="6.57375">
        <ele>1819.225</ele>
        <time>2025-09-30T12:23:19.000Z</time>
      </trkpt>
      <trkpt lat="46.26483" lon="6.57372">
        <ele>1818.899</ele>
        <time>2025-09-30T12:23:24.000Z</time>
      </trkpt>
      <trkpt lat="46.26481" lon="6.57367">
        <ele>1818.148</ele>
        <time>2025-09-30T12:23:29.000Z</time>
      </trkpt>
      <trkpt lat="46.26479" lon="6.57362">
        <ele>1817.016</ele>
        <time>2025-09-30T12:23:34.000Z</time>
      </trkpt>
      <trkpt lat="46.26476" lon="6.57358">
        <ele>1816.295</ele>
        <time>2025-09-30T12:23:39.000Z</time>
      </trkpt>
      <trkpt lat="46.26473" lon="6.57352">
        <ele>1815.852</ele>
        <time>2025-09-30T12:23:44.000Z</time>
      </trkpt>
      <trkpt lat="46.2647" lon="6.57347">
        <ele>1814.942</ele>
        <time>2025-09-30T12:23:49.000Z</time>
      </trkpt>
      <trkpt lat="46.26467" lon="6.57343">
        <ele>1815.346</ele>
        <time>2025-09-30T12:23:54.000Z</time>
      </trkpt>
      <trkpt lat="46.26466" lon="6.57337">
        <ele>1814.484</ele>
        <time>2025-09-30T12:23:59.000Z</time>
      </trkpt>
      <trkpt lat="46.26463" lon="6.57332">
        <ele>1814.377</ele>
        <time>2025-09-30T12:24:04.000Z</time>
      </trkpt>
      <trkpt lat="46.2646" lon="6.57329">
        <ele>1814.277</ele>
        <time>2025-09-30T12:24:09.000Z</time>
      </trkpt>
      <trkpt lat="46.26456" lon="6.57328">
        <ele>1814.038</ele>
        <time>2025-09-30T12:24:14.000Z</time>
      </trkpt>
      <trkpt lat="46.26453" lon="6.57324">
        <ele>1814.291</ele>
        <time>2025-09-30T12:24:19.000Z</time>
      </trkpt>
      <trkpt lat="46.26451" lon="6.5732">
        <ele>1814.294</ele>
        <time>2025-09-30T12:24:24.000Z</time>
      </trkpt>
      <trkpt lat="46.26449" lon="6.57316">
        <ele>1813.159</ele>
        <time>2025-09-30T12:24:29.000Z</time>
      </trkpt>
      <trkpt lat="46.26447" lon="6.57312">
        <ele>1812.459</ele>
        <time>2025-09-30T12:24:34.000Z</time>
      </trkpt>
      <trkpt lat="46.26443" lon="6.5731">
        <ele>1812.567</ele>
        <time>2025-09-30T12:24:39.000Z</time>
      </trkpt>
      <trkpt lat="46.26441" lon="6.57306">
        <ele>1812.874</ele>
        <time>2025-09-30T12:24:44.000Z</time>
      </trkpt>
      <trkpt lat="46.26439" lon="6.57301">
        <ele>1813.085</ele>
        <time>2025-09-30T12:24:49.000Z</time>
      </trkpt>
      <trkpt lat="46.26436" lon="6.57299">
        <ele>1812.2</ele>
        <time>2025-09-30T12:24:54.000Z</time>
      </trkpt>
      <trkpt lat="46.26433" lon="6.57298">
        <ele>1811.557</ele>
        <time>2025-09-30T12:24:59.000Z</time>
      </trkpt>
      <trkpt lat="46.2643" lon="6.57294">
        <ele>1811.396</ele>
        <time>2025-09-30T12:25:04.000Z</time>
      </trkpt>
      <trkpt lat="46.26426" lon="6.5729">
        <ele>1811.234</ele>
        <time>2025-09-30T12:25:09.000Z</time>
      </trkpt>
      <trkpt lat="46.26423" lon="6.57287">
        <ele>1811.341</ele>
        <time>2025-09-30T12:25:14.000Z</time>
      </trkpt>
      <trkpt lat="46.26419" lon="6.57285">
        <ele>1810.664</ele>
        <time>2025-09-30T12:25:19.000Z</time>
      </trkpt>
      <trkpt lat="46.26414" lon="6.57284">
        <ele>1809.846</ele>
        <time>2025-09-30T12:25:24.000Z</time>
      </trkpt>
      <trkpt lat="46.26411" lon="6.57284">
        <ele>1809.744</ele>
        <time>2025-09-30T12:25:29.000Z</time>
      </trkpt>
      <trkpt lat="46.26407" lon="6.57284">
        <ele>1809.182</ele>
        <time>2025-09-30T12:25:34.000Z</time>
      </trkpt>
      <trkpt lat="46.26402" lon="6.57285">
        <ele>1809.645</ele>
        <time>2025-09-30T12:25:39.000Z</time>
      </trkpt>
      <trkpt lat="46.26397" lon="6.57285">
        <ele>1808.613</ele>
        <time>2025-09-30T12:25:44.000Z</time>
      </trkpt>
      <trkpt lat="46.26393" lon="6.57283">
        <ele>1807.001</ele>
        <time>2025-09-30T12:25:49.000Z</time>
      </trkpt>
      <trkpt lat="46.26389" lon="6.57281">
        <ele>1806.18</ele>
        <time>2025-09-30T12:25:54.000Z</time>
      </trkpt>
      <trkpt lat="46.26385" lon="6.57279">
        <ele>1805.245</ele>
        <time>2025-09-30T12:25:59.000Z</time>
      </trkpt>
      <trkpt lat="46.26382" lon="6.57278">
        <ele>1804.971</ele>
        <time>2025-09-30T12:26:04.000Z</time>
      </trkpt>
      <trkpt lat="46.26378" lon="6.57279">
        <ele>1805.575</ele>
        <time>2025-09-30T12:26:09.000Z</time>
      </trkpt>
      <trkpt lat="46.26374" lon="6.57282">
        <ele>1805.305</ele>
        <time>2025-09-30T12:26:14.000Z</time>
      </trkpt>
      <trkpt lat="46.26371" lon="6.57281">
        <ele>1804.121</ele>
        <time>2025-09-30T12:26:19.000Z</time>
      </trkpt>
      <trkpt lat="46.26366" lon="6.57282">
        <ele>1802.915</ele>
        <time>2025-09-30T12:26:24.000Z</time>
      </trkpt>
      <trkpt lat="46.26362" lon="6.57285">
        <ele>1802.63</ele>
        <time>2025-09-30T12:26:29.000Z</time>
      </trkpt>
      <trkpt lat="46.26357" lon="6.5729">
        <ele>1803.2</ele>
        <time>2025-09-30T12:26:34.000Z</time>
      </trkpt>
      <trkpt lat="46.26353" lon="6.57294">
        <ele>1803.925</ele>
        <time>2025-09-30T12:26:39.000Z</time>
      </trkpt>
      <trkpt lat="46.26348" lon="6.57298">
        <ele>1804.412</ele>
        <time>2025-09-30T12:26:44.000Z</time>
      </trkpt>
      <trkpt lat="46.26345" lon="6.57302">
        <ele>1803.914</ele>
        <time>2025-09-30T12:26:49.000Z</time>
      </trkpt>
      <trkpt lat="46.26342" lon="6.57304">
        <ele>1803.391</ele>
        <time>2025-09-30T12:26:54.000Z</time>
      </trkpt>
      <trkpt lat="46.26338" lon="6.57305">
        <ele>1802.539</ele>
        <time>2025-09-30T12:26:59.000Z</time>
      </trkpt>
      <trkpt lat="46.26335" lon="6.57308">
        <ele>1801.577</ele>
        <time>2025-09-30T12:27:04.000Z</time>
      </trkpt>
      <trkpt lat="46.26332" lon="6.57309">
        <ele>1801.58</ele>
        <time>2025-09-30T12:27:09.000Z</time>
      </trkpt>
      <trkpt lat="46.26329" lon="6.57311">
        <ele>1801.734</ele>
        <time>2025-09-30T12:27:14.000Z</time>
      </trkpt>
      <trkpt lat="46.26326" lon="6.57314">
        <ele>1800.925</ele>
        <time>2025-09-30T12:27:19.000Z</time>
      </trkpt>
      <trkpt lat="46.26324" lon="6.57315">
        <ele>1800.873</ele>
        <time>2025-09-30T12:27:24.000Z</time>
      </trkpt>
      <trkpt lat="46.26321" lon="6.57316">
        <ele>1799.728</ele>
        <time>2025-09-30T12:27:29.000Z</time>
      </trkpt>
      <trkpt lat="46.26319" lon="6.57316">
        <ele>1799.193</ele>
        <time>2025-09-30T12:27:34.000Z</time>
      </trkpt>
      <trkpt lat="46.26317" lon="6.57318">
        <ele>1798.632</ele>
        <time>2025-09-30T12:27:39.000Z</time>
      </trkpt>
      <trkpt lat="46.26313" lon="6.57319">
        <ele>1798.281</ele>
        <time>2025-09-30T12:27:44.000Z</time>
      </trkpt>
      <trkpt lat="46.2631" lon="6.57321">
        <ele>1797.526</ele>
        <time>2025-09-30T12:27:49.000Z</time>
      </trkpt>
      <trkpt lat="46.26307" lon="6.57322">
        <ele>1796.52</ele>
        <time>2025-09-30T12:27:54.000Z</time>
      </trkpt>
      <trkpt lat="46.26303" lon="6.57323">
        <ele>1795.56</ele>
        <time>2025-09-30T12:27:59.000Z</time>
      </trkpt>
      <trkpt lat="46.26299" lon="6.57323">
        <ele>1794.322</ele>
        <time>2025-09-30T12:28:04.000Z</time>
      </trkpt>
      <trkpt lat="46.26296" lon="6.57325">
        <ele>1793.405</ele>
        <time>2025-09-30T12:28:09.000Z</time>
      </trkpt>
      <trkpt lat="46.26292" lon="6.57328">
        <ele>1792.899</ele>
        <time>2025-09-30T12:28:14.000Z</time>
      </trkpt>
      <trkpt lat="46.2629" lon="6.57329">
        <ele>1791.863</ele>
        <time>2025-09-30T12:28:19.000Z</time>
      </trkpt>
      <trkpt lat="46.26288" lon="6.57331">
        <ele>1790.659</ele>
        <time>2025-09-30T12:28:24.000Z</time>
      </trkpt>
      <trkpt lat="46.26287" lon="6.57333">
        <ele>1789.755</ele>
        <time>2025-09-30T12:28:29.000Z</time>
      </trkpt>
      <trkpt lat="46.26284" lon="6.57335">
        <ele>1789.128</ele>
        <time>2025-09-30T12:28:34.000Z</time>
      </trkpt>
      <trkpt lat="46.26281" lon="6.57337">
        <ele>1789.005</ele>
        <time>2025-09-30T12:28:39.000Z</time>
      </trkpt>
      <trkpt lat="46.26279" lon="6.57337">
        <ele>1788.247</ele>
        <time>2025-09-30T12:28:44.000Z</time>
      </trkpt>
      <trkpt lat="46.26279" lon="6.57337">
        <ele>1788.246</ele>
        <time>2025-09-30T12:28:49.000Z</time>
      </trkpt>
      <trkpt lat="46.26278" lon="6.57336">
        <ele>1787.689</ele>
        <time>2025-09-30T12:28:54.000Z</time>
      </trkpt>
      <trkpt lat="46.26275" lon="6.57337">
        <ele>1786.694</ele>
        <time>2025-09-30T12:28:59.000Z</time>
      </trkpt>
      <trkpt lat="46.26272" lon="6.57339">
        <ele>1785.575</ele>
        <time>2025-09-30T12:29:04.000Z</time>
      </trkpt>
      <trkpt lat="46.2627" lon="6.5734">
        <ele>1784.359</ele>
        <time>2025-09-30T12:29:09.000Z</time>
      </trkpt>
      <trkpt lat="46.26268" lon="6.5734">
        <ele>1782.722</ele>
        <time>2025-09-30T12:29:14.000Z</time>
      </trkpt>
      <trkpt lat="46.26266" lon="6.5734">
        <ele>1782.383</ele>
        <time>2025-09-30T12:29:19.000Z</time>
      </trkpt>
      <trkpt lat="46.26265" lon="6.57342">
        <ele>1781.942</ele>
        <time>2025-09-30T12:29:24.000Z</time>
      </trkpt>
      <trkpt lat="46.26264" lon="6.57343">
        <ele>1781.068</ele>
        <time>2025-09-30T12:29:29.000Z</time>
      </trkpt>
      <trkpt lat="46.26262" lon="6.57344">
        <ele>1780.006</ele>
        <time>2025-09-30T12:29:34.000Z</time>
      </trkpt>
      <trkpt lat="46.2626" lon="6.57344">
        <ele>1778.866</ele>
        <time>2025-09-30T12:29:39.000Z</time>
      </trkpt>
      <trkpt lat="46.26258" lon="6.57344">
        <ele>1779.046</ele>
        <time>2025-09-30T12:29:44.000Z</time>
      </trkpt>
      <trkpt lat="46.26256" lon="6.57345">
        <ele>1778.265</ele>
        <time>2025-09-30T12:29:49.000Z</time>
      </trkpt>
      <trkpt lat="46.26255" lon="6.57346">
        <ele>1777.856</ele>
        <time>2025-09-30T12:29:54.000Z</time>
      </trkpt>
      <trkpt lat="46.26253" lon="6.57344">
        <ele>1777.381</ele>
        <time>2025-09-30T12:29:59.000Z</time>
      </trkpt>
      <trkpt lat="46.26251" lon="6.57345">
        <ele>1776.855</ele>
        <time>2025-09-30T12:30:04.000Z</time>
      </trkpt>
      <trkpt lat="46.26249" lon="6.57344">
        <ele>1775.782</ele>
        <time>2025-09-30T12:30:09.000Z</time>
      </trkpt>
      <trkpt lat="46.26247" lon="6.57342">
        <ele>1775.228</ele>
        <time>2025-09-30T12:30:14.000Z</time>
      </trkpt>
      <trkpt lat="46.26245" lon="6.57344">
        <ele>1776.225</ele>
        <time>2025-09-30T12:30:19.000Z</time>
      </trkpt>
      <trkpt lat="46.26243" lon="6.57346">
        <ele>1776.066</ele>
        <time>2025-09-30T12:30:24.000Z</time>
      </trkpt>
      <trkpt lat="46.2624" lon="6.57347">
        <ele>1775.229</ele>
        <time>2025-09-30T12:30:29.000Z</time>
      </trkpt>
      <trkpt lat="46.26239" lon="6.57349">
        <ele>1773.809</ele>
        <time>2025-09-30T12:30:34.000Z</time>
      </trkpt>
      <trkpt lat="46.26236" lon="6.57351">
        <ele>1773.826</ele>
        <time>2025-09-30T12:30:39.000Z</time>
      </trkpt>
      <trkpt lat="46.26234" lon="6.57352">
        <ele>1771.881</ele>
        <time>2025-09-30T12:30:44.000Z</time>
      </trkpt>
      <trkpt lat="46.26232" lon="6.57351">
        <ele>1770.136</ele>
        <time>2025-09-30T12:30:49.000Z</time>
      </trkpt>
      <trkpt lat="46.2623" lon="6.57352">
        <ele>1769.674</ele>
        <time>2025-09-30T12:30:54.000Z</time>
      </trkpt>
      <trkpt lat="46.26229" lon="6.57353">
        <ele>1770.648</ele>
        <time>2025-09-30T12:30:59.000Z</time>
      </trkpt>
      <trkpt lat="46.26228" lon="6.57353">
        <ele>1771.086</ele>
        <time>2025-09-30T12:31:04.000Z</time>
      </trkpt>
      <trkpt lat="46.26227" lon="6.57355">
        <ele>1771.357</ele>
        <time>2025-09-30T12:31:09.000Z</time>
      </trkpt>
      <trkpt lat="46.26226" lon="6.57358">
        <ele>1771.015</ele>
        <time>2025-09-30T12:31:14.000Z</time>
      </trkpt>
      <trkpt lat="46.26224" lon="6.57361">
        <ele>1770.578</ele>
        <time>2025-09-30T12:31:19.000Z</time>
      </trkpt>
      <trkpt lat="46.26223" lon="6.57368">
        <ele>1770.396</ele>
        <time>2025-09-30T12:31:24.000Z</time>
      </trkpt>
      <trkpt lat="46.26222" lon="6.57373">
        <ele>1770.179</ele>
        <time>2025-09-30T12:31:29.000Z</time>
      </trkpt>
      <trkpt lat="46.26222" lon="6.57376">
        <ele>1770.436</ele>
        <time>2025-09-30T12:31:34.000Z</time>
      </trkpt>
      <trkpt lat="46.2622" lon="6.57378">
        <ele>1769.597</ele>
        <time>2025-09-30T12:31:39.000Z</time>
      </trkpt>
      <trkpt lat="46.26218" lon="6.57379">
        <ele>1768.906</ele>
        <time>2025-09-30T12:31:44.000Z</time>
      </trkpt>
      <trkpt lat="46.26217" lon="6.57382">
        <ele>1767.178</ele>
        <time>2025-09-30T12:31:49.000Z</time>
      </trkpt>
      <trkpt lat="46.26216" lon="6.57385">
        <ele>1766.947</ele>
        <time>2025-09-30T12:31:54.000Z</time>
      </trkpt>
      <trkpt lat="46.26214" lon="6.57388">
        <ele>1766.249</ele>
        <time>2025-09-30T12:31:59.000Z</time>
      </trkpt>
      <trkpt lat="46.26213" lon="6.57389">
        <ele>1764.677</ele>
        <time>2025-09-30T12:32:04.000Z</time>
      </trkpt>
      <trkpt lat="46.2621" lon="6.57389">
        <ele>1763.49</ele>
        <time>2025-09-30T12:32:09.000Z</time>
      </trkpt>
      <trkpt lat="46.26207" lon="6.5739">
        <ele>1761.814</ele>
        <time>2025-09-30T12:32:14.000Z</time>
      </trkpt>
      <trkpt lat="46.26205" lon="6.57393">
        <ele>1760.703</ele>
        <time>2025-09-30T12:32:19.000Z</time>
      </trkpt>
      <trkpt lat="46.26204" lon="6.57395">
        <ele>1759.863</ele>
        <time>2025-09-30T12:32:24.000Z</time>
      </trkpt>
      <trkpt lat="46.262" lon="6.57394">
        <ele>1759.59</ele>
        <time>2025-09-30T12:32:29.000Z</time>
      </trkpt>
      <trkpt lat="46.26198" lon="6.57397">
        <ele>1759.319</ele>
        <time>2025-09-30T12:32:34.000Z</time>
      </trkpt>
      <trkpt lat="46.26196" lon="6.57399">
        <ele>1758.373</ele>
        <time>2025-09-30T12:32:39.000Z</time>
      </trkpt>
      <trkpt lat="46.26193" lon="6.57401">
        <ele>1756.129</ele>
        <time>2025-09-30T12:32:44.000Z</time>
      </trkpt>
      <trkpt lat="46.26189" lon="6.574">
        <ele>1753.883</ele>
        <time>2025-09-30T12:32:49.000Z</time>
      </trkpt>
      <trkpt lat="46.26185" lon="6.57398">
        <ele>1752.769</ele>
        <time>2025-09-30T12:32:54.000Z</time>
      </trkpt>
      <trkpt lat="46.26182" lon="6.57396">
        <ele>1751.769</ele>
        <time>2025-09-30T12:32:59.000Z</time>
      </trkpt>
      <trkpt lat="46.2618" lon="6.57395">
        <ele>1751.249</ele>
        <time>2025-09-30T12:33:04.000Z</time>
      </trkpt>
      <trkpt lat="46.26177" lon="6.57395">
        <ele>1750.866</ele>
        <time>2025-09-30T12:33:09.000Z</time>
      </trkpt>
      <trkpt lat="46.26174" lon="6.57393">
        <ele>1750.877</ele>
        <time>2025-09-30T12:33:14.000Z</time>
      </trkpt>
      <trkpt lat="46.26171" lon="6.57393">
        <ele>1750.973</ele>
        <time>2025-09-30T12:33:19.000Z</time>
      </trkpt>
      <trkpt lat="46.26167" lon="6.57392">
        <ele>1750.394</ele>
        <time>2025-09-30T12:33:24.000Z</time>
      </trkpt>
      <trkpt lat="46.26164" lon="6.57392">
        <ele>1750.552</ele>
        <time>2025-09-30T12:33:29.000Z</time>
      </trkpt>
      <trkpt lat="46.26162" lon="6.57395">
        <ele>1752.65</ele>
        <time>2025-09-30T12:33:34.000Z</time>
      </trkpt>
      <trkpt lat="46.2616" lon="6.57395">
        <ele>1752.502</ele>
        <time>2025-09-30T12:33:39.000Z</time>
      </trkpt>
      <trkpt lat="46.26159" lon="6.57391">
        <ele>1750.938</ele>
        <time>2025-09-30T12:33:44.000Z</time>
      </trkpt>
      <trkpt lat="46.26157" lon="6.57389">
        <ele>1751.423</ele>
        <time>2025-09-30T12:33:49.000Z</time>
      </trkpt>
      <trkpt lat="46.26154" lon="6.57389">
        <ele>1752.545</ele>
        <time>2025-09-30T12:33:54.000Z</time>
      </trkpt>
      <trkpt lat="46.26151" lon="6.57388">
        <ele>1752.914</ele>
        <time>2025-09-30T12:33:59.000Z</time>
      </trkpt>
      <trkpt lat="46.2615" lon="6.57385">
        <ele>1753.964</ele>
        <time>2025-09-30T12:34:04.000Z</time>
      </trkpt>
      <trkpt lat="46.26149" lon="6.57382">
        <ele>1754.017</ele>
        <time>2025-09-30T12:34:09.000Z</time>
      </trkpt>
      <trkpt lat="46.26146" lon="6.5738">
        <ele>1753.399</ele>
        <time>2025-09-30T12:34:14.000Z</time>
      </trkpt>
      <trkpt lat="46.26142" lon="6.57379">
        <ele>1753.447</ele>
        <time>2025-09-30T12:34:19.000Z</time>
      </trkpt>
      <trkpt lat="46.26138" lon="6.57377">
        <ele>1752.388</ele>
        <time>2025-09-30T12:34:24.000Z</time>
      </trkpt>
      <trkpt lat="46.26136" lon="6.57373">
        <ele>1751.099</ele>
        <time>2025-09-30T12:34:29.000Z</time>
      </trkpt>
      <trkpt lat="46.26132" lon="6.57372">
        <ele>1750.183</ele>
        <time>2025-09-30T12:34:34.000Z</time>
      </trkpt>
      <trkpt lat="46.2613" lon="6.57371">
        <ele>1750.818</ele>
        <time>2025-09-30T12:34:39.000Z</time>
      </trkpt>
      <trkpt lat="46.26127" lon="6.57369">
        <ele>1751.141</ele>
        <time>2025-09-30T12:34:44.000Z</time>
      </trkpt>
      <trkpt lat="46.26124" lon="6.57368">
        <ele>1750.485</ele>
        <time>2025-09-30T12:34:49.000Z</time>
      </trkpt>
      <trkpt lat="46.26121" lon="6.57367">
        <ele>1750.702</ele>
        <time>2025-09-30T12:34:54.000Z</time>
      </trkpt>
      <trkpt lat="46.26119" lon="6.57369">
        <ele>1749.482</ele>
        <time>2025-09-30T12:34:59.000Z</time>
      </trkpt>
      <trkpt lat="46.26116" lon="6.57366">
        <ele>1748.559</ele>
        <time>2025-09-30T12:35:04.000Z</time>
      </trkpt>
      <trkpt lat="46.26114" lon="6.57364">
        <ele>1748.771</ele>
        <time>2025-09-30T12:35:09.000Z</time>
      </trkpt>
      <trkpt lat="46.2611" lon="6.57361">
        <ele>1747.473</ele>
        <time>2025-09-30T12:35:14.000Z</time>
      </trkpt>
      <trkpt lat="46.26106" lon="6.5736">
        <ele>1745.926</ele>
        <time>2025-09-30T12:35:19.000Z</time>
      </trkpt>
      <trkpt lat="46.26104" lon="6.5736">
        <ele>1745.544</ele>
        <time>2025-09-30T12:35:24.000Z</time>
      </trkpt>
      <trkpt lat="46.26102" lon="6.57359">
        <ele>1747.1</ele>
        <time>2025-09-30T12:35:29.000Z</time>
      </trkpt>
      <trkpt lat="46.261" lon="6.57355">
        <ele>1747.389</ele>
        <time>2025-09-30T12:35:34.000Z</time>
      </trkpt>
      <trkpt lat="46.26097" lon="6.57353">
        <ele>1747.324</ele>
        <time>2025-09-30T12:35:39.000Z</time>
      </trkpt>
      <trkpt lat="46.26094" lon="6.57352">
        <ele>1747.928</ele>
        <time>2025-09-30T12:35:44.000Z</time>
      </trkpt>
      <trkpt lat="46.26092" lon="6.57351">
        <ele>1747.658</ele>
        <time>2025-09-30T12:35:49.000Z</time>
      </trkpt>
      <trkpt lat="46.26089" lon="6.57348">
        <ele>1747.191</ele>
        <time>2025-09-30T12:35:54.000Z</time>
      </trkpt>
      <trkpt lat="46.26087" lon="6.57347">
        <ele>1748.226</ele>
        <time>2025-09-30T12:35:59.000Z</time>
      </trkpt>
      <trkpt lat="46.26084" lon="6.57346">
        <ele>1749.935</ele>
        <time>2025-09-30T12:36:04.000Z</time>
      </trkpt>
      <trkpt lat="46.26082" lon="6.57348">
        <ele>1751.181</ele>
        <time>2025-09-30T12:36:09.000Z</time>
      </trkpt>
      <trkpt lat="46.2608" lon="6.57347">
        <ele>1751.253</ele>
        <time>2025-09-30T12:36:14.000Z</time>
      </trkpt>
      <trkpt lat="46.26078" lon="6.57346">
        <ele>1751.843</ele>
        <time>2025-09-30T12:36:19.000Z</time>
      </trkpt>
      <trkpt lat="46.26076" lon="6.57345">
        <ele>1751.893</ele>
        <time>2025-09-30T12:36:24.000Z</time>
      </trkpt>
      <trkpt lat="46.26073" lon="6.57346">
        <ele>1752.565</ele>
        <time>2025-09-30T12:36:29.000Z</time>
      </trkpt>
      <trkpt lat="46.26069" lon="6.57346">
        <ele>1752.243</ele>
        <time>2025-09-30T12:36:34.000Z</time>
      </trkpt>
      <trkpt lat="46.26067" lon="6.57343">
        <ele>1752.107</ele>
        <time>2025-09-30T12:36:39.000Z</time>
      </trkpt>
      <trkpt lat="46.26066" lon="6.57338">
        <ele>1753.117</ele>
        <time>2025-09-30T12:36:43.000Z</time>
      </trkpt>
      <trkpt lat="46.26062" lon="6.57334">
        <ele>1754.515</ele>
        <time>2025-09-30T12:36:49.000Z</time>
      </trkpt>
      <trkpt lat="46.26058" lon="6.57331">
        <ele>1755.207</ele>
        <time>2025-09-30T12:36:54.000Z</time>
      </trkpt>
      <trkpt lat="46.26056" lon="6.57326">
        <ele>1755.303</ele>
        <time>2025-09-30T12:36:59.000Z</time>
      </trkpt>
      <trkpt lat="46.26053" lon="6.57322">
        <ele>1755.314</ele>
        <time>2025-09-30T12:37:04.000Z</time>
      </trkpt>
      <trkpt lat="46.26051" lon="6.57317">
        <ele>1755.775</ele>
        <time>2025-09-30T12:37:09.000Z</time>
      </trkpt>
      <trkpt lat="46.2605" lon="6.57312">
        <ele>1755.023</ele>
        <time>2025-09-30T12:37:14.000Z</time>
      </trkpt>
      <trkpt lat="46.26047" lon="6.57308">
        <ele>1754.451</ele>
        <time>2025-09-30T12:37:19.000Z</time>
      </trkpt>
      <trkpt lat="46.26045" lon="6.57306">
        <ele>1755.769</ele>
        <time>2025-09-30T12:37:24.000Z</time>
      </trkpt>
      <trkpt lat="46.26043" lon="6.57306">
        <ele>1755.948</ele>
        <time>2025-09-30T12:37:29.000Z</time>
      </trkpt>
      <trkpt lat="46.26043" lon="6.57305">
        <ele>1755.377</ele>
        <time>2025-09-30T12:37:34.000Z</time>
      </trkpt>
      <trkpt lat="46.26041" lon="6.57305">
        <ele>1755.98</ele>
        <time>2025-09-30T12:37:39.000Z</time>
      </trkpt>
      <trkpt lat="46.26037" lon="6.57305">
        <ele>1756.271</ele>
        <time>2025-09-30T12:37:44.000Z</time>
      </trkpt>
      <trkpt lat="46.26032" lon="6.57305">
        <ele>1756.573</ele>
        <time>2025-09-30T12:37:49.000Z</time>
      </trkpt>
      <trkpt lat="46.2603" lon="6.57302">
        <ele>1757.04</ele>
        <time>2025-09-30T12:37:54.000Z</time>
      </trkpt>
      <trkpt lat="46.26028" lon="6.57299">
        <ele>1756.481</ele>
        <time>2025-09-30T12:37:59.000Z</time>
      </trkpt>
      <trkpt lat="46.26027" lon="6.57297">
        <ele>1755.038</ele>
        <time>2025-09-30T12:38:04.000Z</time>
      </trkpt>
      <trkpt lat="46.26026" lon="6.57294">
        <ele>1754.329</ele>
        <time>2025-09-30T12:38:09.000Z</time>
      </trkpt>
      <trkpt lat="46.26022" lon="6.57294">
        <ele>1754.478</ele>
        <time>2025-09-30T12:38:14.000Z</time>
      </trkpt>
      <trkpt lat="46.26019" lon="6.57295">
        <ele>1754.627</ele>
        <time>2025-09-30T12:38:19.000Z</time>
      </trkpt>
      <trkpt lat="46.26015" lon="6.57295">
        <ele>1754.976</ele>
        <time>2025-09-30T12:38:24.000Z</time>
      </trkpt>
      <trkpt lat="46.26011" lon="6.57294">
        <ele>1755.022</ele>
        <time>2025-09-30T12:38:29.000Z</time>
      </trkpt>
      <trkpt lat="46.26007" lon="6.57293">
        <ele>1756.237</ele>
        <time>2025-09-30T12:38:34.000Z</time>
      </trkpt>
      <trkpt lat="46.26003" lon="6.57292">
        <ele>1757.494</ele>
        <time>2025-09-30T12:38:39.000Z</time>
      </trkpt>
      <trkpt lat="46.25999" lon="6.5729">
        <ele>1756.869</ele>
        <time>2025-09-30T12:38:44.000Z</time>
      </trkpt>
      <trkpt lat="46.25996" lon="6.57289">
        <ele>1757.9</ele>
        <time>2025-09-30T12:38:49.000Z</time>
      </trkpt>
      <trkpt lat="46.25995" lon="6.57287">
        <ele>1758.014</ele>
        <time>2025-09-30T12:38:54.000Z</time>
      </trkpt>
      <trkpt lat="46.25993" lon="6.57284">
        <ele>1756.734</ele>
        <time>2025-09-30T12:38:59.000Z</time>
      </trkpt>
      <trkpt lat="46.25991" lon="6.57282">
        <ele>1757.823</ele>
        <time>2025-09-30T12:39:04.000Z</time>
      </trkpt>
      <trkpt lat="46.25987" lon="6.5728">
        <ele>1755.683</ele>
        <time>2025-09-30T12:39:09.000Z</time>
      </trkpt>
      <trkpt lat="46.25984" lon="6.57277">
        <ele>1754.832</ele>
        <time>2025-09-30T12:39:14.000Z</time>
      </trkpt>
      <trkpt lat="46.25982" lon="6.57272">
        <ele>1753.637</ele>
        <time>2025-09-30T12:39:19.000Z</time>
      </trkpt>
      <trkpt lat="46.25979" lon="6.57269">
        <ele>1754.187</ele>
        <time>2025-09-30T12:39:24.000Z</time>
      </trkpt>
      <trkpt lat="46.25976" lon="6.57271">
        <ele>1756.019</ele>
        <time>2025-09-30T12:39:29.000Z</time>
      </trkpt>
      <trkpt lat="46.25973" lon="6.57273">
        <ele>1754.989</ele>
        <time>2025-09-30T12:39:34.000Z</time>
      </trkpt>
      <trkpt lat="46.2597" lon="6.57271">
        <ele>1753.729</ele>
        <time>2025-09-30T12:39:39.000Z</time>
      </trkpt>
      <trkpt lat="46.25969" lon="6.57264">
        <ele>1752.926</ele>
        <time>2025-09-30T12:39:44.000Z</time>
      </trkpt>
      <trkpt lat="46.25966" lon="6.5726">
        <ele>1752.754</ele>
        <time>2025-09-30T12:39:49.000Z</time>
      </trkpt>
      <trkpt lat="46.25966" lon="6.57257">
        <ele>1751.591</ele>
        <time>2025-09-30T12:39:54.000Z</time>
      </trkpt>
      <trkpt lat="46.25964" lon="6.57253">
        <ele>1751.066</ele>
        <time>2025-09-30T12:39:59.000Z</time>
      </trkpt>
      <trkpt lat="46.2596" lon="6.57252">
        <ele>1750.388</ele>
        <time>2025-09-30T12:40:04.000Z</time>
      </trkpt>
      <trkpt lat="46.25955" lon="6.57253">
        <ele>1750.153</ele>
        <time>2025-09-30T12:40:09.000Z</time>
      </trkpt>
      <trkpt lat="46.25952" lon="6.57252">
        <ele>1749.549</ele>
        <time>2025-09-30T12:40:14.000Z</time>
      </trkpt>
      <trkpt lat="46.25949" lon="6.57251">
        <ele>1748.67</ele>
        <time>2025-09-30T12:40:19.000Z</time>
      </trkpt>
      <trkpt lat="46.25947" lon="6.57251">
        <ele>1748.997</ele>
        <time>2025-09-30T12:40:24.000Z</time>
      </trkpt>
      <trkpt lat="46.25945" lon="6.57252">
        <ele>1748.615</ele>
        <time>2025-09-30T12:40:29.000Z</time>
      </trkpt>
      <trkpt lat="46.25943" lon="6.57255">
        <ele>1748.933</ele>
        <time>2025-09-30T12:40:34.000Z</time>
      </trkpt>
      <trkpt lat="46.2594" lon="6.57255">
        <ele>1747.986</ele>
        <time>2025-09-30T12:40:39.000Z</time>
      </trkpt>
      <trkpt lat="46.25937" lon="6.57255">
        <ele>1746.669</ele>
        <time>2025-09-30T12:40:44.000Z</time>
      </trkpt>
      <trkpt lat="46.25934" lon="6.57253">
        <ele>1745.894</ele>
        <time>2025-09-30T12:40:49.000Z</time>
      </trkpt>
      <trkpt lat="46.2593" lon="6.57252">
        <ele>1744.649</ele>
        <time>2025-09-30T12:40:54.000Z</time>
      </trkpt>
      <trkpt lat="46.25927" lon="6.5725">
        <ele>1744.063</ele>
        <time>2025-09-30T12:40:59.000Z</time>
      </trkpt>
      <trkpt lat="46.25927" lon="6.5725">
        <ele>1744.166</ele>
        <time>2025-09-30T12:41:04.000Z</time>
      </trkpt>
      <trkpt lat="46.25924" lon="6.57249">
        <ele>1742.917</ele>
        <time>2025-09-30T12:41:09.000Z</time>
      </trkpt>
      <trkpt lat="46.25922" lon="6.57249">
        <ele>1742.797</ele>
        <time>2025-09-30T12:41:14.000Z</time>
      </trkpt>
      <trkpt lat="46.25921" lon="6.57249">
        <ele>1742.79</ele>
        <time>2025-09-30T12:41:19.000Z</time>
      </trkpt>
      <trkpt lat="46.2592" lon="6.57248">
        <ele>1742.443</ele>
        <time>2025-09-30T12:41:24.000Z</time>
      </trkpt>
      <trkpt lat="46.25917" lon="6.57249">
        <ele>1742.698</ele>
        <time>2025-09-30T12:41:29.000Z</time>
      </trkpt>
      <trkpt lat="46.25913" lon="6.57249">
        <ele>1742.808</ele>
        <time>2025-09-30T12:41:34.000Z</time>
      </trkpt>
      <trkpt lat="46.25909" lon="6.57248">
        <ele>1742.365</ele>
        <time>2025-09-30T12:41:39.000Z</time>
      </trkpt>
      <trkpt lat="46.25906" lon="6.57244">
        <ele>1740.361</ele>
        <time>2025-09-30T12:41:44.000Z</time>
      </trkpt>
      <trkpt lat="46.25903" lon="6.5724">
        <ele>1738.672</ele>
        <time>2025-09-30T12:41:49.000Z</time>
      </trkpt>
      <trkpt lat="46.259" lon="6.57237">
        <ele>1737.3</ele>
        <time>2025-09-30T12:41:54.000Z</time>
      </trkpt>
      <trkpt lat="46.25896" lon="6.57234">
        <ele>1737.714</ele>
        <time>2025-09-30T12:41:59.000Z</time>
      </trkpt>
      <trkpt lat="46.25893" lon="6.57232">
        <ele>1738.146</ele>
        <time>2025-09-30T12:42:04.000Z</time>
      </trkpt>
      <trkpt lat="46.2589" lon="6.57228">
        <ele>1737.983</ele>
        <time>2025-09-30T12:42:09.000Z</time>
      </trkpt>
      <trkpt lat="46.25888" lon="6.57224">
        <ele>1738.349</ele>
        <time>2025-09-30T12:42:14.000Z</time>
      </trkpt>
      <trkpt lat="46.25885" lon="6.57224">
        <ele>1738.129</ele>
        <time>2025-09-30T12:42:19.000Z</time>
      </trkpt>
      <trkpt lat="46.25884" lon="6.57222">
        <ele>1738.38</ele>
        <time>2025-09-30T12:42:24.000Z</time>
      </trkpt>
      <trkpt lat="46.25884" lon="6.57222">
        <ele>1737.981</ele>
        <time>2025-09-30T12:42:29.000Z</time>
      </trkpt>
      <trkpt lat="46.25884" lon="6.57222">
        <ele>1737.665</ele>
        <time>2025-09-30T12:42:34.000Z</time>
      </trkpt>
      <trkpt lat="46.25884" lon="6.57222">
        <ele>1737.661</ele>
        <time>2025-09-30T12:42:39.000Z</time>
      </trkpt>
      <trkpt lat="46.25884" lon="6.57222">
        <ele>1738.006</ele>
        <time>2025-09-30T12:42:44.000Z</time>
      </trkpt>
      <trkpt lat="46.25884" lon="6.57222">
        <ele>1738.05</ele>
        <time>2025-09-30T12:42:49.000Z</time>
      </trkpt>
      <trkpt lat="46.25884" lon="6.57222">
        <ele>1738.257</ele>
        <time>2025-09-30T12:42:54.000Z</time>
      </trkpt>
      <trkpt lat="46.25884" lon="6.57222">
        <ele>1738.215</ele>
        <time>2025-09-30T12:42:59.000Z</time>
      </trkpt>
      <trkpt lat="46.25884" lon="6.57222">
        <ele>1737.934</ele>
        <time>2025-09-30T12:43:04.000Z</time>
      </trkpt>
      <trkpt lat="46.25884" lon="6.57222">
        <ele>1737.935</ele>
        <time>2025-09-30T12:43:09.000Z</time>
      </trkpt>
      <trkpt lat="46.25884" lon="6.57222">
        <ele>1737.958</ele>
        <time>2025-09-30T12:43:14.000Z</time>
      </trkpt>
      <trkpt lat="46.25884" lon="6.57222">
        <ele>1737.481</ele>
        <time>2025-09-30T12:43:19.000Z</time>
      </trkpt>
      <trkpt lat="46.25884" lon="6.57222">
        <ele>1737.965</ele>
        <time>2025-09-30T12:43:24.000Z</time>
      </trkpt>
      <trkpt lat="46.25884" lon="6.57222">
        <ele>1738.455</ele>
        <time>2025-09-30T12:43:29.000Z</time>
      </trkpt>
      <trkpt lat="46.25884" lon="6.57222">
        <ele>1738.602</ele>
        <time>2025-09-30T12:43:34.000Z</time>
      </trkpt>
      <trkpt lat="46.25884" lon="6.57222">
        <ele>1738.746</ele>
        <time>2025-09-30T12:43:39.000Z</time>
      </trkpt>
      <trkpt lat="46.25884" lon="6.57222">
        <ele>1738.77</ele>
        <time>2025-09-30T12:43:44.000Z</time>
      </trkpt>
      <trkpt lat="46.25884" lon="6.57222">
        <ele>1738.789</ele>
        <time>2025-09-30T12:43:49.000Z</time>
      </trkpt>
      <trkpt lat="46.25884" lon="6.57222">
        <ele>1738.813</ele>
        <time>2025-09-30T12:43:54.000Z</time>
      </trkpt>
      <trkpt lat="46.25884" lon="6.57222">
        <ele>1738.821</ele>
        <time>2025-09-30T12:43:59.000Z</time>
      </trkpt>
      <trkpt lat="46.25884" lon="6.57222">
        <ele>1738.855</ele>
        <time>2025-09-30T12:44:04.000Z</time>
      </trkpt>
      <trkpt lat="46.25884" lon="6.57222">
        <ele>1738.851</ele>
        <time>2025-09-30T12:44:09.000Z</time>
      </trkpt>
      <trkpt lat="46.25884" lon="6.57222">
        <ele>1738.858</ele>
        <time>2025-09-30T12:44:14.000Z</time>
      </trkpt>
      <trkpt lat="46.25884" lon="6.57222">
        <ele>1738.865</ele>
        <time>2025-09-30T12:44:19.000Z</time>
      </trkpt>
      <trkpt lat="46.25884" lon="6.57222">
        <ele>1738.865</ele>
        <time>2025-09-30T12:44:24.000Z</time>
      </trkpt>
      <trkpt lat="46.25884" lon="6.57222">
        <ele>1738.852</ele>
        <time>2025-09-30T12:44:29.000Z</time>
      </trkpt>
      <trkpt lat="46.25884" lon="6.57222">
        <ele>1738.855</ele>
        <time>2025-09-30T12:44:34.000Z</time>
      </trkpt>
      <trkpt lat="46.25884" lon="6.57222">
        <ele>1738.869</ele>
        <time>2025-09-30T12:44:39.000Z</time>
      </trkpt>
      <trkpt lat="46.25884" lon="6.57222">
        <ele>1739.71</ele>
        <time>2025-09-30T12:44:44.000Z</time>
      </trkpt>
      <trkpt lat="46.25884" lon="6.57222">
        <ele>1739.729</ele>
        <time>2025-09-30T12:44:49.000Z</time>
      </trkpt>
      <trkpt lat="46.25884" lon="6.57222">
        <ele>1739.736</ele>
        <time>2025-09-30T12:44:54.000Z</time>
      </trkpt>
      <trkpt lat="46.25884" lon="6.57222">
        <ele>1739.747</ele>
        <time>2025-09-30T12:44:59.000Z</time>
      </trkpt>
      <trkpt lat="46.25884" lon="6.57222">
        <ele>1739.749</ele>
        <time>2025-09-30T12:45:04.000Z</time>
      </trkpt>
      <trkpt lat="46.25884" lon="6.57222">
        <ele>1739.746</ele>
        <time>2025-09-30T12:45:09.000Z</time>
      </trkpt>
      <trkpt lat="46.25884" lon="6.57222">
        <ele>1739.733</ele>
        <time>2025-09-30T12:45:14.000Z</time>
      </trkpt>
      <trkpt lat="46.25884" lon="6.57222">
        <ele>1738.978</ele>
        <time>2025-09-30T12:45:19.000Z</time>
      </trkpt>
      <trkpt lat="46.25884" lon="6.57222">
        <ele>1739.403</ele>
        <time>2025-09-30T12:45:24.000Z</time>
      </trkpt>
      <trkpt lat="46.25884" lon="6.57222">
        <ele>1739.42</ele>
        <time>2025-09-30T12:45:29.000Z</time>
      </trkpt>
      <trkpt lat="46.25884" lon="6.57222">
        <ele>1739.43</ele>
        <time>2025-09-30T12:45:34.000Z</time>
      </trkpt>
      <trkpt lat="46.25884" lon="6.57222">
        <ele>1739.443</ele>
        <time>2025-09-30T12:45:39.000Z</time>
      </trkpt>
      <trkpt lat="46.25884" lon="6.57222">
        <ele>1739.887</ele>
        <time>2025-09-30T12:45:44.000Z</time>
      </trkpt>
      <trkpt lat="46.25889" lon="6.57234">
        <ele>1739.83</ele>
        <time>2025-09-30T12:45:49.000Z</time>
      </trkpt>
      <trkpt lat="46.25889" lon="6.57234">
        <ele>1739.812</ele>
        <time>2025-09-30T12:45:54.000Z</time>
      </trkpt>
      <trkpt lat="46.25889" lon="6.57235">
        <ele>1739.621</ele>
        <time>2025-09-30T12:45:59.000Z</time>
      </trkpt>
      <trkpt lat="46.25889" lon="6.57241">
        <ele>1740.519</ele>
        <time>2025-09-30T12:46:04.000Z</time>
      </trkpt>
      <trkpt lat="46.25889" lon="6.57246">
        <ele>1741.696</ele>
        <time>2025-09-30T12:46:09.000Z</time>
      </trkpt>
      <trkpt lat="46.25887" lon="6.5725">
        <ele>1742.185</ele>
        <time>2025-09-30T12:46:14.000Z</time>
      </trkpt>
      <trkpt lat="46.25885" lon="6.57255">
        <ele>1743.526</ele>
        <time>2025-09-30T12:46:19.000Z</time>
      </trkpt>
      <trkpt lat="46.25883" lon="6.5726">
        <ele>1744.382</ele>
        <time>2025-09-30T12:46:24.000Z</time>
      </trkpt>
      <trkpt lat="46.25883" lon="6.57263">
        <ele>1744.572</ele>
        <time>2025-09-30T12:46:29.000Z</time>
      </trkpt>
      <trkpt lat="46.25883" lon="6.57265">
        <ele>1742.88</ele>
        <time>2025-09-30T12:46:34.000Z</time>
      </trkpt>
      <trkpt lat="46.25884" lon="6.5727">
        <ele>1742.759</ele>
        <time>2025-09-30T12:46:39.000Z</time>
      </trkpt>
      <trkpt lat="46.25883" lon="6.57272">
        <ele>1741.868</ele>
        <time>2025-09-30T12:46:44.000Z</time>
      </trkpt>
      <trkpt lat="46.25882" lon="6.57274">
        <ele>1742.307</ele>
        <time>2025-09-30T12:46:49.000Z</time>
      </trkpt>
      <trkpt lat="46.25881" lon="6.57278">
        <ele>1742.014</ele>
        <time>2025-09-30T12:46:54.000Z</time>
      </trkpt>
      <trkpt lat="46.2588" lon="6.5728">
        <ele>1742.388</ele>
        <time>2025-09-30T12:46:59.000Z</time>
      </trkpt>
      <trkpt lat="46.25878" lon="6.57283">
        <ele>1742.119</ele>
        <time>2025-09-30T12:47:04.000Z</time>
      </trkpt>
      <trkpt lat="46.25878" lon="6.57286">
        <ele>1742.358</ele>
        <time>2025-09-30T12:47:09.000Z</time>
      </trkpt>
      <trkpt lat="46.25877" lon="6.57289">
        <ele>1742.535</ele>
        <time>2025-09-30T12:47:14.000Z</time>
      </trkpt>
      <trkpt lat="46.25877" lon="6.57292">
        <ele>1743.761</ele>
        <time>2025-09-30T12:47:19.000Z</time>
      </trkpt>
      <trkpt lat="46.25877" lon="6.57296">
        <ele>1744.898</ele>
        <time>2025-09-30T12:47:24.000Z</time>
      </trkpt>
      <trkpt lat="46.25877" lon="6.573">
        <ele>1745.332</ele>
        <time>2025-09-30T12:47:29.000Z</time>
      </trkpt>
      <trkpt lat="46.25877" lon="6.57302">
        <ele>1745.162</ele>
        <time>2025-09-30T12:47:34.000Z</time>
      </trkpt>
      <trkpt lat="46.25875" lon="6.57306">
        <ele>1745.494</ele>
        <time>2025-09-30T12:47:39.000Z</time>
      </trkpt>
      <trkpt lat="46.25874" lon="6.57308">
        <ele>1745.743</ele>
        <time>2025-09-30T12:47:44.000Z</time>
      </trkpt>
      <trkpt lat="46.25874" lon="6.57308">
        <ele>1745.964</ele>
        <time>2025-09-30T12:47:49.000Z</time>
      </trkpt>
      <trkpt lat="46.25874" lon="6.57308">
        <ele>1745.337</ele>
        <time>2025-09-30T12:47:54.000Z</time>
      </trkpt>
      <trkpt lat="46.25874" lon="6.57308">
        <ele>1745.324</ele>
        <time>2025-09-30T12:47:59.000Z</time>
      </trkpt>
      <trkpt lat="46.25874" lon="6.57308">
        <ele>1745.311</ele>
        <time>2025-09-30T12:48:04.000Z</time>
      </trkpt>
      <trkpt lat="46.25872" lon="6.57307">
        <ele>1745.479</ele>
        <time>2025-09-30T12:48:09.000Z</time>
      </trkpt>
      <trkpt lat="46.25871" lon="6.57303">
        <ele>1745.14</ele>
        <time>2025-09-30T12:48:14.000Z</time>
      </trkpt>
      <trkpt lat="46.25871" lon="6.57299">
        <ele>1745.036</ele>
        <time>2025-09-30T12:48:19.000Z</time>
      </trkpt>
      <trkpt lat="46.25869" lon="6.57296">
        <ele>1745.746</ele>
        <time>2025-09-30T12:48:24.000Z</time>
      </trkpt>
      <trkpt lat="46.25867" lon="6.57295">
        <ele>1745.332</ele>
        <time>2025-09-30T12:48:29.000Z</time>
      </trkpt>
      <trkpt lat="46.25865" lon="6.57293">
        <ele>1745.557</ele>
        <time>2025-09-30T12:48:34.000Z</time>
      </trkpt>
      <trkpt lat="46.25863" lon="6.57292">
        <ele>1746.427</ele>
        <time>2025-09-30T12:48:39.000Z</time>
      </trkpt>
      <trkpt lat="46.25861" lon="6.57294">
        <ele>1748.392</ele>
        <time>2025-09-30T12:48:44.000Z</time>
      </trkpt>
      <trkpt lat="46.2586" lon="6.57296">
        <ele>1749.799</ele>
        <time>2025-09-30T12:48:49.000Z</time>
      </trkpt>
      <trkpt lat="46.25859" lon="6.57299">
        <ele>1752.254</ele>
        <time>2025-09-30T12:48:54.000Z</time>
      </trkpt>
      <trkpt lat="46.25858" lon="6.57301">
        <ele>1753.054</ele>
        <time>2025-09-30T12:48:59.000Z</time>
      </trkpt>
      <trkpt lat="46.25857" lon="6.57304">
        <ele>1753.145</ele>
        <time>2025-09-30T12:49:04.000Z</time>
      </trkpt>
      <trkpt lat="46.25858" lon="6.57306">
        <ele>1753.157</ele>
        <time>2025-09-30T12:49:09.000Z</time>
      </trkpt>
      <trkpt lat="46.25858" lon="6.5731">
        <ele>1753.302</ele>
        <time>2025-09-30T12:49:14.000Z</time>
      </trkpt>
      <trkpt lat="46.25856" lon="6.57314">
        <ele>1754.241</ele>
        <time>2025-09-30T12:49:19.000Z</time>
      </trkpt>
      <trkpt lat="46.25856" lon="6.57316">
        <ele>1755.174</ele>
        <time>2025-09-30T12:49:24.000Z</time>
      </trkpt>
      <trkpt lat="46.25855" lon="6.57319">
        <ele>1756.37</ele>
        <time>2025-09-30T12:49:29.000Z</time>
      </trkpt>
      <trkpt lat="46.25856" lon="6.57322">
        <ele>1757.253</ele>
        <time>2025-09-30T12:49:34.000Z</time>
      </trkpt>
      <trkpt lat="46.25855" lon="6.57325">
        <ele>1758.104</ele>
        <time>2025-09-30T12:49:39.000Z</time>
      </trkpt>
      <trkpt lat="46.25854" lon="6.57329">
        <ele>1757.857</ele>
        <time>2025-09-30T12:49:44.000Z</time>
      </trkpt>
      <trkpt lat="46.25854" lon="6.57333">
        <ele>1759.54</ele>
        <time>2025-09-30T12:49:49.000Z</time>
      </trkpt>
      <trkpt lat="46.25854" lon="6.57337">
        <ele>1759.449</ele>
        <time>2025-09-30T12:49:54.000Z</time>
      </trkpt>
      <trkpt lat="46.25853" lon="6.5734">
        <ele>1760.766</ele>
        <time>2025-09-30T12:49:59.000Z</time>
      </trkpt>
      <trkpt lat="46.25852" lon="6.57343">
        <ele>1762.05</ele>
        <time>2025-09-30T12:50:04.000Z</time>
      </trkpt>
      <trkpt lat="46.25851" lon="6.57346">
        <ele>1763.017</ele>
        <time>2025-09-30T12:50:09.000Z</time>
      </trkpt>
      <trkpt lat="46.2585" lon="6.57348">
        <ele>1764.089</ele>
        <time>2025-09-30T12:50:14.000Z</time>
      </trkpt>
      <trkpt lat="46.25849" lon="6.57352">
        <ele>1763.825</ele>
        <time>2025-09-30T12:50:19.000Z</time>
      </trkpt>
      <trkpt lat="46.25849" lon="6.57356">
        <ele>1763.935</ele>
        <time>2025-09-30T12:50:24.000Z</time>
      </trkpt>
      <trkpt lat="46.2585" lon="6.57361">
        <ele>1763.987</ele>
        <time>2025-09-30T12:50:29.000Z</time>
      </trkpt>
      <trkpt lat="46.25849" lon="6.57366">
        <ele>1765.462</ele>
        <time>2025-09-30T12:50:34.000Z</time>
      </trkpt>
      <trkpt lat="46.25849" lon="6.5737">
        <ele>1765.492</ele>
        <time>2025-09-30T12:50:39.000Z</time>
      </trkpt>
      <trkpt lat="46.25848" lon="6.57373">
        <ele>1765.823</ele>
        <time>2025-09-30T12:50:44.000Z</time>
      </trkpt>
      <trkpt lat="46.25847" lon="6.57377">
        <ele>1767.514</ele>
        <time>2025-09-30T12:50:49.000Z</time>
      </trkpt>
      <trkpt lat="46.25846" lon="6.57381">
        <ele>1768.439</ele>
        <time>2025-09-30T12:50:54.000Z</time>
      </trkpt>
      <trkpt lat="46.25846" lon="6.57386">
        <ele>1768.176</ele>
        <time>2025-09-30T12:50:59.000Z</time>
      </trkpt>
      <trkpt lat="46.25845" lon="6.5739">
        <ele>1768.631</ele>
        <time>2025-09-30T12:51:04.000Z</time>
      </trkpt>
      <trkpt lat="46.25843" lon="6.57393">
        <ele>1769.357</ele>
        <time>2025-09-30T12:51:09.000Z</time>
      </trkpt>
      <trkpt lat="46.25841" lon="6.57397">
        <ele>1769.613</ele>
        <time>2025-09-30T12:51:14.000Z</time>
      </trkpt>
      <trkpt lat="46.25839" lon="6.574">
        <ele>1771.126</ele>
        <time>2025-09-30T12:51:19.000Z</time>
      </trkpt>
      <trkpt lat="46.25836" lon="6.57403">
        <ele>1771.324</ele>
        <time>2025-09-30T12:51:24.000Z</time>
      </trkpt>
      <trkpt lat="46.25833" lon="6.57406">
        <ele>1771.089</ele>
        <time>2025-09-30T12:51:29.000Z</time>
      </trkpt>
      <trkpt lat="46.2583" lon="6.57407">
        <ele>1771.475</ele>
        <time>2025-09-30T12:51:34.000Z</time>
      </trkpt>
      <trkpt lat="46.25829" lon="6.57407">
        <ele>1772.097</ele>
        <time>2025-09-30T12:51:39.000Z</time>
      </trkpt>
      <trkpt lat="46.25829" lon="6.57407">
        <ele>1772.113</ele>
        <time>2025-09-30T12:51:44.000Z</time>
      </trkpt>
      <trkpt lat="46.25829" lon="6.57407">
        <ele>1772.126</ele>
        <time>2025-09-30T12:51:49.000Z</time>
      </trkpt>
      <trkpt lat="46.25829" lon="6.57407">
        <ele>1772.142</ele>
        <time>2025-09-30T12:51:54.000Z</time>
      </trkpt>
      <trkpt lat="46.25829" lon="6.57407">
        <ele>1772.16</ele>
        <time>2025-09-30T12:51:59.000Z</time>
      </trkpt>
      <trkpt lat="46.25829" lon="6.57407">
        <ele>1772.189</ele>
        <time>2025-09-30T12:52:04.000Z</time>
      </trkpt>
      <trkpt lat="46.25829" lon="6.57407">
        <ele>1772.22</ele>
        <time>2025-09-30T12:52:09.000Z</time>
      </trkpt>
      <trkpt lat="46.25829" lon="6.57407">
        <ele>1772.241</ele>
        <time>2025-09-30T12:52:14.000Z</time>
      </trkpt>
      <trkpt lat="46.25829" lon="6.57407">
        <ele>1772.246</ele>
        <time>2025-09-30T12:52:19.000Z</time>
      </trkpt>
      <trkpt lat="46.25829" lon="6.57407">
        <ele>1772.179</ele>
        <time>2025-09-30T12:52:24.000Z</time>
      </trkpt>
      <trkpt lat="46.25829" lon="6.57407">
        <ele>1772.183</ele>
        <time>2025-09-30T12:52:29.000Z</time>
      </trkpt>
      <trkpt lat="46.25829" lon="6.57407">
        <ele>1772.211</ele>
        <time>2025-09-30T12:52:34.000Z</time>
      </trkpt>
      <trkpt lat="46.25829" lon="6.57407">
        <ele>1772.221</ele>
        <time>2025-09-30T12:52:39.000Z</time>
      </trkpt>
      <trkpt lat="46.25829" lon="6.57407">
        <ele>1772.236</ele>
        <time>2025-09-30T12:52:44.000Z</time>
      </trkpt>
      <trkpt lat="46.25829" lon="6.57407">
        <ele>1772.242</ele>
        <time>2025-09-30T12:52:49.000Z</time>
      </trkpt>
      <trkpt lat="46.25829" lon="6.57407">
        <ele>1772.244</ele>
        <time>2025-09-30T12:52:54.000Z</time>
      </trkpt>
      <trkpt lat="46.25829" lon="6.57407">
        <ele>1772.259</ele>
        <time>2025-09-30T12:52:59.000Z</time>
      </trkpt>
      <trkpt lat="46.25829" lon="6.57407">
        <ele>1772.27</ele>
        <time>2025-09-30T12:53:04.000Z</time>
      </trkpt>
      <trkpt lat="46.25829" lon="6.57407">
        <ele>1772.272</ele>
        <time>2025-09-30T12:53:09.000Z</time>
      </trkpt>
      <trkpt lat="46.25829" lon="6.57407">
        <ele>1772.276</ele>
        <time>2025-09-30T12:53:14.000Z</time>
      </trkpt>
      <trkpt lat="46.25829" lon="6.57407">
        <ele>1772.27</ele>
        <time>2025-09-30T12:53:19.000Z</time>
      </trkpt>
      <trkpt lat="46.25829" lon="6.57407">
        <ele>1772.272</ele>
        <time>2025-09-30T12:53:24.000Z</time>
      </trkpt>
      <trkpt lat="46.25829" lon="6.57407">
        <ele>1772.272</ele>
        <time>2025-09-30T12:53:29.000Z</time>
      </trkpt>
      <trkpt lat="46.25829" lon="6.57407">
        <ele>1772.271</ele>
        <time>2025-09-30T12:53:34.000Z</time>
      </trkpt>
      <trkpt lat="46.25829" lon="6.57407">
        <ele>1772.267</ele>
        <time>2025-09-30T12:53:39.000Z</time>
      </trkpt>
      <trkpt lat="46.25829" lon="6.57407">
        <ele>1772.265</ele>
        <time>2025-09-30T12:53:44.000Z</time>
      </trkpt>
      <trkpt lat="46.25829" lon="6.57407">
        <ele>1772.271</ele>
        <time>2025-09-30T12:53:49.000Z</time>
      </trkpt>
      <trkpt lat="46.25829" lon="6.57407">
        <ele>1772.279</ele>
        <time>2025-09-30T12:53:54.000Z</time>
      </trkpt>
      <trkpt lat="46.25829" lon="6.57407">
        <ele>1772.279</ele>
        <time>2025-09-30T12:53:59.000Z</time>
      </trkpt>
      <trkpt lat="46.25829" lon="6.57407">
        <ele>1772.287</ele>
        <time>2025-09-30T12:54:04.000Z</time>
      </trkpt>
      <trkpt lat="46.25829" lon="6.57407">
        <ele>1772.304</ele>
        <time>2025-09-30T12:54:09.000Z</time>
      </trkpt>
      <trkpt lat="46.25829" lon="6.57407">
        <ele>1772.316</ele>
        <time>2025-09-30T12:54:14.000Z</time>
      </trkpt>
      <trkpt lat="46.25829" lon="6.57407">
        <ele>1772.316</ele>
        <time>2025-09-30T12:54:19.000Z</time>
      </trkpt>
      <trkpt lat="46.25829" lon="6.57407">
        <ele>1772.329</ele>
        <time>2025-09-30T12:54:24.000Z</time>
      </trkpt>
      <trkpt lat="46.25829" lon="6.57407">
        <ele>1772.341</ele>
        <time>2025-09-30T12:54:29.000Z</time>
      </trkpt>
      <trkpt lat="46.25829" lon="6.57407">
        <ele>1772.337</ele>
        <time>2025-09-30T12:54:34.000Z</time>
      </trkpt>
      <trkpt lat="46.25829" lon="6.57407">
        <ele>1772.339</ele>
        <time>2025-09-30T12:54:39.000Z</time>
      </trkpt>
      <trkpt lat="46.25829" lon="6.57407">
        <ele>1772.338</ele>
        <time>2025-09-30T12:54:44.000Z</time>
      </trkpt>
      <trkpt lat="46.25829" lon="6.57407">
        <ele>1772.348</ele>
        <time>2025-09-30T12:54:49.000Z</time>
      </trkpt>
      <trkpt lat="46.25829" lon="6.57407">
        <ele>1772.356</ele>
        <time>2025-09-30T12:54:54.000Z</time>
      </trkpt>
      <trkpt lat="46.25829" lon="6.57407">
        <ele>1772.371</ele>
        <time>2025-09-30T12:54:59.000Z</time>
      </trkpt>
      <trkpt lat="46.25829" lon="6.57407">
        <ele>1772.366</ele>
        <time>2025-09-30T12:55:04.000Z</time>
      </trkpt>
      <trkpt lat="46.25829" lon="6.57407">
        <ele>1772.355</ele>
        <time>2025-09-30T12:55:09.000Z</time>
      </trkpt>
      <trkpt lat="46.25829" lon="6.57407">
        <ele>1772.347</ele>
        <time>2025-09-30T12:55:14.000Z</time>
      </trkpt>
      <trkpt lat="46.25829" lon="6.57407">
        <ele>1772.338</ele>
        <time>2025-09-30T12:55:19.000Z</time>
      </trkpt>
      <trkpt lat="46.25829" lon="6.57407">
        <ele>1772.326</ele>
        <time>2025-09-30T12:55:24.000Z</time>
      </trkpt>
      <trkpt lat="46.25829" lon="6.57407">
        <ele>1772.334</ele>
        <time>2025-09-30T12:55:29.000Z</time>
      </trkpt>
      <trkpt lat="46.25829" lon="6.57407">
        <ele>1772.345</ele>
        <time>2025-09-30T12:55:34.000Z</time>
      </trkpt>
      <trkpt lat="46.25829" lon="6.57407">
        <ele>1772.367</ele>
        <time>2025-09-30T12:55:39.000Z</time>
      </trkpt>
      <trkpt lat="46.25829" lon="6.57407">
        <ele>1772.393</ele>
        <time>2025-09-30T12:55:44.000Z</time>
      </trkpt>
      <trkpt lat="46.25829" lon="6.57407">
        <ele>1772.425</ele>
        <time>2025-09-30T12:55:49.000Z</time>
      </trkpt>
      <trkpt lat="46.25829" lon="6.57407">
        <ele>1772.461</ele>
        <time>2025-09-30T12:55:54.000Z</time>
      </trkpt>
      <trkpt lat="46.25829" lon="6.57407">
        <ele>1772.497</ele>
        <time>2025-09-30T12:55:59.000Z</time>
      </trkpt>
      <trkpt lat="46.25829" lon="6.57407">
        <ele>1772.528</ele>
        <time>2025-09-30T12:56:04.000Z</time>
      </trkpt>
      <trkpt lat="46.25829" lon="6.57407">
        <ele>1772.562</ele>
        <time>2025-09-30T12:56:09.000Z</time>
      </trkpt>
      <trkpt lat="46.25829" lon="6.57407">
        <ele>1772.599</ele>
        <time>2025-09-30T12:56:14.000Z</time>
      </trkpt>
      <trkpt lat="46.25829" lon="6.57407">
        <ele>1772.637</ele>
        <time>2025-09-30T12:56:19.000Z</time>
      </trkpt>
      <trkpt lat="46.25829" lon="6.57407">
        <ele>1772.673</ele>
        <time>2025-09-30T12:56:24.000Z</time>
      </trkpt>
      <trkpt lat="46.25829" lon="6.57407">
        <ele>1772.703</ele>
        <time>2025-09-30T12:56:29.000Z</time>
      </trkpt>
      <trkpt lat="46.25829" lon="6.57407">
        <ele>1772.737</ele>
        <time>2025-09-30T12:56:34.000Z</time>
      </trkpt>
      <trkpt lat="46.25829" lon="6.57407">
        <ele>1772.767</ele>
        <time>2025-09-30T12:56:39.000Z</time>
      </trkpt>
      <trkpt lat="46.25829" lon="6.57407">
        <ele>1772.789</ele>
        <time>2025-09-30T12:56:44.000Z</time>
      </trkpt>
      <trkpt lat="46.25829" lon="6.57407">
        <ele>1772.819</ele>
        <time>2025-09-30T12:56:49.000Z</time>
      </trkpt>
      <trkpt lat="46.25829" lon="6.57407">
        <ele>1772.85</ele>
        <time>2025-09-30T12:56:54.000Z</time>
      </trkpt>
      <trkpt lat="46.25829" lon="6.57407">
        <ele>1772.863</ele>
        <time>2025-09-30T12:56:59.000Z</time>
      </trkpt>
      <trkpt lat="46.25829" lon="6.57407">
        <ele>1772.871</ele>
        <time>2025-09-30T12:57:04.000Z</time>
      </trkpt>
      <trkpt lat="46.25829" lon="6.57407">
        <ele>1772.884</ele>
        <time>2025-09-30T12:57:09.000Z</time>
      </trkpt>
      <trkpt lat="46.25829" lon="6.57407">
        <ele>1772.903</ele>
        <time>2025-09-30T12:57:14.000Z</time>
      </trkpt>
      <trkpt lat="46.25829" lon="6.57407">
        <ele>1772.912</ele>
        <time>2025-09-30T12:57:19.000Z</time>
      </trkpt>
      <trkpt lat="46.25829" lon="6.57407">
        <ele>1772.918</ele>
        <time>2025-09-30T12:57:24.000Z</time>
      </trkpt>
      <trkpt lat="46.25829" lon="6.57407">
        <ele>1772.934</ele>
        <time>2025-09-30T12:57:29.000Z</time>
      </trkpt>
      <trkpt lat="46.25829" lon="6.57407">
        <ele>1772.955</ele>
        <time>2025-09-30T12:57:34.000Z</time>
      </trkpt>
      <trkpt lat="46.25829" lon="6.57407">
        <ele>1772.976</ele>
        <time>2025-09-30T12:57:39.000Z</time>
      </trkpt>
      <trkpt lat="46.25829" lon="6.57407">
        <ele>1772.999</ele>
        <time>2025-09-30T12:57:44.000Z</time>
      </trkpt>
      <trkpt lat="46.25829" lon="6.57407">
        <ele>1773.018</ele>
        <time>2025-09-30T12:57:49.000Z</time>
      </trkpt>
      <trkpt lat="46.25829" lon="6.57407">
        <ele>1773.042</ele>
        <time>2025-09-30T12:57:54.000Z</time>
      </trkpt>
      <trkpt lat="46.25829" lon="6.57407">
        <ele>1773.076</ele>
        <time>2025-09-30T12:57:59.000Z</time>
      </trkpt>
      <trkpt lat="46.25829" lon="6.57407">
        <ele>1773.111</ele>
        <time>2025-09-30T12:58:04.000Z</time>
      </trkpt>
      <trkpt lat="46.25829" lon="6.57407">
        <ele>1773.143</ele>
        <time>2025-09-30T12:58:09.000Z</time>
      </trkpt>
      <trkpt lat="46.25829" lon="6.57407">
        <ele>1773.174</ele>
        <time>2025-09-30T12:58:14.000Z</time>
      </trkpt>
      <trkpt lat="46.25829" lon="6.57407">
        <ele>1773.208</ele>
        <time>2025-09-30T12:58:19.000Z</time>
      </trkpt>
      <trkpt lat="46.25829" lon="6.57407">
        <ele>1773.24</ele>
        <time>2025-09-30T12:58:24.000Z</time>
      </trkpt>
      <trkpt lat="46.25829" lon="6.57407">
        <ele>1773.275</ele>
        <time>2025-09-30T12:58:29.000Z</time>
      </trkpt>
      <trkpt lat="46.25829" lon="6.57407">
        <ele>1773.308</ele>
        <time>2025-09-30T12:58:34.000Z</time>
      </trkpt>
      <trkpt lat="46.25829" lon="6.57407">
        <ele>1773.331</ele>
        <time>2025-09-30T12:58:39.000Z</time>
      </trkpt>
      <trkpt lat="46.25829" lon="6.57407">
        <ele>1773.349</ele>
        <time>2025-09-30T12:58:44.000Z</time>
      </trkpt>
      <trkpt lat="46.25829" lon="6.57407">
        <ele>1773.375</ele>
        <time>2025-09-30T12:58:49.000Z</time>
      </trkpt>
      <trkpt lat="46.25829" lon="6.57407">
        <ele>1773.405</ele>
        <time>2025-09-30T12:58:54.000Z</time>
      </trkpt>
      <trkpt lat="46.25829" lon="6.57407">
        <ele>1773.434</ele>
        <time>2025-09-30T12:58:59.000Z</time>
      </trkpt>
      <trkpt lat="46.25829" lon="6.57407">
        <ele>1773.465</ele>
        <time>2025-09-30T12:59:04.000Z</time>
      </trkpt>
      <trkpt lat="46.25829" lon="6.57407">
        <ele>1773.484</ele>
        <time>2025-09-30T12:59:09.000Z</time>
      </trkpt>
      <trkpt lat="46.25829" lon="6.57407">
        <ele>1773.496</ele>
        <time>2025-09-30T12:59:14.000Z</time>
      </trkpt>
      <trkpt lat="46.25829" lon="6.57407">
        <ele>1773.496</ele>
        <time>2025-09-30T12:59:19.000Z</time>
      </trkpt>
      <trkpt lat="46.25829" lon="6.57407">
        <ele>1773.504</ele>
        <time>2025-09-30T12:59:24.000Z</time>
      </trkpt>
      <trkpt lat="46.25829" lon="6.57407">
        <ele>1773.513</ele>
        <time>2025-09-30T12:59:29.000Z</time>
      </trkpt>
      <trkpt lat="46.25829" lon="6.57407">
        <ele>1773.528</ele>
        <time>2025-09-30T12:59:34.000Z</time>
      </trkpt>
      <trkpt lat="46.25829" lon="6.57407">
        <ele>1773.534</ele>
        <time>2025-09-30T12:59:39.000Z</time>
      </trkpt>
      <trkpt lat="46.25829" lon="6.57407">
        <ele>1773.532</ele>
        <time>2025-09-30T12:59:44.000Z</time>
      </trkpt>
      <trkpt lat="46.25829" lon="6.57407">
        <ele>1773.529</ele>
        <time>2025-09-30T12:59:49.000Z</time>
      </trkpt>
      <trkpt lat="46.25829" lon="6.57407">
        <ele>1773.532</ele>
        <time>2025-09-30T12:59:54.000Z</time>
      </trkpt>
      <trkpt lat="46.25829" lon="6.57407">
        <ele>1773.559</ele>
        <time>2025-09-30T12:59:59.000Z</time>
      </trkpt>
      <trkpt lat="46.25829" lon="6.57407">
        <ele>1773.559</ele>
        <time>2025-09-30T13:00:04.000Z</time>
      </trkpt>
      <trkpt lat="46.25829" lon="6.57407">
        <ele>1773.559</ele>
        <time>2025-09-30T13:00:09.000Z</time>
      </trkpt>
      <trkpt lat="46.25829" lon="6.57407">
        <ele>1773.563</ele>
        <time>2025-09-30T13:00:14.000Z</time>
      </trkpt>
      <trkpt lat="46.25829" lon="6.57407">
        <ele>1773.563</ele>
        <time>2025-09-30T13:00:19.000Z</time>
      </trkpt>
      <trkpt lat="46.25829" lon="6.57407">
        <ele>1773.59</ele>
        <time>2025-09-30T13:00:24.000Z</time>
      </trkpt>
      <trkpt lat="46.25829" lon="6.57407">
        <ele>1773.617</ele>
        <time>2025-09-30T13:00:29.000Z</time>
      </trkpt>
      <trkpt lat="46.25829" lon="6.57407">
        <ele>1773.627</ele>
        <time>2025-09-30T13:00:34.000Z</time>
      </trkpt>
      <trkpt lat="46.25829" lon="6.57407">
        <ele>1773.634</ele>
        <time>2025-09-30T13:00:39.000Z</time>
      </trkpt>
      <trkpt lat="46.25829" lon="6.57407">
        <ele>1773.931</ele>
        <time>2025-09-30T13:00:44.000Z</time>
      </trkpt>
      <trkpt lat="46.25829" lon="6.57407">
        <ele>1774.538</ele>
        <time>2025-09-30T13:00:49.000Z</time>
      </trkpt>
      <trkpt lat="46.25829" lon="6.57407">
        <ele>1774.537</ele>
        <time>2025-09-30T13:00:54.000Z</time>
      </trkpt>
      <trkpt lat="46.25829" lon="6.57407">
        <ele>1774.532</ele>
        <time>2025-09-30T13:00:59.000Z</time>
      </trkpt>
      <trkpt lat="46.25829" lon="6.57407">
        <ele>1774.543</ele>
        <time>2025-09-30T13:01:04.000Z</time>
      </trkpt>
      <trkpt lat="46.25829" lon="6.57407">
        <ele>1775.101</ele>
        <time>2025-09-30T13:01:09.000Z</time>
      </trkpt>
      <trkpt lat="46.25829" lon="6.57407">
        <ele>1775.102</ele>
        <time>2025-09-30T13:01:14.000Z</time>
      </trkpt>
      <trkpt lat="46.25829" lon="6.57407">
        <ele>1775.1</ele>
        <time>2025-09-30T13:01:19.000Z</time>
      </trkpt>
      <trkpt lat="46.25829" lon="6.57407">
        <ele>1775.412</ele>
        <time>2025-09-30T13:01:24.000Z</time>
      </trkpt>
      <trkpt lat="46.25829" lon="6.57407">
        <ele>1773.709</ele>
        <time>2025-09-30T13:01:29.000Z</time>
      </trkpt>
      <trkpt lat="46.25829" lon="6.57407">
        <ele>1773.594</ele>
        <time>2025-09-30T13:01:34.000Z</time>
      </trkpt>
      <trkpt lat="46.25829" lon="6.57407">
        <ele>1775.005</ele>
        <time>2025-09-30T13:01:39.000Z</time>
      </trkpt>
      <trkpt lat="46.25829" lon="6.57407">
        <ele>1774.699</ele>
        <time>2025-09-30T13:01:44.000Z</time>
      </trkpt>
      <trkpt lat="46.25829" lon="6.57407">
        <ele>1774.7</ele>
        <time>2025-09-30T13:01:49.000Z</time>
      </trkpt>
      <trkpt lat="46.25829" lon="6.57407">
        <ele>1773.474</ele>
        <time>2025-09-30T13:01:54.000Z</time>
      </trkpt>
      <trkpt lat="46.25829" lon="6.57407">
        <ele>1773.496</ele>
        <time>2025-09-30T13:01:59.000Z</time>
      </trkpt>
      <trkpt lat="46.25829" lon="6.57407">
        <ele>1773.508</ele>
        <time>2025-09-30T13:02:04.000Z</time>
      </trkpt>
      <trkpt lat="46.25829" lon="6.57407">
        <ele>1773.523</ele>
        <time>2025-09-30T13:02:09.000Z</time>
      </trkpt>
      <trkpt lat="46.25827" lon="6.57413">
        <ele>1773.925</ele>
        <time>2025-09-30T13:02:14.000Z</time>
      </trkpt>
      <trkpt lat="46.25825" lon="6.57414">
        <ele>1772.96</ele>
        <time>2025-09-30T13:02:19.000Z</time>
      </trkpt>
      <trkpt lat="46.25823" lon="6.57416">
        <ele>1772.589</ele>
        <time>2025-09-30T13:02:24.000Z</time>
      </trkpt>
      <trkpt lat="46.25824" lon="6.57419">
        <ele>1772.644</ele>
        <time>2025-09-30T13:02:29.000Z</time>
      </trkpt>
      <trkpt lat="46.25825" lon="6.57423">
        <ele>1771.076</ele>
        <time>2025-09-30T13:02:34.000Z</time>
      </trkpt>
      <trkpt lat="46.25828" lon="6.57427">
        <ele>1770.067</ele>
        <time>2025-09-30T13:02:39.000Z</time>
      </trkpt>
      <trkpt lat="46.2583" lon="6.57432">
        <ele>1770.724</ele>
        <time>2025-09-30T13:02:44.000Z</time>
      </trkpt>
      <trkpt lat="46.25831" lon="6.57437">
        <ele>1768.276</ele>
        <time>2025-09-30T13:02:49.000Z</time>
      </trkpt>
      <trkpt lat="46.25832" lon="6.57442">
        <ele>1767.945</ele>
        <time>2025-09-30T13:02:54.000Z</time>
      </trkpt>
      <trkpt lat="46.25833" lon="6.57445">
        <ele>1768.865</ele>
        <time>2025-09-30T13:02:59.000Z</time>
      </trkpt>
      <trkpt lat="46.25834" lon="6.57449">
        <ele>1769.136</ele>
        <time>2025-09-30T13:03:04.000Z</time>
      </trkpt>
      <trkpt lat="46.25834" lon="6.57452">
        <ele>1767.2</ele>
        <time>2025-09-30T13:03:09.000Z</time>
      </trkpt>
      <trkpt lat="46.25834" lon="6.57456">
        <ele>1767.971</ele>
        <time>2025-09-30T13:03:14.000Z</time>
      </trkpt>
      <trkpt lat="46.25833" lon="6.57458">
        <ele>1768.151</ele>
        <time>2025-09-30T13:03:19.000Z</time>
      </trkpt>
      <trkpt lat="46.2583" lon="6.57459">
        <ele>1767.77</ele>
        <time>2025-09-30T13:03:24.000Z</time>
      </trkpt>
      <trkpt lat="46.25827" lon="6.57458">
        <ele>1767.251</ele>
        <time>2025-09-30T13:03:29.000Z</time>
      </trkpt>
      <trkpt lat="46.25825" lon="6.57458">
        <ele>1766.631</ele>
        <time>2025-09-30T13:03:34.000Z</time>
      </trkpt>
      <trkpt lat="46.25823" lon="6.57458">
        <ele>1766.28</ele>
        <time>2025-09-30T13:03:39.000Z</time>
      </trkpt>
      <trkpt lat="46.25821" lon="6.57456">
        <ele>1764.669</ele>
        <time>2025-09-30T13:03:44.000Z</time>
      </trkpt>
      <trkpt lat="46.25819" lon="6.57456">
        <ele>1764.617</ele>
        <time>2025-09-30T13:03:49.000Z</time>
      </trkpt>
      <trkpt lat="46.25817" lon="6.57457">
        <ele>1763.95</ele>
        <time>2025-09-30T13:03:54.000Z</time>
      </trkpt>
      <trkpt lat="46.25814" lon="6.57455">
        <ele>1763.235</ele>
        <time>2025-09-30T13:03:59.000Z</time>
      </trkpt>
      <trkpt lat="46.25813" lon="6.57453">
        <ele>1761.654</ele>
        <time>2025-09-30T13:04:04.000Z</time>
      </trkpt>
      <trkpt lat="46.25813" lon="6.57453">
        <ele>1761.027</ele>
        <time>2025-09-30T13:04:09.000Z</time>
      </trkpt>
      <trkpt lat="46.25812" lon="6.57453">
        <ele>1760.552</ele>
        <time>2025-09-30T13:04:14.000Z</time>
      </trkpt>
      <trkpt lat="46.2581" lon="6.57453">
        <ele>1760.744</ele>
        <time>2025-09-30T13:04:19.000Z</time>
      </trkpt>
      <trkpt lat="46.25809" lon="6.57455">
        <ele>1760.8</ele>
        <time>2025-09-30T13:04:24.000Z</time>
      </trkpt>
      <trkpt lat="46.2581" lon="6.57458">
        <ele>1760.471</ele>
        <time>2025-09-30T13:04:29.000Z</time>
      </trkpt>
      <trkpt lat="46.2581" lon="6.5746">
        <ele>1760.913</ele>
        <time>2025-09-30T13:04:34.000Z</time>
      </trkpt>
      <trkpt lat="46.2581" lon="6.57461">
        <ele>1761.23</ele>
        <time>2025-09-30T13:04:39.000Z</time>
      </trkpt>
      <trkpt lat="46.25812" lon="6.57463">
        <ele>1761.314</ele>
        <time>2025-09-30T13:04:44.000Z</time>
      </trkpt>
      <trkpt lat="46.25812" lon="6.57465">
        <ele>1760.602</ele>
        <time>2025-09-30T13:04:49.000Z</time>
      </trkpt>
      <trkpt lat="46.25812" lon="6.57466">
        <ele>1761.473</ele>
        <time>2025-09-30T13:04:54.000Z</time>
      </trkpt>
      <trkpt lat="46.2581" lon="6.57467">
        <ele>1760.893</ele>
        <time>2025-09-30T13:04:59.000Z</time>
      </trkpt>
      <trkpt lat="46.25809" lon="6.57468">
        <ele>1759.055</ele>
        <time>2025-09-30T13:05:04.000Z</time>
      </trkpt>
      <trkpt lat="46.25807" lon="6.57469">
        <ele>1758.28</ele>
        <time>2025-09-30T13:05:09.000Z</time>
      </trkpt>
      <trkpt lat="46.25806" lon="6.57471">
        <ele>1757.688</ele>
        <time>2025-09-30T13:05:14.000Z</time>
      </trkpt>
      <trkpt lat="46.25807" lon="6.57474">
        <ele>1757.542</ele>
        <time>2025-09-30T13:05:19.000Z</time>
      </trkpt>
      <trkpt lat="46.25807" lon="6.57477">
        <ele>1757.609</ele>
        <time>2025-09-30T13:05:24.000Z</time>
      </trkpt>
      <trkpt lat="46.25806" lon="6.57478">
        <ele>1757.29</ele>
        <time>2025-09-30T13:05:29.000Z</time>
      </trkpt>
      <trkpt lat="46.25803" lon="6.57478">
        <ele>1756.853</ele>
        <time>2025-09-30T13:05:34.000Z</time>
      </trkpt>
      <trkpt lat="46.258" lon="6.57477">
        <ele>1754.132</ele>
        <time>2025-09-30T13:05:39.000Z</time>
      </trkpt>
      <trkpt lat="46.25799" lon="6.57476">
        <ele>1753.916</ele>
        <time>2025-09-30T13:05:44.000Z</time>
      </trkpt>
      <trkpt lat="46.25797" lon="6.57476">
        <ele>1752.85</ele>
        <time>2025-09-30T13:05:49.000Z</time>
      </trkpt>
      <trkpt lat="46.25794" lon="6.57476">
        <ele>1752.704</ele>
        <time>2025-09-30T13:05:54.000Z</time>
      </trkpt>
      <trkpt lat="46.25792" lon="6.57476">
        <ele>1751.864</ele>
        <time>2025-09-30T13:05:59.000Z</time>
      </trkpt>
      <trkpt lat="46.25791" lon="6.57476">
        <ele>1750.207</ele>
        <time>2025-09-30T13:06:04.000Z</time>
      </trkpt>
      <trkpt lat="46.2579" lon="6.57478">
        <ele>1748.598</ele>
        <time>2025-09-30T13:06:09.000Z</time>
      </trkpt>
      <trkpt lat="46.25788" lon="6.57475">
        <ele>1748.603</ele>
        <time>2025-09-30T13:06:14.000Z</time>
      </trkpt>
      <trkpt lat="46.25785" lon="6.57474">
        <ele>1746.694</ele>
        <time>2025-09-30T13:06:19.000Z</time>
      </trkpt>
      <trkpt lat="46.25782" lon="6.57473">
        <ele>1746.424</ele>
        <time>2025-09-30T13:06:24.000Z</time>
      </trkpt>
      <trkpt lat="46.2578" lon="6.57471">
        <ele>1744.332</ele>
        <time>2025-09-30T13:06:29.000Z</time>
      </trkpt>
      <trkpt lat="46.25778" lon="6.57471">
        <ele>1742.867</ele>
        <time>2025-09-30T13:06:34.000Z</time>
      </trkpt>
      <trkpt lat="46.25775" lon="6.5747">
        <ele>1740.962</ele>
        <time>2025-09-30T13:06:39.000Z</time>
      </trkpt>
      <trkpt lat="46.25773" lon="6.57468">
        <ele>1738.798</ele>
        <time>2025-09-30T13:06:44.000Z</time>
      </trkpt>
      <trkpt lat="46.2577" lon="6.57467">
        <ele>1738.067</ele>
        <time>2025-09-30T13:06:49.000Z</time>
      </trkpt>
      <trkpt lat="46.25768" lon="6.57465">
        <ele>1737.105</ele>
        <time>2025-09-30T13:06:54.000Z</time>
      </trkpt>
      <trkpt lat="46.25766" lon="6.57465">
        <ele>1737.792</ele>
        <time>2025-09-30T13:06:59.000Z</time>
      </trkpt>
      <trkpt lat="46.25765" lon="6.57465">
        <ele>1737.611</ele>
        <time>2025-09-30T13:07:04.000Z</time>
      </trkpt>
      <trkpt lat="46.25765" lon="6.57469">
        <ele>1737.908</ele>
        <time>2025-09-30T13:07:09.000Z</time>
      </trkpt>
      <trkpt lat="46.25764" lon="6.5747">
        <ele>1738.522</ele>
        <time>2025-09-30T13:07:14.000Z</time>
      </trkpt>
      <trkpt lat="46.25762" lon="6.57469">
        <ele>1737.136</ele>
        <time>2025-09-30T13:07:19.000Z</time>
      </trkpt>
      <trkpt lat="46.2576" lon="6.57468">
        <ele>1735.769</ele>
        <time>2025-09-30T13:07:24.000Z</time>
      </trkpt>
      <trkpt lat="46.25758" lon="6.57467">
        <ele>1735.019</ele>
        <time>2025-09-30T13:07:29.000Z</time>
      </trkpt>
      <trkpt lat="46.25756" lon="6.57465">
        <ele>1733.481</ele>
        <time>2025-09-30T13:07:34.000Z</time>
      </trkpt>
      <trkpt lat="46.25753" lon="6.57463">
        <ele>1732.502</ele>
        <time>2025-09-30T13:07:39.000Z</time>
      </trkpt>
      <trkpt lat="46.25751" lon="6.57461">
        <ele>1729.868</ele>
        <time>2025-09-30T13:07:44.000Z</time>
      </trkpt>
      <trkpt lat="46.25749" lon="6.57459">
        <ele>1729.872</ele>
        <time>2025-09-30T13:07:49.000Z</time>
      </trkpt>
      <trkpt lat="46.25746" lon="6.57458">
        <ele>1727.735</ele>
        <time>2025-09-30T13:07:54.000Z</time>
      </trkpt>
      <trkpt lat="46.25744" lon="6.57455">
        <ele>1725.528</ele>
        <time>2025-09-30T13:07:59.000Z</time>
      </trkpt>
      <trkpt lat="46.25743" lon="6.57453">
        <ele>1725.097</ele>
        <time>2025-09-30T13:08:04.000Z</time>
      </trkpt>
      <trkpt lat="46.25741" lon="6.57451">
        <ele>1723.129</ele>
        <time>2025-09-30T13:08:09.000Z</time>
      </trkpt>
      <trkpt lat="46.25738" lon="6.57448">
        <ele>1722.412</ele>
        <time>2025-09-30T13:08:14.000Z</time>
      </trkpt>
      <trkpt lat="46.25735" lon="6.57446">
        <ele>1721.543</ele>
        <time>2025-09-30T13:08:19.000Z</time>
      </trkpt>
      <trkpt lat="46.25732" lon="6.57444">
        <ele>1720.836</ele>
        <time>2025-09-30T13:08:24.000Z</time>
      </trkpt>
      <trkpt lat="46.2573" lon="6.57442">
        <ele>1720.67</ele>
        <time>2025-09-30T13:08:29.000Z</time>
      </trkpt>
      <trkpt lat="46.25728" lon="6.5744">
        <ele>1718.622</ele>
        <time>2025-09-30T13:08:34.000Z</time>
      </trkpt>
      <trkpt lat="46.25727" lon="6.57439">
        <ele>1716.753</ele>
        <time>2025-09-30T13:08:39.000Z</time>
      </trkpt>
      <trkpt lat="46.25725" lon="6.57439">
        <ele>1715.037</ele>
        <time>2025-09-30T13:08:44.000Z</time>
      </trkpt>
      <trkpt lat="46.25723" lon="6.57436">
        <ele>1712.608</ele>
        <time>2025-09-30T13:08:49.000Z</time>
      </trkpt>
      <trkpt lat="46.2572" lon="6.57433">
        <ele>1711.645</ele>
        <time>2025-09-30T13:08:54.000Z</time>
      </trkpt>
      <trkpt lat="46.25719" lon="6.57431">
        <ele>1711.779</ele>
        <time>2025-09-30T13:08:59.000Z</time>
      </trkpt>
      <trkpt lat="46.25718" lon="6.57431">
        <ele>1711.05</ele>
        <time>2025-09-30T13:09:04.000Z</time>
      </trkpt>
      <trkpt lat="46.25717" lon="6.57431">
        <ele>1710.417</ele>
        <time>2025-09-30T13:09:09.000Z</time>
      </trkpt>
      <trkpt lat="46.25716" lon="6.57431">
        <ele>1709.751</ele>
        <time>2025-09-30T13:09:14.000Z</time>
      </trkpt>
      <trkpt lat="46.25715" lon="6.57432">
        <ele>1708.883</ele>
        <time>2025-09-30T13:09:19.000Z</time>
      </trkpt>
      <trkpt lat="46.25715" lon="6.57433">
        <ele>1708.62</ele>
        <time>2025-09-30T13:09:24.000Z</time>
      </trkpt>
      <trkpt lat="46.25715" lon="6.57433">
        <ele>1707.813</ele>
        <time>2025-09-30T13:09:29.000Z</time>
      </trkpt>
      <trkpt lat="46.25715" lon="6.57435">
        <ele>1708.163</ele>
        <time>2025-09-30T13:09:34.000Z</time>
      </trkpt>
      <trkpt lat="46.25716" lon="6.57438">
        <ele>1708.499</ele>
        <time>2025-09-30T13:09:39.000Z</time>
      </trkpt>
      <trkpt lat="46.25716" lon="6.57438">
        <ele>1708.76</ele>
        <time>2025-09-30T13:09:44.000Z</time>
      </trkpt>
      <trkpt lat="46.25716" lon="6.57438">
        <ele>1708.751</ele>
        <time>2025-09-30T13:09:49.000Z</time>
      </trkpt>
      <trkpt lat="46.25716" lon="6.57438">
        <ele>1708.743</ele>
        <time>2025-09-30T13:09:54.000Z</time>
      </trkpt>
      <trkpt lat="46.25716" lon="6.57441">
        <ele>1708.38</ele>
        <time>2025-09-30T13:09:59.000Z</time>
      </trkpt>
      <trkpt lat="46.25716" lon="6.57441">
        <ele>1707.73</ele>
        <time>2025-09-30T13:10:04.000Z</time>
      </trkpt>
      <trkpt lat="46.25716" lon="6.57441">
        <ele>1705.532</ele>
        <time>2025-09-30T13:10:09.000Z</time>
      </trkpt>
      <trkpt lat="46.25716" lon="6.57441">
        <ele>1704.369</ele>
        <time>2025-09-30T13:10:14.000Z</time>
      </trkpt>
      <trkpt lat="46.25716" lon="6.57441">
        <ele>1704.669</ele>
        <time>2025-09-30T13:10:19.000Z</time>
      </trkpt>
      <trkpt lat="46.25716" lon="6.57441">
        <ele>1703.563</ele>
        <time>2025-09-30T13:10:24.000Z</time>
      </trkpt>
      <trkpt lat="46.25716" lon="6.57441">
        <ele>1703.475</ele>
        <time>2025-09-30T13:10:29.000Z</time>
      </trkpt>
      <trkpt lat="46.25708" lon="6.57441">
        <ele>1703.113</ele>
        <time>2025-09-30T13:10:34.000Z</time>
      </trkpt>
      <trkpt lat="46.25705" lon="6.57439">
        <ele>1702.753</ele>
        <time>2025-09-30T13:10:39.000Z</time>
      </trkpt>
      <trkpt lat="46.25703" lon="6.57439">
        <ele>1701.479</ele>
        <time>2025-09-30T13:10:44.000Z</time>
      </trkpt>
      <trkpt lat="46.25701" lon="6.57438">
        <ele>1700.994</ele>
        <time>2025-09-30T13:10:49.000Z</time>
      </trkpt>
      <trkpt lat="46.25699" lon="6.57436">
        <ele>1700.032</ele>
        <time>2025-09-30T13:10:54.000Z</time>
      </trkpt>
      <trkpt lat="46.25698" lon="6.57436">
        <ele>1699.133</ele>
        <time>2025-09-30T13:10:59.000Z</time>
      </trkpt>
      <trkpt lat="46.25699" lon="6.57437">
        <ele>1698.929</ele>
        <time>2025-09-30T13:11:04.000Z</time>
      </trkpt>
      <trkpt lat="46.25699" lon="6.57438">
        <ele>1698.333</ele>
        <time>2025-09-30T13:11:09.000Z</time>
      </trkpt>
      <trkpt lat="46.25698" lon="6.57439">
        <ele>1698.326</ele>
        <time>2025-09-30T13:11:14.000Z</time>
      </trkpt>
      <trkpt lat="46.25697" lon="6.5744">
        <ele>1697.538</ele>
        <time>2025-09-30T13:11:19.000Z</time>
      </trkpt>
      <trkpt lat="46.25695" lon="6.57441">
        <ele>1696.756</ele>
        <time>2025-09-30T13:11:24.000Z</time>
      </trkpt>
      <trkpt lat="46.25694" lon="6.57442">
        <ele>1696.892</ele>
        <time>2025-09-30T13:11:29.000Z</time>
      </trkpt>
      <trkpt lat="46.25691" lon="6.57439">
        <ele>1694.707</ele>
        <time>2025-09-30T13:11:34.000Z</time>
      </trkpt>
      <trkpt lat="46.25688" lon="6.57439">
        <ele>1693.493</ele>
        <time>2025-09-30T13:11:39.000Z</time>
      </trkpt>
      <trkpt lat="46.25686" lon="6.57437">
        <ele>1692.207</ele>
        <time>2025-09-30T13:11:44.000Z</time>
      </trkpt>
      <trkpt lat="46.25684" lon="6.57436">
        <ele>1689.295</ele>
        <time>2025-09-30T13:11:49.000Z</time>
      </trkpt>
      <trkpt lat="46.25682" lon="6.57436">
        <ele>1689.541</ele>
        <time>2025-09-30T13:11:54.000Z</time>
      </trkpt>
      <trkpt lat="46.2568" lon="6.57437">
        <ele>1688.101</ele>
        <time>2025-09-30T13:11:59.000Z</time>
      </trkpt>
      <trkpt lat="46.25677" lon="6.57437">
        <ele>1686.89</ele>
        <time>2025-09-30T13:12:04.000Z</time>
      </trkpt>
      <trkpt lat="46.25677" lon="6.57441">
        <ele>1686.208</ele>
        <time>2025-09-30T13:12:09.000Z</time>
      </trkpt>
      <trkpt lat="46.25677" lon="6.57445">
        <ele>1685.918</ele>
        <time>2025-09-30T13:12:14.000Z</time>
      </trkpt>
      <trkpt lat="46.25679" lon="6.57449">
        <ele>1684.612</ele>
        <time>2025-09-30T13:12:19.000Z</time>
      </trkpt>
      <trkpt lat="46.2568" lon="6.57453">
        <ele>1683.6</ele>
        <time>2025-09-30T13:12:24.000Z</time>
      </trkpt>
      <trkpt lat="46.25682" lon="6.57457">
        <ele>1683.22</ele>
        <time>2025-09-30T13:12:29.000Z</time>
      </trkpt>
      <trkpt lat="46.25682" lon="6.57461">
        <ele>1681.868</ele>
        <time>2025-09-30T13:12:34.000Z</time>
      </trkpt>
      <trkpt lat="46.25684" lon="6.57467">
        <ele>1680.726</ele>
        <time>2025-09-30T13:12:39.000Z</time>
      </trkpt>
      <trkpt lat="46.25687" lon="6.5747">
        <ele>1679.572</ele>
        <time>2025-09-30T13:12:44.000Z</time>
      </trkpt>
      <trkpt lat="46.25688" lon="6.57474">
        <ele>1679.393</ele>
        <time>2025-09-30T13:12:49.000Z</time>
      </trkpt>
      <trkpt lat="46.2569" lon="6.57476">
        <ele>1679.204</ele>
        <time>2025-09-30T13:12:54.000Z</time>
      </trkpt>
      <trkpt lat="46.25689" lon="6.57479">
        <ele>1679.985</ele>
        <time>2025-09-30T13:12:59.000Z</time>
      </trkpt>
      <trkpt lat="46.25688" lon="6.57479">
        <ele>1679.817</ele>
        <time>2025-09-30T13:13:04.000Z</time>
      </trkpt>
      <trkpt lat="46.25686" lon="6.57479">
        <ele>1680.292</ele>
        <time>2025-09-30T13:13:09.000Z</time>
      </trkpt>
      <trkpt lat="46.25684" lon="6.57479">
        <ele>1680.465</ele>
        <time>2025-09-30T13:13:14.000Z</time>
      </trkpt>
      <trkpt lat="46.25683" lon="6.5748">
        <ele>1680.376</ele>
        <time>2025-09-30T13:13:19.000Z</time>
      </trkpt>
      <trkpt lat="46.25681" lon="6.57481">
        <ele>1680.554</ele>
        <time>2025-09-30T13:13:24.000Z</time>
      </trkpt>
      <trkpt lat="46.25679" lon="6.57482">
        <ele>1680.37</ele>
        <time>2025-09-30T13:13:29.000Z</time>
      </trkpt>
      <trkpt lat="46.25677" lon="6.5748">
        <ele>1681.219</ele>
        <time>2025-09-30T13:13:34.000Z</time>
      </trkpt>
      <trkpt lat="46.25675" lon="6.57479">
        <ele>1681.344</ele>
        <time>2025-09-30T13:13:39.000Z</time>
      </trkpt>
      <trkpt lat="46.25672" lon="6.57477">
        <ele>1681.627</ele>
        <time>2025-09-30T13:13:44.000Z</time>
      </trkpt>
      <trkpt lat="46.25669" lon="6.57475">
        <ele>1681.641</ele>
        <time>2025-09-30T13:13:49.000Z</time>
      </trkpt>
      <trkpt lat="46.25669" lon="6.57471">
        <ele>1677.306</ele>
        <time>2025-09-30T13:13:54.000Z</time>
      </trkpt>
      <trkpt lat="46.25667" lon="6.57467">
        <ele>1672.947</ele>
        <time>2025-09-30T13:13:59.000Z</time>
      </trkpt>
      <trkpt lat="46.25665" lon="6.57463">
        <ele>1668.797</ele>
        <time>2025-09-30T13:14:04.000Z</time>
      </trkpt>
      <trkpt lat="46.25663" lon="6.57458">
        <ele>1666.566</ele>
        <time>2025-09-30T13:14:09.000Z</time>
      </trkpt>
      <trkpt lat="46.25659" lon="6.57454">
        <ele>1666.092</ele>
        <time>2025-09-30T13:14:14.000Z</time>
      </trkpt>
      <trkpt lat="46.25656" lon="6.57452">
        <ele>1667.466</ele>
        <time>2025-09-30T13:14:19.000Z</time>
      </trkpt>
      <trkpt lat="46.25655" lon="6.57451">
        <ele>1663.702</ele>
        <time>2025-09-30T13:14:24.000Z</time>
      </trkpt>
      <trkpt lat="46.25652" lon="6.57449">
        <ele>1663.333</ele>
        <time>2025-09-30T13:14:29.000Z</time>
      </trkpt>
      <trkpt lat="46.25649" lon="6.5745">
        <ele>1663.379</ele>
        <time>2025-09-30T13:14:34.000Z</time>
      </trkpt>
      <trkpt lat="46.25645" lon="6.5745">
        <ele>1661.743</ele>
        <time>2025-09-30T13:14:39.000Z</time>
      </trkpt>
      <trkpt lat="46.25642" lon="6.57448">
        <ele>1661.117</ele>
        <time>2025-09-30T13:14:44.000Z</time>
      </trkpt>
      <trkpt lat="46.25639" lon="6.57448">
        <ele>1660.014</ele>
        <time>2025-09-30T13:14:49.000Z</time>
      </trkpt>
      <trkpt lat="46.25635" lon="6.57447">
        <ele>1658.551</ele>
        <time>2025-09-30T13:14:54.000Z</time>
      </trkpt>
      <trkpt lat="46.25632" lon="6.57444">
        <ele>1656.873</ele>
        <time>2025-09-30T13:14:59.000Z</time>
      </trkpt>
      <trkpt lat="46.2563" lon="6.57442">
        <ele>1654.936</ele>
        <time>2025-09-30T13:15:04.000Z</time>
      </trkpt>
      <trkpt lat="46.25628" lon="6.57443">
        <ele>1654.718</ele>
        <time>2025-09-30T13:15:09.000Z</time>
      </trkpt>
      <trkpt lat="46.25625" lon="6.57443">
        <ele>1653.061</ele>
        <time>2025-09-30T13:15:14.000Z</time>
      </trkpt>
      <trkpt lat="46.25623" lon="6.57442">
        <ele>1651.824</ele>
        <time>2025-09-30T13:15:19.000Z</time>
      </trkpt>
      <trkpt lat="46.2562" lon="6.57441">
        <ele>1651.311</ele>
        <time>2025-09-30T13:15:24.000Z</time>
      </trkpt>
      <trkpt lat="46.25617" lon="6.57441">
        <ele>1650.336</ele>
        <time>2025-09-30T13:15:29.000Z</time>
      </trkpt>
      <trkpt lat="46.25613" lon="6.57441">
        <ele>1650.069</ele>
        <time>2025-09-30T13:15:34.000Z</time>
      </trkpt>
      <trkpt lat="46.2561" lon="6.5744">
        <ele>1649.666</ele>
        <time>2025-09-30T13:15:39.000Z</time>
      </trkpt>
      <trkpt lat="46.25607" lon="6.57438">
        <ele>1648.892</ele>
        <time>2025-09-30T13:15:44.000Z</time>
      </trkpt>
      <trkpt lat="46.25604" lon="6.57435">
        <ele>1650.017</ele>
        <time>2025-09-30T13:15:49.000Z</time>
      </trkpt>
      <trkpt lat="46.25601" lon="6.57432">
        <ele>1648.308</ele>
        <time>2025-09-30T13:15:54.000Z</time>
      </trkpt>
      <trkpt lat="46.25599" lon="6.57433">
        <ele>1649.8</ele>
        <time>2025-09-30T13:15:59.000Z</time>
      </trkpt>
      <trkpt lat="46.25597" lon="6.5743">
        <ele>1647.916</ele>
        <time>2025-09-30T13:16:04.000Z</time>
      </trkpt>
      <trkpt lat="46.25594" lon="6.5743">
        <ele>1644.733</ele>
        <time>2025-09-30T13:16:09.000Z</time>
      </trkpt>
      <trkpt lat="46.25592" lon="6.57427">
        <ele>1643.819</ele>
        <time>2025-09-30T13:16:14.000Z</time>
      </trkpt>
      <trkpt lat="46.25589" lon="6.57426">
        <ele>1642.067</ele>
        <time>2025-09-30T13:16:19.000Z</time>
      </trkpt>
      <trkpt lat="46.25586" lon="6.57425">
        <ele>1643.569</ele>
        <time>2025-09-30T13:16:24.000Z</time>
      </trkpt>
      <trkpt lat="46.25584" lon="6.57427">
        <ele>1644.575</ele>
        <time>2025-09-30T13:16:29.000Z</time>
      </trkpt>
      <trkpt lat="46.25581" lon="6.57426">
        <ele>1643.074</ele>
        <time>2025-09-30T13:16:34.000Z</time>
      </trkpt>
      <trkpt lat="46.25579" lon="6.57425">
        <ele>1638.537</ele>
        <time>2025-09-30T13:16:39.000Z</time>
      </trkpt>
      <trkpt lat="46.25578" lon="6.57426">
        <ele>1636.623</ele>
        <time>2025-09-30T13:16:44.000Z</time>
      </trkpt>
      <trkpt lat="46.25576" lon="6.57429">
        <ele>1637.254</ele>
        <time>2025-09-30T13:16:49.000Z</time>
      </trkpt>
      <trkpt lat="46.25575" lon="6.57433">
        <ele>1636.544</ele>
        <time>2025-09-30T13:16:54.000Z</time>
      </trkpt>
      <trkpt lat="46.25574" lon="6.57436">
        <ele>1634.25</ele>
        <time>2025-09-30T13:16:59.000Z</time>
      </trkpt>
      <trkpt lat="46.25571" lon="6.57439">
        <ele>1632.881</ele>
        <time>2025-09-30T13:17:04.000Z</time>
      </trkpt>
      <trkpt lat="46.25569" lon="6.5744">
        <ele>1631.365</ele>
        <time>2025-09-30T13:17:09.000Z</time>
      </trkpt>
      <trkpt lat="46.25566" lon="6.57441">
        <ele>1629.44</ele>
        <time>2025-09-30T13:17:14.000Z</time>
      </trkpt>
      <trkpt lat="46.25563" lon="6.57441">
        <ele>1627.786</ele>
        <time>2025-09-30T13:17:19.000Z</time>
      </trkpt>
      <trkpt lat="46.2556" lon="6.5744">
        <ele>1625.769</ele>
        <time>2025-09-30T13:17:24.000Z</time>
      </trkpt>
      <trkpt lat="46.25557" lon="6.5744">
        <ele>1625.045</ele>
        <time>2025-09-30T13:17:29.000Z</time>
      </trkpt>
      <trkpt lat="46.25554" lon="6.5744">
        <ele>1624.381</ele>
        <time>2025-09-30T13:17:34.000Z</time>
      </trkpt>
      <trkpt lat="46.2555" lon="6.57438">
        <ele>1624.237</ele>
        <time>2025-09-30T13:17:39.000Z</time>
      </trkpt>
      <trkpt lat="46.25547" lon="6.57438">
        <ele>1622.898</ele>
        <time>2025-09-30T13:17:44.000Z</time>
      </trkpt>
      <trkpt lat="46.25544" lon="6.57436">
        <ele>1623.581</ele>
        <time>2025-09-30T13:17:49.000Z</time>
      </trkpt>
      <trkpt lat="46.25542" lon="6.57436">
        <ele>1623.549</ele>
        <time>2025-09-30T13:17:54.000Z</time>
      </trkpt>
      <trkpt lat="46.25542" lon="6.57436">
        <ele>1623.212</ele>
        <time>2025-09-30T13:17:59.000Z</time>
      </trkpt>
      <trkpt lat="46.2554" lon="6.57437">
        <ele>1623.576</ele>
        <time>2025-09-30T13:18:04.000Z</time>
      </trkpt>
      <trkpt lat="46.2554" lon="6.57438">
        <ele>1623.929</ele>
        <time>2025-09-30T13:18:09.000Z</time>
      </trkpt>
      <trkpt lat="46.25537" lon="6.5744">
        <ele>1624.362</ele>
        <time>2025-09-30T13:18:14.000Z</time>
      </trkpt>
      <trkpt lat="46.25535" lon="6.57443">
        <ele>1623.196</ele>
        <time>2025-09-30T13:18:19.000Z</time>
      </trkpt>
      <trkpt lat="46.25533" lon="6.57445">
        <ele>1620.667</ele>
        <time>2025-09-30T13:18:24.000Z</time>
      </trkpt>
      <trkpt lat="46.25531" lon="6.57448">
        <ele>1620.259</ele>
        <time>2025-09-30T13:18:29.000Z</time>
      </trkpt>
      <trkpt lat="46.2553" lon="6.5745">
        <ele>1618.617</ele>
        <time>2025-09-30T13:18:34.000Z</time>
      </trkpt>
      <trkpt lat="46.25527" lon="6.5745">
        <ele>1617.263</ele>
        <time>2025-09-30T13:18:39.000Z</time>
      </trkpt>
      <trkpt lat="46.25524" lon="6.57453">
        <ele>1616.285</ele>
        <time>2025-09-30T13:18:44.000Z</time>
      </trkpt>
      <trkpt lat="46.25521" lon="6.57456">
        <ele>1615.746</ele>
        <time>2025-09-30T13:18:49.000Z</time>
      </trkpt>
      <trkpt lat="46.25518" lon="6.57459">
        <ele>1614.86</ele>
        <time>2025-09-30T13:18:54.000Z</time>
      </trkpt>
      <trkpt lat="46.25515" lon="6.57463">
        <ele>1609.218</ele>
        <time>2025-09-30T13:18:59.000Z</time>
      </trkpt>
      <trkpt lat="46.25512" lon="6.57467">
        <ele>1604.352</ele>
        <time>2025-09-30T13:19:04.000Z</time>
      </trkpt>
      <trkpt lat="46.2551" lon="6.57474">
        <ele>1601.515</ele>
        <time>2025-09-30T13:19:09.000Z</time>
      </trkpt>
      <trkpt lat="46.25507" lon="6.57478">
        <ele>1599.75</ele>
        <time>2025-09-30T13:19:14.000Z</time>
      </trkpt>
      <trkpt lat="46.25504" lon="6.57482">
        <ele>1599.586</ele>
        <time>2025-09-30T13:19:19.000Z</time>
      </trkpt>
      <trkpt lat="46.255" lon="6.57485">
        <ele>1600.271</ele>
        <time>2025-09-30T13:19:24.000Z</time>
      </trkpt>
      <trkpt lat="46.25496" lon="6.57489">
        <ele>1597.644</ele>
        <time>2025-09-30T13:19:29.000Z</time>
      </trkpt>
      <trkpt lat="46.25493" lon="6.57493">
        <ele>1597.119</ele>
        <time>2025-09-30T13:19:34.000Z</time>
      </trkpt>
      <trkpt lat="46.2549" lon="6.57495">
        <ele>1600.217</ele>
        <time>2025-09-30T13:19:39.000Z</time>
      </trkpt>
      <trkpt lat="46.25487" lon="6.57497">
        <ele>1599.602</ele>
        <time>2025-09-30T13:19:44.000Z</time>
      </trkpt>
      <trkpt lat="46.25485" lon="6.575">
        <ele>1600.903</ele>
        <time>2025-09-30T13:19:49.000Z</time>
      </trkpt>
      <trkpt lat="46.25482" lon="6.57502">
        <ele>1600.339</ele>
        <time>2025-09-30T13:19:54.000Z</time>
      </trkpt>
      <trkpt lat="46.25479" lon="6.57505">
        <ele>1599.469</ele>
        <time>2025-09-30T13:19:59.000Z</time>
      </trkpt>
      <trkpt lat="46.25475" lon="6.57508">
        <ele>1598.184</ele>
        <time>2025-09-30T13:20:04.000Z</time>
      </trkpt>
      <trkpt lat="46.25472" lon="6.5751">
        <ele>1597.304</ele>
        <time>2025-09-30T13:20:09.000Z</time>
      </trkpt>
      <trkpt lat="46.25468" lon="6.57514">
        <ele>1597.315</ele>
        <time>2025-09-30T13:20:14.000Z</time>
      </trkpt>
      <trkpt lat="46.25465" lon="6.57517">
        <ele>1596.712</ele>
        <time>2025-09-30T13:20:19.000Z</time>
      </trkpt>
      <trkpt lat="46.25461" lon="6.57521">
        <ele>1595.821</ele>
        <time>2025-09-30T13:20:24.000Z</time>
      </trkpt>
      <trkpt lat="46.25457" lon="6.57524">
        <ele>1594.903</ele>
        <time>2025-09-30T13:20:29.000Z</time>
      </trkpt>
      <trkpt lat="46.25453" lon="6.57528">
        <ele>1593.791</ele>
        <time>2025-09-30T13:20:34.000Z</time>
      </trkpt>
      <trkpt lat="46.2545" lon="6.57531">
        <ele>1592.932</ele>
        <time>2025-09-30T13:20:39.000Z</time>
      </trkpt>
      <trkpt lat="46.25446" lon="6.57535">
        <ele>1591.842</ele>
        <time>2025-09-30T13:20:44.000Z</time>
      </trkpt>
      <trkpt lat="46.25442" lon="6.57539">
        <ele>1591.443</ele>
        <time>2025-09-30T13:20:49.000Z</time>
      </trkpt>
      <trkpt lat="46.25439" lon="6.57543">
        <ele>1591.192</ele>
        <time>2025-09-30T13:20:54.000Z</time>
      </trkpt>
      <trkpt lat="46.25435" lon="6.57546">
        <ele>1590.481</ele>
        <time>2025-09-30T13:20:59.000Z</time>
      </trkpt>
      <trkpt lat="46.25432" lon="6.5755">
        <ele>1589.19</ele>
        <time>2025-09-30T13:21:04.000Z</time>
      </trkpt>
      <trkpt lat="46.25428" lon="6.57554">
        <ele>1588.836</ele>
        <time>2025-09-30T13:21:09.000Z</time>
      </trkpt>
      <trkpt lat="46.25424" lon="6.57559">
        <ele>1588.501</ele>
        <time>2025-09-30T13:21:14.000Z</time>
      </trkpt>
      <trkpt lat="46.25421" lon="6.57564">
        <ele>1588.13</ele>
        <time>2025-09-30T13:21:19.000Z</time>
      </trkpt>
      <trkpt lat="46.25417" lon="6.57568">
        <ele>1587.827</ele>
        <time>2025-09-30T13:21:24.000Z</time>
      </trkpt>
      <trkpt lat="46.25413" lon="6.57573">
        <ele>1587.736</ele>
        <time>2025-09-30T13:21:29.000Z</time>
      </trkpt>
      <trkpt lat="46.25409" lon="6.57577">
        <ele>1586.581</ele>
        <time>2025-09-30T13:21:34.000Z</time>
      </trkpt>
      <trkpt lat="46.25405" lon="6.5758">
        <ele>1585.54</ele>
        <time>2025-09-30T13:21:39.000Z</time>
      </trkpt>
      <trkpt lat="46.25402" lon="6.57584">
        <ele>1584.709</ele>
        <time>2025-09-30T13:21:44.000Z</time>
      </trkpt>
      <trkpt lat="46.25399" lon="6.57587">
        <ele>1581.479</ele>
        <time>2025-09-30T13:21:49.000Z</time>
      </trkpt>
      <trkpt lat="46.25399" lon="6.57587">
        <ele>1581.436</ele>
        <time>2025-09-30T13:21:54.000Z</time>
      </trkpt>
      <trkpt lat="46.25399" lon="6.57587">
        <ele>1581.305</ele>
        <time>2025-09-30T13:21:59.000Z</time>
      </trkpt>
      <trkpt lat="46.25399" lon="6.57587">
        <ele>1578.44</ele>
        <time>2025-09-30T13:22:04.000Z</time>
      </trkpt>
      <trkpt lat="46.25399" lon="6.57587">
        <ele>1577.433</ele>
        <time>2025-09-30T13:22:09.000Z</time>
      </trkpt>
      <trkpt lat="46.25399" lon="6.57587">
        <ele>1572.868</ele>
        <time>2025-09-30T13:22:14.000Z</time>
      </trkpt>
      <trkpt lat="46.25399" lon="6.57587">
        <ele>1571.624</ele>
        <time>2025-09-30T13:22:19.000Z</time>
      </trkpt>
      <trkpt lat="46.25399" lon="6.57587">
        <ele>1571.04</ele>
        <time>2025-09-30T13:22:24.000Z</time>
      </trkpt>
      <trkpt lat="46.25399" lon="6.57587">
        <ele>1567.847</ele>
        <time>2025-09-30T13:22:29.000Z</time>
      </trkpt>
      <trkpt lat="46.25399" lon="6.57587">
        <ele>1566.787</ele>
        <time>2025-09-30T13:22:34.000Z</time>
      </trkpt>
      <trkpt lat="46.25399" lon="6.57587">
        <ele>1566.771</ele>
        <time>2025-09-30T13:22:39.000Z</time>
      </trkpt>
      <trkpt lat="46.25399" lon="6.57587">
        <ele>1566.751</ele>
        <time>2025-09-30T13:22:44.000Z</time>
      </trkpt>
      <trkpt lat="46.25399" lon="6.57587">
        <ele>1566.738</ele>
        <time>2025-09-30T13:22:49.000Z</time>
      </trkpt>
      <trkpt lat="46.25399" lon="6.57587">
        <ele>1566.722</ele>
        <time>2025-09-30T13:22:54.000Z</time>
      </trkpt>
      <trkpt lat="46.25399" lon="6.57587">
        <ele>1566.71</ele>
        <time>2025-09-30T13:22:59.000Z</time>
      </trkpt>
      <trkpt lat="46.25399" lon="6.57587">
        <ele>1566.709</ele>
        <time>2025-09-30T13:23:04.000Z</time>
      </trkpt>
      <trkpt lat="46.25399" lon="6.57587">
        <ele>1566.706</ele>
        <time>2025-09-30T13:23:09.000Z</time>
      </trkpt>
      <trkpt lat="46.25399" lon="6.57587">
        <ele>1566.703</ele>
        <time>2025-09-30T13:23:14.000Z</time>
      </trkpt>
      <trkpt lat="46.25399" lon="6.57587">
        <ele>1566.697</ele>
        <time>2025-09-30T13:23:19.000Z</time>
      </trkpt>
      <trkpt lat="46.25399" lon="6.57587">
        <ele>1566.68</ele>
        <time>2025-09-30T13:23:24.000Z</time>
      </trkpt>
      <trkpt lat="46.25399" lon="6.57587">
        <ele>1566.67</ele>
        <time>2025-09-30T13:23:29.000Z</time>
      </trkpt>
      <trkpt lat="46.25399" lon="6.57587">
        <ele>1566.652</ele>
        <time>2025-09-30T13:23:34.000Z</time>
      </trkpt>
      <trkpt lat="46.25399" lon="6.57587">
        <ele>1566.624</ele>
        <time>2025-09-30T13:23:39.000Z</time>
      </trkpt>
      <trkpt lat="46.25399" lon="6.57587">
        <ele>1566.625</ele>
        <time>2025-09-30T13:23:44.000Z</time>
      </trkpt>
      <trkpt lat="46.25399" lon="6.57587">
        <ele>1566.622</ele>
        <time>2025-09-30T13:23:49.000Z</time>
      </trkpt>
      <trkpt lat="46.25399" lon="6.57587">
        <ele>1566.609</ele>
        <time>2025-09-30T13:23:54.000Z</time>
      </trkpt>
      <trkpt lat="46.25399" lon="6.57587">
        <ele>1566.597</ele>
        <time>2025-09-30T13:23:59.000Z</time>
      </trkpt>
      <trkpt lat="46.25399" lon="6.57587">
        <ele>1566.436</ele>
        <time>2025-09-30T13:24:04.000Z</time>
      </trkpt>
      <trkpt lat="46.25399" lon="6.57587">
        <ele>1566.437</ele>
        <time>2025-09-30T13:24:09.000Z</time>
      </trkpt>
      <trkpt lat="46.25399" lon="6.57587">
        <ele>1566.439</ele>
        <time>2025-09-30T13:24:14.000Z</time>
      </trkpt>
      <trkpt lat="46.25399" lon="6.57587">
        <ele>1566.445</ele>
        <time>2025-09-30T13:24:19.000Z</time>
      </trkpt>
      <trkpt lat="46.25399" lon="6.57587">
        <ele>1566.443</ele>
        <time>2025-09-30T13:24:24.000Z</time>
      </trkpt>
      <trkpt lat="46.25399" lon="6.57587">
        <ele>1566.43</ele>
        <time>2025-09-30T13:24:29.000Z</time>
      </trkpt>
      <trkpt lat="46.25399" lon="6.57587">
        <ele>1566.42</ele>
        <time>2025-09-30T13:24:34.000Z</time>
      </trkpt>
      <trkpt lat="46.25399" lon="6.57587">
        <ele>1566.395</ele>
        <time>2025-09-30T13:24:39.000Z</time>
      </trkpt>
      <trkpt lat="46.25396" lon="6.57584">
        <ele>1566.371</ele>
        <time>2025-09-30T13:24:44.000Z</time>
      </trkpt>
      <trkpt lat="46.25396" lon="6.57584">
        <ele>1566.357</ele>
        <time>2025-09-30T13:24:49.000Z</time>
      </trkpt>
      <trkpt lat="46.25396" lon="6.57584">
        <ele>1566.347</ele>
        <time>2025-09-30T13:24:54.000Z</time>
      </trkpt>
      <trkpt lat="46.25395" lon="6.57582">
        <ele>1565.163</ele>
        <time>2025-09-30T13:24:59.000Z</time>
      </trkpt>
      <trkpt lat="46.25393" lon="6.57577">
        <ele>1563.094</ele>
        <time>2025-09-30T13:25:04.000Z</time>
      </trkpt>
      <trkpt lat="46.2539" lon="6.57573">
        <ele>1561.623</ele>
        <time>2025-09-30T13:25:09.000Z</time>
      </trkpt>
      <trkpt lat="46.25388" lon="6.57569">
        <ele>1561.21</ele>
        <time>2025-09-30T13:25:14.000Z</time>
      </trkpt>
      <trkpt lat="46.25385" lon="6.57565">
        <ele>1560.808</ele>
        <time>2025-09-30T13:25:19.000Z</time>
      </trkpt>
      <trkpt lat="46.25381" lon="6.57562">
        <ele>1560.814</ele>
        <time>2025-09-30T13:25:24.000Z</time>
      </trkpt>
      <trkpt lat="46.25377" lon="6.57559">
        <ele>1559.531</ele>
        <time>2025-09-30T13:25:29.000Z</time>
      </trkpt>
      <trkpt lat="46.25373" lon="6.57557">
        <ele>1559.051</ele>
        <time>2025-09-30T13:25:34.000Z</time>
      </trkpt>
      <trkpt lat="46.25369" lon="6.57553">
        <ele>1558.553</ele>
        <time>2025-09-30T13:25:39.000Z</time>
      </trkpt>
      <trkpt lat="46.25365" lon="6.57549">
        <ele>1558.486</ele>
        <time>2025-09-30T13:25:44.000Z</time>
      </trkpt>
      <trkpt lat="46.25361" lon="6.57547">
        <ele>1556.633</ele>
        <time>2025-09-30T13:25:49.000Z</time>
      </trkpt>
      <trkpt lat="46.25357" lon="6.57545">
        <ele>1554.023</ele>
        <time>2025-09-30T13:25:54.000Z</time>
      </trkpt>
      <trkpt lat="46.25353" lon="6.57543">
        <ele>1553.882</ele>
        <time>2025-09-30T13:25:59.000Z</time>
      </trkpt>
      <trkpt lat="46.25349" lon="6.57542">
        <ele>1553.364</ele>
        <time>2025-09-30T13:26:04.000Z</time>
      </trkpt>
      <trkpt lat="46.25345" lon="6.57539">
        <ele>1555.108</ele>
        <time>2025-09-30T13:26:09.000Z</time>
      </trkpt>
      <trkpt lat="46.25342" lon="6.57537">
        <ele>1557.323</ele>
        <time>2025-09-30T13:26:14.000Z</time>
      </trkpt>
      <trkpt lat="46.25338" lon="6.57534">
        <ele>1558.512</ele>
        <time>2025-09-30T13:26:19.000Z</time>
      </trkpt>
      <trkpt lat="46.25334" lon="6.57531">
        <ele>1562.235</ele>
        <time>2025-09-30T13:26:24.000Z</time>
      </trkpt>
      <trkpt lat="46.25331" lon="6.5753">
        <ele>1563.713</ele>
        <time>2025-09-30T13:26:29.000Z</time>
      </trkpt>
      <trkpt lat="46.25327" lon="6.57529">
        <ele>1563.285</ele>
        <time>2025-09-30T13:26:34.000Z</time>
      </trkpt>
      <trkpt lat="46.25323" lon="6.57527">
        <ele>1567.237</ele>
        <time>2025-09-30T13:26:39.000Z</time>
      </trkpt>
      <trkpt lat="46.25318" lon="6.57525">
        <ele>1568.945</ele>
        <time>2025-09-30T13:26:44.000Z</time>
      </trkpt>
      <trkpt lat="46.25314" lon="6.57524">
        <ele>1569.983</ele>
        <time>2025-09-30T13:26:49.000Z</time>
      </trkpt>
      <trkpt lat="46.25312" lon="6.57521">
        <ele>1566.074</ele>
        <time>2025-09-30T13:26:54.000Z</time>
      </trkpt>
      <trkpt lat="46.2531" lon="6.57518">
        <ele>1565.757</ele>
        <time>2025-09-30T13:26:59.000Z</time>
      </trkpt>
      <trkpt lat="46.25307" lon="6.57519">
        <ele>1566.812</ele>
        <time>2025-09-30T13:27:04.000Z</time>
      </trkpt>
      <trkpt lat="46.25303" lon="6.57521">
        <ele>1564.772</ele>
        <time>2025-09-30T13:27:09.000Z</time>
      </trkpt>
      <trkpt lat="46.253" lon="6.57521">
        <ele>1567.987</ele>
        <time>2025-09-30T13:27:14.000Z</time>
      </trkpt>
      <trkpt lat="46.25298" lon="6.57519">
        <ele>1569.198</ele>
        <time>2025-09-30T13:27:19.000Z</time>
      </trkpt>
      <trkpt lat="46.25296" lon="6.57518">
        <ele>1567.655</ele>
        <time>2025-09-30T13:27:24.000Z</time>
      </trkpt>
      <trkpt lat="46.25294" lon="6.57515">
        <ele>1566.335</ele>
        <time>2025-09-30T13:27:29.000Z</time>
      </trkpt>
      <trkpt lat="46.25291" lon="6.57513">
        <ele>1564.09</ele>
        <time>2025-09-30T13:27:34.000Z</time>
      </trkpt>
      <trkpt lat="46.25289" lon="6.5751">
        <ele>1559.972</ele>
        <time>2025-09-30T13:27:39.000Z</time>
      </trkpt>
      <trkpt lat="46.25285" lon="6.57507">
        <ele>1560.71</ele>
        <time>2025-09-30T13:27:44.000Z</time>
      </trkpt>
      <trkpt lat="46.25281" lon="6.57508">
        <ele>1559.768</ele>
        <time>2025-09-30T13:27:49.000Z</time>
      </trkpt>
      <trkpt lat="46.2528" lon="6.57509">
        <ele>1560.527</ele>
        <time>2025-09-30T13:27:54.000Z</time>
      </trkpt>
      <trkpt lat="46.25278" lon="6.57509">
        <ele>1561.791</ele>
        <time>2025-09-30T13:27:59.000Z</time>
      </trkpt>
      <trkpt lat="46.25276" lon="6.57508">
        <ele>1560.78</ele>
        <time>2025-09-30T13:28:04.000Z</time>
      </trkpt>
      <trkpt lat="46.25273" lon="6.57505">
        <ele>1560.148</ele>
        <time>2025-09-30T13:28:09.000Z</time>
      </trkpt>
      <trkpt lat="46.25269" lon="6.57503">
        <ele>1560.567</ele>
        <time>2025-09-30T13:28:14.000Z</time>
      </trkpt>
      <trkpt lat="46.25265" lon="6.57503">
        <ele>1561.865</ele>
        <time>2025-09-30T13:28:19.000Z</time>
      </trkpt>
      <trkpt lat="46.25263" lon="6.57502">
        <ele>1562.54</ele>
        <time>2025-09-30T13:28:24.000Z</time>
      </trkpt>
      <trkpt lat="46.25261" lon="6.57501">
        <ele>1562.293</ele>
        <time>2025-09-30T13:28:29.000Z</time>
      </trkpt>
      <trkpt lat="46.25256" lon="6.57501">
        <ele>1563.569</ele>
        <time>2025-09-30T13:28:34.000Z</time>
      </trkpt>
      <trkpt lat="46.25252" lon="6.57502">
        <ele>1563.67</ele>
        <time>2025-09-30T13:28:39.000Z</time>
      </trkpt>
      <trkpt lat="46.25248" lon="6.575">
        <ele>1560.73</ele>
        <time>2025-09-30T13:28:44.000Z</time>
      </trkpt>
      <trkpt lat="46.25244" lon="6.57501">
        <ele>1558.212</ele>
        <time>2025-09-30T13:28:49.000Z</time>
      </trkpt>
      <trkpt lat="46.25239" lon="6.57503">
        <ele>1559.561</ele>
        <time>2025-09-30T13:28:54.000Z</time>
      </trkpt>
      <trkpt lat="46.25236" lon="6.57499">
        <ele>1561.372</ele>
        <time>2025-09-30T13:28:59.000Z</time>
      </trkpt>
      <trkpt lat="46.25234" lon="6.57497">
        <ele>1557.861</ele>
        <time>2025-09-30T13:29:04.000Z</time>
      </trkpt>
      <trkpt lat="46.25231" lon="6.57498">
        <ele>1557.68</ele>
        <time>2025-09-30T13:29:09.000Z</time>
      </trkpt>
      <trkpt lat="46.25227" lon="6.57496">
        <ele>1556.175</ele>
        <time>2025-09-30T13:29:14.000Z</time>
      </trkpt>
      <trkpt lat="46.25224" lon="6.57496">
        <ele>1552.675</ele>
        <time>2025-09-30T13:29:19.000Z</time>
      </trkpt>
      <trkpt lat="46.25221" lon="6.57495">
        <ele>1551.379</ele>
        <time>2025-09-30T13:29:24.000Z</time>
      </trkpt>
      <trkpt lat="46.25219" lon="6.57495">
        <ele>1550.922</ele>
        <time>2025-09-30T13:29:29.000Z</time>
      </trkpt>
      <trkpt lat="46.25216" lon="6.57492">
        <ele>1551.735</ele>
        <time>2025-09-30T13:29:34.000Z</time>
      </trkpt>
      <trkpt lat="46.25215" lon="6.57493">
        <ele>1552.695</ele>
        <time>2025-09-30T13:29:39.000Z</time>
      </trkpt>
      <trkpt lat="46.25214" lon="6.57493">
        <ele>1552.671</ele>
        <time>2025-09-30T13:29:44.000Z</time>
      </trkpt>
      <trkpt lat="46.25214" lon="6.57493">
        <ele>1552.645</ele>
        <time>2025-09-30T13:29:49.000Z</time>
      </trkpt>
      <trkpt lat="46.25212" lon="6.57492">
        <ele>1551.372</ele>
        <time>2025-09-30T13:29:54.000Z</time>
      </trkpt>
      <trkpt lat="46.25209" lon="6.57492">
        <ele>1551.737</ele>
        <time>2025-09-30T13:29:59.000Z</time>
      </trkpt>
      <trkpt lat="46.25205" lon="6.57493">
        <ele>1554.719</ele>
        <time>2025-09-30T13:30:04.000Z</time>
      </trkpt>
      <trkpt lat="46.25203" lon="6.57494">
        <ele>1553.598</ele>
        <time>2025-09-30T13:30:09.000Z</time>
      </trkpt>
      <trkpt lat="46.252" lon="6.57497">
        <ele>1551.41</ele>
        <time>2025-09-30T13:30:14.000Z</time>
      </trkpt>
      <trkpt lat="46.25196" lon="6.57497">
        <ele>1549.78</ele>
        <time>2025-09-30T13:30:19.000Z</time>
      </trkpt>
      <trkpt lat="46.25194" lon="6.57496">
        <ele>1548.79</ele>
        <time>2025-09-30T13:30:24.000Z</time>
      </trkpt>
      <trkpt lat="46.25192" lon="6.57496">
        <ele>1547.957</ele>
        <time>2025-09-30T13:30:29.000Z</time>
      </trkpt>
      <trkpt lat="46.25189" lon="6.57496">
        <ele>1549.336</ele>
        <time>2025-09-30T13:30:34.000Z</time>
      </trkpt>
      <trkpt lat="46.25185" lon="6.57496">
        <ele>1551.35</ele>
        <time>2025-09-30T13:30:39.000Z</time>
      </trkpt>
      <trkpt lat="46.25182" lon="6.57496">
        <ele>1549.885</ele>
        <time>2025-09-30T13:30:44.000Z</time>
      </trkpt>
      <trkpt lat="46.25179" lon="6.57497">
        <ele>1550.449</ele>
        <time>2025-09-30T13:30:49.000Z</time>
      </trkpt>
      <trkpt lat="46.25177" lon="6.575">
        <ele>1551.798</ele>
        <time>2025-09-30T13:30:54.000Z</time>
      </trkpt>
      <trkpt lat="46.25172" lon="6.57501">
        <ele>1550.564</ele>
        <time>2025-09-30T13:30:59.000Z</time>
      </trkpt>
      <trkpt lat="46.25169" lon="6.57499">
        <ele>1549.94</ele>
        <time>2025-09-30T13:31:04.000Z</time>
      </trkpt>
      <trkpt lat="46.25165" lon="6.57501">
        <ele>1550.67</ele>
        <time>2025-09-30T13:31:09.000Z</time>
      </trkpt>
      <trkpt lat="46.25162" lon="6.57501">
        <ele>1550.586</ele>
        <time>2025-09-30T13:31:14.000Z</time>
      </trkpt>
      <trkpt lat="46.25159" lon="6.57501">
        <ele>1545.643</ele>
        <time>2025-09-30T13:31:19.000Z</time>
      </trkpt>
      <trkpt lat="46.25157" lon="6.57502">
        <ele>1544.512</ele>
        <time>2025-09-30T13:31:24.000Z</time>
      </trkpt>
      <trkpt lat="46.25153" lon="6.57502">
        <ele>1544.955</ele>
        <time>2025-09-30T13:31:29.000Z</time>
      </trkpt>
      <trkpt lat="46.25149" lon="6.57502">
        <ele>1544.863</ele>
        <time>2025-09-30T13:31:34.000Z</time>
      </trkpt>
      <trkpt lat="46.25147" lon="6.57505">
        <ele>1543.656</ele>
        <time>2025-09-30T13:31:39.000Z</time>
      </trkpt>
      <trkpt lat="46.25144" lon="6.57505">
        <ele>1545.663</ele>
        <time>2025-09-30T13:31:44.000Z</time>
      </trkpt>
      <trkpt lat="46.2514" lon="6.57503">
        <ele>1547.587</ele>
        <time>2025-09-30T13:31:49.000Z</time>
      </trkpt>
      <trkpt lat="46.25137" lon="6.57504">
        <ele>1547.03</ele>
        <time>2025-09-30T13:31:54.000Z</time>
      </trkpt>
      <trkpt lat="46.25133" lon="6.57505">
        <ele>1545.287</ele>
        <time>2025-09-30T13:31:59.000Z</time>
      </trkpt>
      <trkpt lat="46.2513" lon="6.57505">
        <ele>1544.424</ele>
        <time>2025-09-30T13:32:04.000Z</time>
      </trkpt>
      <trkpt lat="46.25129" lon="6.57509">
        <ele>1544.478</ele>
        <time>2025-09-30T13:32:09.000Z</time>
      </trkpt>
      <trkpt lat="46.25126" lon="6.5751">
        <ele>1545.189</ele>
        <time>2025-09-30T13:32:14.000Z</time>
      </trkpt>
      <trkpt lat="46.25123" lon="6.57513">
        <ele>1544.407</ele>
        <time>2025-09-30T13:32:19.000Z</time>
      </trkpt>
      <trkpt lat="46.25119" lon="6.57511">
        <ele>1543.489</ele>
        <time>2025-09-30T13:32:24.000Z</time>
      </trkpt>
      <trkpt lat="46.25116" lon="6.57511">
        <ele>1545.973</ele>
        <time>2025-09-30T13:32:29.000Z</time>
      </trkpt>
      <trkpt lat="46.25113" lon="6.5751">
        <ele>1547.325</ele>
        <time>2025-09-30T13:32:34.000Z</time>
      </trkpt>
      <trkpt lat="46.2511" lon="6.57509">
        <ele>1545.901</ele>
        <time>2025-09-30T13:32:39.000Z</time>
      </trkpt>
      <trkpt lat="46.25106" lon="6.57509">
        <ele>1544.368</ele>
        <time>2025-09-30T13:32:44.000Z</time>
      </trkpt>
      <trkpt lat="46.25104" lon="6.57512">
        <ele>1544.659</ele>
        <time>2025-09-30T13:32:49.000Z</time>
      </trkpt>
      <trkpt lat="46.25101" lon="6.57514">
        <ele>1544.938</ele>
        <time>2025-09-30T13:32:54.000Z</time>
      </trkpt>
      <trkpt lat="46.25098" lon="6.57514">
        <ele>1544.311</ele>
        <time>2025-09-30T13:32:59.000Z</time>
      </trkpt>
      <trkpt lat="46.25094" lon="6.57515">
        <ele>1543.293</ele>
        <time>2025-09-30T13:33:04.000Z</time>
      </trkpt>
      <trkpt lat="46.25091" lon="6.57516">
        <ele>1543.457</ele>
        <time>2025-09-30T13:33:09.000Z</time>
      </trkpt>
      <trkpt lat="46.25088" lon="6.57517">
        <ele>1544.767</ele>
        <time>2025-09-30T13:33:14.000Z</time>
      </trkpt>
      <trkpt lat="46.25085" lon="6.57517">
        <ele>1545.326</ele>
        <time>2025-09-30T13:33:19.000Z</time>
      </trkpt>
      <trkpt lat="46.25082" lon="6.57516">
        <ele>1545.319</ele>
        <time>2025-09-30T13:33:24.000Z</time>
      </trkpt>
      <trkpt lat="46.25081" lon="6.57518">
        <ele>1544.572</ele>
        <time>2025-09-30T13:33:29.000Z</time>
      </trkpt>
      <trkpt lat="46.25075" lon="6.57518">
        <ele>1546.671</ele>
        <time>2025-09-30T13:33:34.000Z</time>
      </trkpt>
      <trkpt lat="46.25071" lon="6.57516">
        <ele>1546.578</ele>
        <time>2025-09-30T13:33:39.000Z</time>
      </trkpt>
      <trkpt lat="46.25067" lon="6.57515">
        <ele>1545.543</ele>
        <time>2025-09-30T13:33:44.000Z</time>
      </trkpt>
      <trkpt lat="46.25062" lon="6.57514">
        <ele>1546.9</ele>
        <time>2025-09-30T13:33:49.000Z</time>
      </trkpt>
      <trkpt lat="46.25059" lon="6.57513">
        <ele>1546.353</ele>
        <time>2025-09-30T13:33:54.000Z</time>
      </trkpt>
      <trkpt lat="46.25056" lon="6.57511">
        <ele>1545.372</ele>
        <time>2025-09-30T13:33:59.000Z</time>
      </trkpt>
      <trkpt lat="46.25053" lon="6.57511">
        <ele>1545.488</ele>
        <time>2025-09-30T13:34:04.000Z</time>
      </trkpt>
      <trkpt lat="46.25051" lon="6.57509">
        <ele>1544.518</ele>
        <time>2025-09-30T13:34:09.000Z</time>
      </trkpt>
      <trkpt lat="46.25048" lon="6.57509">
        <ele>1545.713</ele>
        <time>2025-09-30T13:34:14.000Z</time>
      </trkpt>
      <trkpt lat="46.25047" lon="6.57511">
        <ele>1541.932</ele>
        <time>2025-09-30T13:34:19.000Z</time>
      </trkpt>
      <trkpt lat="46.25044" lon="6.57511">
        <ele>1543.19</ele>
        <time>2025-09-30T13:34:24.000Z</time>
      </trkpt>
      <trkpt lat="46.2504" lon="6.57509">
        <ele>1543.326</ele>
        <time>2025-09-30T13:34:29.000Z</time>
      </trkpt>
      <trkpt lat="46.25036" lon="6.57512">
        <ele>1544.517</ele>
        <time>2025-09-30T13:34:34.000Z</time>
      </trkpt>
      <trkpt lat="46.25033" lon="6.57512">
        <ele>1543.164</ele>
        <time>2025-09-30T13:34:39.000Z</time>
      </trkpt>
      <trkpt lat="46.2503" lon="6.57513">
        <ele>1543.35</ele>
        <time>2025-09-30T13:34:44.000Z</time>
      </trkpt>
      <trkpt lat="46.25027" lon="6.57514">
        <ele>1542.761</ele>
        <time>2025-09-30T13:34:49.000Z</time>
      </trkpt>
      <trkpt lat="46.25024" lon="6.57513">
        <ele>1542.106</ele>
        <time>2025-09-30T13:34:54.000Z</time>
      </trkpt>
      <trkpt lat="46.25021" lon="6.57514">
        <ele>1541.579</ele>
        <time>2025-09-30T13:34:59.000Z</time>
      </trkpt>
      <trkpt lat="46.25018" lon="6.57514">
        <ele>1541.456</ele>
        <time>2025-09-30T13:35:04.000Z</time>
      </trkpt>
      <trkpt lat="46.25015" lon="6.57512">
        <ele>1542.255</ele>
        <time>2025-09-30T13:35:09.000Z</time>
      </trkpt>
      <trkpt lat="46.25012" lon="6.5751">
        <ele>1541.298</ele>
        <time>2025-09-30T13:35:14.000Z</time>
      </trkpt>
      <trkpt lat="46.25009" lon="6.5751">
        <ele>1540.175</ele>
        <time>2025-09-30T13:35:19.000Z</time>
      </trkpt>
      <trkpt lat="46.25006" lon="6.5751">
        <ele>1541.938</ele>
        <time>2025-09-30T13:35:24.000Z</time>
      </trkpt>
      <trkpt lat="46.25003" lon="6.5751">
        <ele>1542.946</ele>
        <time>2025-09-30T13:35:29.000Z</time>
      </trkpt>
      <trkpt lat="46.25001" lon="6.57512">
        <ele>1541.563</ele>
        <time>2025-09-30T13:35:34.000Z</time>
      </trkpt>
      <trkpt lat="46.24998" lon="6.57511">
        <ele>1543.037</ele>
        <time>2025-09-30T13:35:39.000Z</time>
      </trkpt>
      <trkpt lat="46.24996" lon="6.5751">
        <ele>1541.523</ele>
        <time>2025-09-30T13:35:44.000Z</time>
      </trkpt>
      <trkpt lat="46.24994" lon="6.57509">
        <ele>1540.387</ele>
        <time>2025-09-30T13:35:49.000Z</time>
      </trkpt>
      <trkpt lat="46.24991" lon="6.57508">
        <ele>1540.321</ele>
        <time>2025-09-30T13:35:54.000Z</time>
      </trkpt>
      <trkpt lat="46.24987" lon="6.57507">
        <ele>1541.278</ele>
        <time>2025-09-30T13:35:59.000Z</time>
      </trkpt>
      <trkpt lat="46.24984" lon="6.57507">
        <ele>1541.372</ele>
        <time>2025-09-30T13:36:04.000Z</time>
      </trkpt>
      <trkpt lat="46.24982" lon="6.57508">
        <ele>1541.221</ele>
        <time>2025-09-30T13:36:09.000Z</time>
      </trkpt>
      <trkpt lat="46.24979" lon="6.57508">
        <ele>1540.613</ele>
        <time>2025-09-30T13:36:14.000Z</time>
      </trkpt>
      <trkpt lat="46.24976" lon="6.57509">
        <ele>1539.428</ele>
        <time>2025-09-30T13:36:19.000Z</time>
      </trkpt>
      <trkpt lat="46.24974" lon="6.57508">
        <ele>1538.785</ele>
        <time>2025-09-30T13:36:24.000Z</time>
      </trkpt>
      <trkpt lat="46.24971" lon="6.57506">
        <ele>1538.526</ele>
        <time>2025-09-30T13:36:29.000Z</time>
      </trkpt>
      <trkpt lat="46.24968" lon="6.57507">
        <ele>1536.748</ele>
        <time>2025-09-30T13:36:34.000Z</time>
      </trkpt>
      <trkpt lat="46.24965" lon="6.57509">
        <ele>1537.004</ele>
        <time>2025-09-30T13:36:39.000Z</time>
      </trkpt>
      <trkpt lat="46.24959" lon="6.5751">
        <ele>1537.388</ele>
        <time>2025-09-30T13:36:44.000Z</time>
      </trkpt>
      <trkpt lat="46.24955" lon="6.57512">
        <ele>1537.784</ele>
        <time>2025-09-30T13:36:49.000Z</time>
      </trkpt>
      <trkpt lat="46.24952" lon="6.57514">
        <ele>1536.21</ele>
        <time>2025-09-30T13:36:54.000Z</time>
      </trkpt>
      <trkpt lat="46.24949" lon="6.57516">
        <ele>1535.744</ele>
        <time>2025-09-30T13:36:59.000Z</time>
      </trkpt>
      <trkpt lat="46.24946" lon="6.57513">
        <ele>1537.396</ele>
        <time>2025-09-30T13:37:04.000Z</time>
      </trkpt>
      <trkpt lat="46.24942" lon="6.57509">
        <ele>1537.908</ele>
        <time>2025-09-30T13:37:09.000Z</time>
      </trkpt>
      <trkpt lat="46.24938" lon="6.57507">
        <ele>1537.943</ele>
        <time>2025-09-30T13:37:14.000Z</time>
      </trkpt>
      <trkpt lat="46.24934" lon="6.57507">
        <ele>1536.034</ele>
        <time>2025-09-30T13:37:19.000Z</time>
      </trkpt>
      <trkpt lat="46.24931" lon="6.57509">
        <ele>1534.18</ele>
        <time>2025-09-30T13:37:24.000Z</time>
      </trkpt>
      <trkpt lat="46.24928" lon="6.57508">
        <ele>1535.675</ele>
        <time>2025-09-30T13:37:29.000Z</time>
      </trkpt>
      <trkpt lat="46.24926" lon="6.57506">
        <ele>1534.462</ele>
        <time>2025-09-30T13:37:34.000Z</time>
      </trkpt>
      <trkpt lat="46.24923" lon="6.57506">
        <ele>1534.846</ele>
        <time>2025-09-30T13:37:39.000Z</time>
      </trkpt>
      <trkpt lat="46.2492" lon="6.57505">
        <ele>1533.008</ele>
        <time>2025-09-30T13:37:44.000Z</time>
      </trkpt>
      <trkpt lat="46.24916" lon="6.57504">
        <ele>1533.549</ele>
        <time>2025-09-30T13:37:49.000Z</time>
      </trkpt>
      <trkpt lat="46.24913" lon="6.57507">
        <ele>1532.15</ele>
        <time>2025-09-30T13:37:54.000Z</time>
      </trkpt>
      <trkpt lat="46.2491" lon="6.57509">
        <ele>1530.55</ele>
        <time>2025-09-30T13:37:59.000Z</time>
      </trkpt>
      <trkpt lat="46.24907" lon="6.57513">
        <ele>1530.127</ele>
        <time>2025-09-30T13:38:04.000Z</time>
      </trkpt>
      <trkpt lat="46.24904" lon="6.57516">
        <ele>1529.221</ele>
        <time>2025-09-30T13:38:09.000Z</time>
      </trkpt>
      <trkpt lat="46.24899" lon="6.57517">
        <ele>1528.57</ele>
        <time>2025-09-30T13:38:14.000Z</time>
      </trkpt>
      <trkpt lat="46.24895" lon="6.57516">
        <ele>1526.75</ele>
        <time>2025-09-30T13:38:19.000Z</time>
      </trkpt>
      <trkpt lat="46.24891" lon="6.57516">
        <ele>1526.238</ele>
        <time>2025-09-30T13:38:24.000Z</time>
      </trkpt>
      <trkpt lat="46.24888" lon="6.57516">
        <ele>1526.991</ele>
        <time>2025-09-30T13:38:29.000Z</time>
      </trkpt>
      <trkpt lat="46.24885" lon="6.57516">
        <ele>1528.443</ele>
        <time>2025-09-30T13:38:34.000Z</time>
      </trkpt>
      <trkpt lat="46.24881" lon="6.57515">
        <ele>1528.487</ele>
        <time>2025-09-30T13:38:39.000Z</time>
      </trkpt>
      <trkpt lat="46.24878" lon="6.57517">
        <ele>1525.822</ele>
        <time>2025-09-30T13:38:44.000Z</time>
      </trkpt>
      <trkpt lat="46.24876" lon="6.5752">
        <ele>1523.728</ele>
        <time>2025-09-30T13:38:49.000Z</time>
      </trkpt>
      <trkpt lat="46.24873" lon="6.5752">
        <ele>1524.63</ele>
        <time>2025-09-30T13:38:54.000Z</time>
      </trkpt>
      <trkpt lat="46.24871" lon="6.5752">
        <ele>1523.756</ele>
        <time>2025-09-30T13:38:59.000Z</time>
      </trkpt>
      <trkpt lat="46.24867" lon="6.57519">
        <ele>1523.938</ele>
        <time>2025-09-30T13:39:04.000Z</time>
      </trkpt>
      <trkpt lat="46.24864" lon="6.57521">
        <ele>1521.209</ele>
        <time>2025-09-30T13:39:09.000Z</time>
      </trkpt>
      <trkpt lat="46.24862" lon="6.57524">
        <ele>1519.62</ele>
        <time>2025-09-30T13:39:14.000Z</time>
      </trkpt>
      <trkpt lat="46.24859" lon="6.57525">
        <ele>1517.786</ele>
        <time>2025-09-30T13:39:19.000Z</time>
      </trkpt>
      <trkpt lat="46.24855" lon="6.57526">
        <ele>1517.869</ele>
        <time>2025-09-30T13:39:24.000Z</time>
      </trkpt>
      <trkpt lat="46.24852" lon="6.5753">
        <ele>1515.79</ele>
        <time>2025-09-30T13:39:29.000Z</time>
      </trkpt>
      <trkpt lat="46.24849" lon="6.57534">
        <ele>1515.885</ele>
        <time>2025-09-30T13:39:34.000Z</time>
      </trkpt>
      <trkpt lat="46.24846" lon="6.57538">
        <ele>1515.167</ele>
        <time>2025-09-30T13:39:39.000Z</time>
      </trkpt>
      <trkpt lat="46.24844" lon="6.5754">
        <ele>1513.192</ele>
        <time>2025-09-30T13:39:44.000Z</time>
      </trkpt>
      <trkpt lat="46.2484" lon="6.57539">
        <ele>1513.479</ele>
        <time>2025-09-30T13:39:49.000Z</time>
      </trkpt>
      <trkpt lat="46.24838" lon="6.57543">
        <ele>1513.55</ele>
        <time>2025-09-30T13:39:54.000Z</time>
      </trkpt>
      <trkpt lat="46.24837" lon="6.57545">
        <ele>1512.305</ele>
        <time>2025-09-30T13:39:59.000Z</time>
      </trkpt>
      <trkpt lat="46.24835" lon="6.57547">
        <ele>1511.36</ele>
        <time>2025-09-30T13:40:04.000Z</time>
      </trkpt>
      <trkpt lat="46.24836" lon="6.57547">
        <ele>1511.644</ele>
        <time>2025-09-30T13:40:09.000Z</time>
      </trkpt>
      <trkpt lat="46.24836" lon="6.57547">
        <ele>1511.688</ele>
        <time>2025-09-30T13:40:14.000Z</time>
      </trkpt>
      <trkpt lat="46.24836" lon="6.57547">
        <ele>1511.195</ele>
        <time>2025-09-30T13:40:19.000Z</time>
      </trkpt>
      <trkpt lat="46.24836" lon="6.57547">
        <ele>1509.986</ele>
        <time>2025-09-30T13:40:24.000Z</time>
      </trkpt>
      <trkpt lat="46.24836" lon="6.57547">
        <ele>1508.599</ele>
        <time>2025-09-30T13:40:29.000Z</time>
      </trkpt>
      <trkpt lat="46.24836" lon="6.57547">
        <ele>1507.418</ele>
        <time>2025-09-30T13:40:34.000Z</time>
      </trkpt>
      <trkpt lat="46.24836" lon="6.57547">
        <ele>1507.828</ele>
        <time>2025-09-30T13:40:39.000Z</time>
      </trkpt>
      <trkpt lat="46.24836" lon="6.57547">
        <ele>1506.838</ele>
        <time>2025-09-30T13:40:44.000Z</time>
      </trkpt>
      <trkpt lat="46.24836" lon="6.57547">
        <ele>1507.043</ele>
        <time>2025-09-30T13:40:49.000Z</time>
      </trkpt>
      <trkpt lat="46.24823" lon="6.57546">
        <ele>1507.45</ele>
        <time>2025-09-30T13:40:54.000Z</time>
      </trkpt>
      <trkpt lat="46.24822" lon="6.57543">
        <ele>1507.393</ele>
        <time>2025-09-30T13:40:59.000Z</time>
      </trkpt>
      <trkpt lat="46.24819" lon="6.57543">
        <ele>1507.064</ele>
        <time>2025-09-30T13:41:04.000Z</time>
      </trkpt>
      <trkpt lat="46.24815" lon="6.57544">
        <ele>1506.26</ele>
        <time>2025-09-30T13:41:09.000Z</time>
      </trkpt>
      <trkpt lat="46.24812" lon="6.57547">
        <ele>1503.689</ele>
        <time>2025-09-30T13:41:14.000Z</time>
      </trkpt>
      <trkpt lat="46.24809" lon="6.5755">
        <ele>1501.614</ele>
        <time>2025-09-30T13:41:19.000Z</time>
      </trkpt>
      <trkpt lat="46.24807" lon="6.57553">
        <ele>1501.255</ele>
        <time>2025-09-30T13:41:24.000Z</time>
      </trkpt>
      <trkpt lat="46.24806" lon="6.57553">
        <ele>1499.933</ele>
        <time>2025-09-30T13:41:29.000Z</time>
      </trkpt>
      <trkpt lat="46.24805" lon="6.57551">
        <ele>1500.157</ele>
        <time>2025-09-30T13:41:34.000Z</time>
      </trkpt>
      <trkpt lat="46.24803" lon="6.57549">
        <ele>1502.432</ele>
        <time>2025-09-30T13:41:39.000Z</time>
      </trkpt>
      <trkpt lat="46.248" lon="6.57548">
        <ele>1503.177</ele>
        <time>2025-09-30T13:41:44.000Z</time>
      </trkpt>
      <trkpt lat="46.24797" lon="6.57548">
        <ele>1501.147</ele>
        <time>2025-09-30T13:41:49.000Z</time>
      </trkpt>
      <trkpt lat="46.24794" lon="6.57549">
        <ele>1501.567</ele>
        <time>2025-09-30T13:41:54.000Z</time>
      </trkpt>
      <trkpt lat="46.24792" lon="6.57547">
        <ele>1500.51</ele>
        <time>2025-09-30T13:41:59.000Z</time>
      </trkpt>
      <trkpt lat="46.24793" lon="6.57544">
        <ele>1498.595</ele>
        <time>2025-09-30T13:42:04.000Z</time>
      </trkpt>
      <trkpt lat="46.24792" lon="6.57543">
        <ele>1498.04</ele>
        <time>2025-09-30T13:42:09.000Z</time>
      </trkpt>
      <trkpt lat="46.2479" lon="6.57541">
        <ele>1498.472</ele>
        <time>2025-09-30T13:42:14.000Z</time>
      </trkpt>
      <trkpt lat="46.24789" lon="6.5754">
        <ele>1496.719</ele>
        <time>2025-09-30T13:42:19.000Z</time>
      </trkpt>
      <trkpt lat="46.24787" lon="6.57538">
        <ele>1495.358</ele>
        <time>2025-09-30T13:42:24.000Z</time>
      </trkpt>
      <trkpt lat="46.24786" lon="6.57535">
        <ele>1496.879</ele>
        <time>2025-09-30T13:42:29.000Z</time>
      </trkpt>
      <trkpt lat="46.24783" lon="6.57532">
        <ele>1498.898</ele>
        <time>2025-09-30T13:42:34.000Z</time>
      </trkpt>
      <trkpt lat="46.24781" lon="6.57531">
        <ele>1496.929</ele>
        <time>2025-09-30T13:42:39.000Z</time>
      </trkpt>
      <trkpt lat="46.2478" lon="6.57526">
        <ele>1496.289</ele>
        <time>2025-09-30T13:42:44.000Z</time>
      </trkpt>
      <trkpt lat="46.24778" lon="6.57524">
        <ele>1494.307</ele>
        <time>2025-09-30T13:42:49.000Z</time>
      </trkpt>
      <trkpt lat="46.24776" lon="6.57525">
        <ele>1493.177</ele>
        <time>2025-09-30T13:42:54.000Z</time>
      </trkpt>
      <trkpt lat="46.24775" lon="6.57521">
        <ele>1491.036</ele>
        <time>2025-09-30T13:42:59.000Z</time>
      </trkpt>
      <trkpt lat="46.24771" lon="6.57522">
        <ele>1488.169</ele>
        <time>2025-09-30T13:43:04.000Z</time>
      </trkpt>
      <trkpt lat="46.24768" lon="6.57521">
        <ele>1486.9</ele>
        <time>2025-09-30T13:43:09.000Z</time>
      </trkpt>
      <trkpt lat="46.24767" lon="6.5752">
        <ele>1483.986</ele>
        <time>2025-09-30T13:43:14.000Z</time>
      </trkpt>
      <trkpt lat="46.24766" lon="6.57518">
        <ele>1483.777</ele>
        <time>2025-09-30T13:43:19.000Z</time>
      </trkpt>
      <trkpt lat="46.24765" lon="6.57515">
        <ele>1483.807</ele>
        <time>2025-09-30T13:43:24.000Z</time>
      </trkpt>
      <trkpt lat="46.24763" lon="6.57512">
        <ele>1482.201</ele>
        <time>2025-09-30T13:43:29.000Z</time>
      </trkpt>
      <trkpt lat="46.2476" lon="6.5751">
        <ele>1480.465</ele>
        <time>2025-09-30T13:43:34.000Z</time>
      </trkpt>
      <trkpt lat="46.24758" lon="6.57509">
        <ele>1477.856</ele>
        <time>2025-09-30T13:43:39.000Z</time>
      </trkpt>
      <trkpt lat="46.24755" lon="6.57509">
        <ele>1475.626</ele>
        <time>2025-09-30T13:43:44.000Z</time>
      </trkpt>
      <trkpt lat="46.24754" lon="6.57504">
        <ele>1477.481</ele>
        <time>2025-09-30T13:43:49.000Z</time>
      </trkpt>
      <trkpt lat="46.24752" lon="6.57501">
        <ele>1476.386</ele>
        <time>2025-09-30T13:43:54.000Z</time>
      </trkpt>
      <trkpt lat="46.24752" lon="6.57501">
        <ele>1476.406</ele>
        <time>2025-09-30T13:43:59.000Z</time>
      </trkpt>
      <trkpt lat="46.24752" lon="6.57501">
        <ele>1474.356</ele>
        <time>2025-09-30T13:44:04.000Z</time>
      </trkpt>
      <trkpt lat="46.24752" lon="6.57501">
        <ele>1473.077</ele>
        <time>2025-09-30T13:44:09.000Z</time>
      </trkpt>
      <trkpt lat="46.24752" lon="6.57501">
        <ele>1472.902</ele>
        <time>2025-09-30T13:44:14.000Z</time>
      </trkpt>
      <trkpt lat="46.24752" lon="6.57501">
        <ele>1472.875</ele>
        <time>2025-09-30T13:44:19.000Z</time>
      </trkpt>
      <trkpt lat="46.24752" lon="6.57501">
        <ele>1472.582</ele>
        <time>2025-09-30T13:44:24.000Z</time>
      </trkpt>
      <trkpt lat="46.24752" lon="6.57501">
        <ele>1471.332</ele>
        <time>2025-09-30T13:44:29.000Z</time>
      </trkpt>
      <trkpt lat="46.24752" lon="6.57501">
        <ele>1471.4</ele>
        <time>2025-09-30T13:44:34.000Z</time>
      </trkpt>
      <trkpt lat="46.24752" lon="6.57501">
        <ele>1469.513</ele>
        <time>2025-09-30T13:44:39.000Z</time>
      </trkpt>
      <trkpt lat="46.24752" lon="6.57501">
        <ele>1468.411</ele>
        <time>2025-09-30T13:44:44.000Z</time>
      </trkpt>
      <trkpt lat="46.2474" lon="6.57497">
        <ele>1468.352</ele>
        <time>2025-09-30T13:44:49.000Z</time>
      </trkpt>
      <trkpt lat="46.2474" lon="6.57497">
        <ele>1468.295</ele>
        <time>2025-09-30T13:44:54.000Z</time>
      </trkpt>
      <trkpt lat="46.24738" lon="6.57496">
        <ele>1464.895</ele>
        <time>2025-09-30T13:44:59.000Z</time>
      </trkpt>
      <trkpt lat="46.24735" lon="6.57496">
        <ele>1461.245</ele>
        <time>2025-09-30T13:45:04.000Z</time>
      </trkpt>
      <trkpt lat="46.24732" lon="6.57496">
        <ele>1458.516</ele>
        <time>2025-09-30T13:45:09.000Z</time>
      </trkpt>
      <trkpt lat="46.24728" lon="6.57496">
        <ele>1456.771</ele>
        <time>2025-09-30T13:45:14.000Z</time>
      </trkpt>
      <trkpt lat="46.24725" lon="6.57495">
        <ele>1455.18</ele>
        <time>2025-09-30T13:45:19.000Z</time>
      </trkpt>
      <trkpt lat="46.24722" lon="6.57493">
        <ele>1453.665</ele>
        <time>2025-09-30T13:45:24.000Z</time>
      </trkpt>
      <trkpt lat="46.24719" lon="6.57492">
        <ele>1452.401</ele>
        <time>2025-09-30T13:45:29.000Z</time>
      </trkpt>
      <trkpt lat="46.24716" lon="6.5749">
        <ele>1449.922</ele>
        <time>2025-09-30T13:45:34.000Z</time>
      </trkpt>
      <trkpt lat="46.24713" lon="6.57488">
        <ele>1448.278</ele>
        <time>2025-09-30T13:45:39.000Z</time>
      </trkpt>
      <trkpt lat="46.24709" lon="6.57487">
        <ele>1446.175</ele>
        <time>2025-09-30T13:45:44.000Z</time>
      </trkpt>
      <trkpt lat="46.24706" lon="6.57485">
        <ele>1445.298</ele>
        <time>2025-09-30T13:45:49.000Z</time>
      </trkpt>
      <trkpt lat="46.24703" lon="6.57483">
        <ele>1444.73</ele>
        <time>2025-09-30T13:45:54.000Z</time>
      </trkpt>
      <trkpt lat="46.247" lon="6.57483">
        <ele>1443.441</ele>
        <time>2025-09-30T13:45:59.000Z</time>
      </trkpt>
      <trkpt lat="46.24696" lon="6.57483">
        <ele>1442.178</ele>
        <time>2025-09-30T13:46:04.000Z</time>
      </trkpt>
      <trkpt lat="46.24694" lon="6.57485">
        <ele>1441.362</ele>
        <time>2025-09-30T13:46:09.000Z</time>
      </trkpt>
      <trkpt lat="46.24694" lon="6.57485">
        <ele>1441.273</ele>
        <time>2025-09-30T13:46:14.000Z</time>
      </trkpt>
      <trkpt lat="46.24694" lon="6.57485">
        <ele>1441.268</ele>
        <time>2025-09-30T13:46:19.000Z</time>
      </trkpt>
      <trkpt lat="46.24694" lon="6.57485">
        <ele>1440.494</ele>
        <time>2025-09-30T13:46:24.000Z</time>
      </trkpt>
      <trkpt lat="46.24691" lon="6.57486">
        <ele>1440.793</ele>
        <time>2025-09-30T13:46:29.000Z</time>
      </trkpt>
      <trkpt lat="46.24688" lon="6.57485">
        <ele>1440.574</ele>
        <time>2025-09-30T13:46:34.000Z</time>
      </trkpt>
      <trkpt lat="46.24684" lon="6.57483">
        <ele>1440.126</ele>
        <time>2025-09-30T13:46:39.000Z</time>
      </trkpt>
      <trkpt lat="46.2468" lon="6.57481">
        <ele>1439.635</ele>
        <time>2025-09-30T13:46:44.000Z</time>
      </trkpt>
      <trkpt lat="46.24677" lon="6.57478">
        <ele>1439.094</ele>
        <time>2025-09-30T13:46:49.000Z</time>
      </trkpt>
      <trkpt lat="46.24673" lon="6.57475">
        <ele>1439.212</ele>
        <time>2025-09-30T13:46:54.000Z</time>
      </trkpt>
      <trkpt lat="46.24669" lon="6.57471">
        <ele>1437.984</ele>
        <time>2025-09-30T13:46:59.000Z</time>
      </trkpt>
      <trkpt lat="46.24669" lon="6.57468">
        <ele>1438.64</ele>
        <time>2025-09-30T13:47:04.000Z</time>
      </trkpt>
      <trkpt lat="46.24669" lon="6.57468">
        <ele>1438.677</ele>
        <time>2025-09-30T13:47:09.000Z</time>
      </trkpt>
      <trkpt lat="46.24668" lon="6.57464">
        <ele>1439.312</ele>
        <time>2025-09-30T13:47:14.000Z</time>
      </trkpt>
      <trkpt lat="46.24667" lon="6.57461">
        <ele>1439.697</ele>
        <time>2025-09-30T13:47:19.000Z</time>
      </trkpt>
      <trkpt lat="46.24667" lon="6.57459">
        <ele>1439.608</ele>
        <time>2025-09-30T13:47:24.000Z</time>
      </trkpt>
      <trkpt lat="46.24665" lon="6.57455">
        <ele>1438.916</ele>
        <time>2025-09-30T13:47:29.000Z</time>
      </trkpt>
      <trkpt lat="46.24665" lon="6.5745">
        <ele>1439.89</ele>
        <time>2025-09-30T13:47:34.000Z</time>
      </trkpt>
      <trkpt lat="46.24666" lon="6.57444">
        <ele>1440.214</ele>
        <time>2025-09-30T13:47:39.000Z</time>
      </trkpt>
      <trkpt lat="46.24666" lon="6.57444">
        <ele>1440.319</ele>
        <time>2025-09-30T13:47:44.000Z</time>
      </trkpt>
      <trkpt lat="46.24666" lon="6.57444">
        <ele>1440.325</ele>
        <time>2025-09-30T13:47:49.000Z</time>
      </trkpt>
      <trkpt lat="46.24666" lon="6.57444">
        <ele>1440.351</ele>
        <time>2025-09-30T13:47:54.000Z</time>
      </trkpt>
      <trkpt lat="46.24666" lon="6.57444">
        <ele>1440.373</ele>
        <time>2025-09-30T13:47:59.000Z</time>
      </trkpt>
      <trkpt lat="46.24666" lon="6.57444">
        <ele>1440.031</ele>
        <time>2025-09-30T13:48:04.000Z</time>
      </trkpt>
      <trkpt lat="46.24666" lon="6.57444">
        <ele>1440.037</ele>
        <time>2025-09-30T13:48:09.000Z</time>
      </trkpt>
      <trkpt lat="46.24666" lon="6.57444">
        <ele>1440.034</ele>
        <time>2025-09-30T13:48:14.000Z</time>
      </trkpt>
      <trkpt lat="46.24666" lon="6.57439">
        <ele>1440.548</ele>
        <time>2025-09-30T13:48:19.000Z</time>
      </trkpt>
      <trkpt lat="46.24667" lon="6.57433">
        <ele>1440.118</ele>
        <time>2025-09-30T13:48:24.000Z</time>
      </trkpt>
      <trkpt lat="46.24667" lon="6.57428">
        <ele>1439.249</ele>
        <time>2025-09-30T13:48:29.000Z</time>
      </trkpt>
      <trkpt lat="46.24669" lon="6.57422">
        <ele>1440.102</ele>
        <time>2025-09-30T13:48:34.000Z</time>
      </trkpt>
      <trkpt lat="46.2467" lon="6.57417">
        <ele>1439.643</ele>
        <time>2025-09-30T13:48:39.000Z</time>
      </trkpt>
      <trkpt lat="46.24671" lon="6.57412">
        <ele>1438.835</ele>
        <time>2025-09-30T13:48:44.000Z</time>
      </trkpt>
      <trkpt lat="46.24672" lon="6.57406">
        <ele>1438.401</ele>
        <time>2025-09-30T13:48:49.000Z</time>
      </trkpt>
      <trkpt lat="46.24674" lon="6.57401">
        <ele>1437.559</ele>
        <time>2025-09-30T13:48:54.000Z</time>
      </trkpt>
      <trkpt lat="46.24676" lon="6.57399">
        <ele>1437.079</ele>
        <time>2025-09-30T13:48:59.000Z</time>
      </trkpt>
      <trkpt lat="46.24678" lon="6.57397">
        <ele>1436.603</ele>
        <time>2025-09-30T13:49:04.000Z</time>
      </trkpt>
      <trkpt lat="46.24681" lon="6.57393">
        <ele>1436.161</ele>
        <time>2025-09-30T13:49:09.000Z</time>
      </trkpt>
      <trkpt lat="46.24683" lon="6.57389">
        <ele>1434.522</ele>
        <time>2025-09-30T13:49:14.000Z</time>
      </trkpt>
      <trkpt lat="46.24684" lon="6.57385">
        <ele>1433.609</ele>
        <time>2025-09-30T13:49:19.000Z</time>
      </trkpt>
      <trkpt lat="46.24688" lon="6.57381">
        <ele>1434.247</ele>
        <time>2025-09-30T13:49:24.000Z</time>
      </trkpt>
      <trkpt lat="46.2469" lon="6.57376">
        <ele>1435.298</ele>
        <time>2025-09-30T13:49:29.000Z</time>
      </trkpt>
      <trkpt lat="46.24693" lon="6.57371">
        <ele>1437.47</ele>
        <time>2025-09-30T13:49:34.000Z</time>
      </trkpt>
      <trkpt lat="46.24695" lon="6.5737">
        <ele>1437.132</ele>
        <time>2025-09-30T13:49:39.000Z</time>
      </trkpt>
      <trkpt lat="46.24697" lon="6.57367">
        <ele>1436.464</ele>
        <time>2025-09-30T13:49:44.000Z</time>
      </trkpt>
      <trkpt lat="46.247" lon="6.57362">
        <ele>1431.828</ele>
        <time>2025-09-30T13:49:49.000Z</time>
      </trkpt>
      <trkpt lat="46.24703" lon="6.57357">
        <ele>1431.098</ele>
        <time>2025-09-30T13:49:54.000Z</time>
      </trkpt>
      <trkpt lat="46.24708" lon="6.57353">
        <ele>1431.617</ele>
        <time>2025-09-30T13:49:59.000Z</time>
      </trkpt>
      <trkpt lat="46.24711" lon="6.57347">
        <ele>1430.934</ele>
        <time>2025-09-30T13:50:04.000Z</time>
      </trkpt>
      <trkpt lat="46.24711" lon="6.57341">
        <ele>1429.499</ele>
        <time>2025-09-30T13:50:09.000Z</time>
      </trkpt>
      <trkpt lat="46.24712" lon="6.57335">
        <ele>1429.595</ele>
        <time>2025-09-30T13:50:14.000Z</time>
      </trkpt>
      <trkpt lat="46.24715" lon="6.57329">
        <ele>1430.502</ele>
        <time>2025-09-30T13:50:19.000Z</time>
      </trkpt>
      <trkpt lat="46.24718" lon="6.57324">
        <ele>1431.32</ele>
        <time>2025-09-30T13:50:24.000Z</time>
      </trkpt>
      <trkpt lat="46.24721" lon="6.57319">
        <ele>1430.045</ele>
        <time>2025-09-30T13:50:29.000Z</time>
      </trkpt>
      <trkpt lat="46.24723" lon="6.57314">
        <ele>1429.067</ele>
        <time>2025-09-30T13:50:34.000Z</time>
      </trkpt>
      <trkpt lat="46.24725" lon="6.57309">
        <ele>1427.798</ele>
        <time>2025-09-30T13:50:39.000Z</time>
      </trkpt>
      <trkpt lat="46.24728" lon="6.57308">
        <ele>1423.784</ele>
        <time>2025-09-30T13:50:44.000Z</time>
      </trkpt>
      <trkpt lat="46.2473" lon="6.57303">
        <ele>1421.209</ele>
        <time>2025-09-30T13:50:49.000Z</time>
      </trkpt>
      <trkpt lat="46.24734" lon="6.57299">
        <ele>1423.379</ele>
        <time>2025-09-30T13:50:54.000Z</time>
      </trkpt>
      <trkpt lat="46.24737" lon="6.57294">
        <ele>1421.156</ele>
        <time>2025-09-30T13:50:59.000Z</time>
      </trkpt>
      <trkpt lat="46.24738" lon="6.57289">
        <ele>1417.126</ele>
        <time>2025-09-30T13:51:04.000Z</time>
      </trkpt>
      <trkpt lat="46.24739" lon="6.57285">
        <ele>1417.544</ele>
        <time>2025-09-30T13:51:09.000Z</time>
      </trkpt>
      <trkpt lat="46.24743" lon="6.57283">
        <ele>1417.26</ele>
        <time>2025-09-30T13:51:14.000Z</time>
      </trkpt>
      <trkpt lat="46.24745" lon="6.57281">
        <ele>1415.993</ele>
        <time>2025-09-30T13:51:19.000Z</time>
      </trkpt>
      <trkpt lat="46.24747" lon="6.57276">
        <ele>1415.983</ele>
        <time>2025-09-30T13:51:24.000Z</time>
      </trkpt>
      <trkpt lat="46.24749" lon="6.57273">
        <ele>1415.573</ele>
        <time>2025-09-30T13:51:29.000Z</time>
      </trkpt>
      <trkpt lat="46.24751" lon="6.5727">
        <ele>1415.579</ele>
        <time>2025-09-30T13:51:34.000Z</time>
      </trkpt>
      <trkpt lat="46.24752" lon="6.57265">
        <ele>1414.888</ele>
        <time>2025-09-30T13:51:39.000Z</time>
      </trkpt>
      <trkpt lat="46.24754" lon="6.57261">
        <ele>1414.126</ele>
        <time>2025-09-30T13:51:44.000Z</time>
      </trkpt>
      <trkpt lat="46.24756" lon="6.57257">
        <ele>1413.274</ele>
        <time>2025-09-30T13:51:49.000Z</time>
      </trkpt>
      <trkpt lat="46.24759" lon="6.57254">
        <ele>1412.823</ele>
        <time>2025-09-30T13:51:54.000Z</time>
      </trkpt>
      <trkpt lat="46.24762" lon="6.57253">
        <ele>1413.78</ele>
        <time>2025-09-30T13:51:59.000Z</time>
      </trkpt>
      <trkpt lat="46.24764" lon="6.57251">
        <ele>1412.811</ele>
        <time>2025-09-30T13:52:04.000Z</time>
      </trkpt>
      <trkpt lat="46.24766" lon="6.57247">
        <ele>1410.18</ele>
        <time>2025-09-30T13:52:09.000Z</time>
      </trkpt>
      <trkpt lat="46.24768" lon="6.57244">
        <ele>1408.563</ele>
        <time>2025-09-30T13:52:14.000Z</time>
      </trkpt>
      <trkpt lat="46.24771" lon="6.57243">
        <ele>1406.565</ele>
        <time>2025-09-30T13:52:19.000Z</time>
      </trkpt>
      <trkpt lat="46.24773" lon="6.57241">
        <ele>1406.665</ele>
        <time>2025-09-30T13:52:24.000Z</time>
      </trkpt>
      <trkpt lat="46.24775" lon="6.57238">
        <ele>1407.829</ele>
        <time>2025-09-30T13:52:29.000Z</time>
      </trkpt>
      <trkpt lat="46.24777" lon="6.57236">
        <ele>1408.178</ele>
        <time>2025-09-30T13:52:34.000Z</time>
      </trkpt>
      <trkpt lat="46.24781" lon="6.57235">
        <ele>1406.999</ele>
        <time>2025-09-30T13:52:39.000Z</time>
      </trkpt>
      <trkpt lat="46.24785" lon="6.57234">
        <ele>1406.243</ele>
        <time>2025-09-30T13:52:44.000Z</time>
      </trkpt>
      <trkpt lat="46.24788" lon="6.57231">
        <ele>1405.112</ele>
        <time>2025-09-30T13:52:49.000Z</time>
      </trkpt>
      <trkpt lat="46.2479" lon="6.57227">
        <ele>1402.989</ele>
        <time>2025-09-30T13:52:54.000Z</time>
      </trkpt>
      <trkpt lat="46.24793" lon="6.57226">
        <ele>1401.413</ele>
        <time>2025-09-30T13:52:59.000Z</time>
      </trkpt>
      <trkpt lat="46.24797" lon="6.57224">
        <ele>1402.43</ele>
        <time>2025-09-30T13:53:04.000Z</time>
      </trkpt>
      <trkpt lat="46.248" lon="6.57222">
        <ele>1402.761</ele>
        <time>2025-09-30T13:53:09.000Z</time>
      </trkpt>
      <trkpt lat="46.24802" lon="6.5722">
        <ele>1403.251</ele>
        <time>2025-09-30T13:53:14.000Z</time>
      </trkpt>
      <trkpt lat="46.24804" lon="6.5722">
        <ele>1402.546</ele>
        <time>2025-09-30T13:53:19.000Z</time>
      </trkpt>
      <trkpt lat="46.24806" lon="6.57217">
        <ele>1404.261</ele>
        <time>2025-09-30T13:53:24.000Z</time>
      </trkpt>
      <trkpt lat="46.24808" lon="6.57215">
        <ele>1402.997</ele>
        <time>2025-09-30T13:53:29.000Z</time>
      </trkpt>
      <trkpt lat="46.2481" lon="6.57213">
        <ele>1402.044</ele>
        <time>2025-09-30T13:53:34.000Z</time>
      </trkpt>
      <trkpt lat="46.24812" lon="6.5721">
        <ele>1400.62</ele>
        <time>2025-09-30T13:53:39.000Z</time>
      </trkpt>
      <trkpt lat="46.24816" lon="6.57206">
        <ele>1398.045</ele>
        <time>2025-09-30T13:53:44.000Z</time>
      </trkpt>
      <trkpt lat="46.24818" lon="6.57202">
        <ele>1395.698</ele>
        <time>2025-09-30T13:53:49.000Z</time>
      </trkpt>
      <trkpt lat="46.2482" lon="6.572">
        <ele>1394.48</ele>
        <time>2025-09-30T13:53:54.000Z</time>
      </trkpt>
      <trkpt lat="46.24824" lon="6.57198">
        <ele>1393.985</ele>
        <time>2025-09-30T13:53:59.000Z</time>
      </trkpt>
      <trkpt lat="46.24825" lon="6.57197">
        <ele>1394.48</ele>
        <time>2025-09-30T13:54:04.000Z</time>
      </trkpt>
      <trkpt lat="46.24827" lon="6.57195">
        <ele>1394.776</ele>
        <time>2025-09-30T13:54:09.000Z</time>
      </trkpt>
      <trkpt lat="46.24829" lon="6.57192">
        <ele>1394.447</ele>
        <time>2025-09-30T13:54:14.000Z</time>
      </trkpt>
      <trkpt lat="46.24831" lon="6.57187">
        <ele>1393.355</ele>
        <time>2025-09-30T13:54:19.000Z</time>
      </trkpt>
      <trkpt lat="46.24832" lon="6.57182">
        <ele>1392.681</ele>
        <time>2025-09-30T13:54:24.000Z</time>
      </trkpt>
      <trkpt lat="46.24833" lon="6.57179">
        <ele>1390.408</ele>
        <time>2025-09-30T13:54:29.000Z</time>
      </trkpt>
      <trkpt lat="46.24835" lon="6.57176">
        <ele>1389.795</ele>
        <time>2025-09-30T13:54:34.000Z</time>
      </trkpt>
      <trkpt lat="46.24835" lon="6.57172">
        <ele>1386.837</ele>
        <time>2025-09-30T13:54:39.000Z</time>
      </trkpt>
      <trkpt lat="46.24835" lon="6.57167">
        <ele>1388.049</ele>
        <time>2025-09-30T13:54:44.000Z</time>
      </trkpt>
      <trkpt lat="46.24837" lon="6.57162">
        <ele>1389.433</ele>
        <time>2025-09-30T13:54:49.000Z</time>
      </trkpt>
      <trkpt lat="46.2484" lon="6.57161">
        <ele>1391.275</ele>
        <time>2025-09-30T13:54:54.000Z</time>
      </trkpt>
      <trkpt lat="46.2484" lon="6.57157">
        <ele>1390.182</ele>
        <time>2025-09-30T13:54:59.000Z</time>
      </trkpt>
      <trkpt lat="46.24844" lon="6.57158">
        <ele>1387.296</ele>
        <time>2025-09-30T13:55:04.000Z</time>
      </trkpt>
      <trkpt lat="46.24846" lon="6.57155">
        <ele>1383.492</ele>
        <time>2025-09-30T13:55:09.000Z</time>
      </trkpt>
      <trkpt lat="46.24848" lon="6.57153">
        <ele>1381.461</ele>
        <time>2025-09-30T13:55:14.000Z</time>
      </trkpt>
      <trkpt lat="46.24851" lon="6.5715">
        <ele>1381.261</ele>
        <time>2025-09-30T13:55:19.000Z</time>
      </trkpt>
      <trkpt lat="46.24855" lon="6.57147">
        <ele>1380.044</ele>
        <time>2025-09-30T13:55:24.000Z</time>
      </trkpt>
      <trkpt lat="46.24857" lon="6.57142">
        <ele>1380.574</ele>
        <time>2025-09-30T13:55:29.000Z</time>
      </trkpt>
      <trkpt lat="46.2486" lon="6.5714">
        <ele>1380.458</ele>
        <time>2025-09-30T13:55:34.000Z</time>
      </trkpt>
      <trkpt lat="46.24863" lon="6.57138">
        <ele>1380.286</ele>
        <time>2025-09-30T13:55:39.000Z</time>
      </trkpt>
      <trkpt lat="46.24865" lon="6.57136">
        <ele>1378.795</ele>
        <time>2025-09-30T13:55:44.000Z</time>
      </trkpt>
      <trkpt lat="46.24867" lon="6.57132">
        <ele>1376.475</ele>
        <time>2025-09-30T13:55:49.000Z</time>
      </trkpt>
      <trkpt lat="46.24871" lon="6.5713">
        <ele>1378.07</ele>
        <time>2025-09-30T13:55:54.000Z</time>
      </trkpt>
      <trkpt lat="46.24874" lon="6.57129">
        <ele>1374.582</ele>
        <time>2025-09-30T13:55:59.000Z</time>
      </trkpt>
      <trkpt lat="46.24876" lon="6.57125">
        <ele>1374.867</ele>
        <time>2025-09-30T13:56:04.000Z</time>
      </trkpt>
      <trkpt lat="46.24876" lon="6.57119">
        <ele>1373.602</ele>
        <time>2025-09-30T13:56:09.000Z</time>
      </trkpt>
      <trkpt lat="46.24875" lon="6.57111">
        <ele>1372.59</ele>
        <time>2025-09-30T13:56:14.000Z</time>
      </trkpt>
      <trkpt lat="46.24872" lon="6.57106">
        <ele>1373.671</ele>
        <time>2025-09-30T13:56:19.000Z</time>
      </trkpt>
      <trkpt lat="46.2487" lon="6.57103">
        <ele>1373.248</ele>
        <time>2025-09-30T13:56:24.000Z</time>
      </trkpt>
      <trkpt lat="46.24868" lon="6.57095">
        <ele>1375.166</ele>
        <time>2025-09-30T13:56:29.000Z</time>
      </trkpt>
      <trkpt lat="46.24866" lon="6.5709">
        <ele>1372.789</ele>
        <time>2025-09-30T13:56:34.000Z</time>
      </trkpt>
      <trkpt lat="46.24865" lon="6.57086">
        <ele>1371.174</ele>
        <time>2025-09-30T13:56:39.000Z</time>
      </trkpt>
      <trkpt lat="46.24863" lon="6.57082">
        <ele>1369.373</ele>
        <time>2025-09-30T13:56:44.000Z</time>
      </trkpt>
      <trkpt lat="46.24862" lon="6.57079">
        <ele>1368.953</ele>
        <time>2025-09-30T13:56:49.000Z</time>
      </trkpt>
      <trkpt lat="46.24861" lon="6.57076">
        <ele>1367.723</ele>
        <time>2025-09-30T13:56:54.000Z</time>
      </trkpt>
      <trkpt lat="46.2486" lon="6.57073">
        <ele>1366.527</ele>
        <time>2025-09-30T13:56:59.000Z</time>
      </trkpt>
      <trkpt lat="46.24858" lon="6.57068">
        <ele>1365.366</ele>
        <time>2025-09-30T13:57:04.000Z</time>
      </trkpt>
      <trkpt lat="46.24855" lon="6.57064">
        <ele>1363.887</ele>
        <time>2025-09-30T13:57:09.000Z</time>
      </trkpt>
      <trkpt lat="46.24853" lon="6.57059">
        <ele>1361.474</ele>
        <time>2025-09-30T13:57:14.000Z</time>
      </trkpt>
      <trkpt lat="46.2485" lon="6.57056">
        <ele>1361.022</ele>
        <time>2025-09-30T13:57:19.000Z</time>
      </trkpt>
      <trkpt lat="46.24849" lon="6.57051">
        <ele>1361.942</ele>
        <time>2025-09-30T13:57:24.000Z</time>
      </trkpt>
      <trkpt lat="46.24851" lon="6.57048">
        <ele>1358.43</ele>
        <time>2025-09-30T13:57:29.000Z</time>
      </trkpt>
      <trkpt lat="46.24852" lon="6.57045">
        <ele>1354.25</ele>
        <time>2025-09-30T13:57:34.000Z</time>
      </trkpt>
      <trkpt lat="46.24852" lon="6.5704">
        <ele>1353.278</ele>
        <time>2025-09-30T13:57:39.000Z</time>
      </trkpt>
      <trkpt lat="46.24852" lon="6.57036">
        <ele>1355.417</ele>
        <time>2025-09-30T13:57:44.000Z</time>
      </trkpt>
      <trkpt lat="46.2485" lon="6.57032">
        <ele>1354.859</ele>
        <time>2025-09-30T13:57:49.000Z</time>
      </trkpt>
      <trkpt lat="46.24849" lon="6.57027">
        <ele>1354.326</ele>
        <time>2025-09-30T13:57:54.000Z</time>
      </trkpt>
      <trkpt lat="46.24847" lon="6.57023">
        <ele>1354.207</ele>
        <time>2025-09-30T13:57:59.000Z</time>
      </trkpt>
      <trkpt lat="46.24846" lon="6.57017">
        <ele>1353.717</ele>
        <time>2025-09-30T13:58:04.000Z</time>
      </trkpt>
      <trkpt lat="46.24845" lon="6.57012">
        <ele>1354.067</ele>
        <time>2025-09-30T13:58:09.000Z</time>
      </trkpt>
      <trkpt lat="46.24846" lon="6.57006">
        <ele>1354.757</ele>
        <time>2025-09-30T13:58:14.000Z</time>
      </trkpt>
      <trkpt lat="46.24847" lon="6.57003">
        <ele>1353.426</ele>
        <time>2025-09-30T13:58:19.000Z</time>
      </trkpt>
      <trkpt lat="46.24846" lon="6.57">
        <ele>1351.284</ele>
        <time>2025-09-30T13:58:24.000Z</time>
      </trkpt>
      <trkpt lat="46.24846" lon="6.56995">
        <ele>1349.346</ele>
        <time>2025-09-30T13:58:29.000Z</time>
      </trkpt>
      <trkpt lat="46.24846" lon="6.56991">
        <ele>1349.227</ele>
        <time>2025-09-30T13:58:34.000Z</time>
      </trkpt>
      <trkpt lat="46.24845" lon="6.56988">
        <ele>1346.244</ele>
        <time>2025-09-30T13:58:39.000Z</time>
      </trkpt>
      <trkpt lat="46.24844" lon="6.56984">
        <ele>1344.291</ele>
        <time>2025-09-30T13:58:44.000Z</time>
      </trkpt>
      <trkpt lat="46.24843" lon="6.56978">
        <ele>1345.582</ele>
        <time>2025-09-30T13:58:49.000Z</time>
      </trkpt>
      <trkpt lat="46.24841" lon="6.56974">
        <ele>1346.704</ele>
        <time>2025-09-30T13:58:54.000Z</time>
      </trkpt>
      <trkpt lat="46.24841" lon="6.56968">
        <ele>1345.886</ele>
        <time>2025-09-30T13:58:59.000Z</time>
      </trkpt>
      <trkpt lat="46.24841" lon="6.56964">
        <ele>1346.481</ele>
        <time>2025-09-30T13:59:04.000Z</time>
      </trkpt>
      <trkpt lat="46.24841" lon="6.56958">
        <ele>1344.982</ele>
        <time>2025-09-30T13:59:09.000Z</time>
      </trkpt>
      <trkpt lat="46.24842" lon="6.56954">
        <ele>1343.794</ele>
        <time>2025-09-30T13:59:14.000Z</time>
      </trkpt>
      <trkpt lat="46.24842" lon="6.56953">
        <ele>1343.895</ele>
        <time>2025-09-30T13:59:19.000Z</time>
      </trkpt>
      <trkpt lat="46.24842" lon="6.56953">
        <ele>1343.89</ele>
        <time>2025-09-30T13:59:24.000Z</time>
      </trkpt>
      <trkpt lat="46.24842" lon="6.56951">
        <ele>1342.736</ele>
        <time>2025-09-30T13:59:29.000Z</time>
      </trkpt>
      <trkpt lat="46.24841" lon="6.56947">
        <ele>1340.921</ele>
        <time>2025-09-30T13:59:34.000Z</time>
      </trkpt>
      <trkpt lat="46.24841" lon="6.56944">
        <ele>1341.265</ele>
        <time>2025-09-30T13:59:39.000Z</time>
      </trkpt>
      <trkpt lat="46.24841" lon="6.5694">
        <ele>1339.916</ele>
        <time>2025-09-30T13:59:44.000Z</time>
      </trkpt>
      <trkpt lat="46.24841" lon="6.56935">
        <ele>1339.472</ele>
        <time>2025-09-30T13:59:49.000Z</time>
      </trkpt>
      <trkpt lat="46.2484" lon="6.56931">
        <ele>1337.924</ele>
        <time>2025-09-30T13:59:54.000Z</time>
      </trkpt>
      <trkpt lat="46.24839" lon="6.56926">
        <ele>1337.391</ele>
        <time>2025-09-30T13:59:59.000Z</time>
      </trkpt>
      <trkpt lat="46.24839" lon="6.5692">
        <ele>1337.057</ele>
        <time>2025-09-30T14:00:04.000Z</time>
      </trkpt>
      <trkpt lat="46.24839" lon="6.56915">
        <ele>1336.188</ele>
        <time>2025-09-30T14:00:09.000Z</time>
      </trkpt>
      <trkpt lat="46.2484" lon="6.56911">
        <ele>1336.157</ele>
        <time>2025-09-30T14:00:14.000Z</time>
      </trkpt>
      <trkpt lat="46.24842" lon="6.56908">
        <ele>1334.41</ele>
        <time>2025-09-30T14:00:19.000Z</time>
      </trkpt>
      <trkpt lat="46.24845" lon="6.56907">
        <ele>1332.084</ele>
        <time>2025-09-30T14:00:24.000Z</time>
      </trkpt>
      <trkpt lat="46.24848" lon="6.56904">
        <ele>1329.399</ele>
        <time>2025-09-30T14:00:29.000Z</time>
      </trkpt>
      <trkpt lat="46.24851" lon="6.569">
        <ele>1327.161</ele>
        <time>2025-09-30T14:00:34.000Z</time>
      </trkpt>
      <trkpt lat="46.24852" lon="6.56897">
        <ele>1325.949</ele>
        <time>2025-09-30T14:00:39.000Z</time>
      </trkpt>
      <trkpt lat="46.24853" lon="6.56892">
        <ele>1325.757</ele>
        <time>2025-09-30T14:00:44.000Z</time>
      </trkpt>
      <trkpt lat="46.24854" lon="6.56887">
        <ele>1325.446</ele>
        <time>2025-09-30T14:00:49.000Z</time>
      </trkpt>
      <trkpt lat="46.24854" lon="6.56881">
        <ele>1322.887</ele>
        <time>2025-09-30T14:00:54.000Z</time>
      </trkpt>
      <trkpt lat="46.24852" lon="6.56878">
        <ele>1321.872</ele>
        <time>2025-09-30T14:00:59.000Z</time>
      </trkpt>
      <trkpt lat="46.24852" lon="6.56878">
        <ele>1321.701</ele>
        <time>2025-09-30T14:01:04.000Z</time>
      </trkpt>
      <trkpt lat="46.2485" lon="6.56872">
        <ele>1320.65</ele>
        <time>2025-09-30T14:01:09.000Z</time>
      </trkpt>
      <trkpt lat="46.24848" lon="6.56866">
        <ele>1319.969</ele>
        <time>2025-09-30T14:01:14.000Z</time>
      </trkpt>
      <trkpt lat="46.24847" lon="6.5686">
        <ele>1319.607</ele>
        <time>2025-09-30T14:01:19.000Z</time>
      </trkpt>
      <trkpt lat="46.24846" lon="6.56854">
        <ele>1318.374</ele>
        <time>2025-09-30T14:01:24.000Z</time>
      </trkpt>
      <trkpt lat="46.24845" lon="6.56849">
        <ele>1316.649</ele>
        <time>2025-09-30T14:01:29.000Z</time>
      </trkpt>
      <trkpt lat="46.24843" lon="6.56843">
        <ele>1316.185</ele>
        <time>2025-09-30T14:01:34.000Z</time>
      </trkpt>
      <trkpt lat="46.24843" lon="6.56838">
        <ele>1314.563</ele>
        <time>2025-09-30T14:01:39.000Z</time>
      </trkpt>
      <trkpt lat="46.24843" lon="6.56833">
        <ele>1313.346</ele>
        <time>2025-09-30T14:01:44.000Z</time>
      </trkpt>
      <trkpt lat="46.24842" lon="6.56828">
        <ele>1313.234</ele>
        <time>2025-09-30T14:01:49.000Z</time>
      </trkpt>
      <trkpt lat="46.24841" lon="6.56822">
        <ele>1313.583</ele>
        <time>2025-09-30T14:01:54.000Z</time>
      </trkpt>
      <trkpt lat="46.24841" lon="6.56816">
        <ele>1313.488</ele>
        <time>2025-09-30T14:01:59.000Z</time>
      </trkpt>
      <trkpt lat="46.24841" lon="6.56811">
        <ele>1313.079</ele>
        <time>2025-09-30T14:02:04.000Z</time>
      </trkpt>
      <trkpt lat="46.24841" lon="6.56811">
        <ele>1313.547</ele>
        <time>2025-09-30T14:02:09.000Z</time>
      </trkpt>
      <trkpt lat="46.24841" lon="6.56811">
        <ele>1313.548</ele>
        <time>2025-09-30T14:02:14.000Z</time>
      </trkpt>
      <trkpt lat="46.24841" lon="6.56811">
        <ele>1313.542</ele>
        <time>2025-09-30T14:02:19.000Z</time>
      </trkpt>
      <trkpt lat="46.24841" lon="6.56811">
        <ele>1313.73</ele>
        <time>2025-09-30T14:02:24.000Z</time>
      </trkpt>
      <trkpt lat="46.24842" lon="6.56806">
        <ele>1312.532</ele>
        <time>2025-09-30T14:02:29.000Z</time>
      </trkpt>
      <trkpt lat="46.24843" lon="6.56801">
        <ele>1312.524</ele>
        <time>2025-09-30T14:02:34.000Z</time>
      </trkpt>
      <trkpt lat="46.24842" lon="6.56794">
        <ele>1310.567</ele>
        <time>2025-09-30T14:02:39.000Z</time>
      </trkpt>
      <trkpt lat="46.2484" lon="6.56789">
        <ele>1310.054</ele>
        <time>2025-09-30T14:02:44.000Z</time>
      </trkpt>
      <trkpt lat="46.24838" lon="6.56785">
        <ele>1308.803</ele>
        <time>2025-09-30T14:02:49.000Z</time>
      </trkpt>
      <trkpt lat="46.24836" lon="6.56779">
        <ele>1307.765</ele>
        <time>2025-09-30T14:02:54.000Z</time>
      </trkpt>
      <trkpt lat="46.24836" lon="6.56774">
        <ele>1307.319</ele>
        <time>2025-09-30T14:02:59.000Z</time>
      </trkpt>
      <trkpt lat="46.24835" lon="6.56768">
        <ele>1306.943</ele>
        <time>2025-09-30T14:03:04.000Z</time>
      </trkpt>
      <trkpt lat="46.24835" lon="6.56762">
        <ele>1306.767</ele>
        <time>2025-09-30T14:03:09.000Z</time>
      </trkpt>
      <trkpt lat="46.24835" lon="6.56757">
        <ele>1306.982</ele>
        <time>2025-09-30T14:03:14.000Z</time>
      </trkpt>
      <trkpt lat="46.24835" lon="6.5675">
        <ele>1307.491</ele>
        <time>2025-09-30T14:03:19.000Z</time>
      </trkpt>
      <trkpt lat="46.24835" lon="6.56745">
        <ele>1306.739</ele>
        <time>2025-09-30T14:03:24.000Z</time>
      </trkpt>
      <trkpt lat="46.24833" lon="6.56739">
        <ele>1307.257</ele>
        <time>2025-09-30T14:03:29.000Z</time>
      </trkpt>
      <trkpt lat="46.24829" lon="6.56735">
        <ele>1306.275</ele>
        <time>2025-09-30T14:03:34.000Z</time>
      </trkpt>
      <trkpt lat="46.24824" lon="6.56735">
        <ele>1303.934</ele>
        <time>2025-09-30T14:03:39.000Z</time>
      </trkpt>
      <trkpt lat="46.2482" lon="6.56734">
        <ele>1303.526</ele>
        <time>2025-09-30T14:03:44.000Z</time>
      </trkpt>
      <trkpt lat="46.24817" lon="6.56732">
        <ele>1302.659</ele>
        <time>2025-09-30T14:03:49.000Z</time>
      </trkpt>
      <trkpt lat="46.24814" lon="6.56732">
        <ele>1302.122</ele>
        <time>2025-09-30T14:03:54.000Z</time>
      </trkpt>
      <trkpt lat="46.24811" lon="6.56732">
        <ele>1300.195</ele>
        <time>2025-09-30T14:03:59.000Z</time>
      </trkpt>
      <trkpt lat="46.24808" lon="6.56732">
        <ele>1300.812</ele>
        <time>2025-09-30T14:04:04.000Z</time>
      </trkpt>
      <trkpt lat="46.24805" lon="6.56731">
        <ele>1300.274</ele>
        <time>2025-09-30T14:04:09.000Z</time>
      </trkpt>
      <trkpt lat="46.24802" lon="6.5673">
        <ele>1300.594</ele>
        <time>2025-09-30T14:04:14.000Z</time>
      </trkpt>
      <trkpt lat="46.24799" lon="6.56729">
        <ele>1299.735</ele>
        <time>2025-09-30T14:04:19.000Z</time>
      </trkpt>
      <trkpt lat="46.24796" lon="6.56728">
        <ele>1297.945</ele>
        <time>2025-09-30T14:04:24.000Z</time>
      </trkpt>
      <trkpt lat="46.24793" lon="6.56729">
        <ele>1297.904</ele>
        <time>2025-09-30T14:04:29.000Z</time>
      </trkpt>
      <trkpt lat="46.2479" lon="6.56729">
        <ele>1297.688</ele>
        <time>2025-09-30T14:04:34.000Z</time>
      </trkpt>
      <trkpt lat="46.24787" lon="6.56728">
        <ele>1295.093</ele>
        <time>2025-09-30T14:04:39.000Z</time>
      </trkpt>
      <trkpt lat="46.24784" lon="6.56729">
        <ele>1293.268</ele>
        <time>2025-09-30T14:04:44.000Z</time>
      </trkpt>
      <trkpt lat="46.24781" lon="6.56728">
        <ele>1291.98</ele>
        <time>2025-09-30T14:04:49.000Z</time>
      </trkpt>
      <trkpt lat="46.24778" lon="6.56728">
        <ele>1291.068</ele>
        <time>2025-09-30T14:04:54.000Z</time>
      </trkpt>
      <trkpt lat="46.24774" lon="6.5673">
        <ele>1289.905</ele>
        <time>2025-09-30T14:04:59.000Z</time>
      </trkpt>
      <trkpt lat="46.24771" lon="6.56731">
        <ele>1289.904</ele>
        <time>2025-09-30T14:05:04.000Z</time>
      </trkpt>
      <trkpt lat="46.24771" lon="6.5673">
        <ele>1290.285</ele>
        <time>2025-09-30T14:05:09.000Z</time>
      </trkpt>
      <trkpt lat="46.2477" lon="6.5673">
        <ele>1290.174</ele>
        <time>2025-09-30T14:05:14.000Z</time>
      </trkpt>
      <trkpt lat="46.24771" lon="6.56723">
        <ele>1289.884</ele>
        <time>2025-09-30T14:05:19.000Z</time>
      </trkpt>
      <trkpt lat="46.24773" lon="6.56717">
        <ele>1288.928</ele>
        <time>2025-09-30T14:05:24.000Z</time>
      </trkpt>
      <trkpt lat="46.24776" lon="6.5671">
        <ele>1289.626</ele>
        <time>2025-09-30T14:05:29.000Z</time>
      </trkpt>
      <trkpt lat="46.24778" lon="6.56703">
        <ele>1289.065</ele>
        <time>2025-09-30T14:05:34.000Z</time>
      </trkpt>
      <trkpt lat="46.24778" lon="6.56695">
        <ele>1289.146</ele>
        <time>2025-09-30T14:05:39.000Z</time>
      </trkpt>
      <trkpt lat="46.24781" lon="6.56689">
        <ele>1290.966</ele>
        <time>2025-09-30T14:05:44.000Z</time>
      </trkpt>
      <trkpt lat="46.24783" lon="6.56682">
        <ele>1291.819</ele>
        <time>2025-09-30T14:05:49.000Z</time>
      </trkpt>
      <trkpt lat="46.24784" lon="6.56676">
        <ele>1293.164</ele>
        <time>2025-09-30T14:05:54.000Z</time>
      </trkpt>
      <trkpt lat="46.24787" lon="6.56672">
        <ele>1293.839</ele>
        <time>2025-09-30T14:05:59.000Z</time>
      </trkpt>
      <trkpt lat="46.24792" lon="6.56669">
        <ele>1295.814</ele>
        <time>2025-09-30T14:06:04.000Z</time>
      </trkpt>
      <trkpt lat="46.24796" lon="6.56664">
        <ele>1297.442</ele>
        <time>2025-09-30T14:06:09.000Z</time>
      </trkpt>
      <trkpt lat="46.248" lon="6.5666">
        <ele>1297.073</ele>
        <time>2025-09-30T14:06:14.000Z</time>
      </trkpt>
      <trkpt lat="46.24804" lon="6.56656">
        <ele>1296.552</ele>
        <time>2025-09-30T14:06:19.000Z</time>
      </trkpt>
      <trkpt lat="46.24805" lon="6.56651">
        <ele>1294.621</ele>
        <time>2025-09-30T14:06:24.000Z</time>
      </trkpt>
      <trkpt lat="46.24802" lon="6.56646">
        <ele>1293.249</ele>
        <time>2025-09-30T14:06:29.000Z</time>
      </trkpt>
      <trkpt lat="46.248" lon="6.56644">
        <ele>1293.3</ele>
        <time>2025-09-30T14:06:34.000Z</time>
      </trkpt>
      <trkpt lat="46.248" lon="6.56644">
        <ele>1294.062</ele>
        <time>2025-09-30T14:06:39.000Z</time>
      </trkpt>
      <trkpt lat="46.248" lon="6.56644">
        <ele>1294.068</ele>
        <time>2025-09-30T14:06:44.000Z</time>
      </trkpt>
      <trkpt lat="46.248" lon="6.56644">
        <ele>1294.077</ele>
        <time>2025-09-30T14:06:49.000Z</time>
      </trkpt>
      <trkpt lat="46.248" lon="6.56644">
        <ele>1294.591</ele>
        <time>2025-09-30T14:06:54.000Z</time>
      </trkpt>
      <trkpt lat="46.248" lon="6.56644">
        <ele>1294.591</ele>
        <time>2025-09-30T14:06:59.000Z</time>
      </trkpt>
      <trkpt lat="46.248" lon="6.56644">
        <ele>1294.592</ele>
        <time>2025-09-30T14:07:04.000Z</time>
      </trkpt>
      <trkpt lat="46.248" lon="6.56644">
        <ele>1294.586</ele>
        <time>2025-09-30T14:07:09.000Z</time>
      </trkpt>
      <trkpt lat="46.248" lon="6.56644">
        <ele>1294.575</ele>
        <time>2025-09-30T14:07:14.000Z</time>
      </trkpt>
      <trkpt lat="46.248" lon="6.56644">
        <ele>1294.568</ele>
        <time>2025-09-30T14:07:19.000Z</time>
      </trkpt>
      <trkpt lat="46.248" lon="6.56644">
        <ele>1294.56</ele>
        <time>2025-09-30T14:07:24.000Z</time>
      </trkpt>
      <trkpt lat="46.248" lon="6.56644">
        <ele>1294.551</ele>
        <time>2025-09-30T14:07:29.000Z</time>
      </trkpt>
      <trkpt lat="46.248" lon="6.56644">
        <ele>1294.543</ele>
        <time>2025-09-30T14:07:34.000Z</time>
      </trkpt>
      <trkpt lat="46.248" lon="6.56644">
        <ele>1294.535</ele>
        <time>2025-09-30T14:07:39.000Z</time>
      </trkpt>
      <trkpt lat="46.248" lon="6.56644">
        <ele>1294.531</ele>
        <time>2025-09-30T14:07:44.000Z</time>
      </trkpt>
      <trkpt lat="46.248" lon="6.56644">
        <ele>1294.524</ele>
        <time>2025-09-30T14:07:49.000Z</time>
      </trkpt>
      <trkpt lat="46.248" lon="6.56644">
        <ele>1294.601</ele>
        <time>2025-09-30T14:07:54.000Z</time>
      </trkpt>
      <trkpt lat="46.248" lon="6.56644">
        <ele>1294.596</ele>
        <time>2025-09-30T14:07:59.000Z</time>
      </trkpt>
      <trkpt lat="46.248" lon="6.56644">
        <ele>1294.018</ele>
        <time>2025-09-30T14:08:04.000Z</time>
      </trkpt>
      <trkpt lat="46.248" lon="6.56644">
        <ele>1293.835</ele>
        <time>2025-09-30T14:08:09.000Z</time>
      </trkpt>
      <trkpt lat="46.248" lon="6.56644">
        <ele>1293.763</ele>
        <time>2025-09-30T14:08:14.000Z</time>
      </trkpt>
      <trkpt lat="46.248" lon="6.56644">
        <ele>1293.564</ele>
        <time>2025-09-30T14:08:19.000Z</time>
      </trkpt>
      <trkpt lat="46.248" lon="6.56644">
        <ele>1293.566</ele>
        <time>2025-09-30T14:08:24.000Z</time>
      </trkpt>
      <trkpt lat="46.248" lon="6.56644">
        <ele>1293.569</ele>
        <time>2025-09-30T14:08:29.000Z</time>
      </trkpt>
      <trkpt lat="46.248" lon="6.56644">
        <ele>1293.563</ele>
        <time>2025-09-30T14:08:34.000Z</time>
      </trkpt>
      <trkpt lat="46.248" lon="6.56644">
        <ele>1293.554</ele>
        <time>2025-09-30T14:08:39.000Z</time>
      </trkpt>
      <trkpt lat="46.248" lon="6.56644">
        <ele>1293.548</ele>
        <time>2025-09-30T14:08:44.000Z</time>
      </trkpt>
      <trkpt lat="46.248" lon="6.56644">
        <ele>1293.543</ele>
        <time>2025-09-30T14:08:49.000Z</time>
      </trkpt>
      <trkpt lat="46.248" lon="6.56644">
        <ele>1293.884</ele>
        <time>2025-09-30T14:08:54.000Z</time>
      </trkpt>
      <trkpt lat="46.248" lon="6.56644">
        <ele>1293.89</ele>
        <time>2025-09-30T14:08:59.000Z</time>
      </trkpt>
      <trkpt lat="46.248" lon="6.56644">
        <ele>1294.435</ele>
        <time>2025-09-30T14:09:04.000Z</time>
      </trkpt>
      <trkpt lat="46.248" lon="6.56644">
        <ele>1294.437</ele>
        <time>2025-09-30T14:09:09.000Z</time>
      </trkpt>
      <trkpt lat="46.248" lon="6.56644">
        <ele>1294.529</ele>
        <time>2025-09-30T14:09:14.000Z</time>
      </trkpt>
      <trkpt lat="46.248" lon="6.56644">
        <ele>1294.529</ele>
        <time>2025-09-30T14:09:19.000Z</time>
      </trkpt>
      <trkpt lat="46.248" lon="6.56644">
        <ele>1294.534</ele>
        <time>2025-09-30T14:09:24.000Z</time>
      </trkpt>
      <trkpt lat="46.248" lon="6.56644">
        <ele>1294.539</ele>
        <time>2025-09-30T14:09:29.000Z</time>
      </trkpt>
      <trkpt lat="46.248" lon="6.56644">
        <ele>1294.546</ele>
        <time>2025-09-30T14:09:34.000Z</time>
      </trkpt>
      <trkpt lat="46.248" lon="6.56644">
        <ele>1294.546</ele>
        <time>2025-09-30T14:09:39.000Z</time>
      </trkpt>
      <trkpt lat="46.248" lon="6.56644">
        <ele>1294.545</ele>
        <time>2025-09-30T14:09:44.000Z</time>
      </trkpt>
      <trkpt lat="46.248" lon="6.56644">
        <ele>1294.546</ele>
        <time>2025-09-30T14:09:49.000Z</time>
      </trkpt>
      <trkpt lat="46.248" lon="6.56644">
        <ele>1294.55</ele>
        <time>2025-09-30T14:09:54.000Z</time>
      </trkpt>
      <trkpt lat="46.248" lon="6.56644">
        <ele>1294.566</ele>
        <time>2025-09-30T14:09:59.000Z</time>
      </trkpt>
      <trkpt lat="46.248" lon="6.56644">
        <ele>1294.573</ele>
        <time>2025-09-30T14:10:04.000Z</time>
      </trkpt>
      <trkpt lat="46.248" lon="6.56644">
        <ele>1294.59</ele>
        <time>2025-09-30T14:10:09.000Z</time>
      </trkpt>
      <trkpt lat="46.248" lon="6.56644">
        <ele>1294.605</ele>
        <time>2025-09-30T14:10:14.000Z</time>
      </trkpt>
      <trkpt lat="46.248" lon="6.56644">
        <ele>1294.623</ele>
        <time>2025-09-30T14:10:19.000Z</time>
      </trkpt>
      <trkpt lat="46.248" lon="6.56644">
        <ele>1294.636</ele>
        <time>2025-09-30T14:10:24.000Z</time>
      </trkpt>
      <trkpt lat="46.248" lon="6.56644">
        <ele>1294.646</ele>
        <time>2025-09-30T14:10:29.000Z</time>
      </trkpt>
      <trkpt lat="46.248" lon="6.56644">
        <ele>1294.663</ele>
        <time>2025-09-30T14:10:34.000Z</time>
      </trkpt>
      <trkpt lat="46.248" lon="6.56644">
        <ele>1294.67</ele>
        <time>2025-09-30T14:10:39.000Z</time>
      </trkpt>
      <trkpt lat="46.248" lon="6.56644">
        <ele>1294.683</ele>
        <time>2025-09-30T14:10:44.000Z</time>
      </trkpt>
      <trkpt lat="46.248" lon="6.56644">
        <ele>1294.696</ele>
        <time>2025-09-30T14:10:49.000Z</time>
      </trkpt>
      <trkpt lat="46.248" lon="6.56644">
        <ele>1294.701</ele>
        <time>2025-09-30T14:10:54.000Z</time>
      </trkpt>
      <trkpt lat="46.248" lon="6.56644">
        <ele>1294.704</ele>
        <time>2025-09-30T14:10:59.000Z</time>
      </trkpt>
      <trkpt lat="46.248" lon="6.56644">
        <ele>1294.71</ele>
        <time>2025-09-30T14:11:04.000Z</time>
      </trkpt>
      <trkpt lat="46.248" lon="6.56644">
        <ele>1294.715</ele>
        <time>2025-09-30T14:11:09.000Z</time>
      </trkpt>
      <trkpt lat="46.248" lon="6.56644">
        <ele>1294.72</ele>
        <time>2025-09-30T14:11:14.000Z</time>
      </trkpt>
      <trkpt lat="46.248" lon="6.56644">
        <ele>1294.721</ele>
        <time>2025-09-30T14:11:19.000Z</time>
      </trkpt>
      <trkpt lat="46.248" lon="6.56644">
        <ele>1294.72</ele>
        <time>2025-09-30T14:11:24.000Z</time>
      </trkpt>
      <trkpt lat="46.248" lon="6.56644">
        <ele>1294.718</ele>
        <time>2025-09-30T14:11:29.000Z</time>
      </trkpt>
      <trkpt lat="46.248" lon="6.56644">
        <ele>1294.722</ele>
        <time>2025-09-30T14:11:34.000Z</time>
      </trkpt>
      <trkpt lat="46.248" lon="6.56644">
        <ele>1294.715</ele>
        <time>2025-09-30T14:11:39.000Z</time>
      </trkpt>
      <trkpt lat="46.248" lon="6.56644">
        <ele>1294.72</ele>
        <time>2025-09-30T14:11:44.000Z</time>
      </trkpt>
      <trkpt lat="46.248" lon="6.56644">
        <ele>1294.727</ele>
        <time>2025-09-30T14:11:49.000Z</time>
      </trkpt>
      <trkpt lat="46.248" lon="6.56644">
        <ele>1294.724</ele>
        <time>2025-09-30T14:11:54.000Z</time>
      </trkpt>
      <trkpt lat="46.248" lon="6.56644">
        <ele>1294.729</ele>
        <time>2025-09-30T14:11:59.000Z</time>
      </trkpt>
      <trkpt lat="46.248" lon="6.56644">
        <ele>1294.74</ele>
        <time>2025-09-30T14:12:04.000Z</time>
      </trkpt>
      <trkpt lat="46.248" lon="6.56644">
        <ele>1294.747</ele>
        <time>2025-09-30T14:12:09.000Z</time>
      </trkpt>
      <trkpt lat="46.248" lon="6.56644">
        <ele>1294.752</ele>
        <time>2025-09-30T14:12:14.000Z</time>
      </trkpt>
      <trkpt lat="46.248" lon="6.56644">
        <ele>1294.751</ele>
        <time>2025-09-30T14:12:19.000Z</time>
      </trkpt>
      <trkpt lat="46.248" lon="6.56644">
        <ele>1294.751</ele>
        <time>2025-09-30T14:12:24.000Z</time>
      </trkpt>
      <trkpt lat="46.248" lon="6.56644">
        <ele>1294.755</ele>
        <time>2025-09-30T14:12:29.000Z</time>
      </trkpt>
      <trkpt lat="46.248" lon="6.56644">
        <ele>1294.759</ele>
        <time>2025-09-30T14:12:34.000Z</time>
      </trkpt>
      <trkpt lat="46.248" lon="6.56644">
        <ele>1294.763</ele>
        <time>2025-09-30T14:12:39.000Z</time>
      </trkpt>
      <trkpt lat="46.248" lon="6.56644">
        <ele>1294.763</ele>
        <time>2025-09-30T14:12:44.000Z</time>
      </trkpt>
      <trkpt lat="46.248" lon="6.56644">
        <ele>1294.755</ele>
        <time>2025-09-30T14:12:49.000Z</time>
      </trkpt>
      <trkpt lat="46.248" lon="6.56644">
        <ele>1294.753</ele>
        <time>2025-09-30T14:12:54.000Z</time>
      </trkpt>
      <trkpt lat="46.248" lon="6.56644">
        <ele>1294.756</ele>
        <time>2025-09-30T14:12:59.000Z</time>
      </trkpt>
      <trkpt lat="46.248" lon="6.56644">
        <ele>1294.761</ele>
        <time>2025-09-30T14:13:04.000Z</time>
      </trkpt>
      <trkpt lat="46.248" lon="6.56644">
        <ele>1294.758</ele>
        <time>2025-09-30T14:13:09.000Z</time>
      </trkpt>
      <trkpt lat="46.248" lon="6.56644">
        <ele>1294.753</ele>
        <time>2025-09-30T14:13:14.000Z</time>
      </trkpt>
      <trkpt lat="46.248" lon="6.56644">
        <ele>1294.753</ele>
        <time>2025-09-30T14:13:19.000Z</time>
      </trkpt>
      <trkpt lat="46.248" lon="6.56644">
        <ele>1294.749</ele>
        <time>2025-09-30T14:13:24.000Z</time>
      </trkpt>
      <trkpt lat="46.248" lon="6.56644">
        <ele>1294.753</ele>
        <time>2025-09-30T14:13:29.000Z</time>
      </trkpt>
      <trkpt lat="46.248" lon="6.56644">
        <ele>1294.754</ele>
        <time>2025-09-30T14:13:34.000Z</time>
      </trkpt>
      <trkpt lat="46.248" lon="6.56644">
        <ele>1294.751</ele>
        <time>2025-09-30T14:13:39.000Z</time>
      </trkpt>
      <trkpt lat="46.248" lon="6.56644">
        <ele>1294.742</ele>
        <time>2025-09-30T14:13:44.000Z</time>
      </trkpt>
      <trkpt lat="46.248" lon="6.56644">
        <ele>1294.734</ele>
        <time>2025-09-30T14:13:49.000Z</time>
      </trkpt>
      <trkpt lat="46.248" lon="6.56644">
        <ele>1294.733</ele>
        <time>2025-09-30T14:13:54.000Z</time>
      </trkpt>
      <trkpt lat="46.248" lon="6.56644">
        <ele>1294.731</ele>
        <time>2025-09-30T14:13:59.000Z</time>
      </trkpt>
      <trkpt lat="46.248" lon="6.56644">
        <ele>1294.728</ele>
        <time>2025-09-30T14:14:04.000Z</time>
      </trkpt>
      <trkpt lat="46.248" lon="6.56644">
        <ele>1294.725</ele>
        <time>2025-09-30T14:14:09.000Z</time>
      </trkpt>
      <trkpt lat="46.248" lon="6.56644">
        <ele>1294.725</ele>
        <time>2025-09-30T14:14:14.000Z</time>
      </trkpt>
      <trkpt lat="46.248" lon="6.56644">
        <ele>1294.727</ele>
        <time>2025-09-30T14:14:19.000Z</time>
      </trkpt>
      <trkpt lat="46.248" lon="6.56644">
        <ele>1294.728</ele>
        <time>2025-09-30T14:14:24.000Z</time>
      </trkpt>
      <trkpt lat="46.248" lon="6.56644">
        <ele>1294.716</ele>
        <time>2025-09-30T14:14:29.000Z</time>
      </trkpt>
      <trkpt lat="46.248" lon="6.56644">
        <ele>1294.695</ele>
        <time>2025-09-30T14:14:34.000Z</time>
      </trkpt>
      <trkpt lat="46.248" lon="6.56644">
        <ele>1294.683</ele>
        <time>2025-09-30T14:14:39.000Z</time>
      </trkpt>
      <trkpt lat="46.248" lon="6.56644">
        <ele>1294.671</ele>
        <time>2025-09-30T14:14:44.000Z</time>
      </trkpt>
      <trkpt lat="46.248" lon="6.56644">
        <ele>1294.651</ele>
        <time>2025-09-30T14:14:49.000Z</time>
      </trkpt>
      <trkpt lat="46.248" lon="6.56644">
        <ele>1294.634</ele>
        <time>2025-09-30T14:14:54.000Z</time>
      </trkpt>
      <trkpt lat="46.248" lon="6.56644">
        <ele>1294.612</ele>
        <time>2025-09-30T14:14:59.000Z</time>
      </trkpt>
      <trkpt lat="46.248" lon="6.56644">
        <ele>1294.597</ele>
        <time>2025-09-30T14:15:04.000Z</time>
      </trkpt>
      <trkpt lat="46.248" lon="6.56644">
        <ele>1294.574</ele>
        <time>2025-09-30T14:15:09.000Z</time>
      </trkpt>
      <trkpt lat="46.248" lon="6.56644">
        <ele>1294.559</ele>
        <time>2025-09-30T14:15:14.000Z</time>
      </trkpt>
      <trkpt lat="46.248" lon="6.56644">
        <ele>1294.543</ele>
        <time>2025-09-30T14:15:19.000Z</time>
      </trkpt>
      <trkpt lat="46.248" lon="6.56644">
        <ele>1294.531</ele>
        <time>2025-09-30T14:15:24.000Z</time>
      </trkpt>
      <trkpt lat="46.248" lon="6.56644">
        <ele>1294.521</ele>
        <time>2025-09-30T14:15:29.000Z</time>
      </trkpt>
      <trkpt lat="46.248" lon="6.56644">
        <ele>1294.517</ele>
        <time>2025-09-30T14:15:34.000Z</time>
      </trkpt>
      <trkpt lat="46.248" lon="6.56644">
        <ele>1294.514</ele>
        <time>2025-09-30T14:15:39.000Z</time>
      </trkpt>
      <trkpt lat="46.248" lon="6.56644">
        <ele>1294.503</ele>
        <time>2025-09-30T14:15:44.000Z</time>
      </trkpt>
      <trkpt lat="46.248" lon="6.56644">
        <ele>1294.497</ele>
        <time>2025-09-30T14:15:49.000Z</time>
      </trkpt>
      <trkpt lat="46.248" lon="6.56644">
        <ele>1294.497</ele>
        <time>2025-09-30T14:15:54.000Z</time>
      </trkpt>
      <trkpt lat="46.248" lon="6.56644">
        <ele>1294.497</ele>
        <time>2025-09-30T14:15:59.000Z</time>
      </trkpt>
      <trkpt lat="46.248" lon="6.56644">
        <ele>1294.499</ele>
        <time>2025-09-30T14:16:04.000Z</time>
      </trkpt>
      <trkpt lat="46.248" lon="6.56644">
        <ele>1294.49</ele>
        <time>2025-09-30T14:16:09.000Z</time>
      </trkpt>
      <trkpt lat="46.248" lon="6.56644">
        <ele>1294.489</ele>
        <time>2025-09-30T14:16:14.000Z</time>
      </trkpt>
      <trkpt lat="46.248" lon="6.56644">
        <ele>1294.479</ele>
        <time>2025-09-30T14:16:19.000Z</time>
      </trkpt>
      <trkpt lat="46.248" lon="6.56644">
        <ele>1294.301</ele>
        <time>2025-09-30T14:16:24.000Z</time>
      </trkpt>
      <trkpt lat="46.248" lon="6.56644">
        <ele>1294.309</ele>
        <time>2025-09-30T14:16:29.000Z</time>
      </trkpt>
      <trkpt lat="46.248" lon="6.56644">
        <ele>1294.301</ele>
        <time>2025-09-30T14:16:34.000Z</time>
      </trkpt>
      <trkpt lat="46.248" lon="6.56645">
        <ele>1294.297</ele>
        <time>2025-09-30T14:16:39.000Z</time>
      </trkpt>
      <trkpt lat="46.248" lon="6.56645">
        <ele>1294.296</ele>
        <time>2025-09-30T14:16:44.000Z</time>
      </trkpt>
      <trkpt lat="46.248" lon="6.56645">
        <ele>1294.296</ele>
        <time>2025-09-30T14:16:49.000Z</time>
      </trkpt>
      <trkpt lat="46.248" lon="6.56645">
        <ele>1294.288</ele>
        <time>2025-09-30T14:16:54.000Z</time>
      </trkpt>
      <trkpt lat="46.248" lon="6.56645">
        <ele>1294.094</ele>
        <time>2025-09-30T14:16:59.000Z</time>
      </trkpt>
      <trkpt lat="46.248" lon="6.56645">
        <ele>1294.096</ele>
        <time>2025-09-30T14:17:04.000Z</time>
      </trkpt>
      <trkpt lat="46.24801" lon="6.56645">
        <ele>1293.771</ele>
        <time>2025-09-30T14:17:09.000Z</time>
      </trkpt>
      <trkpt lat="46.24801" lon="6.56645">
        <ele>1293.747</ele>
        <time>2025-09-30T14:17:14.000Z</time>
      </trkpt>
      <trkpt lat="46.24801" lon="6.56645">
        <ele>1293.739</ele>
        <time>2025-09-30T14:17:19.000Z</time>
      </trkpt>
      <trkpt lat="46.24801" lon="6.56645">
        <ele>1293.733</ele>
        <time>2025-09-30T14:17:24.000Z</time>
      </trkpt>
      <trkpt lat="46.24801" lon="6.56645">
        <ele>1293.609</ele>
        <time>2025-09-30T14:17:29.000Z</time>
      </trkpt>
      <trkpt lat="46.24801" lon="6.56645">
        <ele>1293.608</ele>
        <time>2025-09-30T14:17:34.000Z</time>
      </trkpt>
      <trkpt lat="46.24801" lon="6.56645">
        <ele>1293.601</ele>
        <time>2025-09-30T14:17:39.000Z</time>
      </trkpt>
      <trkpt lat="46.24801" lon="6.56645">
        <ele>1293.602</ele>
        <time>2025-09-30T14:17:44.000Z</time>
      </trkpt>
      <trkpt lat="46.24803" lon="6.56646">
        <ele>1293.872</ele>
        <time>2025-09-30T14:17:49.000Z</time>
      </trkpt>
      <trkpt lat="46.24806" lon="6.5665">
        <ele>1293.632</ele>
        <time>2025-09-30T14:17:54.000Z</time>
      </trkpt>
      <trkpt lat="46.2481" lon="6.56651">
        <ele>1292.622</ele>
        <time>2025-09-30T14:17:59.000Z</time>
      </trkpt>
      <trkpt lat="46.24812" lon="6.56647">
        <ele>1292.423</ele>
        <time>2025-09-30T14:18:04.000Z</time>
      </trkpt>
      <trkpt lat="46.24812" lon="6.56643">
        <ele>1290.905</ele>
        <time>2025-09-30T14:18:09.000Z</time>
      </trkpt>
      <trkpt lat="46.24812" lon="6.56638">
        <ele>1288.768</ele>
        <time>2025-09-30T14:18:14.000Z</time>
      </trkpt>
      <trkpt lat="46.24809" lon="6.56635">
        <ele>1286.64</ele>
        <time>2025-09-30T14:18:19.000Z</time>
      </trkpt>
      <trkpt lat="46.24808" lon="6.5663">
        <ele>1284.574</ele>
        <time>2025-09-30T14:18:24.000Z</time>
      </trkpt>
      <trkpt lat="46.24807" lon="6.56626">
        <ele>1283.891</ele>
        <time>2025-09-30T14:18:29.000Z</time>
      </trkpt>
      <trkpt lat="46.24805" lon="6.56623">
        <ele>1282.433</ele>
        <time>2025-09-30T14:18:34.000Z</time>
      </trkpt>
      <trkpt lat="46.24803" lon="6.56618">
        <ele>1280.965</ele>
        <time>2025-09-30T14:18:39.000Z</time>
      </trkpt>
      <trkpt lat="46.24802" lon="6.56613">
        <ele>1279.929</ele>
        <time>2025-09-30T14:18:44.000Z</time>
      </trkpt>
      <trkpt lat="46.248" lon="6.56607">
        <ele>1279.333</ele>
        <time>2025-09-30T14:18:49.000Z</time>
      </trkpt>
      <trkpt lat="46.24797" lon="6.56602">
        <ele>1278.567</ele>
        <time>2025-09-30T14:18:54.000Z</time>
      </trkpt>
      <trkpt lat="46.24796" lon="6.56597">
        <ele>1277.24</ele>
        <time>2025-09-30T14:18:59.000Z</time>
      </trkpt>
      <trkpt lat="46.24796" lon="6.56591">
        <ele>1275.19</ele>
        <time>2025-09-30T14:19:04.000Z</time>
      </trkpt>
      <trkpt lat="46.24795" lon="6.56586">
        <ele>1274.443</ele>
        <time>2025-09-30T14:19:09.000Z</time>
      </trkpt>
      <trkpt lat="46.24796" lon="6.5658">
        <ele>1276.301</ele>
        <time>2025-09-30T14:19:14.000Z</time>
      </trkpt>
      <trkpt lat="46.24795" lon="6.56573">
        <ele>1276.955</ele>
        <time>2025-09-30T14:19:19.000Z</time>
      </trkpt>
      <trkpt lat="46.24794" lon="6.56566">
        <ele>1275.566</ele>
        <time>2025-09-30T14:19:24.000Z</time>
      </trkpt>
      <trkpt lat="46.24794" lon="6.56559">
        <ele>1274.449</ele>
        <time>2025-09-30T14:19:29.000Z</time>
      </trkpt>
      <trkpt lat="46.24792" lon="6.56553">
        <ele>1272.591</ele>
        <time>2025-09-30T14:19:34.000Z</time>
      </trkpt>
      <trkpt lat="46.24791" lon="6.56547">
        <ele>1271.476</ele>
        <time>2025-09-30T14:19:39.000Z</time>
      </trkpt>
      <trkpt lat="46.24789" lon="6.56541">
        <ele>1270.412</ele>
        <time>2025-09-30T14:19:44.000Z</time>
      </trkpt>
      <trkpt lat="46.24787" lon="6.56535">
        <ele>1269.75</ele>
        <time>2025-09-30T14:19:49.000Z</time>
      </trkpt>
      <trkpt lat="46.24785" lon="6.56528">
        <ele>1269.058</ele>
        <time>2025-09-30T14:19:54.000Z</time>
      </trkpt>
      <trkpt lat="46.24785" lon="6.56521">
        <ele>1271.209</ele>
        <time>2025-09-30T14:19:59.000Z</time>
      </trkpt>
      <trkpt lat="46.24787" lon="6.56513">
        <ele>1272.936</ele>
        <time>2025-09-30T14:20:04.000Z</time>
      </trkpt>
      <trkpt lat="46.24792" lon="6.56509">
        <ele>1275.2</ele>
        <time>2025-09-30T14:20:09.000Z</time>
      </trkpt>
      <trkpt lat="46.24796" lon="6.56505">
        <ele>1277.249</ele>
        <time>2025-09-30T14:20:14.000Z</time>
      </trkpt>
      <trkpt lat="46.24801" lon="6.565">
        <ele>1278.215</ele>
        <time>2025-09-30T14:20:19.000Z</time>
      </trkpt>
      <trkpt lat="46.24803" lon="6.56493">
        <ele>1278.98</ele>
        <time>2025-09-30T14:20:24.000Z</time>
      </trkpt>
      <trkpt lat="46.24806" lon="6.56487">
        <ele>1281.337</ele>
        <time>2025-09-30T14:20:29.000Z</time>
      </trkpt>
      <trkpt lat="46.24808" lon="6.5648">
        <ele>1280.995</ele>
        <time>2025-09-30T14:20:34.000Z</time>
      </trkpt>
      <trkpt lat="46.24811" lon="6.56474">
        <ele>1281.002</ele>
        <time>2025-09-30T14:20:39.000Z</time>
      </trkpt>
      <trkpt lat="46.24812" lon="6.56467">
        <ele>1280.848</ele>
        <time>2025-09-30T14:20:44.000Z</time>
      </trkpt>
      <trkpt lat="46.24814" lon="6.56459">
        <ele>1278.155</ele>
        <time>2025-09-30T14:20:49.000Z</time>
      </trkpt>
      <trkpt lat="46.24816" lon="6.56452">
        <ele>1277.435</ele>
        <time>2025-09-30T14:20:54.000Z</time>
      </trkpt>
      <trkpt lat="46.24819" lon="6.56445">
        <ele>1278.589</ele>
        <time>2025-09-30T14:20:59.000Z</time>
      </trkpt>
      <trkpt lat="46.24821" lon="6.56439">
        <ele>1284.577</ele>
        <time>2025-09-30T14:21:04.000Z</time>
      </trkpt>
      <trkpt lat="46.24824" lon="6.5643">
        <ele>1282.255</ele>
        <time>2025-09-30T14:21:09.000Z</time>
      </trkpt>
      <trkpt lat="46.24826" lon="6.56421">
        <ele>1281.904</ele>
        <time>2025-09-30T14:21:14.000Z</time>
      </trkpt>
      <trkpt lat="46.24827" lon="6.56412">
        <ele>1279.821</ele>
        <time>2025-09-30T14:21:19.000Z</time>
      </trkpt>
      <trkpt lat="46.24826" lon="6.56404">
        <ele>1279.544</ele>
        <time>2025-09-30T14:21:24.000Z</time>
      </trkpt>
      <trkpt lat="46.24827" lon="6.56396">
        <ele>1277.741</ele>
        <time>2025-09-30T14:21:29.000Z</time>
      </trkpt>
      <trkpt lat="46.24828" lon="6.56388">
        <ele>1275.183</ele>
        <time>2025-09-30T14:21:34.000Z</time>
      </trkpt>
      <trkpt lat="46.24829" lon="6.56381">
        <ele>1274.203</ele>
        <time>2025-09-30T14:21:39.000Z</time>
      </trkpt>
      <trkpt lat="46.2483" lon="6.5637">
        <ele>1270.608</ele>
        <time>2025-09-30T14:21:44.000Z</time>
      </trkpt>
      <trkpt lat="46.24831" lon="6.56362">
        <ele>1271.946</ele>
        <time>2025-09-30T14:21:49.000Z</time>
      </trkpt>
      <trkpt lat="46.24833" lon="6.56354">
        <ele>1270.84</ele>
        <time>2025-09-30T14:21:54.000Z</time>
      </trkpt>
      <trkpt lat="46.24834" lon="6.56346">
        <ele>1269.687</ele>
        <time>2025-09-30T14:21:59.000Z</time>
      </trkpt>
      <trkpt lat="46.24836" lon="6.5634">
        <ele>1270.627</ele>
        <time>2025-09-30T14:22:04.000Z</time>
      </trkpt>
      <trkpt lat="46.24837" lon="6.56332">
        <ele>1271.937</ele>
        <time>2025-09-30T14:22:09.000Z</time>
      </trkpt>
      <trkpt lat="46.24838" lon="6.56326">
        <ele>1273.632</ele>
        <time>2025-09-30T14:22:14.000Z</time>
      </trkpt>
      <trkpt lat="46.24837" lon="6.56319">
        <ele>1275.265</ele>
        <time>2025-09-30T14:22:19.000Z</time>
      </trkpt>
      <trkpt lat="46.24838" lon="6.56311">
        <ele>1269.632</ele>
        <time>2025-09-30T14:22:24.000Z</time>
      </trkpt>
      <trkpt lat="46.24839" lon="6.56304">
        <ele>1268.001</ele>
        <time>2025-09-30T14:22:29.000Z</time>
      </trkpt>
      <trkpt lat="46.2484" lon="6.56297">
        <ele>1267.23</ele>
        <time>2025-09-30T14:22:34.000Z</time>
      </trkpt>
      <trkpt lat="46.24839" lon="6.56289">
        <ele>1267.165</ele>
        <time>2025-09-30T14:22:39.000Z</time>
      </trkpt>
      <trkpt lat="46.24841" lon="6.56282">
        <ele>1269.127</ele>
        <time>2025-09-30T14:22:44.000Z</time>
      </trkpt>
      <trkpt lat="46.2484" lon="6.56275">
        <ele>1269.907</ele>
        <time>2025-09-30T14:22:49.000Z</time>
      </trkpt>
      <trkpt lat="46.24837" lon="6.56268">
        <ele>1268.674</ele>
        <time>2025-09-30T14:22:54.000Z</time>
      </trkpt>
      <trkpt lat="46.24836" lon="6.56261">
        <ele>1267.936</ele>
        <time>2025-09-30T14:22:59.000Z</time>
      </trkpt>
      <trkpt lat="46.24836" lon="6.56254">
        <ele>1268.814</ele>
        <time>2025-09-30T14:23:04.000Z</time>
      </trkpt>
      <trkpt lat="46.24837" lon="6.56247">
        <ele>1267.116</ele>
        <time>2025-09-30T14:23:09.000Z</time>
      </trkpt>
      <trkpt lat="46.24837" lon="6.56241">
        <ele>1269.826</ele>
        <time>2025-09-30T14:23:14.000Z</time>
      </trkpt>
      <trkpt lat="46.24836" lon="6.56235">
        <ele>1271.773</ele>
        <time>2025-09-30T14:23:19.000Z</time>
      </trkpt>
      <trkpt lat="46.24835" lon="6.56227">
        <ele>1268.441</ele>
        <time>2025-09-30T14:23:24.000Z</time>
      </trkpt>
      <trkpt lat="46.24834" lon="6.56219">
        <ele>1266.277</ele>
        <time>2025-09-30T14:23:29.000Z</time>
      </trkpt>
      <trkpt lat="46.24833" lon="6.56212">
        <ele>1264.552</ele>
        <time>2025-09-30T14:23:34.000Z</time>
      </trkpt>
      <trkpt lat="46.24832" lon="6.56203">
        <ele>1263.377</ele>
        <time>2025-09-30T14:23:39.000Z</time>
      </trkpt>
      <trkpt lat="46.24831" lon="6.56194">
        <ele>1261.776</ele>
        <time>2025-09-30T14:23:44.000Z</time>
      </trkpt>
      <trkpt lat="46.24832" lon="6.56186">
        <ele>1260.043</ele>
        <time>2025-09-30T14:23:49.000Z</time>
      </trkpt>
      <trkpt lat="46.24833" lon="6.56179">
        <ele>1262.087</ele>
        <time>2025-09-30T14:23:54.000Z</time>
      </trkpt>
      <trkpt lat="46.24835" lon="6.56172">
        <ele>1262.374</ele>
        <time>2025-09-30T14:23:59.000Z</time>
      </trkpt>
      <trkpt lat="46.24837" lon="6.56166">
        <ele>1264.092</ele>
        <time>2025-09-30T14:24:04.000Z</time>
      </trkpt>
      <trkpt lat="46.2484" lon="6.5616">
        <ele>1267.86</ele>
        <time>2025-09-30T14:24:09.000Z</time>
      </trkpt>
      <trkpt lat="46.24844" lon="6.56155">
        <ele>1270.169</ele>
        <time>2025-09-30T14:24:14.000Z</time>
      </trkpt>
      <trkpt lat="46.24846" lon="6.56148">
        <ele>1268.968</ele>
        <time>2025-09-30T14:24:19.000Z</time>
      </trkpt>
      <trkpt lat="46.2485" lon="6.56143">
        <ele>1271.14</ele>
        <time>2025-09-30T14:24:24.000Z</time>
      </trkpt>
      <trkpt lat="46.24854" lon="6.56138">
        <ele>1269.045</ele>
        <time>2025-09-30T14:24:29.000Z</time>
      </trkpt>
      <trkpt lat="46.24859" lon="6.56135">
        <ele>1266.965</ele>
        <time>2025-09-30T14:24:34.000Z</time>
      </trkpt>
      <trkpt lat="46.24864" lon="6.56132">
        <ele>1267.198</ele>
        <time>2025-09-30T14:24:39.000Z</time>
      </trkpt>
      <trkpt lat="46.2487" lon="6.5613">
        <ele>1268.091</ele>
        <time>2025-09-30T14:24:44.000Z</time>
      </trkpt>
      <trkpt lat="46.24875" lon="6.56126">
        <ele>1268.353</ele>
        <time>2025-09-30T14:24:49.000Z</time>
      </trkpt>
      <trkpt lat="46.24879" lon="6.56122">
        <ele>1268.693</ele>
        <time>2025-09-30T14:24:54.000Z</time>
      </trkpt>
      <trkpt lat="46.24883" lon="6.56115">
        <ele>1264.434</ele>
        <time>2025-09-30T14:24:59.000Z</time>
      </trkpt>
      <trkpt lat="46.24886" lon="6.56108">
        <ele>1265.559</ele>
        <time>2025-09-30T14:25:04.000Z</time>
      </trkpt>
      <trkpt lat="46.24889" lon="6.56102">
        <ele>1265.94</ele>
        <time>2025-09-30T14:25:09.000Z</time>
      </trkpt>
      <trkpt lat="46.2489" lon="6.56096">
        <ele>1261.414</ele>
        <time>2025-09-30T14:25:14.000Z</time>
      </trkpt>
      <trkpt lat="46.24891" lon="6.56089">
        <ele>1258.681</ele>
        <time>2025-09-30T14:25:19.000Z</time>
      </trkpt>
      <trkpt lat="46.24891" lon="6.56084">
        <ele>1255.783</ele>
        <time>2025-09-30T14:25:24.000Z</time>
      </trkpt>
      <trkpt lat="46.24892" lon="6.56078">
        <ele>1253.474</ele>
        <time>2025-09-30T14:25:29.000Z</time>
      </trkpt>
      <trkpt lat="46.24892" lon="6.56073">
        <ele>1252.086</ele>
        <time>2025-09-30T14:25:34.000Z</time>
      </trkpt>
      <trkpt lat="46.24892" lon="6.56068">
        <ele>1249.811</ele>
        <time>2025-09-30T14:25:39.000Z</time>
      </trkpt>
      <trkpt lat="46.24892" lon="6.56063">
        <ele>1248.158</ele>
        <time>2025-09-30T14:25:44.000Z</time>
      </trkpt>
      <trkpt lat="46.24892" lon="6.56058">
        <ele>1247.112</ele>
        <time>2025-09-30T14:25:49.000Z</time>
      </trkpt>
      <trkpt lat="46.24892" lon="6.56055">
        <ele>1244.877</ele>
        <time>2025-09-30T14:25:54.000Z</time>
      </trkpt>
      <trkpt lat="46.24892" lon="6.56051">
        <ele>1243.144</ele>
        <time>2025-09-30T14:25:59.000Z</time>
      </trkpt>
      <trkpt lat="46.24892" lon="6.56046">
        <ele>1241.59</ele>
        <time>2025-09-30T14:26:04.000Z</time>
      </trkpt>
      <trkpt lat="46.24892" lon="6.56041">
        <ele>1238.813</ele>
        <time>2025-09-30T14:26:09.000Z</time>
      </trkpt>
      <trkpt lat="46.24892" lon="6.56037">
        <ele>1236.889</ele>
        <time>2025-09-30T14:26:14.000Z</time>
      </trkpt>
      <trkpt lat="46.24892" lon="6.56032">
        <ele>1235.194</ele>
        <time>2025-09-30T14:26:19.000Z</time>
      </trkpt>
      <trkpt lat="46.24891" lon="6.56028">
        <ele>1233.666</ele>
        <time>2025-09-30T14:26:24.000Z</time>
      </trkpt>
      <trkpt lat="46.24892" lon="6.56023">
        <ele>1231.903</ele>
        <time>2025-09-30T14:26:29.000Z</time>
      </trkpt>
      <trkpt lat="46.24892" lon="6.56018">
        <ele>1229.511</ele>
        <time>2025-09-30T14:26:34.000Z</time>
      </trkpt>
      <trkpt lat="46.24892" lon="6.56012">
        <ele>1227.439</ele>
        <time>2025-09-30T14:26:39.000Z</time>
      </trkpt>
      <trkpt lat="46.24891" lon="6.56007">
        <ele>1225.662</ele>
        <time>2025-09-30T14:26:44.000Z</time>
      </trkpt>
      <trkpt lat="46.24891" lon="6.56002">
        <ele>1223.814</ele>
        <time>2025-09-30T14:26:49.000Z</time>
      </trkpt>
      <trkpt lat="46.24891" lon="6.55997">
        <ele>1221.537</ele>
        <time>2025-09-30T14:26:54.000Z</time>
      </trkpt>
      <trkpt lat="46.2489" lon="6.55992">
        <ele>1220.999</ele>
        <time>2025-09-30T14:26:59.000Z</time>
      </trkpt>
      <trkpt lat="46.2489" lon="6.55988">
        <ele>1218.449</ele>
        <time>2025-09-30T14:27:04.000Z</time>
      </trkpt>
      <trkpt lat="46.2489" lon="6.55983">
        <ele>1215.906</ele>
        <time>2025-09-30T14:27:09.000Z</time>
      </trkpt>
      <trkpt lat="46.24889" lon="6.55978">
        <ele>1213.134</ele>
        <time>2025-09-30T14:27:14.000Z</time>
      </trkpt>
      <trkpt lat="46.24888" lon="6.55973">
        <ele>1211.093</ele>
        <time>2025-09-30T14:27:19.000Z</time>
      </trkpt>
      <trkpt lat="46.24887" lon="6.55968">
        <ele>1208.55</ele>
        <time>2025-09-30T14:27:24.000Z</time>
      </trkpt>
      <trkpt lat="46.24886" lon="6.55962">
        <ele>1206.095</ele>
        <time>2025-09-30T14:27:29.000Z</time>
      </trkpt>
      <trkpt lat="46.24886" lon="6.55957">
        <ele>1204.197</ele>
        <time>2025-09-30T14:27:34.000Z</time>
      </trkpt>
      <trkpt lat="46.24885" lon="6.55953">
        <ele>1202.195</ele>
        <time>2025-09-30T14:27:39.000Z</time>
      </trkpt>
      <trkpt lat="46.24885" lon="6.55948">
        <ele>1198.753</ele>
        <time>2025-09-30T14:27:44.000Z</time>
      </trkpt>
      <trkpt lat="46.24885" lon="6.55943">
        <ele>1195.898</ele>
        <time>2025-09-30T14:27:49.000Z</time>
      </trkpt>
      <trkpt lat="46.24885" lon="6.55939">
        <ele>1193.515</ele>
        <time>2025-09-30T14:27:54.000Z</time>
      </trkpt>
      <trkpt lat="46.24885" lon="6.55934">
        <ele>1192.133</ele>
        <time>2025-09-30T14:27:59.000Z</time>
      </trkpt>
      <trkpt lat="46.24886" lon="6.55929">
        <ele>1189.91</ele>
        <time>2025-09-30T14:28:04.000Z</time>
      </trkpt>
      <trkpt lat="46.24885" lon="6.55924">
        <ele>1189.164</ele>
        <time>2025-09-30T14:28:09.000Z</time>
      </trkpt>
      <trkpt lat="46.24885" lon="6.55917">
        <ele>1187.987</ele>
        <time>2025-09-30T14:28:14.000Z</time>
      </trkpt>
      <trkpt lat="46.24886" lon="6.55911">
        <ele>1185.385</ele>
        <time>2025-09-30T14:28:19.000Z</time>
      </trkpt>
      <trkpt lat="46.24886" lon="6.55906">
        <ele>1183.287</ele>
        <time>2025-09-30T14:28:24.000Z</time>
      </trkpt>
      <trkpt lat="46.24886" lon="6.559">
        <ele>1182.303</ele>
        <time>2025-09-30T14:28:29.000Z</time>
      </trkpt>
      <trkpt lat="46.24886" lon="6.55894">
        <ele>1181.038</ele>
        <time>2025-09-30T14:28:34.000Z</time>
      </trkpt>
      <trkpt lat="46.24887" lon="6.55887">
        <ele>1180.167</ele>
        <time>2025-09-30T14:28:39.000Z</time>
      </trkpt>
      <trkpt lat="46.24887" lon="6.55881">
        <ele>1177.967</ele>
        <time>2025-09-30T14:28:44.000Z</time>
      </trkpt>
      <trkpt lat="46.24888" lon="6.55874">
        <ele>1176.464</ele>
        <time>2025-09-30T14:28:49.000Z</time>
      </trkpt>
      <trkpt lat="46.24889" lon="6.55867">
        <ele>1175.147</ele>
        <time>2025-09-30T14:28:54.000Z</time>
      </trkpt>
      <trkpt lat="46.24889" lon="6.55861">
        <ele>1173.591</ele>
        <time>2025-09-30T14:28:59.000Z</time>
      </trkpt>
      <trkpt lat="46.24889" lon="6.55854">
        <ele>1172.032</ele>
        <time>2025-09-30T14:29:04.000Z</time>
      </trkpt>
      <trkpt lat="46.2489" lon="6.55848">
        <ele>1170.54</ele>
        <time>2025-09-30T14:29:09.000Z</time>
      </trkpt>
      <trkpt lat="46.24893" lon="6.55844">
        <ele>1170.728</ele>
        <time>2025-09-30T14:29:14.000Z</time>
      </trkpt>
      <trkpt lat="46.24895" lon="6.55845">
        <ele>1171.504</ele>
        <time>2025-09-30T14:29:19.000Z</time>
      </trkpt>
      <trkpt lat="46.24895" lon="6.55844">
        <ele>1171.827</ele>
        <time>2025-09-30T14:29:24.000Z</time>
      </trkpt>
      <trkpt lat="46.24895" lon="6.55843">
        <ele>1173.035</ele>
        <time>2025-09-30T14:29:29.000Z</time>
      </trkpt>
      <trkpt lat="46.24896" lon="6.55841">
        <ele>1173.395</ele>
        <time>2025-09-30T14:29:34.000Z</time>
      </trkpt>
      <trkpt lat="46.24898" lon="6.55834">
        <ele>1175.161</ele>
        <time>2025-09-30T14:29:39.000Z</time>
      </trkpt>
      <trkpt lat="46.249" lon="6.55828">
        <ele>1174.259</ele>
        <time>2025-09-30T14:29:44.000Z</time>
      </trkpt>
      <trkpt lat="46.24902" lon="6.55821">
        <ele>1173.837</ele>
        <time>2025-09-30T14:29:49.000Z</time>
      </trkpt>
      <trkpt lat="46.24903" lon="6.55814">
        <ele>1174.443</ele>
        <time>2025-09-30T14:29:54.000Z</time>
      </trkpt>
      <trkpt lat="46.24904" lon="6.55806">
        <ele>1172.667</ele>
        <time>2025-09-30T14:29:59.000Z</time>
      </trkpt>
      <trkpt lat="46.24906" lon="6.558">
        <ele>1173.569</ele>
        <time>2025-09-30T14:30:04.000Z</time>
      </trkpt>
      <trkpt lat="46.24909" lon="6.55793">
        <ele>1175.289</ele>
        <time>2025-09-30T14:30:09.000Z</time>
      </trkpt>
      <trkpt lat="46.24911" lon="6.55788">
        <ele>1176.475</ele>
        <time>2025-09-30T14:30:13.000Z</time>
      </trkpt>
      <trkpt lat="46.24913" lon="6.5578">
        <ele>1176.452</ele>
        <time>2025-09-30T14:30:19.000Z</time>
      </trkpt>
      <trkpt lat="46.24916" lon="6.55773">
        <ele>1175.62</ele>
        <time>2025-09-30T14:30:24.000Z</time>
      </trkpt>
      <trkpt lat="46.2492" lon="6.55771">
        <ele>1175.064</ele>
        <time>2025-09-30T14:30:29.000Z</time>
      </trkpt>
      <trkpt lat="46.24924" lon="6.55773">
        <ele>1174.318</ele>
        <time>2025-09-30T14:30:34.000Z</time>
      </trkpt>
      <trkpt lat="46.24926" lon="6.55771">
        <ele>1178.618</ele>
        <time>2025-09-30T14:30:39.000Z</time>
      </trkpt>
      <trkpt lat="46.24925" lon="6.55765">
        <ele>1181.58</ele>
        <time>2025-09-30T14:30:44.000Z</time>
      </trkpt>
      <trkpt lat="46.24924" lon="6.55763">
        <ele>1181.636</ele>
        <time>2025-09-30T14:30:49.000Z</time>
      </trkpt>
      <trkpt lat="46.24924" lon="6.5576">
        <ele>1185.358</ele>
        <time>2025-09-30T14:30:54.000Z</time>
      </trkpt>
      <trkpt lat="46.24923" lon="6.55756">
        <ele>1187.078</ele>
        <time>2025-09-30T14:30:59.000Z</time>
      </trkpt>
      <trkpt lat="46.24921" lon="6.55748">
        <ele>1186.492</ele>
        <time>2025-09-30T14:31:04.000Z</time>
      </trkpt>
      <trkpt lat="46.24921" lon="6.55739">
        <ele>1188.554</ele>
        <time>2025-09-30T14:31:09.000Z</time>
      </trkpt>
      <trkpt lat="46.24923" lon="6.55731">
        <ele>1190.32</ele>
        <time>2025-09-30T14:31:14.000Z</time>
      </trkpt>
      <trkpt lat="46.24926" lon="6.55726">
        <ele>1189.688</ele>
        <time>2025-09-30T14:31:19.000Z</time>
      </trkpt>
      <trkpt lat="46.24929" lon="6.55721">
        <ele>1190.273</ele>
        <time>2025-09-30T14:31:24.000Z</time>
      </trkpt>
      <trkpt lat="46.24931" lon="6.55714">
        <ele>1192.034</ele>
        <time>2025-09-30T14:31:29.000Z</time>
      </trkpt>
      <trkpt lat="46.24933" lon="6.55706">
        <ele>1193.421</ele>
        <time>2025-09-30T14:31:34.000Z</time>
      </trkpt>
      <trkpt lat="46.24935" lon="6.55698">
        <ele>1195.35</ele>
        <time>2025-09-30T14:31:39.000Z</time>
      </trkpt>
      <trkpt lat="46.24939" lon="6.55693">
        <ele>1193.585</ele>
        <time>2025-09-30T14:31:44.000Z</time>
      </trkpt>
      <trkpt lat="46.24944" lon="6.55691">
        <ele>1191.872</ele>
        <time>2025-09-30T14:31:49.000Z</time>
      </trkpt>
      <trkpt lat="46.24948" lon="6.55689">
        <ele>1191.161</ele>
        <time>2025-09-30T14:31:54.000Z</time>
      </trkpt>
      <trkpt lat="46.24952" lon="6.55685">
        <ele>1190.593</ele>
        <time>2025-09-30T14:31:59.000Z</time>
      </trkpt>
      <trkpt lat="46.24957" lon="6.55678">
        <ele>1191.085</ele>
        <time>2025-09-30T14:32:04.000Z</time>
      </trkpt>
      <trkpt lat="46.24961" lon="6.55672">
        <ele>1192.29</ele>
        <time>2025-09-30T14:32:09.000Z</time>
      </trkpt>
      <trkpt lat="46.24965" lon="6.55664">
        <ele>1194.186</ele>
        <time>2025-09-30T14:32:14.000Z</time>
      </trkpt>
      <trkpt lat="46.24969" lon="6.55655">
        <ele>1195.253</ele>
        <time>2025-09-30T14:32:19.000Z</time>
      </trkpt>
      <trkpt lat="46.24971" lon="6.55647">
        <ele>1196.509</ele>
        <time>2025-09-30T14:32:24.000Z</time>
      </trkpt>
      <trkpt lat="46.24974" lon="6.5564">
        <ele>1196.932</ele>
        <time>2025-09-30T14:32:29.000Z</time>
      </trkpt>
      <trkpt lat="46.24977" lon="6.55632">
        <ele>1197.303</ele>
        <time>2025-09-30T14:32:34.000Z</time>
      </trkpt>
      <trkpt lat="46.2498" lon="6.55626">
        <ele>1196.574</ele>
        <time>2025-09-30T14:32:39.000Z</time>
      </trkpt>
      <trkpt lat="46.24983" lon="6.55619">
        <ele>1196.996</ele>
        <time>2025-09-30T14:32:44.000Z</time>
      </trkpt>
      <trkpt lat="46.24985" lon="6.55612">
        <ele>1196.781</ele>
        <time>2025-09-30T14:32:49.000Z</time>
      </trkpt>
      <trkpt lat="46.24987" lon="6.55605">
        <ele>1196.432</ele>
        <time>2025-09-30T14:32:54.000Z</time>
      </trkpt>
      <trkpt lat="46.24989" lon="6.55599">
        <ele>1196.572</ele>
        <time>2025-09-30T14:32:59.000Z</time>
      </trkpt>
      <trkpt lat="46.24991" lon="6.55592">
        <ele>1196.863</ele>
        <time>2025-09-30T14:33:04.000Z</time>
      </trkpt>
      <trkpt lat="46.24992" lon="6.5559">
        <ele>1197.143</ele>
        <time>2025-09-30T14:33:09.000Z</time>
      </trkpt>
      <trkpt lat="46.24993" lon="6.55584">
        <ele>1196.839</ele>
        <time>2025-09-30T14:33:14.000Z</time>
      </trkpt>
      <trkpt lat="46.24995" lon="6.55578">
        <ele>1196.308</ele>
        <time>2025-09-30T14:33:19.000Z</time>
      </trkpt>
      <trkpt lat="46.24996" lon="6.55572">
        <ele>1196.127</ele>
        <time>2025-09-30T14:33:24.000Z</time>
      </trkpt>
      <trkpt lat="46.24998" lon="6.55569">
        <ele>1196.681</ele>
        <time>2025-09-30T14:33:29.000Z</time>
      </trkpt>
      <trkpt lat="46.25001" lon="6.55566">
        <ele>1197.84</ele>
        <time>2025-09-30T14:33:34.000Z</time>
      </trkpt>
      <trkpt lat="46.25004" lon="6.55564">
        <ele>1198.806</ele>
        <time>2025-09-30T14:33:39.000Z</time>
      </trkpt>
      <trkpt lat="46.25004" lon="6.55565">
        <ele>1199.372</ele>
        <time>2025-09-30T14:33:44.000Z</time>
      </trkpt>
      <trkpt lat="46.25005" lon="6.55564">
        <ele>1199.887</ele>
        <time>2025-09-30T14:33:49.000Z</time>
      </trkpt>
      <trkpt lat="46.25005" lon="6.55563">
        <ele>1199.772</ele>
        <time>2025-09-30T14:33:54.000Z</time>
      </trkpt>
      <trkpt lat="46.25005" lon="6.55563">
        <ele>1199.769</ele>
        <time>2025-09-30T14:33:59.000Z</time>
      </trkpt>
      <trkpt lat="46.25005" lon="6.55563">
        <ele>1199.761</ele>
        <time>2025-09-30T14:34:04.000Z</time>
      </trkpt>
      <trkpt lat="46.25005" lon="6.55563">
        <ele>1199.792</ele>
        <time>2025-09-30T14:34:09.000Z</time>
      </trkpt>
      <trkpt lat="46.25009" lon="6.5556">
        <ele>1199.465</ele>
        <time>2025-09-30T14:34:14.000Z</time>
      </trkpt>
      <trkpt lat="46.25013" lon="6.55557">
        <ele>1199.007</ele>
        <time>2025-09-30T14:34:19.000Z</time>
      </trkpt>
      <trkpt lat="46.25018" lon="6.55556">
        <ele>1199.039</ele>
        <time>2025-09-30T14:34:24.000Z</time>
      </trkpt>
      <trkpt lat="46.25023" lon="6.55554">
        <ele>1199.505</ele>
        <time>2025-09-30T14:34:29.000Z</time>
      </trkpt>
      <trkpt lat="46.25027" lon="6.55551">
        <ele>1198.967</ele>
        <time>2025-09-30T14:34:34.000Z</time>
      </trkpt>
      <trkpt lat="46.25031" lon="6.55548">
        <ele>1198.568</ele>
        <time>2025-09-30T14:34:39.000Z</time>
      </trkpt>
      <trkpt lat="46.25034" lon="6.55544">
        <ele>1197.256</ele>
        <time>2025-09-30T14:34:44.000Z</time>
      </trkpt>
      <trkpt lat="46.25038" lon="6.5554">
        <ele>1196.972</ele>
        <time>2025-09-30T14:34:49.000Z</time>
      </trkpt>
      <trkpt lat="46.25041" lon="6.55536">
        <ele>1195.198</ele>
        <time>2025-09-30T14:34:54.000Z</time>
      </trkpt>
      <trkpt lat="46.25045" lon="6.55531">
        <ele>1194.024</ele>
        <time>2025-09-30T14:34:59.000Z</time>
      </trkpt>
      <trkpt lat="46.25047" lon="6.55524">
        <ele>1192.56</ele>
        <time>2025-09-30T14:35:04.000Z</time>
      </trkpt>
      <trkpt lat="46.25049" lon="6.55518">
        <ele>1191.623</ele>
        <time>2025-09-30T14:35:09.000Z</time>
      </trkpt>
      <trkpt lat="46.25049" lon="6.5551">
        <ele>1191.642</ele>
        <time>2025-09-30T14:35:14.000Z</time>
      </trkpt>
      <trkpt lat="46.2505" lon="6.55504">
        <ele>1190.457</ele>
        <time>2025-09-30T14:35:19.000Z</time>
      </trkpt>
      <trkpt lat="46.25053" lon="6.55498">
        <ele>1189.388</ele>
        <time>2025-09-30T14:35:24.000Z</time>
      </trkpt>
      <trkpt lat="46.25056" lon="6.55495">
        <ele>1186.715</ele>
        <time>2025-09-30T14:35:29.000Z</time>
      </trkpt>
      <trkpt lat="46.25059" lon="6.55491">
        <ele>1186.631</ele>
        <time>2025-09-30T14:35:34.000Z</time>
      </trkpt>
      <trkpt lat="46.2506" lon="6.55486">
        <ele>1187.52</ele>
        <time>2025-09-30T14:35:39.000Z</time>
      </trkpt>
      <trkpt lat="46.25062" lon="6.55481">
        <ele>1187.564</ele>
        <time>2025-09-30T14:35:44.000Z</time>
      </trkpt>
      <trkpt lat="46.25063" lon="6.55475">
        <ele>1189.172</ele>
        <time>2025-09-30T14:35:49.000Z</time>
      </trkpt>
      <trkpt lat="46.25066" lon="6.55469">
        <ele>1189.289</ele>
        <time>2025-09-30T14:35:54.000Z</time>
      </trkpt>
      <trkpt lat="46.25066" lon="6.55462">
        <ele>1188.626</ele>
        <time>2025-09-30T14:35:59.000Z</time>
      </trkpt>
      <trkpt lat="46.25068" lon="6.55458">
        <ele>1185.612</ele>
        <time>2025-09-30T14:36:04.000Z</time>
      </trkpt>
      <trkpt lat="46.25069" lon="6.55452">
        <ele>1183.032</ele>
        <time>2025-09-30T14:36:09.000Z</time>
      </trkpt>
      <trkpt lat="46.25071" lon="6.55446">
        <ele>1180.686</ele>
        <time>2025-09-30T14:36:14.000Z</time>
      </trkpt>
      <trkpt lat="46.25072" lon="6.55438">
        <ele>1180.037</ele>
        <time>2025-09-30T14:36:19.000Z</time>
      </trkpt>
      <trkpt lat="46.25073" lon="6.55432">
        <ele>1178.655</ele>
        <time>2025-09-30T14:36:24.000Z</time>
      </trkpt>
      <trkpt lat="46.25076" lon="6.55427">
        <ele>1178.381</ele>
        <time>2025-09-30T14:36:29.000Z</time>
      </trkpt>
      <trkpt lat="46.25076" lon="6.5542">
        <ele>1177.831</ele>
        <time>2025-09-30T14:36:34.000Z</time>
      </trkpt>
      <trkpt lat="46.25077" lon="6.55413">
        <ele>1177.854</ele>
        <time>2025-09-30T14:36:39.000Z</time>
      </trkpt>
      <trkpt lat="46.25078" lon="6.55407">
        <ele>1176.391</ele>
        <time>2025-09-30T14:36:44.000Z</time>
      </trkpt>
      <trkpt lat="46.25079" lon="6.55402">
        <ele>1174.568</ele>
        <time>2025-09-30T14:36:49.000Z</time>
      </trkpt>
      <trkpt lat="46.25082" lon="6.55398">
        <ele>1175.139</ele>
        <time>2025-09-30T14:36:54.000Z</time>
      </trkpt>
      <trkpt lat="46.25086" lon="6.55395">
        <ele>1175.148</ele>
        <time>2025-09-30T14:36:59.000Z</time>
      </trkpt>
      <trkpt lat="46.2509" lon="6.55392">
        <ele>1174.692</ele>
        <time>2025-09-30T14:37:04.000Z</time>
      </trkpt>
      <trkpt lat="46.25093" lon="6.55387">
        <ele>1171.917</ele>
        <time>2025-09-30T14:37:09.000Z</time>
      </trkpt>
      <trkpt lat="46.25095" lon="6.55382">
        <ele>1171.637</ele>
        <time>2025-09-30T14:37:14.000Z</time>
      </trkpt>
      <trkpt lat="46.25095" lon="6.55374">
        <ele>1169.628</ele>
        <time>2025-09-30T14:37:19.000Z</time>
      </trkpt>
      <trkpt lat="46.25096" lon="6.55366">
        <ele>1167.556</ele>
        <time>2025-09-30T14:37:24.000Z</time>
      </trkpt>
      <trkpt lat="46.251" lon="6.5536">
        <ele>1167.178</ele>
        <time>2025-09-30T14:37:29.000Z</time>
      </trkpt>
      <trkpt lat="46.25104" lon="6.55357">
        <ele>1164.972</ele>
        <time>2025-09-30T14:37:34.000Z</time>
      </trkpt>
      <trkpt lat="46.25108" lon="6.55353">
        <ele>1165.455</ele>
        <time>2025-09-30T14:37:39.000Z</time>
      </trkpt>
      <trkpt lat="46.25111" lon="6.55346">
        <ele>1164.189</ele>
        <time>2025-09-30T14:37:44.000Z</time>
      </trkpt>
      <trkpt lat="46.25112" lon="6.55338">
        <ele>1162.824</ele>
        <time>2025-09-30T14:37:49.000Z</time>
      </trkpt>
      <trkpt lat="46.25113" lon="6.55331">
        <ele>1160.04</ele>
        <time>2025-09-30T14:37:54.000Z</time>
      </trkpt>
      <trkpt lat="46.25113" lon="6.55324">
        <ele>1157.945</ele>
        <time>2025-09-30T14:37:59.000Z</time>
      </trkpt>
      <trkpt lat="46.25113" lon="6.55317">
        <ele>1157.077</ele>
        <time>2025-09-30T14:38:04.000Z</time>
      </trkpt>
      <trkpt lat="46.25112" lon="6.55309">
        <ele>1155.269</ele>
        <time>2025-09-30T14:38:09.000Z</time>
      </trkpt>
      <trkpt lat="46.25111" lon="6.55301">
        <ele>1154.881</ele>
        <time>2025-09-30T14:38:14.000Z</time>
      </trkpt>
      <trkpt lat="46.2511" lon="6.55294">
        <ele>1154.516</ele>
        <time>2025-09-30T14:38:19.000Z</time>
      </trkpt>
      <trkpt lat="46.2511" lon="6.55287">
        <ele>1153.185</ele>
        <time>2025-09-30T14:38:24.000Z</time>
      </trkpt>
      <trkpt lat="46.25109" lon="6.55281">
        <ele>1152.168</ele>
        <time>2025-09-30T14:38:29.000Z</time>
      </trkpt>
      <trkpt lat="46.25109" lon="6.55275">
        <ele>1150.509</ele>
        <time>2025-09-30T14:38:34.000Z</time>
      </trkpt>
      <trkpt lat="46.25109" lon="6.55269">
        <ele>1148.551</ele>
        <time>2025-09-30T14:38:39.000Z</time>
      </trkpt>
      <trkpt lat="46.25109" lon="6.55263">
        <ele>1147.534</ele>
        <time>2025-09-30T14:38:44.000Z</time>
      </trkpt>
      <trkpt lat="46.2511" lon="6.55257">
        <ele>1147.725</ele>
        <time>2025-09-30T14:38:49.000Z</time>
      </trkpt>
      <trkpt lat="46.25112" lon="6.55251">
        <ele>1146.77</ele>
        <time>2025-09-30T14:38:54.000Z</time>
      </trkpt>
      <trkpt lat="46.25113" lon="6.55244">
        <ele>1146.378</ele>
        <time>2025-09-30T14:38:59.000Z</time>
      </trkpt>
      <trkpt lat="46.25114" lon="6.55238">
        <ele>1146.095</ele>
        <time>2025-09-30T14:39:04.000Z</time>
      </trkpt>
      <trkpt lat="46.25114" lon="6.55232">
        <ele>1145.113</ele>
        <time>2025-09-30T14:39:09.000Z</time>
      </trkpt>
      <trkpt lat="46.25114" lon="6.55225">
        <ele>1143.904</ele>
        <time>2025-09-30T14:39:14.000Z</time>
      </trkpt>
      <trkpt lat="46.25115" lon="6.5522">
        <ele>1142.423</ele>
        <time>2025-09-30T14:39:19.000Z</time>
      </trkpt>
      <trkpt lat="46.25116" lon="6.55213">
        <ele>1141.512</ele>
        <time>2025-09-30T14:39:24.000Z</time>
      </trkpt>
      <trkpt lat="46.25117" lon="6.55207">
        <ele>1140.405</ele>
        <time>2025-09-30T14:39:29.000Z</time>
      </trkpt>
      <trkpt lat="46.25117" lon="6.552">
        <ele>1139.954</ele>
        <time>2025-09-30T14:39:34.000Z</time>
      </trkpt>
      <trkpt lat="46.25118" lon="6.55194">
        <ele>1139.175</ele>
        <time>2025-09-30T14:39:39.000Z</time>
      </trkpt>
      <trkpt lat="46.25118" lon="6.55188">
        <ele>1139.07</ele>
        <time>2025-09-30T14:39:44.000Z</time>
      </trkpt>
      <trkpt lat="46.25119" lon="6.55184">
        <ele>1137.197</ele>
        <time>2025-09-30T14:39:49.000Z</time>
      </trkpt>
      <trkpt lat="46.25122" lon="6.55178">
        <ele>1137.532</ele>
        <time>2025-09-30T14:39:54.000Z</time>
      </trkpt>
      <trkpt lat="46.25124" lon="6.55173">
        <ele>1135.441</ele>
        <time>2025-09-30T14:39:59.000Z</time>
      </trkpt>
      <trkpt lat="46.25125" lon="6.55166">
        <ele>1134.625</ele>
        <time>2025-09-30T14:40:04.000Z</time>
      </trkpt>
      <trkpt lat="46.25127" lon="6.55162">
        <ele>1133.857</ele>
        <time>2025-09-30T14:40:09.000Z</time>
      </trkpt>
      <trkpt lat="46.25132" lon="6.55158">
        <ele>1132.657</ele>
        <time>2025-09-30T14:40:14.000Z</time>
      </trkpt>
      <trkpt lat="46.25134" lon="6.55151">
        <ele>1133.149</ele>
        <time>2025-09-30T14:40:19.000Z</time>
      </trkpt>
      <trkpt lat="46.25133" lon="6.55145">
        <ele>1132.49</ele>
        <time>2025-09-30T14:40:24.000Z</time>
      </trkpt>
      <trkpt lat="46.25129" lon="6.55142">
        <ele>1130.367</ele>
        <time>2025-09-30T14:40:29.000Z</time>
      </trkpt>
      <trkpt lat="46.25121" lon="6.55142">
        <ele>1128.51</ele>
        <time>2025-09-30T14:40:34.000Z</time>
      </trkpt>
      <trkpt lat="46.25115" lon="6.55145">
        <ele>1129.496</ele>
        <time>2025-09-30T14:40:39.000Z</time>
      </trkpt>
      <trkpt lat="46.2511" lon="6.55152">
        <ele>1127.046</ele>
        <time>2025-09-30T14:40:44.000Z</time>
      </trkpt>
      <trkpt lat="46.25107" lon="6.55156">
        <ele>1128.942</ele>
        <time>2025-09-30T14:40:49.000Z</time>
      </trkpt>
      <trkpt lat="46.25105" lon="6.55161">
        <ele>1128.113</ele>
        <time>2025-09-30T14:40:54.000Z</time>
      </trkpt>
      <trkpt lat="46.25103" lon="6.55167">
        <ele>1128.312</ele>
        <time>2025-09-30T14:40:59.000Z</time>
      </trkpt>
      <trkpt lat="46.251" lon="6.55173">
        <ele>1128.104</ele>
        <time>2025-09-30T14:41:04.000Z</time>
      </trkpt>
      <trkpt lat="46.25097" lon="6.55178">
        <ele>1127.378</ele>
        <time>2025-09-30T14:41:09.000Z</time>
      </trkpt>
      <trkpt lat="46.25095" lon="6.55185">
        <ele>1127.198</ele>
        <time>2025-09-30T14:41:14.000Z</time>
      </trkpt>
      <trkpt lat="46.25093" lon="6.55191">
        <ele>1126.41</ele>
        <time>2025-09-30T14:41:19.000Z</time>
      </trkpt>
      <trkpt lat="46.2509" lon="6.55196">
        <ele>1125.346</ele>
        <time>2025-09-30T14:41:24.000Z</time>
      </trkpt>
      <trkpt lat="46.25086" lon="6.55198">
        <ele>1124.857</ele>
        <time>2025-09-30T14:41:29.000Z</time>
      </trkpt>
      <trkpt lat="46.25082" lon="6.55195">
        <ele>1122.91</ele>
        <time>2025-09-30T14:41:34.000Z</time>
      </trkpt>
      <trkpt lat="46.2508" lon="6.5519">
        <ele>1120.408</ele>
        <time>2025-09-30T14:41:39.000Z</time>
      </trkpt>
      <trkpt lat="46.2508" lon="6.55187">
        <ele>1117.343</ele>
        <time>2025-09-30T14:41:44.000Z</time>
      </trkpt>
      <trkpt lat="46.25083" lon="6.55181">
        <ele>1115.472</ele>
        <time>2025-09-30T14:41:49.000Z</time>
      </trkpt>
      <trkpt lat="46.25086" lon="6.55174">
        <ele>1114.519</ele>
        <time>2025-09-30T14:41:54.000Z</time>
      </trkpt>
      <trkpt lat="46.25088" lon="6.55167">
        <ele>1113.674</ele>
        <time>2025-09-30T14:41:59.000Z</time>
      </trkpt>
      <trkpt lat="46.25089" lon="6.5516">
        <ele>1114.312</ele>
        <time>2025-09-30T14:42:04.000Z</time>
      </trkpt>
      <trkpt lat="46.25088" lon="6.55153">
        <ele>1114.343</ele>
        <time>2025-09-30T14:42:09.000Z</time>
      </trkpt>
      <trkpt lat="46.25088" lon="6.55146">
        <ele>1114.457</ele>
        <time>2025-09-30T14:42:14.000Z</time>
      </trkpt>
      <trkpt lat="46.25086" lon="6.5514">
        <ele>1115.763</ele>
        <time>2025-09-30T14:42:19.000Z</time>
      </trkpt>
      <trkpt lat="46.25084" lon="6.55134">
        <ele>1116.645</ele>
        <time>2025-09-30T14:42:24.000Z</time>
      </trkpt>
      <trkpt lat="46.25081" lon="6.55129">
        <ele>1114.791</ele>
        <time>2025-09-30T14:42:29.000Z</time>
      </trkpt>
      <trkpt lat="46.25078" lon="6.55122">
        <ele>1114.755</ele>
        <time>2025-09-30T14:42:34.000Z</time>
      </trkpt>
      <trkpt lat="46.25075" lon="6.55116">
        <ele>1113.579</ele>
        <time>2025-09-30T14:42:39.000Z</time>
      </trkpt>
      <trkpt lat="46.25072" lon="6.55109">
        <ele>1113.104</ele>
        <time>2025-09-30T14:42:44.000Z</time>
      </trkpt>
      <trkpt lat="46.2507" lon="6.55102">
        <ele>1110.947</ele>
        <time>2025-09-30T14:42:49.000Z</time>
      </trkpt>
      <trkpt lat="46.25067" lon="6.55096">
        <ele>1107.847</ele>
        <time>2025-09-30T14:42:54.000Z</time>
      </trkpt>
      <trkpt lat="46.25063" lon="6.5509">
        <ele>1105.432</ele>
        <time>2025-09-30T14:42:59.000Z</time>
      </trkpt>
      <trkpt lat="46.25062" lon="6.5509">
        <ele>1105.269</ele>
        <time>2025-09-30T14:43:04.000Z</time>
      </trkpt>
      <trkpt lat="46.25059" lon="6.55092">
        <ele>1103.52</ele>
        <time>2025-09-30T14:43:09.000Z</time>
      </trkpt>
      <trkpt lat="46.25059" lon="6.55093">
        <ele>1103.409</ele>
        <time>2025-09-30T14:43:14.000Z</time>
      </trkpt>
      <trkpt lat="46.25059" lon="6.55093">
        <ele>1103.407</ele>
        <time>2025-09-30T14:43:19.000Z</time>
      </trkpt>
      <trkpt lat="46.25059" lon="6.55093">
        <ele>1103.413</ele>
        <time>2025-09-30T14:43:24.000Z</time>
      </trkpt>
      <trkpt lat="46.25059" lon="6.55093">
        <ele>1103.436</ele>
        <time>2025-09-30T14:43:29.000Z</time>
      </trkpt>
      <trkpt lat="46.25059" lon="6.55093">
        <ele>1103.437</ele>
        <time>2025-09-30T14:43:34.000Z</time>
      </trkpt>
      <trkpt lat="46.25059" lon="6.55093">
        <ele>1103.713</ele>
        <time>2025-09-30T14:43:39.000Z</time>
      </trkpt>
      <trkpt lat="46.25062" lon="6.55093">
        <ele>1103.184</ele>
        <time>2025-09-30T14:43:44.000Z</time>
      </trkpt>
      <trkpt lat="46.25064" lon="6.5509">
        <ele>1100.946</ele>
        <time>2025-09-30T14:43:49.000Z</time>
      </trkpt>
      <trkpt lat="46.25064" lon="6.55085">
        <ele>1098.43</ele>
        <time>2025-09-30T14:43:54.000Z</time>
      </trkpt>
      <trkpt lat="46.25062" lon="6.5508">
        <ele>1096.711</ele>
        <time>2025-09-30T14:43:59.000Z</time>
      </trkpt>
      <trkpt lat="46.25062" lon="6.55076">
        <ele>1093.873</ele>
        <time>2025-09-30T14:44:04.000Z</time>
      </trkpt>
      <trkpt lat="46.25063" lon="6.55072">
        <ele>1091.535</ele>
        <time>2025-09-30T14:44:09.000Z</time>
      </trkpt>
      <trkpt lat="46.25065" lon="6.55067">
        <ele>1090</ele>
        <time>2025-09-30T14:44:14.000Z</time>
      </trkpt>
      <trkpt lat="46.25066" lon="6.55061">
        <ele>1088.36</ele>
        <time>2025-09-30T14:44:19.000Z</time>
      </trkpt>
      <trkpt lat="46.25065" lon="6.55056">
        <ele>1086.318</ele>
        <time>2025-09-30T14:44:24.000Z</time>
      </trkpt>
      <trkpt lat="46.25064" lon="6.55049">
        <ele>1085.241</ele>
        <time>2025-09-30T14:44:29.000Z</time>
      </trkpt>
      <trkpt lat="46.25063" lon="6.55042">
        <ele>1085.061</ele>
        <time>2025-09-30T14:44:34.000Z</time>
      </trkpt>
      <trkpt lat="46.25063" lon="6.55037">
        <ele>1083.67</ele>
        <time>2025-09-30T14:44:39.000Z</time>
      </trkpt>
      <trkpt lat="46.25065" lon="6.55032">
        <ele>1083.474</ele>
        <time>2025-09-30T14:44:44.000Z</time>
      </trkpt>
      <trkpt lat="46.25066" lon="6.55026">
        <ele>1082.203</ele>
        <time>2025-09-30T14:44:49.000Z</time>
      </trkpt>
      <trkpt lat="46.25068" lon="6.5502">
        <ele>1080.947</ele>
        <time>2025-09-30T14:44:54.000Z</time>
      </trkpt>
      <trkpt lat="46.25069" lon="6.55014">
        <ele>1080.417</ele>
        <time>2025-09-30T14:44:59.000Z</time>
      </trkpt>
      <trkpt lat="46.25067" lon="6.55007">
        <ele>1080.091</ele>
        <time>2025-09-30T14:45:04.000Z</time>
      </trkpt>
      <trkpt lat="46.25067" lon="6.55001">
        <ele>1079.628</ele>
        <time>2025-09-30T14:45:09.000Z</time>
      </trkpt>
      <trkpt lat="46.25065" lon="6.54994">
        <ele>1080.719</ele>
        <time>2025-09-30T14:45:14.000Z</time>
      </trkpt>
      <trkpt lat="46.25063" lon="6.54988">
        <ele>1078.993</ele>
        <time>2025-09-30T14:45:19.000Z</time>
      </trkpt>
      <trkpt lat="46.2506" lon="6.54982">
        <ele>1079.351</ele>
        <time>2025-09-30T14:45:24.000Z</time>
      </trkpt>
      <trkpt lat="46.25058" lon="6.54976">
        <ele>1080.669</ele>
        <time>2025-09-30T14:45:29.000Z</time>
      </trkpt>
      <trkpt lat="46.25055" lon="6.54969">
        <ele>1081.97</ele>
        <time>2025-09-30T14:45:34.000Z</time>
      </trkpt>
      <trkpt lat="46.25053" lon="6.54963">
        <ele>1081.54</ele>
        <time>2025-09-30T14:45:39.000Z</time>
      </trkpt>
      <trkpt lat="46.25052" lon="6.54959">
        <ele>1080.005</ele>
        <time>2025-09-30T14:45:44.000Z</time>
      </trkpt>
      <trkpt lat="46.25052" lon="6.54954">
        <ele>1078.036</ele>
        <time>2025-09-30T14:45:49.000Z</time>
      </trkpt>
      <trkpt lat="46.25053" lon="6.54948">
        <ele>1077.755</ele>
        <time>2025-09-30T14:45:54.000Z</time>
      </trkpt>
      <trkpt lat="46.25052" lon="6.54941">
        <ele>1076.837</ele>
        <time>2025-09-30T14:45:59.000Z</time>
      </trkpt>
      <trkpt lat="46.25051" lon="6.54934">
        <ele>1076.567</ele>
        <time>2025-09-30T14:46:04.000Z</time>
      </trkpt>
      <trkpt lat="46.25049" lon="6.54926">
        <ele>1077.046</ele>
        <time>2025-09-30T14:46:09.000Z</time>
      </trkpt>
      <trkpt lat="46.25048" lon="6.54917">
        <ele>1077.354</ele>
        <time>2025-09-30T14:46:14.000Z</time>
      </trkpt>
      <trkpt lat="46.25046" lon="6.54909">
        <ele>1076.1</ele>
        <time>2025-09-30T14:46:19.000Z</time>
      </trkpt>
      <trkpt lat="46.25045" lon="6.54902">
        <ele>1075.979</ele>
        <time>2025-09-30T14:46:24.000Z</time>
      </trkpt>
      <trkpt lat="46.25044" lon="6.54894">
        <ele>1076.561</ele>
        <time>2025-09-30T14:46:29.000Z</time>
      </trkpt>
      <trkpt lat="46.25044" lon="6.54885">
        <ele>1076.817</ele>
        <time>2025-09-30T14:46:34.000Z</time>
      </trkpt>
      <trkpt lat="46.25046" lon="6.54879">
        <ele>1075.534</ele>
        <time>2025-09-30T14:46:39.000Z</time>
      </trkpt>
      <trkpt lat="46.25046" lon="6.54872">
        <ele>1076.298</ele>
        <time>2025-09-30T14:46:44.000Z</time>
      </trkpt>
      <trkpt lat="46.25048" lon="6.54865">
        <ele>1076.548</ele>
        <time>2025-09-30T14:46:49.000Z</time>
      </trkpt>
      <trkpt lat="46.2505" lon="6.54858">
        <ele>1076.4</ele>
        <time>2025-09-30T14:46:54.000Z</time>
      </trkpt>
      <trkpt lat="46.2505" lon="6.54851">
        <ele>1076.42</ele>
        <time>2025-09-30T14:46:59.000Z</time>
      </trkpt>
      <trkpt lat="46.2505" lon="6.54843">
        <ele>1075.717</ele>
        <time>2025-09-30T14:47:04.000Z</time>
      </trkpt>
      <trkpt lat="46.25049" lon="6.54835">
        <ele>1074.993</ele>
        <time>2025-09-30T14:47:09.000Z</time>
      </trkpt>
      <trkpt lat="46.25048" lon="6.54828">
        <ele>1074.447</ele>
        <time>2025-09-30T14:47:14.000Z</time>
      </trkpt>
      <trkpt lat="46.25048" lon="6.54822">
        <ele>1074.43</ele>
        <time>2025-09-30T14:47:19.000Z</time>
      </trkpt>
      <trkpt lat="46.25047" lon="6.54817">
        <ele>1073.292</ele>
        <time>2025-09-30T14:47:24.000Z</time>
      </trkpt>
      <trkpt lat="46.25046" lon="6.54812">
        <ele>1071.744</ele>
        <time>2025-09-30T14:47:29.000Z</time>
      </trkpt>
      <trkpt lat="46.25042" lon="6.54807">
        <ele>1070.007</ele>
        <time>2025-09-30T14:47:34.000Z</time>
      </trkpt>
      <trkpt lat="46.2504" lon="6.54802">
        <ele>1067.92</ele>
        <time>2025-09-30T14:47:39.000Z</time>
      </trkpt>
      <trkpt lat="46.2504" lon="6.54799">
        <ele>1063.824</ele>
        <time>2025-09-30T14:47:44.000Z</time>
      </trkpt>
      <trkpt lat="46.2504" lon="6.54795">
        <ele>1061.189</ele>
        <time>2025-09-30T14:47:49.000Z</time>
      </trkpt>
      <trkpt lat="46.2504" lon="6.5479">
        <ele>1059.233</ele>
        <time>2025-09-30T14:47:54.000Z</time>
      </trkpt>
      <trkpt lat="46.25039" lon="6.54784">
        <ele>1058.338</ele>
        <time>2025-09-30T14:47:59.000Z</time>
      </trkpt>
      <trkpt lat="46.25036" lon="6.54783">
        <ele>1058.032</ele>
        <time>2025-09-30T14:48:04.000Z</time>
      </trkpt>
      <trkpt lat="46.25034" lon="6.54777">
        <ele>1056.906</ele>
        <time>2025-09-30T14:48:09.000Z</time>
      </trkpt>
      <trkpt lat="46.25031" lon="6.5477">
        <ele>1056.962</ele>
        <time>2025-09-30T14:48:14.000Z</time>
      </trkpt>
      <trkpt lat="46.25028" lon="6.54764">
        <ele>1056.758</ele>
        <time>2025-09-30T14:48:19.000Z</time>
      </trkpt>
      <trkpt lat="46.25023" lon="6.54758">
        <ele>1056.451</ele>
        <time>2025-09-30T14:48:24.000Z</time>
      </trkpt>
      <trkpt lat="46.25019" lon="6.54752">
        <ele>1056.08</ele>
        <time>2025-09-30T14:48:29.000Z</time>
      </trkpt>
      <trkpt lat="46.25016" lon="6.54745">
        <ele>1055.829</ele>
        <time>2025-09-30T14:48:34.000Z</time>
      </trkpt>
      <trkpt lat="46.25015" lon="6.5474">
        <ele>1053.921</ele>
        <time>2025-09-30T14:48:39.000Z</time>
      </trkpt>
      <trkpt lat="46.25012" lon="6.54735">
        <ele>1054.558</ele>
        <time>2025-09-30T14:48:44.000Z</time>
      </trkpt>
      <trkpt lat="46.25009" lon="6.54728">
        <ele>1055.211</ele>
        <time>2025-09-30T14:48:49.000Z</time>
      </trkpt>
      <trkpt lat="46.25006" lon="6.54721">
        <ele>1056.739</ele>
        <time>2025-09-30T14:48:54.000Z</time>
      </trkpt>
      <trkpt lat="46.25003" lon="6.54713">
        <ele>1057.369</ele>
        <time>2025-09-30T14:48:59.000Z</time>
      </trkpt>
      <trkpt lat="46.25001" lon="6.54706">
        <ele>1053.809</ele>
        <time>2025-09-30T14:49:04.000Z</time>
      </trkpt>
      <trkpt lat="46.25001" lon="6.547">
        <ele>1053.66</ele>
        <time>2025-09-30T14:49:09.000Z</time>
      </trkpt>
      <trkpt lat="46.25" lon="6.54694">
        <ele>1052.559</ele>
        <time>2025-09-30T14:49:14.000Z</time>
      </trkpt>
      <trkpt lat="46.24998" lon="6.54687">
        <ele>1053.162</ele>
        <time>2025-09-30T14:49:19.000Z</time>
      </trkpt>
      <trkpt lat="46.24995" lon="6.5468">
        <ele>1052.571</ele>
        <time>2025-09-30T14:49:24.000Z</time>
      </trkpt>
      <trkpt lat="46.24992" lon="6.54673">
        <ele>1052.475</ele>
        <time>2025-09-30T14:49:29.000Z</time>
      </trkpt>
      <trkpt lat="46.2499" lon="6.54667">
        <ele>1050.712</ele>
        <time>2025-09-30T14:49:34.000Z</time>
      </trkpt>
      <trkpt lat="46.24988" lon="6.5466">
        <ele>1050.075</ele>
        <time>2025-09-30T14:49:39.000Z</time>
      </trkpt>
      <trkpt lat="46.24986" lon="6.54652">
        <ele>1050.945</ele>
        <time>2025-09-30T14:49:44.000Z</time>
      </trkpt>
      <trkpt lat="46.24984" lon="6.54642">
        <ele>1051.647</ele>
        <time>2025-09-30T14:49:49.000Z</time>
      </trkpt>
      <trkpt lat="46.24981" lon="6.54634">
        <ele>1050.981</ele>
        <time>2025-09-30T14:49:54.000Z</time>
      </trkpt>
      <trkpt lat="46.24979" lon="6.54626">
        <ele>1051.55</ele>
        <time>2025-09-30T14:49:59.000Z</time>
      </trkpt>
      <trkpt lat="46.24978" lon="6.54618">
        <ele>1051.873</ele>
        <time>2025-09-30T14:50:04.000Z</time>
      </trkpt>
      <trkpt lat="46.24978" lon="6.5461">
        <ele>1052.124</ele>
        <time>2025-09-30T14:50:09.000Z</time>
      </trkpt>
      <trkpt lat="46.24977" lon="6.54603">
        <ele>1052.404</ele>
        <time>2025-09-30T14:50:14.000Z</time>
      </trkpt>
      <trkpt lat="46.24978" lon="6.54597">
        <ele>1052.726</ele>
        <time>2025-09-30T14:50:19.000Z</time>
      </trkpt>
      <trkpt lat="46.24977" lon="6.5459">
        <ele>1052.759</ele>
        <time>2025-09-30T14:50:24.000Z</time>
      </trkpt>
      <trkpt lat="46.24978" lon="6.54583">
        <ele>1051.656</ele>
        <time>2025-09-30T14:50:29.000Z</time>
      </trkpt>
      <trkpt lat="46.24978" lon="6.54577">
        <ele>1050.302</ele>
        <time>2025-09-30T14:50:34.000Z</time>
      </trkpt>
      <trkpt lat="46.2498" lon="6.54572">
        <ele>1047.303</ele>
        <time>2025-09-30T14:50:39.000Z</time>
      </trkpt>
      <trkpt lat="46.24981" lon="6.54569">
        <ele>1043.962</ele>
        <time>2025-09-30T14:50:44.000Z</time>
      </trkpt>
      <trkpt lat="46.24981" lon="6.54564">
        <ele>1042.037</ele>
        <time>2025-09-30T14:50:49.000Z</time>
      </trkpt>
      <trkpt lat="46.2498" lon="6.54558">
        <ele>1041.612</ele>
        <time>2025-09-30T14:50:54.000Z</time>
      </trkpt>
      <trkpt lat="46.2498" lon="6.5455">
        <ele>1040.31</ele>
        <time>2025-09-30T14:50:59.000Z</time>
      </trkpt>
      <trkpt lat="46.24979" lon="6.54545">
        <ele>1036.539</ele>
        <time>2025-09-30T14:51:04.000Z</time>
      </trkpt>
      <trkpt lat="46.24978" lon="6.54539">
        <ele>1035.241</ele>
        <time>2025-09-30T14:51:09.000Z</time>
      </trkpt>
      <trkpt lat="46.24977" lon="6.54531">
        <ele>1035.62</ele>
        <time>2025-09-30T14:51:14.000Z</time>
      </trkpt>
      <trkpt lat="46.24976" lon="6.54522">
        <ele>1035.416</ele>
        <time>2025-09-30T14:51:19.000Z</time>
      </trkpt>
      <trkpt lat="46.24977" lon="6.54517">
        <ele>1032.277</ele>
        <time>2025-09-30T14:51:24.000Z</time>
      </trkpt>
      <trkpt lat="46.24978" lon="6.54513">
        <ele>1030.352</ele>
        <time>2025-09-30T14:51:29.000Z</time>
      </trkpt>
      <trkpt lat="46.24979" lon="6.54508">
        <ele>1028.099</ele>
        <time>2025-09-30T14:51:34.000Z</time>
      </trkpt>
      <trkpt lat="46.2498" lon="6.54503">
        <ele>1026.335</ele>
        <time>2025-09-30T14:51:39.000Z</time>
      </trkpt>
      <trkpt lat="46.24982" lon="6.54497">
        <ele>1025.41</ele>
        <time>2025-09-30T14:51:44.000Z</time>
      </trkpt>
      <trkpt lat="46.24984" lon="6.5449">
        <ele>1024.776</ele>
        <time>2025-09-30T14:51:49.000Z</time>
      </trkpt>
      <trkpt lat="46.24986" lon="6.54483">
        <ele>1024.805</ele>
        <time>2025-09-30T14:51:54.000Z</time>
      </trkpt>
      <trkpt lat="46.24987" lon="6.54476">
        <ele>1025.359</ele>
        <time>2025-09-30T14:51:59.000Z</time>
      </trkpt>
      <trkpt lat="46.24988" lon="6.54468">
        <ele>1025.946</ele>
        <time>2025-09-30T14:52:04.000Z</time>
      </trkpt>
      <trkpt lat="46.24988" lon="6.54459">
        <ele>1026.765</ele>
        <time>2025-09-30T14:52:09.000Z</time>
      </trkpt>
      <trkpt lat="46.24987" lon="6.5445">
        <ele>1028.656</ele>
        <time>2025-09-30T14:52:14.000Z</time>
      </trkpt>
      <trkpt lat="46.24985" lon="6.54441">
        <ele>1028.764</ele>
        <time>2025-09-30T14:52:19.000Z</time>
      </trkpt>
      <trkpt lat="46.24984" lon="6.54433">
        <ele>1029.25</ele>
        <time>2025-09-30T14:52:24.000Z</time>
      </trkpt>
      <trkpt lat="46.24984" lon="6.54425">
        <ele>1030.106</ele>
        <time>2025-09-30T14:52:29.000Z</time>
      </trkpt>
      <trkpt lat="46.24984" lon="6.54417">
        <ele>1030.002</ele>
        <time>2025-09-30T14:52:34.000Z</time>
      </trkpt>
      <trkpt lat="46.24984" lon="6.5441">
        <ele>1030.149</ele>
        <time>2025-09-30T14:52:39.000Z</time>
      </trkpt>
      <trkpt lat="46.24983" lon="6.54402">
        <ele>1030.258</ele>
        <time>2025-09-30T14:52:44.000Z</time>
      </trkpt>
      <trkpt lat="46.24983" lon="6.54396">
        <ele>1030.497</ele>
        <time>2025-09-30T14:52:49.000Z</time>
      </trkpt>
      <trkpt lat="46.24983" lon="6.54391">
        <ele>1030.631</ele>
        <time>2025-09-30T14:52:54.000Z</time>
      </trkpt>
      <trkpt lat="46.24982" lon="6.54384">
        <ele>1030.801</ele>
        <time>2025-09-30T14:52:59.000Z</time>
      </trkpt>
      <trkpt lat="46.24984" lon="6.54378">
        <ele>1031.322</ele>
        <time>2025-09-30T14:53:04.000Z</time>
      </trkpt>
      <trkpt lat="46.24983" lon="6.54371">
        <ele>1030.455</ele>
        <time>2025-09-30T14:53:09.000Z</time>
      </trkpt>
      <trkpt lat="46.24983" lon="6.54367">
        <ele>1028.997</ele>
        <time>2025-09-30T14:53:14.000Z</time>
      </trkpt>
      <trkpt lat="46.24984" lon="6.54361">
        <ele>1028.241</ele>
        <time>2025-09-30T14:53:19.000Z</time>
      </trkpt>
      <trkpt lat="46.24985" lon="6.54355">
        <ele>1027.378</ele>
        <time>2025-09-30T14:53:24.000Z</time>
      </trkpt>
      <trkpt lat="46.24985" lon="6.5435">
        <ele>1025.642</ele>
        <time>2025-09-30T14:53:29.000Z</time>
      </trkpt>
      <trkpt lat="46.24985" lon="6.54344">
        <ele>1023.888</ele>
        <time>2025-09-30T14:53:34.000Z</time>
      </trkpt>
      <trkpt lat="46.24986" lon="6.5434">
        <ele>1021.916</ele>
        <time>2025-09-30T14:53:39.000Z</time>
      </trkpt>
      <trkpt lat="46.24987" lon="6.54336">
        <ele>1019.395</ele>
        <time>2025-09-30T14:53:44.000Z</time>
      </trkpt>
      <trkpt lat="46.24988" lon="6.54331">
        <ele>1017.66</ele>
        <time>2025-09-30T14:53:49.000Z</time>
      </trkpt>
      <trkpt lat="46.24988" lon="6.54326">
        <ele>1015.055</ele>
        <time>2025-09-30T14:53:54.000Z</time>
      </trkpt>
      <trkpt lat="46.24987" lon="6.54319">
        <ele>1013.343</ele>
        <time>2025-09-30T14:53:59.000Z</time>
      </trkpt>
      <trkpt lat="46.24987" lon="6.54312">
        <ele>1011.707</ele>
        <time>2025-09-30T14:54:04.000Z</time>
      </trkpt>
      <trkpt lat="46.24986" lon="6.54306">
        <ele>1011.704</ele>
        <time>2025-09-30T14:54:09.000Z</time>
      </trkpt>
      <trkpt lat="46.24985" lon="6.54298">
        <ele>1010.655</ele>
        <time>2025-09-30T14:54:14.000Z</time>
      </trkpt>
      <trkpt lat="46.24984" lon="6.54291">
        <ele>1009.564</ele>
        <time>2025-09-30T14:54:19.000Z</time>
      </trkpt>
      <trkpt lat="46.24983" lon="6.54283">
        <ele>1009.398</ele>
        <time>2025-09-30T14:54:24.000Z</time>
      </trkpt>
      <trkpt lat="46.24984" lon="6.54276">
        <ele>1010.697</ele>
        <time>2025-09-30T14:54:29.000Z</time>
      </trkpt>
      <trkpt lat="46.24985" lon="6.54267">
        <ele>1010.907</ele>
        <time>2025-09-30T14:54:34.000Z</time>
      </trkpt>
      <trkpt lat="46.24986" lon="6.5426">
        <ele>1010.787</ele>
        <time>2025-09-30T14:54:39.000Z</time>
      </trkpt>
      <trkpt lat="46.24986" lon="6.54252">
        <ele>1012.215</ele>
        <time>2025-09-30T14:54:44.000Z</time>
      </trkpt>
      <trkpt lat="46.24988" lon="6.54245">
        <ele>1012.069</ele>
        <time>2025-09-30T14:54:49.000Z</time>
      </trkpt>
      <trkpt lat="46.2499" lon="6.54238">
        <ele>1012.447</ele>
        <time>2025-09-30T14:54:54.000Z</time>
      </trkpt>
      <trkpt lat="46.24992" lon="6.54232">
        <ele>1011.99</ele>
        <time>2025-09-30T14:54:59.000Z</time>
      </trkpt>
      <trkpt lat="46.24995" lon="6.54227">
        <ele>1011.878</ele>
        <time>2025-09-30T14:55:04.000Z</time>
      </trkpt>
      <trkpt lat="46.24997" lon="6.54221">
        <ele>1011.444</ele>
        <time>2025-09-30T14:55:09.000Z</time>
      </trkpt>
      <trkpt lat="46.25001" lon="6.54217">
        <ele>1010.971</ele>
        <time>2025-09-30T14:55:14.000Z</time>
      </trkpt>
      <trkpt lat="46.25005" lon="6.54211">
        <ele>1011.4</ele>
        <time>2025-09-30T14:55:19.000Z</time>
      </trkpt>
      <trkpt lat="46.25009" lon="6.54205">
        <ele>1011.288</ele>
        <time>2025-09-30T14:55:24.000Z</time>
      </trkpt>
      <trkpt lat="46.25012" lon="6.542">
        <ele>1011.966</ele>
        <time>2025-09-30T14:55:29.000Z</time>
      </trkpt>
      <trkpt lat="46.25015" lon="6.54194">
        <ele>1012.237</ele>
        <time>2025-09-30T14:55:34.000Z</time>
      </trkpt>
      <trkpt lat="46.25017" lon="6.54188">
        <ele>1012.237</ele>
        <time>2025-09-30T14:55:39.000Z</time>
      </trkpt>
      <trkpt lat="46.2502" lon="6.54183">
        <ele>1011.225</ele>
        <time>2025-09-30T14:55:44.000Z</time>
      </trkpt>
      <trkpt lat="46.25023" lon="6.54176">
        <ele>1011.77</ele>
        <time>2025-09-30T14:55:49.000Z</time>
      </trkpt>
      <trkpt lat="46.25021" lon="6.54172">
        <ele>1010.984</ele>
        <time>2025-09-30T14:55:54.000Z</time>
      </trkpt>
      <trkpt lat="46.2502" lon="6.54171">
        <ele>1010.991</ele>
        <time>2025-09-30T14:55:59.000Z</time>
      </trkpt>
      <trkpt lat="46.2502" lon="6.54171">
        <ele>1010.605</ele>
        <time>2025-09-30T14:56:04.000Z</time>
      </trkpt>
      <trkpt lat="46.2502" lon="6.54171">
        <ele>1010.534</ele>
        <time>2025-09-30T14:56:09.000Z</time>
      </trkpt>
      <trkpt lat="46.2502" lon="6.54171">
        <ele>1010.532</ele>
        <time>2025-09-30T14:56:14.000Z</time>
      </trkpt>
      <trkpt lat="46.2502" lon="6.54171">
        <ele>1010.728</ele>
        <time>2025-09-30T14:56:19.000Z</time>
      </trkpt>
      <trkpt lat="46.2502" lon="6.54171">
        <ele>1010.735</ele>
        <time>2025-09-30T14:56:24.000Z</time>
      </trkpt>
      <trkpt lat="46.2502" lon="6.54171">
        <ele>1010.741</ele>
        <time>2025-09-30T14:56:29.000Z</time>
      </trkpt>
      <trkpt lat="46.2502" lon="6.54171">
        <ele>1010.739</ele>
        <time>2025-09-30T14:56:34.000Z</time>
      </trkpt>
      <trkpt lat="46.2502" lon="6.54171">
        <ele>1010.733</ele>
        <time>2025-09-30T14:56:39.000Z</time>
      </trkpt>
      <trkpt lat="46.2502" lon="6.54171">
        <ele>1010.735</ele>
        <time>2025-09-30T14:56:44.000Z</time>
      </trkpt>
      <trkpt lat="46.2502" lon="6.54171">
        <ele>1010.727</ele>
        <time>2025-09-30T14:56:49.000Z</time>
      </trkpt>
      <trkpt lat="46.2502" lon="6.54171">
        <ele>1010.81</ele>
        <time>2025-09-30T14:56:54.000Z</time>
      </trkpt>
      <trkpt lat="46.2502" lon="6.54171">
        <ele>1011.049</ele>
        <time>2025-09-30T14:56:59.000Z</time>
      </trkpt>
      <trkpt lat="46.2502" lon="6.54171">
        <ele>1011.054</ele>
        <time>2025-09-30T14:57:04.000Z</time>
      </trkpt>
      <trkpt lat="46.2502" lon="6.54171">
        <ele>1011.05</ele>
        <time>2025-09-30T14:57:09.000Z</time>
      </trkpt>
      <trkpt lat="46.2502" lon="6.54171">
        <ele>1011.036</ele>
        <time>2025-09-30T14:57:14.000Z</time>
      </trkpt>
      <trkpt lat="46.2502" lon="6.54171">
        <ele>1011.012</ele>
        <time>2025-09-30T14:57:19.000Z</time>
      </trkpt>
      <trkpt lat="46.2502" lon="6.54171">
        <ele>1010.978</ele>
        <time>2025-09-30T14:57:24.000Z</time>
      </trkpt>
      <trkpt lat="46.2502" lon="6.54171">
        <ele>1010.941</ele>
        <time>2025-09-30T14:57:29.000Z</time>
      </trkpt>
      <trkpt lat="46.2502" lon="6.54171">
        <ele>1010.898</ele>
        <time>2025-09-30T14:57:34.000Z</time>
      </trkpt>
      <trkpt lat="46.2502" lon="6.54171">
        <ele>1010.887</ele>
        <time>2025-09-30T14:57:39.000Z</time>
      </trkpt>
      <trkpt lat="46.2502" lon="6.54171">
        <ele>1011.413</ele>
        <time>2025-09-30T14:57:44.000Z</time>
      </trkpt>
      <trkpt lat="46.2502" lon="6.54171">
        <ele>1010.612</ele>
        <time>2025-09-30T14:57:49.000Z</time>
      </trkpt>
      <trkpt lat="46.2502" lon="6.54171">
        <ele>1010.729</ele>
        <time>2025-09-30T14:57:54.000Z</time>
      </trkpt>
      <trkpt lat="46.2502" lon="6.54171">
        <ele>1010.733</ele>
        <time>2025-09-30T14:57:59.000Z</time>
      </trkpt>
      <trkpt lat="46.2502" lon="6.54171">
        <ele>1010.733</ele>
        <time>2025-09-30T14:58:04.000Z</time>
      </trkpt>
      <trkpt lat="46.2502" lon="6.54171">
        <ele>1010.778</ele>
        <time>2025-09-30T14:58:09.000Z</time>
      </trkpt>
      <trkpt lat="46.2502" lon="6.54171">
        <ele>1010.777</ele>
        <time>2025-09-30T14:58:14.000Z</time>
      </trkpt>
      <trkpt lat="46.2502" lon="6.54171">
        <ele>1010.775</ele>
        <time>2025-09-30T14:58:19.000Z</time>
      </trkpt>
      <trkpt lat="46.2502" lon="6.54171">
        <ele>1010.772</ele>
        <time>2025-09-30T14:58:24.000Z</time>
      </trkpt>
      <trkpt lat="46.2502" lon="6.54171">
        <ele>1010.771</ele>
        <time>2025-09-30T14:58:29.000Z</time>
      </trkpt>
      <trkpt lat="46.2502" lon="6.54171">
        <ele>1010.762</ele>
        <time>2025-09-30T14:58:34.000Z</time>
      </trkpt>
      <trkpt lat="46.2502" lon="6.54171">
        <ele>1010.757</ele>
        <time>2025-09-30T14:58:39.000Z</time>
      </trkpt>
      <trkpt lat="46.2502" lon="6.54171">
        <ele>1010.751</ele>
        <time>2025-09-30T14:58:44.000Z</time>
      </trkpt>
      <trkpt lat="46.2502" lon="6.54171">
        <ele>1010.751</ele>
        <time>2025-09-30T14:58:49.000Z</time>
      </trkpt>
      <trkpt lat="46.2502" lon="6.54171">
        <ele>1010.756</ele>
        <time>2025-09-30T14:58:54.000Z</time>
      </trkpt>
      <trkpt lat="46.2502" lon="6.54171">
        <ele>1010.76</ele>
        <time>2025-09-30T14:58:59.000Z</time>
      </trkpt>
      <trkpt lat="46.2502" lon="6.54171">
        <ele>1010.756</ele>
        <time>2025-09-30T14:59:04.000Z</time>
      </trkpt>
      <trkpt lat="46.2502" lon="6.54171">
        <ele>1009.911</ele>
        <time>2025-09-30T14:59:09.000Z</time>
      </trkpt>
      <trkpt lat="46.25016" lon="6.54174">
        <ele>1009.736</ele>
        <time>2025-09-30T14:59:14.000Z</time>
      </trkpt>
      <trkpt lat="46.25016" lon="6.54174">
        <ele>1009.733</ele>
        <time>2025-09-30T14:59:19.000Z</time>
      </trkpt>
      <trkpt lat="46.25016" lon="6.54174">
        <ele>1009.718</ele>
        <time>2025-09-30T14:59:24.000Z</time>
      </trkpt>
      <trkpt lat="46.25017" lon="6.54174">
        <ele>1009.943</ele>
        <time>2025-09-30T14:59:29.000Z</time>
      </trkpt>
    </trkseg>
  </trk>
</gpx>
