<?xml version="1.0" encoding="UTF-8"?>
<gpx version="1.1" creator="gpx.studio" xmlns="http://www.topografix.com/GPX/1/1" xmlns:xsi="http://www.w3.org/2001/XMLSchema-instance" xsi:schemaLocation="http://www.topografix.com/GPX/1/1 http://www.topografix.com/GPX/1/1/gpx.xsd http://www.garmin.com/xmlschemas/GpxExtensions/v3 http://www.garmin.com/xmlschemas/GpxExtensionsv3.xsd http://www.garmin.com/xmlschemas/TrackPointExtension/v1 http://www.garmin.com/xmlschemas/TrackPointExtensionv1.xsd http://www.garmin.com/xmlschemas/PowerExtension/v1 http://www.garmin.com/xmlschemas/PowerExtensionv1.xsd http://www.topografix.com/GPX/gpx_style/0/2 http://www.topografix.com/GPX/gpx_style/0/2/gpx_style.xsd" xmlns:gpxtpx="http://www.garmin.com/xmlschemas/TrackPointExtension/v1" xmlns:gpxx="http://www.garmin.com/xmlschemas/GpxExtensions/v3" xmlns:gpxpx="http://www.garmin.com/xmlschemas/PowerExtension/v1" xmlns:gpx_style="http://www.topografix.com/GPX/gpx_style/0/2">
  <metadata>
    <name>Villard Hirmentaz</name>
    <author>
      <name>gpx.studio</name>
      <link href="https://gpx.studio"/>
    </author>
  </metadata>
  <trk>
    <name>Villard Hirmentaz</name>
    <trkseg>
      <trkpt lat="46.21741" lon="6.44259">
        <ele>817.26</ele>
      </trkpt>
      <trkpt lat="46.21739" lon="6.44255">
        <ele>828.31</ele>
      </trkpt>
      <trkpt lat="46.21738" lon="6.44251">
        <ele>829.76</ele>
      </trkpt>
      <trkpt lat="46.21738" lon="6.44251">
        <ele>830.24</ele>
      </trkpt>
      <trkpt lat="46.21738" lon="6.44251">
        <ele>829.27</ele>
      </trkpt>
      <trkpt lat="46.21737" lon="6.44253">
        <ele>830.24</ele>
      </trkpt>
      <trkpt lat="46.21738" lon="6.44252">
        <ele>830.72</ele>
      </trkpt>
      <trkpt lat="46.21738" lon="6.44252">
        <ele>831.68</ele>
      </trkpt>
      <trkpt lat="46.21738" lon="6.44251">
        <ele>833.12</ele>
      </trkpt>
      <trkpt lat="46.21738" lon="6.4425">
        <ele>832.64</ele>
      </trkpt>
      <trkpt lat="46.21738" lon="6.4425">
        <ele>833.12</ele>
      </trkpt>
      <trkpt lat="46.21738" lon="6.4425">
        <ele>833.12</ele>
      </trkpt>
      <trkpt lat="46.21738" lon="6.4425">
        <ele>832.64</ele>
      </trkpt>
      <trkpt lat="46.21738" lon="6.4425">
        <ele>831.68</ele>
      </trkpt>
      <trkpt lat="46.21737" lon="6.44249">
        <ele>831.68</ele>
      </trkpt>
      <trkpt lat="46.21735" lon="6.44247">
        <ele>831.2</ele>
      </trkpt>
      <trkpt lat="46.21736" lon="6.44238">
        <ele>831.2</ele>
      </trkpt>
      <trkpt lat="46.21732" lon="6.44227">
        <ele>832.64</ele>
      </trkpt>
      <trkpt lat="46.21724" lon="6.44225">
        <ele>834.08</ele>
      </trkpt>
      <trkpt lat="46.21714" lon="6.44235">
        <ele>835.52</ele>
      </trkpt>
      <trkpt lat="46.21707" lon="6.44251">
        <ele>837.93</ele>
      </trkpt>
      <trkpt lat="46.21702" lon="6.44264">
        <ele>840.33</ele>
      </trkpt>
      <trkpt lat="46.21698" lon="6.44279">
        <ele>840.33</ele>
      </trkpt>
      <trkpt lat="46.21698" lon="6.44283">
        <ele>839.37</ele>
      </trkpt>
      <trkpt lat="46.21696" lon="6.44296">
        <ele>839.85</ele>
      </trkpt>
      <trkpt lat="46.21695" lon="6.44312">
        <ele>839.37</ele>
      </trkpt>
      <trkpt lat="46.21694" lon="6.44324">
        <ele>839.37</ele>
      </trkpt>
      <trkpt lat="46.21693" lon="6.44349">
        <ele>838.89</ele>
      </trkpt>
      <trkpt lat="46.21693" lon="6.4436">
        <ele>838.41</ele>
      </trkpt>
      <trkpt lat="46.21693" lon="6.44363">
        <ele>839.37</ele>
      </trkpt>
      <trkpt lat="46.21693" lon="6.44369">
        <ele>839.37</ele>
      </trkpt>
      <trkpt lat="46.21694" lon="6.44381">
        <ele>840.33</ele>
      </trkpt>
      <trkpt lat="46.21694" lon="6.44395">
        <ele>841.77</ele>
      </trkpt>
      <trkpt lat="46.21693" lon="6.4441">
        <ele>840.81</ele>
      </trkpt>
      <trkpt lat="46.21694" lon="6.44425">
        <ele>845.14</ele>
      </trkpt>
      <trkpt lat="46.21691" lon="6.44435">
        <ele>846.58</ele>
      </trkpt>
      <trkpt lat="46.21691" lon="6.44438">
        <ele>847.06</ele>
      </trkpt>
      <trkpt lat="46.21687" lon="6.4445">
        <ele>845.14</ele>
      </trkpt>
      <trkpt lat="46.21686" lon="6.44453">
        <ele>845.62</ele>
      </trkpt>
      <trkpt lat="46.21686" lon="6.44456">
        <ele>845.62</ele>
      </trkpt>
      <trkpt lat="46.2168" lon="6.44465">
        <ele>844.18</ele>
      </trkpt>
      <trkpt lat="46.21677" lon="6.44477">
        <ele>844.66</ele>
      </trkpt>
      <trkpt lat="46.21672" lon="6.44489">
        <ele>846.1</ele>
      </trkpt>
      <trkpt lat="46.21668" lon="6.445">
        <ele>848.02</ele>
      </trkpt>
      <trkpt lat="46.2167" lon="6.44514">
        <ele>849.46</ele>
      </trkpt>
      <trkpt lat="46.21668" lon="6.44527">
        <ele>850.9</ele>
      </trkpt>
      <trkpt lat="46.21669" lon="6.44542">
        <ele>853.79</ele>
      </trkpt>
      <trkpt lat="46.2167" lon="6.44557">
        <ele>854.27</ele>
      </trkpt>
      <trkpt lat="46.21672" lon="6.44565">
        <ele>854.27</ele>
      </trkpt>
      <trkpt lat="46.21672" lon="6.44565">
        <ele>854.27</ele>
      </trkpt>
      <trkpt lat="46.21671" lon="6.44588">
        <ele>855.23</ele>
      </trkpt>
      <trkpt lat="46.2167" lon="6.44604">
        <ele>855.71</ele>
      </trkpt>
      <trkpt lat="46.21671" lon="6.44618">
        <ele>857.63</ele>
      </trkpt>
      <trkpt lat="46.21672" lon="6.44623">
        <ele>859.56</ele>
      </trkpt>
      <trkpt lat="46.21672" lon="6.44639">
        <ele>864.36</ele>
      </trkpt>
      <trkpt lat="46.21672" lon="6.44641">
        <ele>865.32</ele>
      </trkpt>
      <trkpt lat="46.21673" lon="6.44653">
        <ele>868.21</ele>
      </trkpt>
      <trkpt lat="46.21676" lon="6.44664">
        <ele>868.21</ele>
      </trkpt>
      <trkpt lat="46.21678" lon="6.44677">
        <ele>871.09</ele>
      </trkpt>
      <trkpt lat="46.21682" lon="6.44688">
        <ele>873.5</ele>
      </trkpt>
      <trkpt lat="46.21689" lon="6.44693">
        <ele>872.53</ele>
      </trkpt>
      <trkpt lat="46.21695" lon="6.44692">
        <ele>873.5</ele>
      </trkpt>
      <trkpt lat="46.21706" lon="6.44691">
        <ele>875.9</ele>
      </trkpt>
      <trkpt lat="46.21712" lon="6.44691">
        <ele>877.34</ele>
      </trkpt>
      <trkpt lat="46.21716" lon="6.44694">
        <ele>876.86</ele>
      </trkpt>
      <trkpt lat="46.21719" lon="6.44697">
        <ele>876.86</ele>
      </trkpt>
      <trkpt lat="46.21728" lon="6.44705">
        <ele>878.78</ele>
      </trkpt>
      <trkpt lat="46.2174" lon="6.44716">
        <ele>879.74</ele>
      </trkpt>
      <trkpt lat="46.21747" lon="6.44722">
        <ele>882.63</ele>
      </trkpt>
      <trkpt lat="46.21757" lon="6.44727">
        <ele>885.99</ele>
      </trkpt>
      <trkpt lat="46.21766" lon="6.44732">
        <ele>888.88</ele>
      </trkpt>
      <trkpt lat="46.21775" lon="6.44738">
        <ele>890.8</ele>
      </trkpt>
      <trkpt lat="46.21776" lon="6.44738">
        <ele>890.8</ele>
      </trkpt>
      <trkpt lat="46.21785" lon="6.44748">
        <ele>891.76</ele>
      </trkpt>
      <trkpt lat="46.21793" lon="6.44755">
        <ele>894.64</ele>
      </trkpt>
      <trkpt lat="46.21799" lon="6.44762">
        <ele>899.45</ele>
      </trkpt>
      <trkpt lat="46.21804" lon="6.4477">
        <ele>900.89</ele>
      </trkpt>
      <trkpt lat="46.21805" lon="6.4477">
        <ele>900.89</ele>
      </trkpt>
      <trkpt lat="46.2181" lon="6.44781">
        <ele>900.89</ele>
      </trkpt>
      <trkpt lat="46.21811" lon="6.44783">
        <ele>901.37</ele>
      </trkpt>
      <trkpt lat="46.21817" lon="6.44793">
        <ele>903.78</ele>
      </trkpt>
      <trkpt lat="46.21818" lon="6.44794">
        <ele>903.78</ele>
      </trkpt>
      <trkpt lat="46.21823" lon="6.44805">
        <ele>906.66</ele>
      </trkpt>
      <trkpt lat="46.21826" lon="6.44812">
        <ele>906.66</ele>
      </trkpt>
      <trkpt lat="46.21834" lon="6.44824">
        <ele>910.99</ele>
      </trkpt>
      <trkpt lat="46.2184" lon="6.44831">
        <ele>913.39</ele>
      </trkpt>
      <trkpt lat="46.2184" lon="6.44832">
        <ele>914.35</ele>
      </trkpt>
      <trkpt lat="46.21841" lon="6.44832">
        <ele>913.87</ele>
      </trkpt>
      <trkpt lat="46.21843" lon="6.44838">
        <ele>912.43</ele>
      </trkpt>
      <trkpt lat="46.21849" lon="6.44847">
        <ele>912.43</ele>
      </trkpt>
      <trkpt lat="46.21852" lon="6.44857">
        <ele>913.39</ele>
      </trkpt>
      <trkpt lat="46.21858" lon="6.44869">
        <ele>918.2</ele>
      </trkpt>
      <trkpt lat="46.21862" lon="6.44882">
        <ele>923</ele>
      </trkpt>
      <trkpt lat="46.21864" lon="6.44894">
        <ele>922.52</ele>
      </trkpt>
      <trkpt lat="46.2187" lon="6.44904">
        <ele>923.48</ele>
      </trkpt>
      <trkpt lat="46.21871" lon="6.44905">
        <ele>923.96</ele>
      </trkpt>
      <trkpt lat="46.21872" lon="6.44914">
        <ele>924.93</ele>
      </trkpt>
      <trkpt lat="46.21873" lon="6.44922">
        <ele>925.89</ele>
      </trkpt>
      <trkpt lat="46.21873" lon="6.44934">
        <ele>924.93</ele>
      </trkpt>
      <trkpt lat="46.21874" lon="6.44942">
        <ele>923.48</ele>
      </trkpt>
      <trkpt lat="46.21876" lon="6.44953">
        <ele>923</ele>
      </trkpt>
      <trkpt lat="46.21876" lon="6.44959">
        <ele>922.52</ele>
      </trkpt>
      <trkpt lat="46.21875" lon="6.44961">
        <ele>923</ele>
      </trkpt>
      <trkpt lat="46.21875" lon="6.44961">
        <ele>923.48</ele>
      </trkpt>
      <trkpt lat="46.21881" lon="6.44969">
        <ele>923.96</ele>
      </trkpt>
      <trkpt lat="46.21889" lon="6.44978">
        <ele>924.45</ele>
      </trkpt>
      <trkpt lat="46.21898" lon="6.44992">
        <ele>925.41</ele>
      </trkpt>
      <trkpt lat="46.21901" lon="6.44999">
        <ele>925.41</ele>
      </trkpt>
      <trkpt lat="46.21909" lon="6.4501">
        <ele>927.81</ele>
      </trkpt>
      <trkpt lat="46.2191" lon="6.45014">
        <ele>929.25</ele>
      </trkpt>
      <trkpt lat="46.21917" lon="6.45023">
        <ele>931.17</ele>
      </trkpt>
      <trkpt lat="46.21917" lon="6.45031">
        <ele>929.73</ele>
      </trkpt>
      <trkpt lat="46.21923" lon="6.4504">
        <ele>927.33</ele>
      </trkpt>
      <trkpt lat="46.21923" lon="6.45053">
        <ele>927.33</ele>
      </trkpt>
      <trkpt lat="46.21926" lon="6.4506">
        <ele>927.81</ele>
      </trkpt>
      <trkpt lat="46.21936" lon="6.45066">
        <ele>929.25</ele>
      </trkpt>
      <trkpt lat="46.21944" lon="6.45073">
        <ele>931.17</ele>
      </trkpt>
      <trkpt lat="46.21956" lon="6.45087">
        <ele>934.06</ele>
      </trkpt>
      <trkpt lat="46.21958" lon="6.4509">
        <ele>934.54</ele>
      </trkpt>
      <trkpt lat="46.21962" lon="6.45096">
        <ele>935.5</ele>
      </trkpt>
      <trkpt lat="46.21973" lon="6.45111">
        <ele>936.94</ele>
      </trkpt>
      <trkpt lat="46.21975" lon="6.45113">
        <ele>937.42</ele>
      </trkpt>
      <trkpt lat="46.21979" lon="6.45118">
        <ele>937.9</ele>
      </trkpt>
      <trkpt lat="46.21994" lon="6.45136">
        <ele>940.31</ele>
      </trkpt>
      <trkpt lat="46.22001" lon="6.45146">
        <ele>940.31</ele>
      </trkpt>
      <trkpt lat="46.22008" lon="6.45156">
        <ele>941.27</ele>
      </trkpt>
      <trkpt lat="46.2201" lon="6.45159">
        <ele>940.79</ele>
      </trkpt>
      <trkpt lat="46.22012" lon="6.45161">
        <ele>940.79</ele>
      </trkpt>
      <trkpt lat="46.22027" lon="6.45175">
        <ele>941.27</ele>
      </trkpt>
      <trkpt lat="46.22036" lon="6.45188">
        <ele>939.83</ele>
      </trkpt>
      <trkpt lat="46.2204" lon="6.45193">
        <ele>939.35</ele>
      </trkpt>
      <trkpt lat="46.22049" lon="6.452">
        <ele>940.79</ele>
      </trkpt>
      <trkpt lat="46.2205" lon="6.45202">
        <ele>941.27</ele>
      </trkpt>
      <trkpt lat="46.22057" lon="6.45209">
        <ele>942.71</ele>
      </trkpt>
      <trkpt lat="46.22062" lon="6.45213">
        <ele>944.15</ele>
      </trkpt>
      <trkpt lat="46.22064" lon="6.45215">
        <ele>944.63</ele>
      </trkpt>
      <trkpt lat="46.22071" lon="6.45222">
        <ele>947.04</ele>
      </trkpt>
      <trkpt lat="46.22073" lon="6.45224">
        <ele>948</ele>
      </trkpt>
      <trkpt lat="46.22077" lon="6.45229">
        <ele>950.4</ele>
      </trkpt>
      <trkpt lat="46.22089" lon="6.45243">
        <ele>953.28</ele>
      </trkpt>
      <trkpt lat="46.22094" lon="6.4525">
        <ele>952.32</ele>
      </trkpt>
      <trkpt lat="46.22095" lon="6.45254">
        <ele>952.8</ele>
      </trkpt>
      <trkpt lat="46.22097" lon="6.45256">
        <ele>953.28</ele>
      </trkpt>
      <trkpt lat="46.22102" lon="6.45262">
        <ele>954.25</ele>
      </trkpt>
      <trkpt lat="46.22104" lon="6.45271">
        <ele>954.25</ele>
      </trkpt>
      <trkpt lat="46.22105" lon="6.45273">
        <ele>953.28</ele>
      </trkpt>
      <trkpt lat="46.22109" lon="6.45288">
        <ele>953.28</ele>
      </trkpt>
      <trkpt lat="46.22112" lon="6.453">
        <ele>954.73</ele>
      </trkpt>
      <trkpt lat="46.22113" lon="6.45313">
        <ele>956.17</ele>
      </trkpt>
      <trkpt lat="46.22114" lon="6.45322">
        <ele>955.21</ele>
      </trkpt>
      <trkpt lat="46.22117" lon="6.45336">
        <ele>956.17</ele>
      </trkpt>
      <trkpt lat="46.22118" lon="6.45339">
        <ele>956.65</ele>
      </trkpt>
      <trkpt lat="46.22118" lon="6.45344">
        <ele>957.61</ele>
      </trkpt>
      <trkpt lat="46.22119" lon="6.4535">
        <ele>960.49</ele>
      </trkpt>
      <trkpt lat="46.22119" lon="6.45363">
        <ele>961.46</ele>
      </trkpt>
      <trkpt lat="46.22121" lon="6.45369">
        <ele>961.46</ele>
      </trkpt>
      <trkpt lat="46.22121" lon="6.45369">
        <ele>961.94</ele>
      </trkpt>
      <trkpt lat="46.2212" lon="6.45381">
        <ele>962.9</ele>
      </trkpt>
      <trkpt lat="46.2212" lon="6.45385">
        <ele>963.38</ele>
      </trkpt>
      <trkpt lat="46.2212" lon="6.45403">
        <ele>965.78</ele>
      </trkpt>
      <trkpt lat="46.22117" lon="6.45416">
        <ele>966.26</ele>
      </trkpt>
      <trkpt lat="46.22117" lon="6.45427">
        <ele>968.18</ele>
      </trkpt>
      <trkpt lat="46.22117" lon="6.45436">
        <ele>968.18</ele>
      </trkpt>
      <trkpt lat="46.22117" lon="6.45445">
        <ele>969.15</ele>
      </trkpt>
      <trkpt lat="46.22116" lon="6.4545">
        <ele>969.63</ele>
      </trkpt>
      <trkpt lat="46.22116" lon="6.45458">
        <ele>968.67</ele>
      </trkpt>
      <trkpt lat="46.22113" lon="6.45467">
        <ele>969.63</ele>
      </trkpt>
      <trkpt lat="46.22114" lon="6.45473">
        <ele>969.63</ele>
      </trkpt>
      <trkpt lat="46.22112" lon="6.45486">
        <ele>971.55</ele>
      </trkpt>
      <trkpt lat="46.22113" lon="6.45495">
        <ele>972.51</ele>
      </trkpt>
      <trkpt lat="46.22112" lon="6.45496">
        <ele>972.51</ele>
      </trkpt>
      <trkpt lat="46.22109" lon="6.45511">
        <ele>974.91</ele>
      </trkpt>
      <trkpt lat="46.22106" lon="6.45523">
        <ele>975.39</ele>
      </trkpt>
      <trkpt lat="46.22105" lon="6.45536">
        <ele>978.28</ele>
      </trkpt>
      <trkpt lat="46.22103" lon="6.45551">
        <ele>981.64</ele>
      </trkpt>
      <trkpt lat="46.22102" lon="6.45558">
        <ele>983.09</ele>
      </trkpt>
      <trkpt lat="46.22101" lon="6.45566">
        <ele>984.05</ele>
      </trkpt>
      <trkpt lat="46.22101" lon="6.45573">
        <ele>985.01</ele>
      </trkpt>
      <trkpt lat="46.22098" lon="6.4559">
        <ele>986.93</ele>
      </trkpt>
      <trkpt lat="46.22098" lon="6.45612">
        <ele>988.37</ele>
      </trkpt>
      <trkpt lat="46.22101" lon="6.45623">
        <ele>989.33</ele>
      </trkpt>
      <trkpt lat="46.22101" lon="6.45628">
        <ele>990.78</ele>
      </trkpt>
      <trkpt lat="46.22102" lon="6.45641">
        <ele>991.26</ele>
      </trkpt>
      <trkpt lat="46.22103" lon="6.45643">
        <ele>991.74</ele>
      </trkpt>
      <trkpt lat="46.22105" lon="6.4565">
        <ele>993.66</ele>
      </trkpt>
      <trkpt lat="46.22104" lon="6.45662">
        <ele>996.06</ele>
      </trkpt>
      <trkpt lat="46.22105" lon="6.45674">
        <ele>994.62</ele>
      </trkpt>
      <trkpt lat="46.22106" lon="6.45679">
        <ele>996.06</ele>
      </trkpt>
      <trkpt lat="46.22104" lon="6.45689">
        <ele>998.47</ele>
      </trkpt>
      <trkpt lat="46.22104" lon="6.45697">
        <ele>1001.83</ele>
      </trkpt>
      <trkpt lat="46.22104" lon="6.45706">
        <ele>1004.72</ele>
      </trkpt>
      <trkpt lat="46.22105" lon="6.45712">
        <ele>1005.68</ele>
      </trkpt>
      <trkpt lat="46.22107" lon="6.45724">
        <ele>1006.16</ele>
      </trkpt>
      <trkpt lat="46.2211" lon="6.45738">
        <ele>1006.64</ele>
      </trkpt>
      <trkpt lat="46.22116" lon="6.45751">
        <ele>1005.68</ele>
      </trkpt>
      <trkpt lat="46.2212" lon="6.45767">
        <ele>1006.64</ele>
      </trkpt>
      <trkpt lat="46.22123" lon="6.45778">
        <ele>1006.64</ele>
      </trkpt>
      <trkpt lat="46.22126" lon="6.45788">
        <ele>1006.16</ele>
      </trkpt>
      <trkpt lat="46.22128" lon="6.45793">
        <ele>1008.08</ele>
      </trkpt>
      <trkpt lat="46.22129" lon="6.45806">
        <ele>1010</ele>
      </trkpt>
      <trkpt lat="46.22132" lon="6.45815">
        <ele>1011.93</ele>
      </trkpt>
      <trkpt lat="46.22133" lon="6.45824">
        <ele>1014.33</ele>
      </trkpt>
      <trkpt lat="46.22135" lon="6.45833">
        <ele>1018.17</ele>
      </trkpt>
      <trkpt lat="46.22136" lon="6.45835">
        <ele>1018.17</ele>
      </trkpt>
      <trkpt lat="46.22135" lon="6.45838">
        <ele>1018.65</ele>
      </trkpt>
      <trkpt lat="46.22131" lon="6.45849">
        <ele>1022.02</ele>
      </trkpt>
      <trkpt lat="46.22129" lon="6.45865">
        <ele>1025.38</ele>
      </trkpt>
      <trkpt lat="46.22129" lon="6.45867">
        <ele>1025.86</ele>
      </trkpt>
      <trkpt lat="46.22132" lon="6.45876">
        <ele>1026.34</ele>
      </trkpt>
      <trkpt lat="46.22136" lon="6.45886">
        <ele>1028.27</ele>
      </trkpt>
      <trkpt lat="46.22139" lon="6.45893">
        <ele>1032.11</ele>
      </trkpt>
      <trkpt lat="46.22143" lon="6.45901">
        <ele>1034.52</ele>
      </trkpt>
      <trkpt lat="46.22147" lon="6.45916">
        <ele>1032.11</ele>
      </trkpt>
      <trkpt lat="46.22149" lon="6.45921">
        <ele>1033.07</ele>
      </trkpt>
      <trkpt lat="46.22149" lon="6.45927">
        <ele>1033.07</ele>
      </trkpt>
      <trkpt lat="46.22155" lon="6.45939">
        <ele>1037.88</ele>
      </trkpt>
      <trkpt lat="46.22158" lon="6.45941">
        <ele>1038.36</ele>
      </trkpt>
      <trkpt lat="46.22169" lon="6.45945">
        <ele>1038.36</ele>
      </trkpt>
      <trkpt lat="46.22179" lon="6.4595">
        <ele>1035.96</ele>
      </trkpt>
      <trkpt lat="46.22189" lon="6.45956">
        <ele>1032.59</ele>
      </trkpt>
      <trkpt lat="46.22194" lon="6.45965">
        <ele>1030.67</ele>
      </trkpt>
      <trkpt lat="46.2221" lon="6.45974">
        <ele>1034.52</ele>
      </trkpt>
      <trkpt lat="46.22222" lon="6.45983">
        <ele>1038.36</ele>
      </trkpt>
      <trkpt lat="46.22232" lon="6.4599">
        <ele>1039.32</ele>
      </trkpt>
      <trkpt lat="46.22241" lon="6.45999">
        <ele>1040.76</ele>
      </trkpt>
      <trkpt lat="46.2225" lon="6.46008">
        <ele>1044.13</ele>
      </trkpt>
      <trkpt lat="46.22259" lon="6.46017">
        <ele>1046.05</ele>
      </trkpt>
      <trkpt lat="46.22263" lon="6.46028">
        <ele>1047.49</ele>
      </trkpt>
      <trkpt lat="46.2227" lon="6.46035">
        <ele>1048.45</ele>
      </trkpt>
      <trkpt lat="46.22279" lon="6.46039">
        <ele>1048.94</ele>
      </trkpt>
      <trkpt lat="46.22291" lon="6.46041">
        <ele>1049.42</ele>
      </trkpt>
      <trkpt lat="46.22306" lon="6.46044">
        <ele>1051.82</ele>
      </trkpt>
      <trkpt lat="46.22323" lon="6.46048">
        <ele>1056.63</ele>
      </trkpt>
      <trkpt lat="46.22333" lon="6.46053">
        <ele>1059.99</ele>
      </trkpt>
      <trkpt lat="46.22342" lon="6.4606">
        <ele>1062.87</ele>
      </trkpt>
      <trkpt lat="46.22352" lon="6.46065">
        <ele>1068.64</ele>
      </trkpt>
      <trkpt lat="46.2236" lon="6.46076">
        <ele>1069.6</ele>
      </trkpt>
      <trkpt lat="46.22369" lon="6.46091">
        <ele>1067.68</ele>
      </trkpt>
      <trkpt lat="46.22375" lon="6.46103">
        <ele>1069.6</ele>
      </trkpt>
      <trkpt lat="46.22381" lon="6.4611">
        <ele>1071.05</ele>
      </trkpt>
      <trkpt lat="46.22388" lon="6.46115">
        <ele>1073.45</ele>
      </trkpt>
      <trkpt lat="46.22394" lon="6.46119">
        <ele>1074.89</ele>
      </trkpt>
      <trkpt lat="46.224" lon="6.4613">
        <ele>1076.81</ele>
      </trkpt>
      <trkpt lat="46.22406" lon="6.46138">
        <ele>1076.33</ele>
      </trkpt>
      <trkpt lat="46.22415" lon="6.46151">
        <ele>1078.26</ele>
      </trkpt>
      <trkpt lat="46.2242" lon="6.4616">
        <ele>1080.66</ele>
      </trkpt>
      <trkpt lat="46.22429" lon="6.46168">
        <ele>1082.1</ele>
      </trkpt>
      <trkpt lat="46.22434" lon="6.46177">
        <ele>1081.62</ele>
      </trkpt>
      <trkpt lat="46.22437" lon="6.46181">
        <ele>1081.62</ele>
      </trkpt>
      <trkpt lat="46.22443" lon="6.46188">
        <ele>1083.54</ele>
      </trkpt>
      <trkpt lat="46.22452" lon="6.46193">
        <ele>1085.95</ele>
      </trkpt>
      <trkpt lat="46.22455" lon="6.46195">
        <ele>1086.43</ele>
      </trkpt>
      <trkpt lat="46.22458" lon="6.46198">
        <ele>1088.83</ele>
      </trkpt>
      <trkpt lat="46.22459" lon="6.462">
        <ele>1090.75</ele>
      </trkpt>
      <trkpt lat="46.2246" lon="6.46201">
        <ele>1090.27</ele>
      </trkpt>
      <trkpt lat="46.22466" lon="6.46205">
        <ele>1090.75</ele>
      </trkpt>
      <trkpt lat="46.22475" lon="6.46217">
        <ele>1086.91</ele>
      </trkpt>
      <trkpt lat="46.22485" lon="6.46228">
        <ele>1090.75</ele>
      </trkpt>
      <trkpt lat="46.22498" lon="6.46242">
        <ele>1094.6</ele>
      </trkpt>
      <trkpt lat="46.22504" lon="6.46253">
        <ele>1095.08</ele>
      </trkpt>
      <trkpt lat="46.22511" lon="6.46267">
        <ele>1092.2</ele>
      </trkpt>
      <trkpt lat="46.22521" lon="6.46278">
        <ele>1091.23</ele>
      </trkpt>
      <trkpt lat="46.22529" lon="6.46285">
        <ele>1092.68</ele>
      </trkpt>
      <trkpt lat="46.22535" lon="6.46289">
        <ele>1092.68</ele>
      </trkpt>
      <trkpt lat="46.22545" lon="6.46298">
        <ele>1095.56</ele>
      </trkpt>
      <trkpt lat="46.22552" lon="6.46307">
        <ele>1096.04</ele>
      </trkpt>
      <trkpt lat="46.22553" lon="6.46316">
        <ele>1096.52</ele>
      </trkpt>
      <trkpt lat="46.22553" lon="6.46321">
        <ele>1096.52</ele>
      </trkpt>
      <trkpt lat="46.22553" lon="6.46322">
        <ele>1095.08</ele>
      </trkpt>
      <trkpt lat="46.22552" lon="6.46322">
        <ele>1094.6</ele>
      </trkpt>
      <trkpt lat="46.22551" lon="6.46324">
        <ele>1093.64</ele>
      </trkpt>
      <trkpt lat="46.22551" lon="6.46325">
        <ele>1093.16</ele>
      </trkpt>
      <trkpt lat="46.22552" lon="6.46326">
        <ele>1092.2</ele>
      </trkpt>
      <trkpt lat="46.22552" lon="6.46327">
        <ele>1092.2</ele>
      </trkpt>
      <trkpt lat="46.22553" lon="6.46329">
        <ele>1093.16</ele>
      </trkpt>
      <trkpt lat="46.22553" lon="6.4633">
        <ele>1092.68</ele>
      </trkpt>
      <trkpt lat="46.22553" lon="6.46333">
        <ele>1094.12</ele>
      </trkpt>
      <trkpt lat="46.22554" lon="6.46334">
        <ele>1094.6</ele>
      </trkpt>
      <trkpt lat="46.22556" lon="6.46342">
        <ele>1095.08</ele>
      </trkpt>
      <trkpt lat="46.2256" lon="6.46347">
        <ele>1095.56</ele>
      </trkpt>
      <trkpt lat="46.22571" lon="6.46351">
        <ele>1098.44</ele>
      </trkpt>
      <trkpt lat="46.22577" lon="6.46358">
        <ele>1100.85</ele>
      </trkpt>
      <trkpt lat="46.22583" lon="6.46369">
        <ele>1104.21</ele>
      </trkpt>
      <trkpt lat="46.22587" lon="6.46375">
        <ele>1107.1</ele>
      </trkpt>
      <trkpt lat="46.2259" lon="6.46384">
        <ele>1109.02</ele>
      </trkpt>
      <trkpt lat="46.22596" lon="6.46392">
        <ele>1109.5</ele>
      </trkpt>
      <trkpt lat="46.22601" lon="6.46402">
        <ele>1112.38</ele>
      </trkpt>
      <trkpt lat="46.22605" lon="6.4641">
        <ele>1114.31</ele>
      </trkpt>
      <trkpt lat="46.22608" lon="6.46416">
        <ele>1114.79</ele>
      </trkpt>
      <trkpt lat="46.22615" lon="6.46423">
        <ele>1119.59</ele>
      </trkpt>
      <trkpt lat="46.22627" lon="6.46422">
        <ele>1122.96</ele>
      </trkpt>
      <trkpt lat="46.22633" lon="6.46427">
        <ele>1122.48</ele>
      </trkpt>
      <trkpt lat="46.22638" lon="6.46431">
        <ele>1123.92</ele>
      </trkpt>
      <trkpt lat="46.2264" lon="6.46438">
        <ele>1124.88</ele>
      </trkpt>
      <trkpt lat="46.22647" lon="6.46446">
        <ele>1125.84</ele>
      </trkpt>
      <trkpt lat="46.2265" lon="6.46456">
        <ele>1127.76</ele>
      </trkpt>
      <trkpt lat="46.22651" lon="6.46463">
        <ele>1128.24</ele>
      </trkpt>
      <trkpt lat="46.22651" lon="6.46463">
        <ele>1128.24</ele>
      </trkpt>
      <trkpt lat="46.22652" lon="6.46472">
        <ele>1127.76</ele>
      </trkpt>
      <trkpt lat="46.22656" lon="6.46478">
        <ele>1126.8</ele>
      </trkpt>
      <trkpt lat="46.22662" lon="6.46482">
        <ele>1125.36</ele>
      </trkpt>
      <trkpt lat="46.22671" lon="6.46488">
        <ele>1126.8</ele>
      </trkpt>
      <trkpt lat="46.22676" lon="6.46497">
        <ele>1128.73</ele>
      </trkpt>
      <trkpt lat="46.22677" lon="6.46509">
        <ele>1131.61</ele>
      </trkpt>
      <trkpt lat="46.22679" lon="6.46516">
        <ele>1132.57</ele>
      </trkpt>
      <trkpt lat="46.22682" lon="6.46526">
        <ele>1133.05</ele>
      </trkpt>
      <trkpt lat="46.22686" lon="6.46537">
        <ele>1133.05</ele>
      </trkpt>
      <trkpt lat="46.22691" lon="6.46543">
        <ele>1133.05</ele>
      </trkpt>
      <trkpt lat="46.22694" lon="6.46547">
        <ele>1135.45</ele>
      </trkpt>
      <trkpt lat="46.227" lon="6.46553">
        <ele>1136.42</ele>
      </trkpt>
      <trkpt lat="46.22711" lon="6.46559">
        <ele>1141.22</ele>
      </trkpt>
      <trkpt lat="46.22716" lon="6.46568">
        <ele>1140.74</ele>
      </trkpt>
      <trkpt lat="46.22724" lon="6.46578">
        <ele>1141.7</ele>
      </trkpt>
      <trkpt lat="46.2273" lon="6.46587">
        <ele>1143.14</ele>
      </trkpt>
      <trkpt lat="46.22736" lon="6.46596">
        <ele>1145.55</ele>
      </trkpt>
      <trkpt lat="46.22738" lon="6.46604">
        <ele>1146.99</ele>
      </trkpt>
      <trkpt lat="46.22743" lon="6.46612">
        <ele>1148.43</ele>
      </trkpt>
      <trkpt lat="46.22748" lon="6.46621">
        <ele>1150.84</ele>
      </trkpt>
      <trkpt lat="46.22751" lon="6.46632">
        <ele>1153.24</ele>
      </trkpt>
      <trkpt lat="46.22753" lon="6.46636">
        <ele>1153.72</ele>
      </trkpt>
      <trkpt lat="46.22757" lon="6.46647">
        <ele>1153.24</ele>
      </trkpt>
      <trkpt lat="46.22763" lon="6.46655">
        <ele>1154.2</ele>
      </trkpt>
      <trkpt lat="46.22769" lon="6.46661">
        <ele>1153.72</ele>
      </trkpt>
      <trkpt lat="46.22777" lon="6.46674">
        <ele>1156.12</ele>
      </trkpt>
      <trkpt lat="46.22785" lon="6.46678">
        <ele>1160.45</ele>
      </trkpt>
      <trkpt lat="46.22791" lon="6.46694">
        <ele>1162.37</ele>
      </trkpt>
      <trkpt lat="46.22791" lon="6.46694">
        <ele>1162.85</ele>
      </trkpt>
      <trkpt lat="46.22796" lon="6.46704">
        <ele>1167.66</ele>
      </trkpt>
      <trkpt lat="46.22797" lon="6.46715">
        <ele>1168.62</ele>
      </trkpt>
      <trkpt lat="46.22796" lon="6.4673">
        <ele>1168.62</ele>
      </trkpt>
      <trkpt lat="46.22794" lon="6.46741">
        <ele>1169.58</ele>
      </trkpt>
      <trkpt lat="46.22793" lon="6.4675">
        <ele>1171.5</ele>
      </trkpt>
      <trkpt lat="46.22797" lon="6.46763">
        <ele>1172.47</ele>
      </trkpt>
      <trkpt lat="46.22797" lon="6.46773">
        <ele>1173.43</ele>
      </trkpt>
      <trkpt lat="46.22799" lon="6.46782">
        <ele>1174.87</ele>
      </trkpt>
      <trkpt lat="46.22799" lon="6.46791">
        <ele>1175.83</ele>
      </trkpt>
      <trkpt lat="46.22799" lon="6.46801">
        <ele>1176.31</ele>
      </trkpt>
      <trkpt lat="46.22796" lon="6.46813">
        <ele>1175.35</ele>
      </trkpt>
      <trkpt lat="46.22793" lon="6.46826">
        <ele>1176.31</ele>
      </trkpt>
      <trkpt lat="46.22793" lon="6.46835">
        <ele>1179.67</ele>
      </trkpt>
      <trkpt lat="46.22791" lon="6.46839">
        <ele>1180.16</ele>
      </trkpt>
      <trkpt lat="46.22792" lon="6.4685">
        <ele>1184.96</ele>
      </trkpt>
      <trkpt lat="46.2279" lon="6.46858">
        <ele>1187.37</ele>
      </trkpt>
      <trkpt lat="46.2279" lon="6.46866">
        <ele>1188.33</ele>
      </trkpt>
      <trkpt lat="46.22787" lon="6.46874">
        <ele>1190.25</ele>
      </trkpt>
      <trkpt lat="46.22783" lon="6.46888">
        <ele>1193.13</ele>
      </trkpt>
      <trkpt lat="46.2278" lon="6.46899">
        <ele>1195.54</ele>
      </trkpt>
      <trkpt lat="46.22777" lon="6.46908">
        <ele>1193.61</ele>
      </trkpt>
      <trkpt lat="46.22772" lon="6.46917">
        <ele>1192.65</ele>
      </trkpt>
      <trkpt lat="46.22769" lon="6.46918">
        <ele>1192.17</ele>
      </trkpt>
      <trkpt lat="46.22764" lon="6.46926">
        <ele>1192.17</ele>
      </trkpt>
      <trkpt lat="46.22758" lon="6.46938">
        <ele>1192.65</ele>
      </trkpt>
      <trkpt lat="46.22752" lon="6.46947">
        <ele>1193.13</ele>
      </trkpt>
      <trkpt lat="46.22745" lon="6.46959">
        <ele>1196.02</ele>
      </trkpt>
      <trkpt lat="46.22736" lon="6.46973">
        <ele>1197.94</ele>
      </trkpt>
      <trkpt lat="46.22735" lon="6.46976">
        <ele>1198.42</ele>
      </trkpt>
      <trkpt lat="46.22729" lon="6.46987">
        <ele>1200.82</ele>
      </trkpt>
      <trkpt lat="46.22725" lon="6.46993">
        <ele>1199.86</ele>
      </trkpt>
      <trkpt lat="46.22722" lon="6.47004">
        <ele>1197.46</ele>
      </trkpt>
      <trkpt lat="46.22712" lon="6.47021">
        <ele>1195.54</ele>
      </trkpt>
      <trkpt lat="46.22707" lon="6.47032">
        <ele>1191.69</ele>
      </trkpt>
      <trkpt lat="46.22694" lon="6.47055">
        <ele>1187.85</ele>
      </trkpt>
      <trkpt lat="46.22686" lon="6.47069">
        <ele>1188.81</ele>
      </trkpt>
      <trkpt lat="46.22684" lon="6.47071">
        <ele>1188.81</ele>
      </trkpt>
      <trkpt lat="46.22673" lon="6.47089">
        <ele>1189.29</ele>
      </trkpt>
      <trkpt lat="46.22664" lon="6.47105">
        <ele>1189.77</ele>
      </trkpt>
      <trkpt lat="46.22656" lon="6.47118">
        <ele>1189.77</ele>
      </trkpt>
      <trkpt lat="46.22653" lon="6.4712">
        <ele>1188.81</ele>
      </trkpt>
      <trkpt lat="46.22646" lon="6.4713">
        <ele>1186.4</ele>
      </trkpt>
      <trkpt lat="46.22641" lon="6.47139">
        <ele>1185.92</ele>
      </trkpt>
      <trkpt lat="46.22638" lon="6.4715">
        <ele>1185.44</ele>
      </trkpt>
      <trkpt lat="46.22638" lon="6.47152">
        <ele>1185.44</ele>
      </trkpt>
      <trkpt lat="46.22634" lon="6.47176">
        <ele>1184.96</ele>
      </trkpt>
      <trkpt lat="46.22631" lon="6.47194">
        <ele>1184.96</ele>
      </trkpt>
      <trkpt lat="46.22628" lon="6.47212">
        <ele>1183.04</ele>
      </trkpt>
      <trkpt lat="46.22626" lon="6.47214">
        <ele>1182.56</ele>
      </trkpt>
      <trkpt lat="46.22627" lon="6.47214">
        <ele>1183.52</ele>
      </trkpt>
      <trkpt lat="46.22627" lon="6.47215">
        <ele>1184</ele>
      </trkpt>
      <trkpt lat="46.22626" lon="6.47216">
        <ele>1184</ele>
      </trkpt>
      <trkpt lat="46.22626" lon="6.47216">
        <ele>1184</ele>
      </trkpt>
      <trkpt lat="46.22627" lon="6.47225">
        <ele>1183.04</ele>
      </trkpt>
      <trkpt lat="46.22627" lon="6.47237">
        <ele>1183.04</ele>
      </trkpt>
      <trkpt lat="46.2263" lon="6.47243">
        <ele>1182.56</ele>
      </trkpt>
      <trkpt lat="46.22636" lon="6.47256">
        <ele>1182.08</ele>
      </trkpt>
      <trkpt lat="46.22639" lon="6.47285">
        <ele>1181.12</ele>
      </trkpt>
      <trkpt lat="46.2264" lon="6.47312">
        <ele>1179.67</ele>
      </trkpt>
      <trkpt lat="46.22639" lon="6.47316">
        <ele>1179.19</ele>
      </trkpt>
      <trkpt lat="46.22635" lon="6.47344">
        <ele>1174.39</ele>
      </trkpt>
      <trkpt lat="46.22636" lon="6.47363">
        <ele>1170.06</ele>
      </trkpt>
      <trkpt lat="46.22641" lon="6.47373">
        <ele>1169.1</ele>
      </trkpt>
      <trkpt lat="46.22641" lon="6.47379">
        <ele>1169.58</ele>
      </trkpt>
      <trkpt lat="46.2264" lon="6.47384">
        <ele>1170.06</ele>
      </trkpt>
      <trkpt lat="46.22638" lon="6.47391">
        <ele>1170.06</ele>
      </trkpt>
      <trkpt lat="46.2263" lon="6.47413">
        <ele>1171.02</ele>
      </trkpt>
      <trkpt lat="46.22628" lon="6.47429">
        <ele>1172.95</ele>
      </trkpt>
      <trkpt lat="46.22626" lon="6.47436">
        <ele>1172.47</ele>
      </trkpt>
      <trkpt lat="46.22621" lon="6.47456">
        <ele>1171.98</ele>
      </trkpt>
      <trkpt lat="46.22616" lon="6.47473">
        <ele>1174.39</ele>
      </trkpt>
      <trkpt lat="46.22614" lon="6.47482">
        <ele>1176.31</ele>
      </trkpt>
      <trkpt lat="46.22611" lon="6.47491">
        <ele>1176.79</ele>
      </trkpt>
      <trkpt lat="46.22607" lon="6.47508">
        <ele>1177.27</ele>
      </trkpt>
      <trkpt lat="46.22599" lon="6.47535">
        <ele>1176.31</ele>
      </trkpt>
      <trkpt lat="46.22592" lon="6.47549">
        <ele>1175.83</ele>
      </trkpt>
      <trkpt lat="46.22583" lon="6.47564">
        <ele>1174.87</ele>
      </trkpt>
      <trkpt lat="46.22576" lon="6.4757">
        <ele>1175.83</ele>
      </trkpt>
      <trkpt lat="46.22576" lon="6.47571">
        <ele>1176.31</ele>
      </trkpt>
      <trkpt lat="46.22577" lon="6.47578">
        <ele>1176.31</ele>
      </trkpt>
      <trkpt lat="46.22577" lon="6.47588">
        <ele>1176.79</ele>
      </trkpt>
      <trkpt lat="46.2258" lon="6.47605">
        <ele>1177.27</ele>
      </trkpt>
      <trkpt lat="46.22579" lon="6.47607">
        <ele>1177.27</ele>
      </trkpt>
      <trkpt lat="46.22577" lon="6.47608">
        <ele>1177.27</ele>
      </trkpt>
      <trkpt lat="46.22578" lon="6.4761">
        <ele>1176.31</ele>
      </trkpt>
      <trkpt lat="46.22583" lon="6.47629">
        <ele>1173.43</ele>
      </trkpt>
      <trkpt lat="46.22586" lon="6.47646">
        <ele>1171.98</ele>
      </trkpt>
      <trkpt lat="46.22587" lon="6.47655">
        <ele>1171.5</ele>
      </trkpt>
      <trkpt lat="46.22585" lon="6.47673">
        <ele>1171.02</ele>
      </trkpt>
      <trkpt lat="46.22584" lon="6.47677">
        <ele>1171.5</ele>
      </trkpt>
      <trkpt lat="46.22583" lon="6.47682">
        <ele>1171.02</ele>
      </trkpt>
      <trkpt lat="46.2258" lon="6.47692">
        <ele>1171.02</ele>
      </trkpt>
      <trkpt lat="46.22575" lon="6.47701">
        <ele>1171.02</ele>
      </trkpt>
      <trkpt lat="46.22574" lon="6.47721">
        <ele>1171.5</ele>
      </trkpt>
      <trkpt lat="46.22574" lon="6.47731">
        <ele>1171.02</ele>
      </trkpt>
      <trkpt lat="46.22577" lon="6.47735">
        <ele>1170.54</ele>
      </trkpt>
      <trkpt lat="46.22591" lon="6.47741">
        <ele>1170.54</ele>
      </trkpt>
      <trkpt lat="46.226" lon="6.47739">
        <ele>1170.06</ele>
      </trkpt>
      <trkpt lat="46.22608" lon="6.4774">
        <ele>1170.06</ele>
      </trkpt>
      <trkpt lat="46.22617" lon="6.47748">
        <ele>1171.5</ele>
      </trkpt>
      <trkpt lat="46.22621" lon="6.4775">
        <ele>1172.47</ele>
      </trkpt>
      <trkpt lat="46.22634" lon="6.47759">
        <ele>1174.87</ele>
      </trkpt>
      <trkpt lat="46.2264" lon="6.47764">
        <ele>1175.35</ele>
      </trkpt>
      <trkpt lat="46.22642" lon="6.47766">
        <ele>1175.35</ele>
      </trkpt>
      <trkpt lat="46.22648" lon="6.47778">
        <ele>1173.43</ele>
      </trkpt>
      <trkpt lat="46.22657" lon="6.4779">
        <ele>1172.95</ele>
      </trkpt>
      <trkpt lat="46.22664" lon="6.478">
        <ele>1173.91</ele>
      </trkpt>
      <trkpt lat="46.22666" lon="6.47806">
        <ele>1174.39</ele>
      </trkpt>
      <trkpt lat="46.22675" lon="6.47817">
        <ele>1175.83</ele>
      </trkpt>
      <trkpt lat="46.22685" lon="6.47827">
        <ele>1175.83</ele>
      </trkpt>
      <trkpt lat="46.22685" lon="6.47827">
        <ele>1175.83</ele>
      </trkpt>
      <trkpt lat="46.22695" lon="6.47841">
        <ele>1177.75</ele>
      </trkpt>
      <trkpt lat="46.22698" lon="6.47846">
        <ele>1178.71</ele>
      </trkpt>
      <trkpt lat="46.22701" lon="6.47855">
        <ele>1179.67</ele>
      </trkpt>
      <trkpt lat="46.22707" lon="6.4786">
        <ele>1180.16</ele>
      </trkpt>
      <trkpt lat="46.22719" lon="6.47864">
        <ele>1181.6</ele>
      </trkpt>
      <trkpt lat="46.22725" lon="6.47869">
        <ele>1181.6</ele>
      </trkpt>
      <trkpt lat="46.22729" lon="6.47872">
        <ele>1182.08</ele>
      </trkpt>
      <trkpt lat="46.22739" lon="6.47878">
        <ele>1183.52</ele>
      </trkpt>
      <trkpt lat="46.22751" lon="6.47885">
        <ele>1185.92</ele>
      </trkpt>
      <trkpt lat="46.22761" lon="6.47892">
        <ele>1185.44</ele>
      </trkpt>
      <trkpt lat="46.22762" lon="6.47892">
        <ele>1185.44</ele>
      </trkpt>
      <trkpt lat="46.22775" lon="6.47896">
        <ele>1186.88</ele>
      </trkpt>
      <trkpt lat="46.22786" lon="6.47903">
        <ele>1187.85</ele>
      </trkpt>
      <trkpt lat="46.22795" lon="6.47909">
        <ele>1186.4</ele>
      </trkpt>
      <trkpt lat="46.22807" lon="6.47917">
        <ele>1186.88</ele>
      </trkpt>
      <trkpt lat="46.22817" lon="6.47923">
        <ele>1187.85</ele>
      </trkpt>
      <trkpt lat="46.22824" lon="6.47928">
        <ele>1188.81</ele>
      </trkpt>
      <trkpt lat="46.22835" lon="6.4793">
        <ele>1191.21</ele>
      </trkpt>
      <trkpt lat="46.22836" lon="6.47931">
        <ele>1191.21</ele>
      </trkpt>
      <trkpt lat="46.22841" lon="6.47933">
        <ele>1191.69</ele>
      </trkpt>
      <trkpt lat="46.22848" lon="6.47934">
        <ele>1190.25</ele>
      </trkpt>
      <trkpt lat="46.22858" lon="6.47933">
        <ele>1193.13</ele>
      </trkpt>
      <trkpt lat="46.22868" lon="6.47928">
        <ele>1193.61</ele>
      </trkpt>
      <trkpt lat="46.22869" lon="6.47927">
        <ele>1193.61</ele>
      </trkpt>
      <trkpt lat="46.22873" lon="6.47926">
        <ele>1195.06</ele>
      </trkpt>
      <trkpt lat="46.22878" lon="6.47921">
        <ele>1196.98</ele>
      </trkpt>
      <trkpt lat="46.22885" lon="6.4791">
        <ele>1201.79</ele>
      </trkpt>
      <trkpt lat="46.22892" lon="6.47902">
        <ele>1204.19</ele>
      </trkpt>
      <trkpt lat="46.22902" lon="6.47892">
        <ele>1204.67</ele>
      </trkpt>
      <trkpt lat="46.22903" lon="6.47891">
        <ele>1204.67</ele>
      </trkpt>
      <trkpt lat="46.22913" lon="6.47877">
        <ele>1205.63</ele>
      </trkpt>
      <trkpt lat="46.22922" lon="6.47871">
        <ele>1203.71</ele>
      </trkpt>
      <trkpt lat="46.22932" lon="6.47862">
        <ele>1203.71</ele>
      </trkpt>
      <trkpt lat="46.22938" lon="6.47855">
        <ele>1206.11</ele>
      </trkpt>
      <trkpt lat="46.22942" lon="6.47852">
        <ele>1205.63</ele>
      </trkpt>
      <trkpt lat="46.22951" lon="6.47844">
        <ele>1206.59</ele>
      </trkpt>
      <trkpt lat="46.22954" lon="6.47838">
        <ele>1207.07</ele>
      </trkpt>
      <trkpt lat="46.22962" lon="6.47834">
        <ele>1206.11</ele>
      </trkpt>
      <trkpt lat="46.22971" lon="6.47827">
        <ele>1205.15</ele>
      </trkpt>
      <trkpt lat="46.22985" lon="6.47821">
        <ele>1206.11</ele>
      </trkpt>
      <trkpt lat="46.22993" lon="6.4782">
        <ele>1208.03</ele>
      </trkpt>
      <trkpt lat="46.23003" lon="6.47817">
        <ele>1203.71</ele>
      </trkpt>
      <trkpt lat="46.23016" lon="6.47817">
        <ele>1204.67</ele>
      </trkpt>
      <trkpt lat="46.23029" lon="6.47818">
        <ele>1207.07</ele>
      </trkpt>
      <trkpt lat="46.23033" lon="6.47818">
        <ele>1209.96</ele>
      </trkpt>
      <trkpt lat="46.23041" lon="6.47817">
        <ele>1212.84</ele>
      </trkpt>
      <trkpt lat="46.23051" lon="6.47816">
        <ele>1215.72</ele>
      </trkpt>
      <trkpt lat="46.23053" lon="6.47816">
        <ele>1216.69</ele>
      </trkpt>
      <trkpt lat="46.2307" lon="6.47816">
        <ele>1218.61</ele>
      </trkpt>
      <trkpt lat="46.2308" lon="6.47819">
        <ele>1217.65</ele>
      </trkpt>
      <trkpt lat="46.23095" lon="6.47825">
        <ele>1216.69</ele>
      </trkpt>
      <trkpt lat="46.23113" lon="6.47827">
        <ele>1217.65</ele>
      </trkpt>
      <trkpt lat="46.23126" lon="6.47829">
        <ele>1218.13</ele>
      </trkpt>
      <trkpt lat="46.2314" lon="6.47834">
        <ele>1217.65</ele>
      </trkpt>
      <trkpt lat="46.23156" lon="6.47834">
        <ele>1219.09</ele>
      </trkpt>
      <trkpt lat="46.2317" lon="6.47833">
        <ele>1219.09</ele>
      </trkpt>
      <trkpt lat="46.23179" lon="6.47832">
        <ele>1217.65</ele>
      </trkpt>
      <trkpt lat="46.23187" lon="6.47829">
        <ele>1217.65</ele>
      </trkpt>
      <trkpt lat="46.23204" lon="6.47823">
        <ele>1221.01</ele>
      </trkpt>
      <trkpt lat="46.23214" lon="6.47822">
        <ele>1222.45</ele>
      </trkpt>
      <trkpt lat="46.23226" lon="6.47821">
        <ele>1221.97</ele>
      </trkpt>
      <trkpt lat="46.23242" lon="6.47816">
        <ele>1224.38</ele>
      </trkpt>
      <trkpt lat="46.2325" lon="6.47815">
        <ele>1225.34</ele>
      </trkpt>
      <trkpt lat="46.23253" lon="6.47813">
        <ele>1225.34</ele>
      </trkpt>
      <trkpt lat="46.23263" lon="6.47816">
        <ele>1228.7</ele>
      </trkpt>
      <trkpt lat="46.23281" lon="6.47813">
        <ele>1233.99</ele>
      </trkpt>
      <trkpt lat="46.23299" lon="6.47817">
        <ele>1233.03</ele>
      </trkpt>
      <trkpt lat="46.23308" lon="6.4782">
        <ele>1231.11</ele>
      </trkpt>
      <trkpt lat="46.23327" lon="6.4783">
        <ele>1233.99</ele>
      </trkpt>
      <trkpt lat="46.23335" lon="6.47839">
        <ele>1233.99</ele>
      </trkpt>
      <trkpt lat="46.23347" lon="6.47845">
        <ele>1233.03</ele>
      </trkpt>
      <trkpt lat="46.23359" lon="6.47852">
        <ele>1232.55</ele>
      </trkpt>
      <trkpt lat="46.23367" lon="6.47857">
        <ele>1230.62</ele>
      </trkpt>
      <trkpt lat="46.23373" lon="6.47862">
        <ele>1229.66</ele>
      </trkpt>
      <trkpt lat="46.23375" lon="6.47864">
        <ele>1229.66</ele>
      </trkpt>
      <trkpt lat="46.23386" lon="6.47871">
        <ele>1232.07</ele>
      </trkpt>
      <trkpt lat="46.23387" lon="6.47873">
        <ele>1232.07</ele>
      </trkpt>
      <trkpt lat="46.23393" lon="6.47873">
        <ele>1235.43</ele>
      </trkpt>
      <trkpt lat="46.23394" lon="6.47873">
        <ele>1236.39</ele>
      </trkpt>
      <trkpt lat="46.23394" lon="6.47874">
        <ele>1236.87</ele>
      </trkpt>
      <trkpt lat="46.23395" lon="6.47874">
        <ele>1237.35</ele>
      </trkpt>
      <trkpt lat="46.23405" lon="6.47888">
        <ele>1234.95</ele>
      </trkpt>
      <trkpt lat="46.23407" lon="6.4789">
        <ele>1234.47</ele>
      </trkpt>
      <trkpt lat="46.23416" lon="6.47904">
        <ele>1232.07</ele>
      </trkpt>
      <trkpt lat="46.23421" lon="6.47913">
        <ele>1231.59</ele>
      </trkpt>
      <trkpt lat="46.23421" lon="6.47917">
        <ele>1232.55</ele>
      </trkpt>
      <trkpt lat="46.23421" lon="6.47917">
        <ele>1232.55</ele>
      </trkpt>
      <trkpt lat="46.23425" lon="6.47918">
        <ele>1232.07</ele>
      </trkpt>
      <trkpt lat="46.23425" lon="6.47919">
        <ele>1232.07</ele>
      </trkpt>
      <trkpt lat="46.23425" lon="6.47933">
        <ele>1232.55</ele>
      </trkpt>
      <trkpt lat="46.23428" lon="6.47941">
        <ele>1234.47</ele>
      </trkpt>
      <trkpt lat="46.23428" lon="6.47941">
        <ele>1233.99</ele>
      </trkpt>
      <trkpt lat="46.23431" lon="6.47948">
        <ele>1235.43</ele>
      </trkpt>
      <trkpt lat="46.23434" lon="6.47955">
        <ele>1236.39</ele>
      </trkpt>
      <trkpt lat="46.23433" lon="6.47958">
        <ele>1236.39</ele>
      </trkpt>
      <trkpt lat="46.23434" lon="6.47964">
        <ele>1234.95</ele>
      </trkpt>
      <trkpt lat="46.23434" lon="6.47968">
        <ele>1235.43</ele>
      </trkpt>
      <trkpt lat="46.2344" lon="6.47981">
        <ele>1236.87</ele>
      </trkpt>
      <trkpt lat="46.23447" lon="6.47994">
        <ele>1238.32</ele>
      </trkpt>
      <trkpt lat="46.23448" lon="6.47995">
        <ele>1238.8</ele>
      </trkpt>
      <trkpt lat="46.2345" lon="6.48">
        <ele>1239.76</ele>
      </trkpt>
      <trkpt lat="46.2345" lon="6.48001">
        <ele>1240.24</ele>
      </trkpt>
      <trkpt lat="46.23457" lon="6.4801">
        <ele>1241.2</ele>
      </trkpt>
      <trkpt lat="46.23462" lon="6.48016">
        <ele>1241.68</ele>
      </trkpt>
      <trkpt lat="46.23471" lon="6.48023">
        <ele>1243.12</ele>
      </trkpt>
      <trkpt lat="46.23472" lon="6.48024">
        <ele>1243.6</ele>
      </trkpt>
      <trkpt lat="46.23479" lon="6.48033">
        <ele>1242.16</ele>
      </trkpt>
      <trkpt lat="46.23485" lon="6.48047">
        <ele>1243.6</ele>
      </trkpt>
      <trkpt lat="46.23489" lon="6.48057">
        <ele>1244.56</ele>
      </trkpt>
      <trkpt lat="46.23491" lon="6.48065">
        <ele>1246.01</ele>
      </trkpt>
      <trkpt lat="46.23493" lon="6.48078">
        <ele>1248.89</ele>
      </trkpt>
      <trkpt lat="46.23493" lon="6.48079">
        <ele>1249.85</ele>
      </trkpt>
      <trkpt lat="46.23488" lon="6.48088">
        <ele>1250.33</ele>
      </trkpt>
      <trkpt lat="46.23488" lon="6.4809">
        <ele>1250.81</ele>
      </trkpt>
      <trkpt lat="46.23485" lon="6.48097">
        <ele>1252.25</ele>
      </trkpt>
      <trkpt lat="46.23484" lon="6.48101">
        <ele>1253.22</ele>
      </trkpt>
      <trkpt lat="46.23483" lon="6.48104">
        <ele>1253.22</ele>
      </trkpt>
      <trkpt lat="46.23481" lon="6.48112">
        <ele>1254.18</ele>
      </trkpt>
      <trkpt lat="46.23482" lon="6.48119">
        <ele>1255.14</ele>
      </trkpt>
      <trkpt lat="46.23485" lon="6.48125">
        <ele>1258.02</ele>
      </trkpt>
      <trkpt lat="46.23488" lon="6.48129">
        <ele>1260.43</ele>
      </trkpt>
      <trkpt lat="46.23487" lon="6.48135">
        <ele>1261.87</ele>
      </trkpt>
      <trkpt lat="46.23488" lon="6.48139">
        <ele>1264.27</ele>
      </trkpt>
      <trkpt lat="46.2349" lon="6.48149">
        <ele>1266.67</ele>
      </trkpt>
      <trkpt lat="46.2349" lon="6.48156">
        <ele>1268.6</ele>
      </trkpt>
      <trkpt lat="46.23489" lon="6.48162">
        <ele>1269.08</ele>
      </trkpt>
      <trkpt lat="46.2349" lon="6.48167">
        <ele>1268.12</ele>
      </trkpt>
      <trkpt lat="46.23492" lon="6.48173">
        <ele>1269.08</ele>
      </trkpt>
      <trkpt lat="46.23494" lon="6.48178">
        <ele>1269.56</ele>
      </trkpt>
      <trkpt lat="46.23497" lon="6.48186">
        <ele>1270.52</ele>
      </trkpt>
      <trkpt lat="46.23499" lon="6.48198">
        <ele>1272.92</ele>
      </trkpt>
      <trkpt lat="46.235" lon="6.48199">
        <ele>1273.88</ele>
      </trkpt>
      <trkpt lat="46.23502" lon="6.48211">
        <ele>1276.77</ele>
      </trkpt>
      <trkpt lat="46.23502" lon="6.48212">
        <ele>1277.25</ele>
      </trkpt>
      <trkpt lat="46.23502" lon="6.48222">
        <ele>1277.25</ele>
      </trkpt>
      <trkpt lat="46.23503" lon="6.48229">
        <ele>1278.21</ele>
      </trkpt>
      <trkpt lat="46.23508" lon="6.48242">
        <ele>1282.06</ele>
      </trkpt>
      <trkpt lat="46.23505" lon="6.48245">
        <ele>1280.61</ele>
      </trkpt>
      <trkpt lat="46.23505" lon="6.48249">
        <ele>1283.5</ele>
      </trkpt>
      <trkpt lat="46.23505" lon="6.48258">
        <ele>1284.94</ele>
      </trkpt>
      <trkpt lat="46.23504" lon="6.48265">
        <ele>1286.38</ele>
      </trkpt>
      <trkpt lat="46.23504" lon="6.48265">
        <ele>1286.86</ele>
      </trkpt>
      <trkpt lat="46.23507" lon="6.48274">
        <ele>1286.86</ele>
      </trkpt>
      <trkpt lat="46.23511" lon="6.48284">
        <ele>1287.34</ele>
      </trkpt>
      <trkpt lat="46.23514" lon="6.48292">
        <ele>1287.82</ele>
      </trkpt>
      <trkpt lat="46.23518" lon="6.48305">
        <ele>1289.27</ele>
      </trkpt>
      <trkpt lat="46.2352" lon="6.48314">
        <ele>1290.23</ele>
      </trkpt>
      <trkpt lat="46.23523" lon="6.48326">
        <ele>1293.59</ele>
      </trkpt>
      <trkpt lat="46.23525" lon="6.48333">
        <ele>1294.55</ele>
      </trkpt>
      <trkpt lat="46.23527" lon="6.4834">
        <ele>1296.48</ele>
      </trkpt>
      <trkpt lat="46.2353" lon="6.48347">
        <ele>1296.96</ele>
      </trkpt>
      <trkpt lat="46.23531" lon="6.4835">
        <ele>1297.44</ele>
      </trkpt>
      <trkpt lat="46.23534" lon="6.48361">
        <ele>1297.92</ele>
      </trkpt>
      <trkpt lat="46.23537" lon="6.48372">
        <ele>1300.32</ele>
      </trkpt>
      <trkpt lat="46.23538" lon="6.48376">
        <ele>1300.32</ele>
      </trkpt>
      <trkpt lat="46.23539" lon="6.4838">
        <ele>1300.8</ele>
      </trkpt>
      <trkpt lat="46.23545" lon="6.48392">
        <ele>1302.24</ele>
      </trkpt>
      <trkpt lat="46.2355" lon="6.48406">
        <ele>1305.61</ele>
      </trkpt>
      <trkpt lat="46.23553" lon="6.48412">
        <ele>1306.57</ele>
      </trkpt>
      <trkpt lat="46.23557" lon="6.48419">
        <ele>1308.01</ele>
      </trkpt>
      <trkpt lat="46.23562" lon="6.48432">
        <ele>1308.97</ele>
      </trkpt>
      <trkpt lat="46.23567" lon="6.48446">
        <ele>1309.93</ele>
      </trkpt>
      <trkpt lat="46.23567" lon="6.48455">
        <ele>1310.41</ele>
      </trkpt>
      <trkpt lat="46.23567" lon="6.48459">
        <ele>1310.41</ele>
      </trkpt>
      <trkpt lat="46.23567" lon="6.48471">
        <ele>1310.41</ele>
      </trkpt>
      <trkpt lat="46.23566" lon="6.48482">
        <ele>1308.49</ele>
      </trkpt>
      <trkpt lat="46.23566" lon="6.48488">
        <ele>1307.53</ele>
      </trkpt>
      <trkpt lat="46.23567" lon="6.48497">
        <ele>1309.45</ele>
      </trkpt>
      <trkpt lat="46.23566" lon="6.48504">
        <ele>1310.9</ele>
      </trkpt>
      <trkpt lat="46.23566" lon="6.48514">
        <ele>1313.78</ele>
      </trkpt>
      <trkpt lat="46.23564" lon="6.4853">
        <ele>1315.22</ele>
      </trkpt>
      <trkpt lat="46.23563" lon="6.48537">
        <ele>1314.74</ele>
      </trkpt>
      <trkpt lat="46.23561" lon="6.48553">
        <ele>1314.26</ele>
      </trkpt>
      <trkpt lat="46.23561" lon="6.48564">
        <ele>1313.78</ele>
      </trkpt>
      <trkpt lat="46.23562" lon="6.4857">
        <ele>1314.26</ele>
      </trkpt>
      <trkpt lat="46.23565" lon="6.48585">
        <ele>1314.26</ele>
      </trkpt>
      <trkpt lat="46.23565" lon="6.48585">
        <ele>1314.26</ele>
      </trkpt>
      <trkpt lat="46.23567" lon="6.4859">
        <ele>1314.74</ele>
      </trkpt>
      <trkpt lat="46.2357" lon="6.48598">
        <ele>1316.66</ele>
      </trkpt>
      <trkpt lat="46.23573" lon="6.4861">
        <ele>1318.1</ele>
      </trkpt>
      <trkpt lat="46.23574" lon="6.48613">
        <ele>1317.62</ele>
      </trkpt>
      <trkpt lat="46.2358" lon="6.48625">
        <ele>1320.51</ele>
      </trkpt>
      <trkpt lat="46.23584" lon="6.48636">
        <ele>1321.47</ele>
      </trkpt>
      <trkpt lat="46.23589" lon="6.48646">
        <ele>1321.47</ele>
      </trkpt>
      <trkpt lat="46.23593" lon="6.48654">
        <ele>1321.47</ele>
      </trkpt>
      <trkpt lat="46.23597" lon="6.48665">
        <ele>1322.43</ele>
      </trkpt>
      <trkpt lat="46.23601" lon="6.48677">
        <ele>1322.43</ele>
      </trkpt>
      <trkpt lat="46.23604" lon="6.48688">
        <ele>1323.39</ele>
      </trkpt>
      <trkpt lat="46.2361" lon="6.48699">
        <ele>1324.83</ele>
      </trkpt>
      <trkpt lat="46.23614" lon="6.48708">
        <ele>1326.76</ele>
      </trkpt>
      <trkpt lat="46.23621" lon="6.48717">
        <ele>1327.24</ele>
      </trkpt>
      <trkpt lat="46.23628" lon="6.48726">
        <ele>1329.64</ele>
      </trkpt>
      <trkpt lat="46.23636" lon="6.4873">
        <ele>1330.12</ele>
      </trkpt>
      <trkpt lat="46.23644" lon="6.48737">
        <ele>1330.6</ele>
      </trkpt>
      <trkpt lat="46.23651" lon="6.48745">
        <ele>1331.56</ele>
      </trkpt>
      <trkpt lat="46.2366" lon="6.48752">
        <ele>1332.52</ele>
      </trkpt>
      <trkpt lat="46.23663" lon="6.48757">
        <ele>1332.04</ele>
      </trkpt>
      <trkpt lat="46.23671" lon="6.48765">
        <ele>1331.08</ele>
      </trkpt>
      <trkpt lat="46.23682" lon="6.48772">
        <ele>1333.49</ele>
      </trkpt>
      <trkpt lat="46.23691" lon="6.4878">
        <ele>1334.45</ele>
      </trkpt>
      <trkpt lat="46.23695" lon="6.48783">
        <ele>1333.97</ele>
      </trkpt>
      <trkpt lat="46.23704" lon="6.48792">
        <ele>1331.08</ele>
      </trkpt>
      <trkpt lat="46.23708" lon="6.48799">
        <ele>1328.2</ele>
      </trkpt>
      <trkpt lat="46.23717" lon="6.48808">
        <ele>1331.08</ele>
      </trkpt>
      <trkpt lat="46.23726" lon="6.48819">
        <ele>1335.41</ele>
      </trkpt>
      <trkpt lat="46.23733" lon="6.48826">
        <ele>1338.29</ele>
      </trkpt>
      <trkpt lat="46.23737" lon="6.48831">
        <ele>1340.7</ele>
      </trkpt>
      <trkpt lat="46.23744" lon="6.4884">
        <ele>1343.1</ele>
      </trkpt>
      <trkpt lat="46.23751" lon="6.48851">
        <ele>1342.62</ele>
      </trkpt>
      <trkpt lat="46.23758" lon="6.4886">
        <ele>1343.58</ele>
      </trkpt>
      <trkpt lat="46.2376" lon="6.48863">
        <ele>1344.54</ele>
      </trkpt>
      <trkpt lat="46.23765" lon="6.48875">
        <ele>1346.94</ele>
      </trkpt>
      <trkpt lat="46.23767" lon="6.4888">
        <ele>1346.94</ele>
      </trkpt>
      <trkpt lat="46.23768" lon="6.48884">
        <ele>1347.43</ele>
      </trkpt>
      <trkpt lat="46.23771" lon="6.48897">
        <ele>1349.35</ele>
      </trkpt>
      <trkpt lat="46.23772" lon="6.48899">
        <ele>1350.31</ele>
      </trkpt>
      <trkpt lat="46.23772" lon="6.48909">
        <ele>1351.75</ele>
      </trkpt>
      <trkpt lat="46.23774" lon="6.48919">
        <ele>1350.31</ele>
      </trkpt>
      <trkpt lat="46.23775" lon="6.48921">
        <ele>1349.83</ele>
      </trkpt>
      <trkpt lat="46.2378" lon="6.48935">
        <ele>1349.83</ele>
      </trkpt>
      <trkpt lat="46.23783" lon="6.48944">
        <ele>1350.79</ele>
      </trkpt>
      <trkpt lat="46.23786" lon="6.48949">
        <ele>1350.31</ele>
      </trkpt>
      <trkpt lat="46.23789" lon="6.48959">
        <ele>1349.83</ele>
      </trkpt>
      <trkpt lat="46.23794" lon="6.48973">
        <ele>1346.94</ele>
      </trkpt>
      <trkpt lat="46.238" lon="6.48985">
        <ele>1347.43</ele>
      </trkpt>
      <trkpt lat="46.23801" lon="6.48989">
        <ele>1346.94</ele>
      </trkpt>
      <trkpt lat="46.23805" lon="6.48999">
        <ele>1345.5</ele>
      </trkpt>
      <trkpt lat="46.23806" lon="6.49001">
        <ele>1346.46</ele>
      </trkpt>
      <trkpt lat="46.23809" lon="6.49003">
        <ele>1348.39</ele>
      </trkpt>
      <trkpt lat="46.23819" lon="6.49013">
        <ele>1353.19</ele>
      </trkpt>
      <trkpt lat="46.23828" lon="6.49024">
        <ele>1356.56</ele>
      </trkpt>
      <trkpt lat="46.23833" lon="6.49031">
        <ele>1359.44</ele>
      </trkpt>
      <trkpt lat="46.23835" lon="6.49034">
        <ele>1358.96</ele>
      </trkpt>
      <trkpt lat="46.23842" lon="6.49043">
        <ele>1361.36</ele>
      </trkpt>
      <trkpt lat="46.23847" lon="6.4905">
        <ele>1361.36</ele>
      </trkpt>
      <trkpt lat="46.23852" lon="6.49058">
        <ele>1360.88</ele>
      </trkpt>
      <trkpt lat="46.23861" lon="6.49065">
        <ele>1360.88</ele>
      </trkpt>
      <trkpt lat="46.23868" lon="6.49071">
        <ele>1362.81</ele>
      </trkpt>
      <trkpt lat="46.23877" lon="6.49079">
        <ele>1366.65</ele>
      </trkpt>
      <trkpt lat="46.2388" lon="6.49084">
        <ele>1367.61</ele>
      </trkpt>
      <trkpt lat="46.23884" lon="6.49085">
        <ele>1368.09</ele>
      </trkpt>
      <trkpt lat="46.23894" lon="6.49087">
        <ele>1367.13</ele>
      </trkpt>
      <trkpt lat="46.23902" lon="6.49089">
        <ele>1367.61</ele>
      </trkpt>
      <trkpt lat="46.23903" lon="6.49089">
        <ele>1366.65</ele>
      </trkpt>
      <trkpt lat="46.23903" lon="6.49089">
        <ele>1365.21</ele>
      </trkpt>
      <trkpt lat="46.2391" lon="6.4909">
        <ele>1366.17</ele>
      </trkpt>
      <trkpt lat="46.23912" lon="6.4909">
        <ele>1367.13</ele>
      </trkpt>
      <trkpt lat="46.23916" lon="6.49089">
        <ele>1368.57</ele>
      </trkpt>
      <trkpt lat="46.23919" lon="6.49089">
        <ele>1368.57</ele>
      </trkpt>
      <trkpt lat="46.23927" lon="6.49089">
        <ele>1367.61</ele>
      </trkpt>
      <trkpt lat="46.2393" lon="6.4909">
        <ele>1367.61</ele>
      </trkpt>
      <trkpt lat="46.23931" lon="6.4909">
        <ele>1367.61</ele>
      </trkpt>
      <trkpt lat="46.2394" lon="6.49087">
        <ele>1369.54</ele>
      </trkpt>
      <trkpt lat="46.23946" lon="6.49087">
        <ele>1370.5</ele>
      </trkpt>
      <trkpt lat="46.23949" lon="6.49087">
        <ele>1370.5</ele>
      </trkpt>
      <trkpt lat="46.23952" lon="6.49088">
        <ele>1370.98</ele>
      </trkpt>
      <trkpt lat="46.23958" lon="6.4909">
        <ele>1371.94</ele>
      </trkpt>
      <trkpt lat="46.23965" lon="6.49099">
        <ele>1371.46</ele>
      </trkpt>
      <trkpt lat="46.2397" lon="6.49109">
        <ele>1370.02</ele>
      </trkpt>
      <trkpt lat="46.23976" lon="6.49116">
        <ele>1373.86</ele>
      </trkpt>
      <trkpt lat="46.2398" lon="6.49125">
        <ele>1376.75</ele>
      </trkpt>
      <trkpt lat="46.23981" lon="6.49127">
        <ele>1376.75</ele>
      </trkpt>
      <trkpt lat="46.23984" lon="6.49136">
        <ele>1378.19</ele>
      </trkpt>
      <trkpt lat="46.23986" lon="6.4914">
        <ele>1378.19</ele>
      </trkpt>
      <trkpt lat="46.23989" lon="6.49145">
        <ele>1379.15</ele>
      </trkpt>
      <trkpt lat="46.23989" lon="6.49146">
        <ele>1379.15</ele>
      </trkpt>
      <trkpt lat="46.23994" lon="6.49154">
        <ele>1378.67</ele>
      </trkpt>
      <trkpt lat="46.24" lon="6.49164">
        <ele>1379.63</ele>
      </trkpt>
      <trkpt lat="46.24006" lon="6.49172">
        <ele>1380.11</ele>
      </trkpt>
      <trkpt lat="46.24006" lon="6.49173">
        <ele>1380.59</ele>
      </trkpt>
      <trkpt lat="46.2401" lon="6.49184">
        <ele>1383.47</ele>
      </trkpt>
      <trkpt lat="46.2401" lon="6.49186">
        <ele>1383.96</ele>
      </trkpt>
      <trkpt lat="46.24012" lon="6.49196">
        <ele>1385.4</ele>
      </trkpt>
      <trkpt lat="46.24013" lon="6.49206">
        <ele>1387.32</ele>
      </trkpt>
      <trkpt lat="46.24015" lon="6.49214">
        <ele>1390.2</ele>
      </trkpt>
      <trkpt lat="46.24016" lon="6.49217">
        <ele>1391.65</ele>
      </trkpt>
      <trkpt lat="46.24016" lon="6.49228">
        <ele>1392.61</ele>
      </trkpt>
      <trkpt lat="46.24016" lon="6.49235">
        <ele>1391.65</ele>
      </trkpt>
      <trkpt lat="46.24016" lon="6.49235">
        <ele>1391.65</ele>
      </trkpt>
      <trkpt lat="46.24018" lon="6.4924">
        <ele>1392.13</ele>
      </trkpt>
      <trkpt lat="46.24018" lon="6.49248">
        <ele>1395.49</ele>
      </trkpt>
      <trkpt lat="46.24018" lon="6.49256">
        <ele>1395.97</ele>
      </trkpt>
      <trkpt lat="46.24018" lon="6.49259">
        <ele>1396.45</ele>
      </trkpt>
      <trkpt lat="46.24019" lon="6.49267">
        <ele>1396.93</ele>
      </trkpt>
      <trkpt lat="46.24021" lon="6.49277">
        <ele>1398.37</ele>
      </trkpt>
      <trkpt lat="46.2402" lon="6.4928">
        <ele>1399.34</ele>
      </trkpt>
      <trkpt lat="46.2402" lon="6.49283">
        <ele>1398.86</ele>
      </trkpt>
      <trkpt lat="46.24022" lon="6.49285">
        <ele>1399.82</ele>
      </trkpt>
      <trkpt lat="46.24023" lon="6.49291">
        <ele>1400.78</ele>
      </trkpt>
      <trkpt lat="46.24024" lon="6.49302">
        <ele>1402.22</ele>
      </trkpt>
      <trkpt lat="46.24027" lon="6.49307">
        <ele>1405.1</ele>
      </trkpt>
      <trkpt lat="46.24026" lon="6.49307">
        <ele>1405.1</ele>
      </trkpt>
      <trkpt lat="46.24024" lon="6.49316">
        <ele>1406.07</ele>
      </trkpt>
      <trkpt lat="46.24023" lon="6.49323">
        <ele>1407.03</ele>
      </trkpt>
      <trkpt lat="46.24024" lon="6.49326">
        <ele>1406.55</ele>
      </trkpt>
      <trkpt lat="46.24023" lon="6.49331">
        <ele>1408.47</ele>
      </trkpt>
      <trkpt lat="46.24024" lon="6.49336">
        <ele>1410.87</ele>
      </trkpt>
      <trkpt lat="46.24023" lon="6.49345">
        <ele>1411.83</ele>
      </trkpt>
      <trkpt lat="46.24021" lon="6.49345">
        <ele>1411.83</ele>
      </trkpt>
      <trkpt lat="46.24016" lon="6.49344">
        <ele>1413.28</ele>
      </trkpt>
      <trkpt lat="46.24009" lon="6.49342">
        <ele>1412.79</ele>
      </trkpt>
      <trkpt lat="46.24003" lon="6.49341">
        <ele>1414.24</ele>
      </trkpt>
      <trkpt lat="46.24002" lon="6.49341">
        <ele>1414.72</ele>
      </trkpt>
      <trkpt lat="46.24" lon="6.49346">
        <ele>1415.68</ele>
      </trkpt>
      <trkpt lat="46.23998" lon="6.49352">
        <ele>1416.64</ele>
      </trkpt>
      <trkpt lat="46.23997" lon="6.49356">
        <ele>1417.6</ele>
      </trkpt>
      <trkpt lat="46.23998" lon="6.49359">
        <ele>1418.08</ele>
      </trkpt>
      <trkpt lat="46.23996" lon="6.49369">
        <ele>1418.56</ele>
      </trkpt>
      <trkpt lat="46.23996" lon="6.49372">
        <ele>1419.52</ele>
      </trkpt>
      <trkpt lat="46.23996" lon="6.49372">
        <ele>1419.52</ele>
      </trkpt>
      <trkpt lat="46.23994" lon="6.49381">
        <ele>1420.97</ele>
      </trkpt>
      <trkpt lat="46.23993" lon="6.49381">
        <ele>1421.45</ele>
      </trkpt>
      <trkpt lat="46.23988" lon="6.4938">
        <ele>1423.37</ele>
      </trkpt>
      <trkpt lat="46.23983" lon="6.49379">
        <ele>1424.81</ele>
      </trkpt>
      <trkpt lat="46.2398" lon="6.49377">
        <ele>1425.77</ele>
      </trkpt>
      <trkpt lat="46.23974" lon="6.49375">
        <ele>1427.7</ele>
      </trkpt>
      <trkpt lat="46.23972" lon="6.49374">
        <ele>1427.7</ele>
      </trkpt>
      <trkpt lat="46.23972" lon="6.49373">
        <ele>1428.18</ele>
      </trkpt>
      <trkpt lat="46.23968" lon="6.49378">
        <ele>1429.62</ele>
      </trkpt>
      <trkpt lat="46.23967" lon="6.49384">
        <ele>1428.66</ele>
      </trkpt>
      <trkpt lat="46.23966" lon="6.49387">
        <ele>1429.62</ele>
      </trkpt>
      <trkpt lat="46.2396" lon="6.49387">
        <ele>1431.54</ele>
      </trkpt>
      <trkpt lat="46.23956" lon="6.49383">
        <ele>1434.91</ele>
      </trkpt>
      <trkpt lat="46.23955" lon="6.49382">
        <ele>1434.91</ele>
      </trkpt>
      <trkpt lat="46.23952" lon="6.4938">
        <ele>1435.87</ele>
      </trkpt>
      <trkpt lat="46.23952" lon="6.49383">
        <ele>1435.87</ele>
      </trkpt>
      <trkpt lat="46.23951" lon="6.49392">
        <ele>1435.87</ele>
      </trkpt>
      <trkpt lat="46.2395" lon="6.49399">
        <ele>1436.83</ele>
      </trkpt>
      <trkpt lat="46.23948" lon="6.49397">
        <ele>1438.27</ele>
      </trkpt>
      <trkpt lat="46.23942" lon="6.49393">
        <ele>1441.63</ele>
      </trkpt>
      <trkpt lat="46.23939" lon="6.49391">
        <ele>1445.48</ele>
      </trkpt>
      <trkpt lat="46.23938" lon="6.4939">
        <ele>1445.96</ele>
      </trkpt>
      <trkpt lat="46.23936" lon="6.49393">
        <ele>1445.96</ele>
      </trkpt>
      <trkpt lat="46.23936" lon="6.49401">
        <ele>1447.88</ele>
      </trkpt>
      <trkpt lat="46.23933" lon="6.494">
        <ele>1449.32</ele>
      </trkpt>
      <trkpt lat="46.23932" lon="6.49399">
        <ele>1449.81</ele>
      </trkpt>
      <trkpt lat="46.23931" lon="6.49399">
        <ele>1449.81</ele>
      </trkpt>
      <trkpt lat="46.23926" lon="6.49399">
        <ele>1451.25</ele>
      </trkpt>
      <trkpt lat="46.23923" lon="6.49396">
        <ele>1452.69</ele>
      </trkpt>
      <trkpt lat="46.23918" lon="6.49393">
        <ele>1454.13</ele>
      </trkpt>
      <trkpt lat="46.23914" lon="6.49391">
        <ele>1455.09</ele>
      </trkpt>
      <trkpt lat="46.23913" lon="6.4939">
        <ele>1455.09</ele>
      </trkpt>
      <trkpt lat="46.23911" lon="6.49389">
        <ele>1455.57</ele>
      </trkpt>
      <trkpt lat="46.23906" lon="6.49384">
        <ele>1455.57</ele>
      </trkpt>
      <trkpt lat="46.23903" lon="6.49383">
        <ele>1457.02</ele>
      </trkpt>
      <trkpt lat="46.23899" lon="6.49381">
        <ele>1459.42</ele>
      </trkpt>
      <trkpt lat="46.23894" lon="6.49378">
        <ele>1459.42</ele>
      </trkpt>
      <trkpt lat="46.23888" lon="6.49375">
        <ele>1461.82</ele>
      </trkpt>
      <trkpt lat="46.23888" lon="6.49374">
        <ele>1461.82</ele>
      </trkpt>
      <trkpt lat="46.23884" lon="6.49371">
        <ele>1463.26</ele>
      </trkpt>
      <trkpt lat="46.23883" lon="6.4937">
        <ele>1464.71</ele>
      </trkpt>
      <trkpt lat="46.2388" lon="6.49368">
        <ele>1464.23</ele>
      </trkpt>
      <trkpt lat="46.23875" lon="6.49366">
        <ele>1466.15</ele>
      </trkpt>
      <trkpt lat="46.23874" lon="6.49369">
        <ele>1466.63</ele>
      </trkpt>
      <trkpt lat="46.23872" lon="6.49372">
        <ele>1468.07</ele>
      </trkpt>
      <trkpt lat="46.2387" lon="6.49372">
        <ele>1468.07</ele>
      </trkpt>
      <trkpt lat="46.23868" lon="6.4937">
        <ele>1468.55</ele>
      </trkpt>
      <trkpt lat="46.23864" lon="6.49368">
        <ele>1471.44</ele>
      </trkpt>
      <trkpt lat="46.23861" lon="6.49366">
        <ele>1472.4</ele>
      </trkpt>
      <trkpt lat="46.23857" lon="6.49363">
        <ele>1474.8</ele>
      </trkpt>
      <trkpt lat="46.23856" lon="6.49362">
        <ele>1474.8</ele>
      </trkpt>
      <trkpt lat="46.23853" lon="6.49363">
        <ele>1474.8</ele>
      </trkpt>
      <trkpt lat="46.23853" lon="6.49365">
        <ele>1476.24</ele>
      </trkpt>
      <trkpt lat="46.2385" lon="6.49368">
        <ele>1476.72</ele>
      </trkpt>
      <trkpt lat="46.23849" lon="6.49369">
        <ele>1476.72</ele>
      </trkpt>
      <trkpt lat="46.23842" lon="6.49368">
        <ele>1478.16</ele>
      </trkpt>
      <trkpt lat="46.23836" lon="6.49367">
        <ele>1479.13</ele>
      </trkpt>
      <trkpt lat="46.23832" lon="6.49365">
        <ele>1479.13</ele>
      </trkpt>
      <trkpt lat="46.23829" lon="6.49364">
        <ele>1478.65</ele>
      </trkpt>
      <trkpt lat="46.23826" lon="6.49364">
        <ele>1479.13</ele>
      </trkpt>
      <trkpt lat="46.23822" lon="6.49362">
        <ele>1480.57</ele>
      </trkpt>
      <trkpt lat="46.23814" lon="6.4936">
        <ele>1482.97</ele>
      </trkpt>
      <trkpt lat="46.23812" lon="6.49362">
        <ele>1485.37</ele>
      </trkpt>
      <trkpt lat="46.23812" lon="6.49365">
        <ele>1486.34</ele>
      </trkpt>
      <trkpt lat="46.23814" lon="6.49372">
        <ele>1489.22</ele>
      </trkpt>
      <trkpt lat="46.23814" lon="6.49374">
        <ele>1489.7</ele>
      </trkpt>
      <trkpt lat="46.23814" lon="6.49376">
        <ele>1489.7</ele>
      </trkpt>
      <trkpt lat="46.23815" lon="6.49379">
        <ele>1490.66</ele>
      </trkpt>
      <trkpt lat="46.23814" lon="6.49381">
        <ele>1490.66</ele>
      </trkpt>
      <trkpt lat="46.23816" lon="6.49385">
        <ele>1489.22</ele>
      </trkpt>
      <trkpt lat="46.23812" lon="6.49386">
        <ele>1488.74</ele>
      </trkpt>
      <trkpt lat="46.2381" lon="6.49386">
        <ele>1488.74</ele>
      </trkpt>
      <trkpt lat="46.23805" lon="6.49386">
        <ele>1490.66</ele>
      </trkpt>
      <trkpt lat="46.238" lon="6.49388">
        <ele>1493.55</ele>
      </trkpt>
      <trkpt lat="46.238" lon="6.49387">
        <ele>1493.55</ele>
      </trkpt>
      <trkpt lat="46.23793" lon="6.49385">
        <ele>1494.03</ele>
      </trkpt>
      <trkpt lat="46.23791" lon="6.49383">
        <ele>1494.99</ele>
      </trkpt>
      <trkpt lat="46.23789" lon="6.49382">
        <ele>1495.95</ele>
      </trkpt>
      <trkpt lat="46.23786" lon="6.49381">
        <ele>1496.43</ele>
      </trkpt>
      <trkpt lat="46.23782" lon="6.49379">
        <ele>1495.95</ele>
      </trkpt>
      <trkpt lat="46.23779" lon="6.49377">
        <ele>1497.87</ele>
      </trkpt>
      <trkpt lat="46.23778" lon="6.49376">
        <ele>1499.31</ele>
      </trkpt>
      <trkpt lat="46.23778" lon="6.49376">
        <ele>1499.79</ele>
      </trkpt>
      <trkpt lat="46.2377" lon="6.49376">
        <ele>1502.68</ele>
      </trkpt>
      <trkpt lat="46.23765" lon="6.49373">
        <ele>1504.6</ele>
      </trkpt>
      <trkpt lat="46.23765" lon="6.49374">
        <ele>1504.6</ele>
      </trkpt>
      <trkpt lat="46.23765" lon="6.49371">
        <ele>1504.6</ele>
      </trkpt>
      <trkpt lat="46.23758" lon="6.49367">
        <ele>1504.12</ele>
      </trkpt>
      <trkpt lat="46.23756" lon="6.49364">
        <ele>1505.56</ele>
      </trkpt>
      <trkpt lat="46.23755" lon="6.49365">
        <ele>1506.04</ele>
      </trkpt>
      <trkpt lat="46.23753" lon="6.49366">
        <ele>1506.04</ele>
      </trkpt>
      <trkpt lat="46.23751" lon="6.4936">
        <ele>1506.52</ele>
      </trkpt>
      <trkpt lat="46.23751" lon="6.49358">
        <ele>1507</ele>
      </trkpt>
      <trkpt lat="46.2375" lon="6.49354">
        <ele>1507.48</ele>
      </trkpt>
      <trkpt lat="46.23746" lon="6.49352">
        <ele>1509.89</ele>
      </trkpt>
      <trkpt lat="46.23741" lon="6.49357">
        <ele>1512.29</ele>
      </trkpt>
      <trkpt lat="46.23737" lon="6.49362">
        <ele>1512.77</ele>
      </trkpt>
      <trkpt lat="46.23735" lon="6.49362">
        <ele>1512.29</ele>
      </trkpt>
      <trkpt lat="46.23727" lon="6.49361">
        <ele>1512.77</ele>
      </trkpt>
      <trkpt lat="46.23726" lon="6.49359">
        <ele>1513.25</ele>
      </trkpt>
      <trkpt lat="46.23722" lon="6.49355">
        <ele>1514.69</ele>
      </trkpt>
      <trkpt lat="46.2372" lon="6.49355">
        <ele>1515.66</ele>
      </trkpt>
      <trkpt lat="46.23713" lon="6.4935">
        <ele>1516.62</ele>
      </trkpt>
      <trkpt lat="46.23708" lon="6.49348">
        <ele>1518.06</ele>
      </trkpt>
      <trkpt lat="46.23703" lon="6.49346">
        <ele>1518.54</ele>
      </trkpt>
      <trkpt lat="46.23699" lon="6.49342">
        <ele>1519.5</ele>
      </trkpt>
      <trkpt lat="46.23697" lon="6.4934">
        <ele>1519.98</ele>
      </trkpt>
      <trkpt lat="46.23694" lon="6.49334">
        <ele>1519.98</ele>
      </trkpt>
      <trkpt lat="46.23694" lon="6.49329">
        <ele>1519.5</ele>
      </trkpt>
      <trkpt lat="46.23695" lon="6.49328">
        <ele>1519.02</ele>
      </trkpt>
      <trkpt lat="46.23695" lon="6.49329">
        <ele>1519.02</ele>
      </trkpt>
      <trkpt lat="46.23697" lon="6.49331">
        <ele>1517.58</ele>
      </trkpt>
      <trkpt lat="46.23698" lon="6.4933">
        <ele>1518.06</ele>
      </trkpt>
      <trkpt lat="46.23698" lon="6.4933">
        <ele>1518.06</ele>
      </trkpt>
      <trkpt lat="46.23697" lon="6.4933">
        <ele>1517.58</ele>
      </trkpt>
      <trkpt lat="46.23697" lon="6.4933">
        <ele>1518.06</ele>
      </trkpt>
      <trkpt lat="46.23697" lon="6.4933">
        <ele>1518.06</ele>
      </trkpt>
      <trkpt lat="46.23697" lon="6.4933">
        <ele>1518.06</ele>
      </trkpt>
      <trkpt lat="46.23697" lon="6.4933">
        <ele>1518.54</ele>
      </trkpt>
      <trkpt lat="46.23697" lon="6.49329">
        <ele>1518.54</ele>
      </trkpt>
      <trkpt lat="46.23697" lon="6.49329">
        <ele>1519.02</ele>
      </trkpt>
      <trkpt lat="46.23697" lon="6.4933">
        <ele>1519.5</ele>
      </trkpt>
      <trkpt lat="46.23697" lon="6.4933">
        <ele>1519.5</ele>
      </trkpt>
      <trkpt lat="46.23698" lon="6.4933">
        <ele>1519.02</ele>
      </trkpt>
      <trkpt lat="46.23697" lon="6.4933">
        <ele>1519.02</ele>
      </trkpt>
      <trkpt lat="46.23697" lon="6.4933">
        <ele>1518.06</ele>
      </trkpt>
      <trkpt lat="46.23698" lon="6.4933">
        <ele>1518.06</ele>
      </trkpt>
      <trkpt lat="46.23698" lon="6.49329">
        <ele>1518.54</ele>
      </trkpt>
      <trkpt lat="46.23698" lon="6.49329">
        <ele>1518.06</ele>
      </trkpt>
      <trkpt lat="46.23698" lon="6.4933">
        <ele>1517.1</ele>
      </trkpt>
      <trkpt lat="46.23698" lon="6.49329">
        <ele>1517.58</ele>
      </trkpt>
      <trkpt lat="46.23697" lon="6.4933">
        <ele>1517.58</ele>
      </trkpt>
      <trkpt lat="46.23697" lon="6.4933">
        <ele>1517.58</ele>
      </trkpt>
      <trkpt lat="46.23697" lon="6.4933">
        <ele>1517.58</ele>
      </trkpt>
      <trkpt lat="46.23697" lon="6.4933">
        <ele>1518.06</ele>
      </trkpt>
      <trkpt lat="46.23697" lon="6.49329">
        <ele>1518.06</ele>
      </trkpt>
      <trkpt lat="46.23697" lon="6.49329">
        <ele>1518.06</ele>
      </trkpt>
      <trkpt lat="46.23697" lon="6.49329">
        <ele>1518.06</ele>
      </trkpt>
      <trkpt lat="46.23697" lon="6.49329">
        <ele>1517.58</ele>
      </trkpt>
      <trkpt lat="46.23697" lon="6.49329">
        <ele>1517.58</ele>
      </trkpt>
      <trkpt lat="46.23697" lon="6.49329">
        <ele>1518.06</ele>
      </trkpt>
      <trkpt lat="46.23698" lon="6.4933">
        <ele>1517.58</ele>
      </trkpt>
      <trkpt lat="46.23698" lon="6.4933">
        <ele>1517.58</ele>
      </trkpt>
      <trkpt lat="46.23698" lon="6.4933">
        <ele>1517.58</ele>
      </trkpt>
      <trkpt lat="46.23697" lon="6.49331">
        <ele>1517.58</ele>
      </trkpt>
      <trkpt lat="46.23697" lon="6.49331">
        <ele>1517.1</ele>
      </trkpt>
      <trkpt lat="46.23697" lon="6.4933">
        <ele>1517.1</ele>
      </trkpt>
      <trkpt lat="46.23697" lon="6.4933">
        <ele>1517.58</ele>
      </trkpt>
      <trkpt lat="46.23698" lon="6.4933">
        <ele>1517.58</ele>
      </trkpt>
      <trkpt lat="46.23698" lon="6.49331">
        <ele>1517.58</ele>
      </trkpt>
      <trkpt lat="46.23698" lon="6.49331">
        <ele>1517.1</ele>
      </trkpt>
      <trkpt lat="46.23698" lon="6.49331">
        <ele>1517.58</ele>
      </trkpt>
      <trkpt lat="46.23698" lon="6.49332">
        <ele>1517.58</ele>
      </trkpt>
      <trkpt lat="46.23698" lon="6.49331">
        <ele>1517.58</ele>
      </trkpt>
      <trkpt lat="46.23698" lon="6.49331">
        <ele>1517.58</ele>
      </trkpt>
      <trkpt lat="46.23697" lon="6.49329">
        <ele>1517.1</ele>
      </trkpt>
      <trkpt lat="46.23697" lon="6.49329">
        <ele>1517.1</ele>
      </trkpt>
      <trkpt lat="46.23697" lon="6.49329">
        <ele>1517.1</ele>
      </trkpt>
      <trkpt lat="46.23697" lon="6.4933">
        <ele>1517.58</ele>
      </trkpt>
      <trkpt lat="46.23697" lon="6.4933">
        <ele>1517.58</ele>
      </trkpt>
      <trkpt lat="46.23697" lon="6.4933">
        <ele>1517.58</ele>
      </trkpt>
      <trkpt lat="46.23697" lon="6.4933">
        <ele>1517.58</ele>
      </trkpt>
      <trkpt lat="46.23696" lon="6.4933">
        <ele>1517.1</ele>
      </trkpt>
      <trkpt lat="46.23697" lon="6.49329">
        <ele>1517.1</ele>
      </trkpt>
      <trkpt lat="46.23697" lon="6.49329">
        <ele>1517.1</ele>
      </trkpt>
      <trkpt lat="46.23698" lon="6.49329">
        <ele>1517.1</ele>
      </trkpt>
      <trkpt lat="46.23698" lon="6.49329">
        <ele>1518.06</ele>
      </trkpt>
      <trkpt lat="46.23697" lon="6.49329">
        <ele>1517.58</ele>
      </trkpt>
      <trkpt lat="46.23698" lon="6.49329">
        <ele>1517.58</ele>
      </trkpt>
      <trkpt lat="46.23698" lon="6.49329">
        <ele>1517.1</ele>
      </trkpt>
      <trkpt lat="46.23698" lon="6.49329">
        <ele>1516.62</ele>
      </trkpt>
      <trkpt lat="46.23698" lon="6.4933">
        <ele>1517.1</ele>
      </trkpt>
      <trkpt lat="46.23697" lon="6.4933">
        <ele>1517.1</ele>
      </trkpt>
      <trkpt lat="46.23697" lon="6.4933">
        <ele>1517.58</ele>
      </trkpt>
      <trkpt lat="46.23697" lon="6.4933">
        <ele>1517.58</ele>
      </trkpt>
      <trkpt lat="46.23698" lon="6.4933">
        <ele>1517.1</ele>
      </trkpt>
      <trkpt lat="46.23698" lon="6.49329">
        <ele>1517.1</ele>
      </trkpt>
      <trkpt lat="46.23697" lon="6.49328">
        <ele>1516.62</ele>
      </trkpt>
      <trkpt lat="46.23695" lon="6.49327">
        <ele>1516.14</ele>
      </trkpt>
      <trkpt lat="46.23693" lon="6.49325">
        <ele>1516.14</ele>
      </trkpt>
      <trkpt lat="46.23692" lon="6.49323">
        <ele>1516.14</ele>
      </trkpt>
      <trkpt lat="46.23688" lon="6.49316">
        <ele>1516.62</ele>
      </trkpt>
      <trkpt lat="46.23688" lon="6.49314">
        <ele>1516.14</ele>
      </trkpt>
      <trkpt lat="46.23685" lon="6.49311">
        <ele>1515.18</ele>
      </trkpt>
      <trkpt lat="46.23682" lon="6.49311">
        <ele>1513.25</ele>
      </trkpt>
      <trkpt lat="46.23679" lon="6.49305">
        <ele>1515.66</ele>
      </trkpt>
      <trkpt lat="46.23676" lon="6.49304">
        <ele>1517.1</ele>
      </trkpt>
      <trkpt lat="46.23676" lon="6.49305">
        <ele>1517.58</ele>
      </trkpt>
      <trkpt lat="46.23676" lon="6.49304">
        <ele>1517.1</ele>
      </trkpt>
      <trkpt lat="46.23673" lon="6.49304">
        <ele>1518.06</ele>
      </trkpt>
      <trkpt lat="46.23671" lon="6.49305">
        <ele>1518.54</ele>
      </trkpt>
      <trkpt lat="46.2367" lon="6.49304">
        <ele>1518.06</ele>
      </trkpt>
      <trkpt lat="46.2367" lon="6.49305">
        <ele>1518.06</ele>
      </trkpt>
      <trkpt lat="46.23667" lon="6.49304">
        <ele>1518.54</ele>
      </trkpt>
      <trkpt lat="46.23667" lon="6.49303">
        <ele>1519.02</ele>
      </trkpt>
      <trkpt lat="46.23666" lon="6.49304">
        <ele>1519.5</ele>
      </trkpt>
      <trkpt lat="46.23666" lon="6.49304">
        <ele>1519.98</ele>
      </trkpt>
      <trkpt lat="46.23665" lon="6.49305">
        <ele>1520.46</ele>
      </trkpt>
      <trkpt lat="46.23665" lon="6.49306">
        <ele>1520.94</ele>
      </trkpt>
      <trkpt lat="46.2366" lon="6.49299">
        <ele>1522.39</ele>
      </trkpt>
      <trkpt lat="46.23659" lon="6.49295">
        <ele>1522.39</ele>
      </trkpt>
      <trkpt lat="46.23656" lon="6.49292">
        <ele>1523.35</ele>
      </trkpt>
      <trkpt lat="46.23652" lon="6.49287">
        <ele>1523.83</ele>
      </trkpt>
      <trkpt lat="46.23648" lon="6.49277">
        <ele>1524.31</ele>
      </trkpt>
      <trkpt lat="46.23646" lon="6.49275">
        <ele>1524.31</ele>
      </trkpt>
      <trkpt lat="46.23645" lon="6.49272">
        <ele>1524.79</ele>
      </trkpt>
      <trkpt lat="46.23644" lon="6.4927">
        <ele>1524.31</ele>
      </trkpt>
      <trkpt lat="46.23644" lon="6.4927">
        <ele>1524.31</ele>
      </trkpt>
      <trkpt lat="46.23641" lon="6.49266">
        <ele>1524.31</ele>
      </trkpt>
      <trkpt lat="46.23638" lon="6.49261">
        <ele>1523.83</ele>
      </trkpt>
      <trkpt lat="46.23631" lon="6.49248">
        <ele>1523.35</ele>
      </trkpt>
      <trkpt lat="46.23628" lon="6.49244">
        <ele>1523.35</ele>
      </trkpt>
      <trkpt lat="46.23628" lon="6.49242">
        <ele>1523.83</ele>
      </trkpt>
      <trkpt lat="46.23626" lon="6.4924">
        <ele>1524.31</ele>
      </trkpt>
      <trkpt lat="46.23625" lon="6.49238">
        <ele>1524.31</ele>
      </trkpt>
      <trkpt lat="46.23619" lon="6.49229">
        <ele>1524.79</ele>
      </trkpt>
      <trkpt lat="46.23612" lon="6.49219">
        <ele>1524.79</ele>
      </trkpt>
      <trkpt lat="46.23611" lon="6.49217">
        <ele>1524.79</ele>
      </trkpt>
      <trkpt lat="46.23603" lon="6.49206">
        <ele>1524.31</ele>
      </trkpt>
      <trkpt lat="46.23596" lon="6.49198">
        <ele>1524.79</ele>
      </trkpt>
      <trkpt lat="46.23587" lon="6.49193">
        <ele>1525.27</ele>
      </trkpt>
      <trkpt lat="46.23585" lon="6.49193">
        <ele>1525.27</ele>
      </trkpt>
      <trkpt lat="46.23584" lon="6.49191">
        <ele>1524.79</ele>
      </trkpt>
      <trkpt lat="46.2358" lon="6.4919">
        <ele>1524.79</ele>
      </trkpt>
      <trkpt lat="46.23577" lon="6.49187">
        <ele>1524.31</ele>
      </trkpt>
      <trkpt lat="46.23574" lon="6.49185">
        <ele>1524.31</ele>
      </trkpt>
      <trkpt lat="46.2357" lon="6.49182">
        <ele>1525.27</ele>
      </trkpt>
      <trkpt lat="46.23562" lon="6.49176">
        <ele>1525.75</ele>
      </trkpt>
      <trkpt lat="46.23556" lon="6.49166">
        <ele>1525.75</ele>
      </trkpt>
      <trkpt lat="46.23556" lon="6.49166">
        <ele>1525.27</ele>
      </trkpt>
      <trkpt lat="46.23558" lon="6.49167">
        <ele>1525.27</ele>
      </trkpt>
      <trkpt lat="46.23558" lon="6.49171">
        <ele>1526.71</ele>
      </trkpt>
      <trkpt lat="46.23555" lon="6.49168">
        <ele>1527.19</ele>
      </trkpt>
      <trkpt lat="46.23548" lon="6.49158">
        <ele>1526.23</ele>
      </trkpt>
      <trkpt lat="46.23545" lon="6.49156">
        <ele>1525.75</ele>
      </trkpt>
      <trkpt lat="46.23539" lon="6.49155">
        <ele>1526.23</ele>
      </trkpt>
      <trkpt lat="46.23536" lon="6.49154">
        <ele>1526.23</ele>
      </trkpt>
      <trkpt lat="46.23531" lon="6.49152">
        <ele>1527.19</ele>
      </trkpt>
      <trkpt lat="46.2353" lon="6.49152">
        <ele>1527.67</ele>
      </trkpt>
      <trkpt lat="46.23528" lon="6.4915">
        <ele>1529.11</ele>
      </trkpt>
      <trkpt lat="46.23523" lon="6.49145">
        <ele>1531.04</ele>
      </trkpt>
      <trkpt lat="46.23518" lon="6.49141">
        <ele>1532.96</ele>
      </trkpt>
      <trkpt lat="46.23516" lon="6.49139">
        <ele>1532.48</ele>
      </trkpt>
      <trkpt lat="46.23515" lon="6.49139">
        <ele>1532.96</ele>
      </trkpt>
      <trkpt lat="46.23515" lon="6.49138">
        <ele>1532.48</ele>
      </trkpt>
      <trkpt lat="46.23514" lon="6.49137">
        <ele>1532.48</ele>
      </trkpt>
      <trkpt lat="46.23514" lon="6.49137">
        <ele>1532.48</ele>
      </trkpt>
      <trkpt lat="46.23514" lon="6.49137">
        <ele>1532.48</ele>
      </trkpt>
      <trkpt lat="46.23514" lon="6.49137">
        <ele>1532.96</ele>
      </trkpt>
      <trkpt lat="46.23514" lon="6.49137">
        <ele>1532.96</ele>
      </trkpt>
      <trkpt lat="46.23514" lon="6.49136">
        <ele>1532.48</ele>
      </trkpt>
      <trkpt lat="46.23514" lon="6.49137">
        <ele>1532.48</ele>
      </trkpt>
      <trkpt lat="46.23513" lon="6.49137">
        <ele>1532.48</ele>
      </trkpt>
      <trkpt lat="46.23514" lon="6.49137">
        <ele>1532.48</ele>
      </trkpt>
      <trkpt lat="46.23514" lon="6.49137">
        <ele>1532.48</ele>
      </trkpt>
      <trkpt lat="46.23514" lon="6.49138">
        <ele>1532</ele>
      </trkpt>
      <trkpt lat="46.23513" lon="6.49138">
        <ele>1531.52</ele>
      </trkpt>
      <trkpt lat="46.23513" lon="6.49139">
        <ele>1532</ele>
      </trkpt>
      <trkpt lat="46.23513" lon="6.49139">
        <ele>1532</ele>
      </trkpt>
      <trkpt lat="46.23513" lon="6.49139">
        <ele>1531.52</ele>
      </trkpt>
      <trkpt lat="46.23512" lon="6.49138">
        <ele>1532</ele>
      </trkpt>
      <trkpt lat="46.23512" lon="6.49138">
        <ele>1532.48</ele>
      </trkpt>
      <trkpt lat="46.23512" lon="6.49139">
        <ele>1532.48</ele>
      </trkpt>
      <trkpt lat="46.23512" lon="6.49139">
        <ele>1532</ele>
      </trkpt>
      <trkpt lat="46.23513" lon="6.49138">
        <ele>1532</ele>
      </trkpt>
      <trkpt lat="46.23513" lon="6.49138">
        <ele>1532</ele>
      </trkpt>
      <trkpt lat="46.23512" lon="6.49138">
        <ele>1532</ele>
      </trkpt>
      <trkpt lat="46.23512" lon="6.49139">
        <ele>1531.52</ele>
      </trkpt>
      <trkpt lat="46.23512" lon="6.49139">
        <ele>1531.04</ele>
      </trkpt>
      <trkpt lat="46.23512" lon="6.49139">
        <ele>1531.52</ele>
      </trkpt>
      <trkpt lat="46.23513" lon="6.49139">
        <ele>1532</ele>
      </trkpt>
      <trkpt lat="46.23513" lon="6.49139">
        <ele>1531.52</ele>
      </trkpt>
      <trkpt lat="46.23513" lon="6.49139">
        <ele>1531.52</ele>
      </trkpt>
      <trkpt lat="46.23513" lon="6.49139">
        <ele>1532</ele>
      </trkpt>
      <trkpt lat="46.23513" lon="6.49138">
        <ele>1532.48</ele>
      </trkpt>
      <trkpt lat="46.23513" lon="6.49138">
        <ele>1532.48</ele>
      </trkpt>
      <trkpt lat="46.23513" lon="6.49138">
        <ele>1532.48</ele>
      </trkpt>
      <trkpt lat="46.23513" lon="6.49138">
        <ele>1532.48</ele>
      </trkpt>
      <trkpt lat="46.23512" lon="6.49138">
        <ele>1532.48</ele>
      </trkpt>
      <trkpt lat="46.23513" lon="6.49138">
        <ele>1532.48</ele>
      </trkpt>
      <trkpt lat="46.23514" lon="6.49138">
        <ele>1532</ele>
      </trkpt>
      <trkpt lat="46.23514" lon="6.49139">
        <ele>1531.52</ele>
      </trkpt>
      <trkpt lat="46.23514" lon="6.49139">
        <ele>1531.04</ele>
      </trkpt>
      <trkpt lat="46.23514" lon="6.49139">
        <ele>1530.56</ele>
      </trkpt>
      <trkpt lat="46.23517" lon="6.49141">
        <ele>1529.11</ele>
      </trkpt>
      <trkpt lat="46.23519" lon="6.49142">
        <ele>1528.63</ele>
      </trkpt>
      <trkpt lat="46.23526" lon="6.4915">
        <ele>1527.67</ele>
      </trkpt>
      <trkpt lat="46.23527" lon="6.49151">
        <ele>1527.19</ele>
      </trkpt>
      <trkpt lat="46.23535" lon="6.49154">
        <ele>1525.27</ele>
      </trkpt>
      <trkpt lat="46.23535" lon="6.49156">
        <ele>1525.27</ele>
      </trkpt>
      <trkpt lat="46.23533" lon="6.49161">
        <ele>1523.83</ele>
      </trkpt>
      <trkpt lat="46.23533" lon="6.49172">
        <ele>1519.5</ele>
      </trkpt>
      <trkpt lat="46.2353" lon="6.49178">
        <ele>1515.66</ele>
      </trkpt>
      <trkpt lat="46.23529" lon="6.49183">
        <ele>1513.25</ele>
      </trkpt>
      <trkpt lat="46.23526" lon="6.49196">
        <ele>1508.45</ele>
      </trkpt>
      <trkpt lat="46.23524" lon="6.49202">
        <ele>1505.56</ele>
      </trkpt>
      <trkpt lat="46.2352" lon="6.49214">
        <ele>1501.72</ele>
      </trkpt>
      <trkpt lat="46.23516" lon="6.49222">
        <ele>1500.76</ele>
      </trkpt>
      <trkpt lat="46.23509" lon="6.49223">
        <ele>1502.2</ele>
      </trkpt>
      <trkpt lat="46.23508" lon="6.4922">
        <ele>1503.16</ele>
      </trkpt>
      <trkpt lat="46.23505" lon="6.49219">
        <ele>1503.64</ele>
      </trkpt>
      <trkpt lat="46.23503" lon="6.49217">
        <ele>1504.6</ele>
      </trkpt>
      <trkpt lat="46.23495" lon="6.49213">
        <ele>1506.52</ele>
      </trkpt>
      <trkpt lat="46.23493" lon="6.49212">
        <ele>1507.48</ele>
      </trkpt>
      <trkpt lat="46.23485" lon="6.49205">
        <ele>1508.93</ele>
      </trkpt>
      <trkpt lat="46.23479" lon="6.492">
        <ele>1511.33</ele>
      </trkpt>
      <trkpt lat="46.23476" lon="6.49198">
        <ele>1511.81</ele>
      </trkpt>
      <trkpt lat="46.23476" lon="6.49198">
        <ele>1511.81</ele>
      </trkpt>
      <trkpt lat="46.23471" lon="6.49195">
        <ele>1512.77</ele>
      </trkpt>
      <trkpt lat="46.23467" lon="6.49192">
        <ele>1513.73</ele>
      </trkpt>
      <trkpt lat="46.23464" lon="6.4919">
        <ele>1514.69</ele>
      </trkpt>
      <trkpt lat="46.23462" lon="6.49188">
        <ele>1515.66</ele>
      </trkpt>
      <trkpt lat="46.23456" lon="6.49184">
        <ele>1517.1</ele>
      </trkpt>
      <trkpt lat="46.23448" lon="6.4918">
        <ele>1519.5</ele>
      </trkpt>
      <trkpt lat="46.23447" lon="6.49177">
        <ele>1520.46</ele>
      </trkpt>
      <trkpt lat="46.23447" lon="6.49176">
        <ele>1519.98</ele>
      </trkpt>
      <trkpt lat="46.23444" lon="6.49173">
        <ele>1519.98</ele>
      </trkpt>
      <trkpt lat="46.2344" lon="6.49173">
        <ele>1520.46</ele>
      </trkpt>
      <trkpt lat="46.2344" lon="6.49172">
        <ele>1518.54</ele>
      </trkpt>
      <trkpt lat="46.2344" lon="6.49171">
        <ele>1517.58</ele>
      </trkpt>
      <trkpt lat="46.23437" lon="6.4917">
        <ele>1517.58</ele>
      </trkpt>
      <trkpt lat="46.23433" lon="6.49169">
        <ele>1518.06</ele>
      </trkpt>
      <trkpt lat="46.23425" lon="6.49164">
        <ele>1518.54</ele>
      </trkpt>
      <trkpt lat="46.23425" lon="6.49163">
        <ele>1518.54</ele>
      </trkpt>
      <trkpt lat="46.23416" lon="6.49161">
        <ele>1517.1</ele>
      </trkpt>
      <trkpt lat="46.23406" lon="6.49158">
        <ele>1516.62</ele>
      </trkpt>
      <trkpt lat="46.23403" lon="6.49159">
        <ele>1516.14</ele>
      </trkpt>
      <trkpt lat="46.234" lon="6.49157">
        <ele>1515.18</ele>
      </trkpt>
      <trkpt lat="46.23393" lon="6.49157">
        <ele>1515.18</ele>
      </trkpt>
      <trkpt lat="46.23388" lon="6.49155">
        <ele>1515.18</ele>
      </trkpt>
      <trkpt lat="46.23388" lon="6.49153">
        <ele>1514.21</ele>
      </trkpt>
      <trkpt lat="46.23387" lon="6.49153">
        <ele>1514.21</ele>
      </trkpt>
      <trkpt lat="46.23386" lon="6.49152">
        <ele>1513.73</ele>
      </trkpt>
      <trkpt lat="46.23381" lon="6.49154">
        <ele>1513.25</ele>
      </trkpt>
      <trkpt lat="46.23377" lon="6.49153">
        <ele>1512.29</ele>
      </trkpt>
      <trkpt lat="46.2337" lon="6.49153">
        <ele>1511.33</ele>
      </trkpt>
      <trkpt lat="46.2336" lon="6.4915">
        <ele>1511.81</ele>
      </trkpt>
      <trkpt lat="46.23354" lon="6.49148">
        <ele>1511.33</ele>
      </trkpt>
      <trkpt lat="46.2335" lon="6.49146">
        <ele>1510.85</ele>
      </trkpt>
      <trkpt lat="46.23343" lon="6.49145">
        <ele>1512.29</ele>
      </trkpt>
      <trkpt lat="46.23336" lon="6.49148">
        <ele>1511.33</ele>
      </trkpt>
      <trkpt lat="46.23331" lon="6.49152">
        <ele>1508.93</ele>
      </trkpt>
      <trkpt lat="46.2333" lon="6.49153">
        <ele>1508.93</ele>
      </trkpt>
      <trkpt lat="46.23329" lon="6.49154">
        <ele>1508.93</ele>
      </trkpt>
      <trkpt lat="46.23324" lon="6.4916">
        <ele>1508.93</ele>
      </trkpt>
      <trkpt lat="46.23318" lon="6.49163">
        <ele>1507.97</ele>
      </trkpt>
      <trkpt lat="46.23311" lon="6.49163">
        <ele>1511.81</ele>
      </trkpt>
      <trkpt lat="46.23307" lon="6.49162">
        <ele>1512.77</ele>
      </trkpt>
      <trkpt lat="46.23304" lon="6.49161">
        <ele>1513.25</ele>
      </trkpt>
      <trkpt lat="46.233" lon="6.49161">
        <ele>1513.25</ele>
      </trkpt>
      <trkpt lat="46.23299" lon="6.49161">
        <ele>1513.73</ele>
      </trkpt>
      <trkpt lat="46.23297" lon="6.49162">
        <ele>1513.25</ele>
      </trkpt>
      <trkpt lat="46.23293" lon="6.49162">
        <ele>1513.25</ele>
      </trkpt>
      <trkpt lat="46.23287" lon="6.49164">
        <ele>1512.29</ele>
      </trkpt>
      <trkpt lat="46.23284" lon="6.49164">
        <ele>1510.85</ele>
      </trkpt>
      <trkpt lat="46.23279" lon="6.49163">
        <ele>1509.89</ele>
      </trkpt>
      <trkpt lat="46.23272" lon="6.49161">
        <ele>1508.45</ele>
      </trkpt>
      <trkpt lat="46.23265" lon="6.49158">
        <ele>1506.04</ele>
      </trkpt>
      <trkpt lat="46.23257" lon="6.49156">
        <ele>1507.48</ele>
      </trkpt>
      <trkpt lat="46.23252" lon="6.49154">
        <ele>1510.37</ele>
      </trkpt>
      <trkpt lat="46.23243" lon="6.49151">
        <ele>1514.69</ele>
      </trkpt>
      <trkpt lat="46.23237" lon="6.4915">
        <ele>1517.1</ele>
      </trkpt>
      <trkpt lat="46.23237" lon="6.4915">
        <ele>1518.06</ele>
      </trkpt>
      <trkpt lat="46.23231" lon="6.49148">
        <ele>1519.5</ele>
      </trkpt>
      <trkpt lat="46.2323" lon="6.49147">
        <ele>1519.98</ele>
      </trkpt>
      <trkpt lat="46.23227" lon="6.49145">
        <ele>1519.98</ele>
      </trkpt>
      <trkpt lat="46.23224" lon="6.49143">
        <ele>1520.94</ele>
      </trkpt>
      <trkpt lat="46.23218" lon="6.4914">
        <ele>1521.42</ele>
      </trkpt>
      <trkpt lat="46.23216" lon="6.49139">
        <ele>1521.9</ele>
      </trkpt>
      <trkpt lat="46.23209" lon="6.49132">
        <ele>1523.35</ele>
      </trkpt>
      <trkpt lat="46.23202" lon="6.49126">
        <ele>1523.35</ele>
      </trkpt>
      <trkpt lat="46.23199" lon="6.49125">
        <ele>1523.35</ele>
      </trkpt>
      <trkpt lat="46.23194" lon="6.49121">
        <ele>1524.79</ele>
      </trkpt>
      <trkpt lat="46.23189" lon="6.49117">
        <ele>1524.79</ele>
      </trkpt>
      <trkpt lat="46.23183" lon="6.49115">
        <ele>1524.31</ele>
      </trkpt>
      <trkpt lat="46.23176" lon="6.49113">
        <ele>1524.79</ele>
      </trkpt>
      <trkpt lat="46.23174" lon="6.4911">
        <ele>1526.23</ele>
      </trkpt>
      <trkpt lat="46.23168" lon="6.49107">
        <ele>1527.67</ele>
      </trkpt>
      <trkpt lat="46.23162" lon="6.49105">
        <ele>1530.08</ele>
      </trkpt>
      <trkpt lat="46.2316" lon="6.49105">
        <ele>1531.04</ele>
      </trkpt>
      <trkpt lat="46.23155" lon="6.49105">
        <ele>1532.48</ele>
      </trkpt>
      <trkpt lat="46.2315" lon="6.49103">
        <ele>1531.52</ele>
      </trkpt>
      <trkpt lat="46.23147" lon="6.49103">
        <ele>1531.52</ele>
      </trkpt>
      <trkpt lat="46.23136" lon="6.49103">
        <ele>1532.48</ele>
      </trkpt>
      <trkpt lat="46.23135" lon="6.49103">
        <ele>1532.96</ele>
      </trkpt>
      <trkpt lat="46.23131" lon="6.49103">
        <ele>1532.96</ele>
      </trkpt>
      <trkpt lat="46.23125" lon="6.49099">
        <ele>1532.96</ele>
      </trkpt>
      <trkpt lat="46.2312" lon="6.49098">
        <ele>1532.96</ele>
      </trkpt>
      <trkpt lat="46.23115" lon="6.49095">
        <ele>1533.44</ele>
      </trkpt>
      <trkpt lat="46.2311" lon="6.49093">
        <ele>1534.88</ele>
      </trkpt>
      <trkpt lat="46.23108" lon="6.49092">
        <ele>1535.36</ele>
      </trkpt>
      <trkpt lat="46.23103" lon="6.49089">
        <ele>1537.29</ele>
      </trkpt>
      <trkpt lat="46.23101" lon="6.49087">
        <ele>1538.25</ele>
      </trkpt>
      <trkpt lat="46.23095" lon="6.49084">
        <ele>1542.09</ele>
      </trkpt>
      <trkpt lat="46.23092" lon="6.49083">
        <ele>1543.53</ele>
      </trkpt>
      <trkpt lat="46.23087" lon="6.49081">
        <ele>1544.98</ele>
      </trkpt>
      <trkpt lat="46.23082" lon="6.49079">
        <ele>1545.94</ele>
      </trkpt>
      <trkpt lat="46.23077" lon="6.49076">
        <ele>1546.42</ele>
      </trkpt>
      <trkpt lat="46.23075" lon="6.49074">
        <ele>1545.94</ele>
      </trkpt>
      <trkpt lat="46.23069" lon="6.4907">
        <ele>1546.42</ele>
      </trkpt>
      <trkpt lat="46.23067" lon="6.49068">
        <ele>1545.46</ele>
      </trkpt>
      <trkpt lat="46.23066" lon="6.49068">
        <ele>1545.46</ele>
      </trkpt>
      <trkpt lat="46.23063" lon="6.49066">
        <ele>1545.46</ele>
      </trkpt>
      <trkpt lat="46.23059" lon="6.49065">
        <ele>1546.42</ele>
      </trkpt>
      <trkpt lat="46.23054" lon="6.49063">
        <ele>1548.82</ele>
      </trkpt>
      <trkpt lat="46.23048" lon="6.49061">
        <ele>1550.74</ele>
      </trkpt>
      <trkpt lat="46.23048" lon="6.49061">
        <ele>1550.74</ele>
      </trkpt>
      <trkpt lat="46.23045" lon="6.49059">
        <ele>1552.67</ele>
      </trkpt>
      <trkpt lat="46.23038" lon="6.49059">
        <ele>1555.55</ele>
      </trkpt>
      <trkpt lat="46.23032" lon="6.49056">
        <ele>1557.47</ele>
      </trkpt>
      <trkpt lat="46.23032" lon="6.49056">
        <ele>1557.47</ele>
      </trkpt>
      <trkpt lat="46.23023" lon="6.49055">
        <ele>1557.95</ele>
      </trkpt>
      <trkpt lat="46.23014" lon="6.49053">
        <ele>1558.43</ele>
      </trkpt>
      <trkpt lat="46.23012" lon="6.49052">
        <ele>1558.43</ele>
      </trkpt>
      <trkpt lat="46.23006" lon="6.49048">
        <ele>1558.92</ele>
      </trkpt>
      <trkpt lat="46.23001" lon="6.49047">
        <ele>1557.47</ele>
      </trkpt>
      <trkpt lat="46.23001" lon="6.49047">
        <ele>1555.07</ele>
      </trkpt>
      <trkpt lat="46.23001" lon="6.49047">
        <ele>1554.11</ele>
      </trkpt>
      <trkpt lat="46.23" lon="6.49047">
        <ele>1553.15</ele>
      </trkpt>
      <trkpt lat="46.22993" lon="6.49045">
        <ele>1554.11</ele>
      </trkpt>
      <trkpt lat="46.22987" lon="6.49046">
        <ele>1554.11</ele>
      </trkpt>
      <trkpt lat="46.22987" lon="6.49046">
        <ele>1553.63</ele>
      </trkpt>
      <trkpt lat="46.22981" lon="6.49047">
        <ele>1554.59</ele>
      </trkpt>
      <trkpt lat="46.2298" lon="6.49047">
        <ele>1555.07</ele>
      </trkpt>
      <trkpt lat="46.22975" lon="6.49047">
        <ele>1555.55</ele>
      </trkpt>
      <trkpt lat="46.22966" lon="6.49047">
        <ele>1555.55</ele>
      </trkpt>
      <trkpt lat="46.22963" lon="6.49048">
        <ele>1555.55</ele>
      </trkpt>
      <trkpt lat="46.22956" lon="6.49048">
        <ele>1555.55</ele>
      </trkpt>
      <trkpt lat="46.22949" lon="6.49049">
        <ele>1554.59</ele>
      </trkpt>
      <trkpt lat="46.22939" lon="6.4905">
        <ele>1553.15</ele>
      </trkpt>
      <trkpt lat="46.22936" lon="6.49051">
        <ele>1552.19</ele>
      </trkpt>
      <trkpt lat="46.22932" lon="6.49051">
        <ele>1552.19</ele>
      </trkpt>
      <trkpt lat="46.22928" lon="6.49053">
        <ele>1551.22</ele>
      </trkpt>
      <trkpt lat="46.22923" lon="6.49055">
        <ele>1551.71</ele>
      </trkpt>
      <trkpt lat="46.22915" lon="6.49059">
        <ele>1552.19</ele>
      </trkpt>
      <trkpt lat="46.22906" lon="6.49064">
        <ele>1554.59</ele>
      </trkpt>
      <trkpt lat="46.22905" lon="6.49065">
        <ele>1555.55</ele>
      </trkpt>
      <trkpt lat="46.229" lon="6.49068">
        <ele>1557.47</ele>
      </trkpt>
      <trkpt lat="46.22891" lon="6.49073">
        <ele>1558.92</ele>
      </trkpt>
      <trkpt lat="46.22884" lon="6.49075">
        <ele>1558.43</ele>
      </trkpt>
      <trkpt lat="46.22878" lon="6.4908">
        <ele>1557.47</ele>
      </trkpt>
      <trkpt lat="46.22874" lon="6.49085">
        <ele>1557.95</ele>
      </trkpt>
      <trkpt lat="46.22872" lon="6.49087">
        <ele>1557.95</ele>
      </trkpt>
      <trkpt lat="46.22867" lon="6.49092">
        <ele>1556.51</ele>
      </trkpt>
      <trkpt lat="46.22865" lon="6.49095">
        <ele>1556.99</ele>
      </trkpt>
      <trkpt lat="46.22863" lon="6.49098">
        <ele>1557.47</ele>
      </trkpt>
      <trkpt lat="46.22856" lon="6.49098">
        <ele>1556.99</ele>
      </trkpt>
      <trkpt lat="46.22852" lon="6.49099">
        <ele>1556.99</ele>
      </trkpt>
      <trkpt lat="46.22847" lon="6.49097">
        <ele>1557.47</ele>
      </trkpt>
      <trkpt lat="46.22843" lon="6.49098">
        <ele>1557.95</ele>
      </trkpt>
      <trkpt lat="46.2284" lon="6.49098">
        <ele>1557.95</ele>
      </trkpt>
      <trkpt lat="46.22834" lon="6.49096">
        <ele>1558.92</ele>
      </trkpt>
      <trkpt lat="46.22828" lon="6.49096">
        <ele>1559.4</ele>
      </trkpt>
      <trkpt lat="46.22817" lon="6.49091">
        <ele>1560.36</ele>
      </trkpt>
      <trkpt lat="46.22813" lon="6.49089">
        <ele>1559.4</ele>
      </trkpt>
      <trkpt lat="46.22808" lon="6.49089">
        <ele>1559.4</ele>
      </trkpt>
      <trkpt lat="46.22802" lon="6.49086">
        <ele>1558.43</ele>
      </trkpt>
      <trkpt lat="46.22798" lon="6.49084">
        <ele>1556.99</ele>
      </trkpt>
      <trkpt lat="46.22785" lon="6.49091">
        <ele>1553.63</ele>
      </trkpt>
      <trkpt lat="46.22784" lon="6.49091">
        <ele>1553.63</ele>
      </trkpt>
      <trkpt lat="46.22779" lon="6.49097">
        <ele>1549.3</ele>
      </trkpt>
      <trkpt lat="46.22778" lon="6.49098">
        <ele>1547.86</ele>
      </trkpt>
      <trkpt lat="46.22778" lon="6.49099">
        <ele>1547.38</ele>
      </trkpt>
      <trkpt lat="46.22771" lon="6.49099">
        <ele>1546.42</ele>
      </trkpt>
      <trkpt lat="46.22767" lon="6.491">
        <ele>1546.42</ele>
      </trkpt>
      <trkpt lat="46.22758" lon="6.49098">
        <ele>1546.9</ele>
      </trkpt>
      <trkpt lat="46.22756" lon="6.49096">
        <ele>1546.42</ele>
      </trkpt>
      <trkpt lat="46.22746" lon="6.49093">
        <ele>1544.01</ele>
      </trkpt>
      <trkpt lat="46.22744" lon="6.49092">
        <ele>1544.01</ele>
      </trkpt>
      <trkpt lat="46.22739" lon="6.49092">
        <ele>1543.05</ele>
      </trkpt>
      <trkpt lat="46.22736" lon="6.49092">
        <ele>1542.57</ele>
      </trkpt>
      <trkpt lat="46.22733" lon="6.49092">
        <ele>1542.09</ele>
      </trkpt>
      <trkpt lat="46.22729" lon="6.49093">
        <ele>1540.17</ele>
      </trkpt>
      <trkpt lat="46.22724" lon="6.49096">
        <ele>1537.77</ele>
      </trkpt>
      <trkpt lat="46.22723" lon="6.49096">
        <ele>1537.77</ele>
      </trkpt>
      <trkpt lat="46.22717" lon="6.491">
        <ele>1536.32</ele>
      </trkpt>
      <trkpt lat="46.22711" lon="6.49106">
        <ele>1532</ele>
      </trkpt>
      <trkpt lat="46.22698" lon="6.49111">
        <ele>1526.23</ele>
      </trkpt>
      <trkpt lat="46.22694" lon="6.49114">
        <ele>1525.75</ele>
      </trkpt>
      <trkpt lat="46.22687" lon="6.4912">
        <ele>1524.79</ele>
      </trkpt>
      <trkpt lat="46.2268" lon="6.49126">
        <ele>1524.31</ele>
      </trkpt>
      <trkpt lat="46.22674" lon="6.49132">
        <ele>1522.87</ele>
      </trkpt>
      <trkpt lat="46.22664" lon="6.49137">
        <ele>1522.87</ele>
      </trkpt>
      <trkpt lat="46.22661" lon="6.49139">
        <ele>1521.42</ele>
      </trkpt>
      <trkpt lat="46.22661" lon="6.49139">
        <ele>1520.94</ele>
      </trkpt>
      <trkpt lat="46.22661" lon="6.49141">
        <ele>1520.46</ele>
      </trkpt>
      <trkpt lat="46.22661" lon="6.4914">
        <ele>1519.98</ele>
      </trkpt>
      <trkpt lat="46.22661" lon="6.4914">
        <ele>1519.02</ele>
      </trkpt>
      <trkpt lat="46.2266" lon="6.49139">
        <ele>1517.58</ele>
      </trkpt>
      <trkpt lat="46.2266" lon="6.4914">
        <ele>1516.62</ele>
      </trkpt>
      <trkpt lat="46.2266" lon="6.49142">
        <ele>1515.66</ele>
      </trkpt>
      <trkpt lat="46.2266" lon="6.49141">
        <ele>1516.14</ele>
      </trkpt>
      <trkpt lat="46.22662" lon="6.49141">
        <ele>1518.06</ele>
      </trkpt>
      <trkpt lat="46.22661" lon="6.4914">
        <ele>1517.1</ele>
      </trkpt>
      <trkpt lat="46.22659" lon="6.4914">
        <ele>1518.06</ele>
      </trkpt>
      <trkpt lat="46.22659" lon="6.4914">
        <ele>1518.06</ele>
      </trkpt>
      <trkpt lat="46.22655" lon="6.49141">
        <ele>1518.54</ele>
      </trkpt>
      <trkpt lat="46.22646" lon="6.49142">
        <ele>1518.06</ele>
      </trkpt>
      <trkpt lat="46.22638" lon="6.49147">
        <ele>1516.62</ele>
      </trkpt>
      <trkpt lat="46.22631" lon="6.49147">
        <ele>1512.77</ele>
      </trkpt>
      <trkpt lat="46.22626" lon="6.49147">
        <ele>1509.89</ele>
      </trkpt>
      <trkpt lat="46.22617" lon="6.49152">
        <ele>1503.16</ele>
      </trkpt>
      <trkpt lat="46.22609" lon="6.49156">
        <ele>1495.47</ele>
      </trkpt>
      <trkpt lat="46.22599" lon="6.49157">
        <ele>1493.06</ele>
      </trkpt>
      <trkpt lat="46.22595" lon="6.49163">
        <ele>1491.14</ele>
      </trkpt>
      <trkpt lat="46.22589" lon="6.49169">
        <ele>1490.18</ele>
      </trkpt>
      <trkpt lat="46.22587" lon="6.49169">
        <ele>1491.14</ele>
      </trkpt>
      <trkpt lat="46.22585" lon="6.49172">
        <ele>1485.85</ele>
      </trkpt>
      <trkpt lat="46.22583" lon="6.49173">
        <ele>1482.49</ele>
      </trkpt>
      <trkpt lat="46.22573" lon="6.49171">
        <ele>1482.49</ele>
      </trkpt>
      <trkpt lat="46.22566" lon="6.49171">
        <ele>1480.09</ele>
      </trkpt>
      <trkpt lat="46.22564" lon="6.49171">
        <ele>1480.09</ele>
      </trkpt>
      <trkpt lat="46.22553" lon="6.49175">
        <ele>1476.24</ele>
      </trkpt>
      <trkpt lat="46.22543" lon="6.49181">
        <ele>1473.36</ele>
      </trkpt>
      <trkpt lat="46.22531" lon="6.4919">
        <ele>1470.47</ele>
      </trkpt>
      <trkpt lat="46.22529" lon="6.49191">
        <ele>1469.99</ele>
      </trkpt>
      <trkpt lat="46.22527" lon="6.49193">
        <ele>1469.03</ele>
      </trkpt>
      <trkpt lat="46.22517" lon="6.49199">
        <ele>1468.55</ele>
      </trkpt>
      <trkpt lat="46.22511" lon="6.49212">
        <ele>1466.15</ele>
      </trkpt>
      <trkpt lat="46.22506" lon="6.49218">
        <ele>1464.23</ele>
      </trkpt>
      <trkpt lat="46.22495" lon="6.49219">
        <ele>1458.46</ele>
      </trkpt>
      <trkpt lat="46.22493" lon="6.49218">
        <ele>1457.02</ele>
      </trkpt>
      <trkpt lat="46.22481" lon="6.49209">
        <ele>1455.09</ele>
      </trkpt>
      <trkpt lat="46.2248" lon="6.49209">
        <ele>1455.09</ele>
      </trkpt>
      <trkpt lat="46.22467" lon="6.49213">
        <ele>1451.73</ele>
      </trkpt>
      <trkpt lat="46.22465" lon="6.49214">
        <ele>1451.25</ele>
      </trkpt>
      <trkpt lat="46.22463" lon="6.49216">
        <ele>1450.29</ele>
      </trkpt>
      <trkpt lat="46.2246" lon="6.49218">
        <ele>1449.32</ele>
      </trkpt>
      <trkpt lat="46.22455" lon="6.49222">
        <ele>1447.88</ele>
      </trkpt>
      <trkpt lat="46.22442" lon="6.49234">
        <ele>1445.96</ele>
      </trkpt>
      <trkpt lat="46.22441" lon="6.49235">
        <ele>1445.48</ele>
      </trkpt>
      <trkpt lat="46.22435" lon="6.4924">
        <ele>1444.52</ele>
      </trkpt>
      <trkpt lat="46.22422" lon="6.4925">
        <ele>1443.56</ele>
      </trkpt>
      <trkpt lat="46.2242" lon="6.49251">
        <ele>1443.56</ele>
      </trkpt>
      <trkpt lat="46.22414" lon="6.49253">
        <ele>1443.08</ele>
      </trkpt>
      <trkpt lat="46.22402" lon="6.49263">
        <ele>1443.08</ele>
      </trkpt>
      <trkpt lat="46.22401" lon="6.49264">
        <ele>1443.08</ele>
      </trkpt>
      <trkpt lat="46.22398" lon="6.49265">
        <ele>1442.11</ele>
      </trkpt>
      <trkpt lat="46.22395" lon="6.49265">
        <ele>1441.63</ele>
      </trkpt>
      <trkpt lat="46.22392" lon="6.49267">
        <ele>1441.63</ele>
      </trkpt>
      <trkpt lat="46.22381" lon="6.49268">
        <ele>1440.67</ele>
      </trkpt>
      <trkpt lat="46.22376" lon="6.49267">
        <ele>1440.19</ele>
      </trkpt>
      <trkpt lat="46.2237" lon="6.49264">
        <ele>1439.71</ele>
      </trkpt>
      <trkpt lat="46.22366" lon="6.49257">
        <ele>1438.75</ele>
      </trkpt>
      <trkpt lat="46.22363" lon="6.49256">
        <ele>1437.31</ele>
      </trkpt>
      <trkpt lat="46.2236" lon="6.49251">
        <ele>1435.39</ele>
      </trkpt>
      <trkpt lat="46.22358" lon="6.4925">
        <ele>1434.42</ele>
      </trkpt>
      <trkpt lat="46.2235" lon="6.49237">
        <ele>1432.5</ele>
      </trkpt>
      <trkpt lat="46.22347" lon="6.49233">
        <ele>1432.02</ele>
      </trkpt>
      <trkpt lat="46.2234" lon="6.49226">
        <ele>1431.54</ele>
      </trkpt>
      <trkpt lat="46.22332" lon="6.49215">
        <ele>1429.14</ele>
      </trkpt>
      <trkpt lat="46.22328" lon="6.49209">
        <ele>1429.14</ele>
      </trkpt>
      <trkpt lat="46.22319" lon="6.49197">
        <ele>1427.21</ele>
      </trkpt>
      <trkpt lat="46.22317" lon="6.49196">
        <ele>1427.21</ele>
      </trkpt>
      <trkpt lat="46.22316" lon="6.49193">
        <ele>1426.73</ele>
      </trkpt>
      <trkpt lat="46.22306" lon="6.49181">
        <ele>1427.21</ele>
      </trkpt>
      <trkpt lat="46.22302" lon="6.49175">
        <ele>1426.73</ele>
      </trkpt>
      <trkpt lat="46.22293" lon="6.49164">
        <ele>1424.81</ele>
      </trkpt>
      <trkpt lat="46.22287" lon="6.49162">
        <ele>1421.93</ele>
      </trkpt>
      <trkpt lat="46.22283" lon="6.49158">
        <ele>1421.45</ele>
      </trkpt>
      <trkpt lat="46.22278" lon="6.49153">
        <ele>1420</ele>
      </trkpt>
      <trkpt lat="46.22267" lon="6.49148">
        <ele>1419.52</ele>
      </trkpt>
      <trkpt lat="46.22257" lon="6.49139">
        <ele>1418.56</ele>
      </trkpt>
      <trkpt lat="46.22247" lon="6.49132">
        <ele>1418.56</ele>
      </trkpt>
      <trkpt lat="46.22236" lon="6.49122">
        <ele>1417.6</ele>
      </trkpt>
      <trkpt lat="46.22233" lon="6.49119">
        <ele>1416.64</ele>
      </trkpt>
      <trkpt lat="46.22221" lon="6.49116">
        <ele>1414.72</ele>
      </trkpt>
      <trkpt lat="46.22216" lon="6.49115">
        <ele>1415.2</ele>
      </trkpt>
      <trkpt lat="46.22202" lon="6.49111">
        <ele>1413.28</ele>
      </trkpt>
      <trkpt lat="46.22198" lon="6.49108">
        <ele>1412.31</ele>
      </trkpt>
      <trkpt lat="46.2219" lon="6.49105">
        <ele>1409.91</ele>
      </trkpt>
      <trkpt lat="46.22176" lon="6.49093">
        <ele>1407.03</ele>
      </trkpt>
      <trkpt lat="46.22174" lon="6.49089">
        <ele>1407.03</ele>
      </trkpt>
      <trkpt lat="46.22164" lon="6.4908">
        <ele>1407.03</ele>
      </trkpt>
      <trkpt lat="46.22153" lon="6.49073">
        <ele>1406.55</ele>
      </trkpt>
      <trkpt lat="46.22151" lon="6.49072">
        <ele>1406.07</ele>
      </trkpt>
      <trkpt lat="46.22139" lon="6.49058">
        <ele>1401.74</ele>
      </trkpt>
      <trkpt lat="46.22137" lon="6.49055">
        <ele>1401.26</ele>
      </trkpt>
      <trkpt lat="46.22134" lon="6.49052">
        <ele>1400.78</ele>
      </trkpt>
      <trkpt lat="46.2213" lon="6.49046">
        <ele>1399.34</ele>
      </trkpt>
      <trkpt lat="46.22128" lon="6.49043">
        <ele>1397.89</ele>
      </trkpt>
      <trkpt lat="46.22118" lon="6.49035">
        <ele>1391.17</ele>
      </trkpt>
      <trkpt lat="46.22107" lon="6.4903">
        <ele>1382.51</ele>
      </trkpt>
      <trkpt lat="46.22093" lon="6.49018">
        <ele>1377.23</ele>
      </trkpt>
      <trkpt lat="46.22091" lon="6.49015">
        <ele>1377.23</ele>
      </trkpt>
      <trkpt lat="46.22085" lon="6.49012">
        <ele>1375.3</ele>
      </trkpt>
      <trkpt lat="46.22072" lon="6.49004">
        <ele>1376.26</ele>
      </trkpt>
      <trkpt lat="46.22068" lon="6.49001">
        <ele>1377.71</ele>
      </trkpt>
      <trkpt lat="46.22058" lon="6.48993">
        <ele>1378.19</ele>
      </trkpt>
      <trkpt lat="46.22048" lon="6.48989">
        <ele>1378.19</ele>
      </trkpt>
      <trkpt lat="46.22043" lon="6.48985">
        <ele>1377.23</ele>
      </trkpt>
      <trkpt lat="46.22037" lon="6.48985">
        <ele>1375.78</ele>
      </trkpt>
      <trkpt lat="46.22027" lon="6.48977">
        <ele>1375.78</ele>
      </trkpt>
      <trkpt lat="46.22024" lon="6.48975">
        <ele>1375.78</ele>
      </trkpt>
      <trkpt lat="46.2202" lon="6.4897">
        <ele>1376.26</ele>
      </trkpt>
      <trkpt lat="46.22019" lon="6.48967">
        <ele>1376.26</ele>
      </trkpt>
      <trkpt lat="46.22015" lon="6.48965">
        <ele>1374.82</ele>
      </trkpt>
      <trkpt lat="46.22012" lon="6.48961">
        <ele>1373.86</ele>
      </trkpt>
      <trkpt lat="46.22006" lon="6.48952">
        <ele>1371.46</ele>
      </trkpt>
      <trkpt lat="46.22004" lon="6.48949">
        <ele>1370.02</ele>
      </trkpt>
      <trkpt lat="46.21995" lon="6.4894">
        <ele>1366.65</ele>
      </trkpt>
      <trkpt lat="46.21989" lon="6.48927">
        <ele>1363.29</ele>
      </trkpt>
      <trkpt lat="46.21986" lon="6.48919">
        <ele>1359.92</ele>
      </trkpt>
      <trkpt lat="46.21984" lon="6.48914">
        <ele>1357.52</ele>
      </trkpt>
      <trkpt lat="46.21974" lon="6.48897">
        <ele>1357.04</ele>
      </trkpt>
      <trkpt lat="46.21973" lon="6.48895">
        <ele>1356.56</ele>
      </trkpt>
      <trkpt lat="46.21971" lon="6.48893">
        <ele>1356.56</ele>
      </trkpt>
      <trkpt lat="46.21969" lon="6.48889">
        <ele>1356.56</ele>
      </trkpt>
      <trkpt lat="46.21966" lon="6.48886">
        <ele>1356.56</ele>
      </trkpt>
      <trkpt lat="46.21961" lon="6.48878">
        <ele>1357.52</ele>
      </trkpt>
      <trkpt lat="46.21958" lon="6.48871">
        <ele>1358</ele>
      </trkpt>
      <trkpt lat="46.21955" lon="6.48867">
        <ele>1358.48</ele>
      </trkpt>
      <trkpt lat="46.21953" lon="6.48861">
        <ele>1359.44</ele>
      </trkpt>
      <trkpt lat="46.21952" lon="6.48857">
        <ele>1359.92</ele>
      </trkpt>
      <trkpt lat="46.21948" lon="6.48844">
        <ele>1362.33</ele>
      </trkpt>
      <trkpt lat="46.21945" lon="6.48829">
        <ele>1363.29</ele>
      </trkpt>
      <trkpt lat="46.21944" lon="6.48828">
        <ele>1363.77</ele>
      </trkpt>
      <trkpt lat="46.21937" lon="6.48814">
        <ele>1363.29</ele>
      </trkpt>
      <trkpt lat="46.21926" lon="6.48796">
        <ele>1362.33</ele>
      </trkpt>
      <trkpt lat="46.2192" lon="6.48773">
        <ele>1361.84</ele>
      </trkpt>
      <trkpt lat="46.2192" lon="6.48769">
        <ele>1361.36</ele>
      </trkpt>
      <trkpt lat="46.21921" lon="6.48759">
        <ele>1361.84</ele>
      </trkpt>
      <trkpt lat="46.2192" lon="6.48755">
        <ele>1361.36</ele>
      </trkpt>
      <trkpt lat="46.21919" lon="6.48747">
        <ele>1359.44</ele>
      </trkpt>
      <trkpt lat="46.21923" lon="6.48732">
        <ele>1355.6</ele>
      </trkpt>
      <trkpt lat="46.21924" lon="6.48721">
        <ele>1356.08</ele>
      </trkpt>
      <trkpt lat="46.21923" lon="6.48715">
        <ele>1356.08</ele>
      </trkpt>
      <trkpt lat="46.21924" lon="6.48706">
        <ele>1354.15</ele>
      </trkpt>
      <trkpt lat="46.2193" lon="6.4869">
        <ele>1352.71</ele>
      </trkpt>
      <trkpt lat="46.2193" lon="6.48688">
        <ele>1352.71</ele>
      </trkpt>
      <trkpt lat="46.21931" lon="6.48686">
        <ele>1352.23</ele>
      </trkpt>
      <trkpt lat="46.21936" lon="6.48672">
        <ele>1351.75</ele>
      </trkpt>
      <trkpt lat="46.21939" lon="6.48667">
        <ele>1352.23</ele>
      </trkpt>
      <trkpt lat="46.2194" lon="6.48664">
        <ele>1352.71</ele>
      </trkpt>
      <trkpt lat="46.21945" lon="6.48654">
        <ele>1351.75</ele>
      </trkpt>
      <trkpt lat="46.21946" lon="6.48649">
        <ele>1351.75</ele>
      </trkpt>
      <trkpt lat="46.21948" lon="6.48644">
        <ele>1352.71</ele>
      </trkpt>
      <trkpt lat="46.2195" lon="6.4864">
        <ele>1353.67</ele>
      </trkpt>
      <trkpt lat="46.21954" lon="6.48628">
        <ele>1358</ele>
      </trkpt>
      <trkpt lat="46.21956" lon="6.48624">
        <ele>1357.52</ele>
      </trkpt>
      <trkpt lat="46.21958" lon="6.48621">
        <ele>1358</ele>
      </trkpt>
      <trkpt lat="46.2196" lon="6.48616">
        <ele>1357.52</ele>
      </trkpt>
      <trkpt lat="46.21966" lon="6.48608">
        <ele>1358.48</ele>
      </trkpt>
      <trkpt lat="46.21973" lon="6.48596">
        <ele>1360.88</ele>
      </trkpt>
      <trkpt lat="46.21978" lon="6.4859">
        <ele>1360.4</ele>
      </trkpt>
      <trkpt lat="46.21986" lon="6.48579">
        <ele>1362.33</ele>
      </trkpt>
      <trkpt lat="46.21994" lon="6.48567">
        <ele>1363.29</ele>
      </trkpt>
      <trkpt lat="46.22" lon="6.48556">
        <ele>1362.33</ele>
      </trkpt>
      <trkpt lat="46.22006" lon="6.48545">
        <ele>1364.73</ele>
      </trkpt>
      <trkpt lat="46.22014" lon="6.48529">
        <ele>1362.81</ele>
      </trkpt>
      <trkpt lat="46.22024" lon="6.48515">
        <ele>1355.6</ele>
      </trkpt>
      <trkpt lat="46.22026" lon="6.48509">
        <ele>1354.15</ele>
      </trkpt>
      <trkpt lat="46.22029" lon="6.48492">
        <ele>1349.35</ele>
      </trkpt>
      <trkpt lat="46.22034" lon="6.48481">
        <ele>1347.43</ele>
      </trkpt>
      <trkpt lat="46.22035" lon="6.4847">
        <ele>1344.06</ele>
      </trkpt>
      <trkpt lat="46.22038" lon="6.48462">
        <ele>1342.14</ele>
      </trkpt>
      <trkpt lat="46.22038" lon="6.48458">
        <ele>1341.66</ele>
      </trkpt>
      <trkpt lat="46.22043" lon="6.48446">
        <ele>1340.7</ele>
      </trkpt>
      <trkpt lat="46.22046" lon="6.48438">
        <ele>1339.25</ele>
      </trkpt>
      <trkpt lat="46.22046" lon="6.48428">
        <ele>1341.18</ele>
      </trkpt>
      <trkpt lat="46.22048" lon="6.4841">
        <ele>1341.18</ele>
      </trkpt>
      <trkpt lat="46.22048" lon="6.48407">
        <ele>1340.7</ele>
      </trkpt>
      <trkpt lat="46.22049" lon="6.48404">
        <ele>1340.7</ele>
      </trkpt>
      <trkpt lat="46.22049" lon="6.48394">
        <ele>1339.25</ele>
      </trkpt>
      <trkpt lat="46.22049" lon="6.48383">
        <ele>1338.77</ele>
      </trkpt>
      <trkpt lat="46.22048" lon="6.4838">
        <ele>1337.81</ele>
      </trkpt>
      <trkpt lat="46.22047" lon="6.48374">
        <ele>1336.85</ele>
      </trkpt>
      <trkpt lat="46.22045" lon="6.48365">
        <ele>1336.37</ele>
      </trkpt>
      <trkpt lat="46.22044" lon="6.48364">
        <ele>1336.37</ele>
      </trkpt>
      <trkpt lat="46.22044" lon="6.48361">
        <ele>1336.37</ele>
      </trkpt>
      <trkpt lat="46.22043" lon="6.48356">
        <ele>1335.41</ele>
      </trkpt>
      <trkpt lat="46.22039" lon="6.4835">
        <ele>1334.45</ele>
      </trkpt>
      <trkpt lat="46.22037" lon="6.48345">
        <ele>1333.49</ele>
      </trkpt>
      <trkpt lat="46.22029" lon="6.48328">
        <ele>1332.52</ele>
      </trkpt>
      <trkpt lat="46.22024" lon="6.4832">
        <ele>1331.08</ele>
      </trkpt>
      <trkpt lat="46.22022" lon="6.48318">
        <ele>1330.6</ele>
      </trkpt>
      <trkpt lat="46.22022" lon="6.48315">
        <ele>1330.12</ele>
      </trkpt>
      <trkpt lat="46.22019" lon="6.48311">
        <ele>1330.12</ele>
      </trkpt>
      <trkpt lat="46.22018" lon="6.48307">
        <ele>1329.64</ele>
      </trkpt>
      <trkpt lat="46.22011" lon="6.48298">
        <ele>1329.16</ele>
      </trkpt>
      <trkpt lat="46.22008" lon="6.48294">
        <ele>1329.16</ele>
      </trkpt>
      <trkpt lat="46.22002" lon="6.48279">
        <ele>1327.72</ele>
      </trkpt>
      <trkpt lat="46.21997" lon="6.48269">
        <ele>1322.91</ele>
      </trkpt>
      <trkpt lat="46.21988" lon="6.48253">
        <ele>1317.14</ele>
      </trkpt>
      <trkpt lat="46.21985" lon="6.48248">
        <ele>1316.18</ele>
      </trkpt>
      <trkpt lat="46.21972" lon="6.48233">
        <ele>1317.62</ele>
      </trkpt>
      <trkpt lat="46.21969" lon="6.48231">
        <ele>1317.62</ele>
      </trkpt>
      <trkpt lat="46.21951" lon="6.48222">
        <ele>1317.62</ele>
      </trkpt>
      <trkpt lat="46.21939" lon="6.48219">
        <ele>1316.18</ele>
      </trkpt>
      <trkpt lat="46.21936" lon="6.48218">
        <ele>1315.7</ele>
      </trkpt>
      <trkpt lat="46.21927" lon="6.48218">
        <ele>1314.74</ele>
      </trkpt>
      <trkpt lat="46.21913" lon="6.48215">
        <ele>1315.22</ele>
      </trkpt>
      <trkpt lat="46.21908" lon="6.48215">
        <ele>1314.74</ele>
      </trkpt>
      <trkpt lat="46.21902" lon="6.48214">
        <ele>1313.78</ele>
      </trkpt>
      <trkpt lat="46.21894" lon="6.4821">
        <ele>1307.53</ele>
      </trkpt>
      <trkpt lat="46.21889" lon="6.48208">
        <ele>1301.76</ele>
      </trkpt>
      <trkpt lat="46.21888" lon="6.48207">
        <ele>1300.32</ele>
      </trkpt>
      <trkpt lat="46.21886" lon="6.48205">
        <ele>1299.36</ele>
      </trkpt>
      <trkpt lat="46.21882" lon="6.48201">
        <ele>1298.4</ele>
      </trkpt>
      <trkpt lat="46.21871" lon="6.48191">
        <ele>1294.55</ele>
      </trkpt>
      <trkpt lat="46.21863" lon="6.48182">
        <ele>1293.59</ele>
      </trkpt>
      <trkpt lat="46.21861" lon="6.48181">
        <ele>1293.59</ele>
      </trkpt>
      <trkpt lat="46.21856" lon="6.48178">
        <ele>1291.67</ele>
      </trkpt>
      <trkpt lat="46.21848" lon="6.48177">
        <ele>1289.75</ele>
      </trkpt>
      <trkpt lat="46.21844" lon="6.48174">
        <ele>1289.27</ele>
      </trkpt>
      <trkpt lat="46.21844" lon="6.48164">
        <ele>1286.38</ele>
      </trkpt>
      <trkpt lat="46.21845" lon="6.48163">
        <ele>1286.38</ele>
      </trkpt>
      <trkpt lat="46.21848" lon="6.48156">
        <ele>1285.9</ele>
      </trkpt>
      <trkpt lat="46.21851" lon="6.48151">
        <ele>1285.9</ele>
      </trkpt>
      <trkpt lat="46.21852" lon="6.48148">
        <ele>1285.9</ele>
      </trkpt>
      <trkpt lat="46.21853" lon="6.48146">
        <ele>1286.38</ele>
      </trkpt>
      <trkpt lat="46.21856" lon="6.48141">
        <ele>1286.38</ele>
      </trkpt>
      <trkpt lat="46.21858" lon="6.48137">
        <ele>1286.38</ele>
      </trkpt>
      <trkpt lat="46.21861" lon="6.48133">
        <ele>1286.38</ele>
      </trkpt>
      <trkpt lat="46.21865" lon="6.48128">
        <ele>1285.9</ele>
      </trkpt>
      <trkpt lat="46.21867" lon="6.48123">
        <ele>1284.94</ele>
      </trkpt>
      <trkpt lat="46.2187" lon="6.48121">
        <ele>1284.94</ele>
      </trkpt>
      <trkpt lat="46.21872" lon="6.48118">
        <ele>1284.94</ele>
      </trkpt>
      <trkpt lat="46.21874" lon="6.48116">
        <ele>1284.94</ele>
      </trkpt>
      <trkpt lat="46.21875" lon="6.48113">
        <ele>1284.46</ele>
      </trkpt>
      <trkpt lat="46.21884" lon="6.481">
        <ele>1283.98</ele>
      </trkpt>
      <trkpt lat="46.21884" lon="6.48099">
        <ele>1283.5</ele>
      </trkpt>
      <trkpt lat="46.21894" lon="6.48085">
        <ele>1279.65</ele>
      </trkpt>
      <trkpt lat="46.21899" lon="6.48075">
        <ele>1278.69</ele>
      </trkpt>
      <trkpt lat="46.21902" lon="6.48067">
        <ele>1278.21</ele>
      </trkpt>
      <trkpt lat="46.21902" lon="6.48065">
        <ele>1278.69</ele>
      </trkpt>
      <trkpt lat="46.21911" lon="6.48055">
        <ele>1278.69</ele>
      </trkpt>
      <trkpt lat="46.21917" lon="6.48048">
        <ele>1279.17</ele>
      </trkpt>
      <trkpt lat="46.21924" lon="6.48041">
        <ele>1279.17</ele>
      </trkpt>
      <trkpt lat="46.21936" lon="6.48026">
        <ele>1275.33</ele>
      </trkpt>
      <trkpt lat="46.21942" lon="6.48019">
        <ele>1273.88</ele>
      </trkpt>
      <trkpt lat="46.21951" lon="6.48015">
        <ele>1271.48</ele>
      </trkpt>
      <trkpt lat="46.21964" lon="6.48013">
        <ele>1269.56</ele>
      </trkpt>
      <trkpt lat="46.21975" lon="6.48011">
        <ele>1266.67</ele>
      </trkpt>
      <trkpt lat="46.21986" lon="6.48007">
        <ele>1261.87</ele>
      </trkpt>
      <trkpt lat="46.2199" lon="6.48004">
        <ele>1258.98</ele>
      </trkpt>
      <trkpt lat="46.21997" lon="6.47994">
        <ele>1257.06</ele>
      </trkpt>
      <trkpt lat="46.22003" lon="6.47983">
        <ele>1256.58</ele>
      </trkpt>
      <trkpt lat="46.22012" lon="6.47973">
        <ele>1257.06</ele>
      </trkpt>
      <trkpt lat="46.22023" lon="6.47959">
        <ele>1256.58</ele>
      </trkpt>
      <trkpt lat="46.22033" lon="6.47954">
        <ele>1254.18</ele>
      </trkpt>
      <trkpt lat="46.22037" lon="6.47951">
        <ele>1252.74</ele>
      </trkpt>
      <trkpt lat="46.22042" lon="6.47946">
        <ele>1251.77</ele>
      </trkpt>
      <trkpt lat="46.22044" lon="6.47943">
        <ele>1251.29</ele>
      </trkpt>
      <trkpt lat="46.22047" lon="6.47935">
        <ele>1249.85</ele>
      </trkpt>
      <trkpt lat="46.22052" lon="6.47925">
        <ele>1247.45</ele>
      </trkpt>
      <trkpt lat="46.22053" lon="6.47923">
        <ele>1246.97</ele>
      </trkpt>
      <trkpt lat="46.22057" lon="6.47919">
        <ele>1246.01</ele>
      </trkpt>
      <trkpt lat="46.22059" lon="6.47915">
        <ele>1246.01</ele>
      </trkpt>
      <trkpt lat="46.22061" lon="6.47913">
        <ele>1245.53</ele>
      </trkpt>
      <trkpt lat="46.22062" lon="6.47911">
        <ele>1244.56</ele>
      </trkpt>
      <trkpt lat="46.22073" lon="6.47902">
        <ele>1241.68</ele>
      </trkpt>
      <trkpt lat="46.22077" lon="6.47899">
        <ele>1240.72</ele>
      </trkpt>
      <trkpt lat="46.22083" lon="6.47892">
        <ele>1239.28</ele>
      </trkpt>
      <trkpt lat="46.22086" lon="6.47889">
        <ele>1238.32</ele>
      </trkpt>
      <trkpt lat="46.22088" lon="6.47889">
        <ele>1237.83</ele>
      </trkpt>
      <trkpt lat="46.22088" lon="6.47884">
        <ele>1236.39</ele>
      </trkpt>
      <trkpt lat="46.22093" lon="6.47875">
        <ele>1233.99</ele>
      </trkpt>
      <trkpt lat="46.22102" lon="6.47862">
        <ele>1233.03</ele>
      </trkpt>
      <trkpt lat="46.22106" lon="6.47861">
        <ele>1233.03</ele>
      </trkpt>
      <trkpt lat="46.22115" lon="6.47848">
        <ele>1232.07</ele>
      </trkpt>
      <trkpt lat="46.22117" lon="6.47845">
        <ele>1231.11</ele>
      </trkpt>
      <trkpt lat="46.22125" lon="6.47833">
        <ele>1225.82</ele>
      </trkpt>
      <trkpt lat="46.22131" lon="6.47825">
        <ele>1223.42</ele>
      </trkpt>
      <trkpt lat="46.22139" lon="6.47817">
        <ele>1220.05</ele>
      </trkpt>
      <trkpt lat="46.22143" lon="6.47814">
        <ele>1219.57</ele>
      </trkpt>
      <trkpt lat="46.22145" lon="6.47812">
        <ele>1219.57</ele>
      </trkpt>
      <trkpt lat="46.22149" lon="6.47805">
        <ele>1218.61</ele>
      </trkpt>
      <trkpt lat="46.22156" lon="6.4779">
        <ele>1218.13</ele>
      </trkpt>
      <trkpt lat="46.22157" lon="6.47788">
        <ele>1218.13</ele>
      </trkpt>
      <trkpt lat="46.2216" lon="6.4778">
        <ele>1218.13</ele>
      </trkpt>
      <trkpt lat="46.22168" lon="6.47769">
        <ele>1216.69</ele>
      </trkpt>
      <trkpt lat="46.22169" lon="6.47768">
        <ele>1216.21</ele>
      </trkpt>
      <trkpt lat="46.2218" lon="6.47762">
        <ele>1215.72</ele>
      </trkpt>
      <trkpt lat="46.22189" lon="6.47757">
        <ele>1212.84</ele>
      </trkpt>
      <trkpt lat="46.22193" lon="6.47756">
        <ele>1211.88</ele>
      </trkpt>
      <trkpt lat="46.22207" lon="6.47752">
        <ele>1210.92</ele>
      </trkpt>
      <trkpt lat="46.22219" lon="6.4775">
        <ele>1211.4</ele>
      </trkpt>
      <trkpt lat="46.22225" lon="6.47749">
        <ele>1210.44</ele>
      </trkpt>
      <trkpt lat="46.22228" lon="6.47747">
        <ele>1209.96</ele>
      </trkpt>
      <trkpt lat="46.2224" lon="6.47745">
        <ele>1210.44</ele>
      </trkpt>
      <trkpt lat="46.22242" lon="6.4774">
        <ele>1210.92</ele>
      </trkpt>
      <trkpt lat="46.2224" lon="6.47734">
        <ele>1211.88</ele>
      </trkpt>
      <trkpt lat="46.22235" lon="6.47731">
        <ele>1211.4</ele>
      </trkpt>
      <trkpt lat="46.22231" lon="6.47724">
        <ele>1212.36</ele>
      </trkpt>
      <trkpt lat="46.22226" lon="6.47723">
        <ele>1214.76</ele>
      </trkpt>
      <trkpt lat="46.22227" lon="6.47725">
        <ele>1215.72</ele>
      </trkpt>
      <trkpt lat="46.22228" lon="6.47724">
        <ele>1216.21</ele>
      </trkpt>
      <trkpt lat="46.22228" lon="6.47724">
        <ele>1215.72</ele>
      </trkpt>
      <trkpt lat="46.22227" lon="6.47726">
        <ele>1215.24</ele>
      </trkpt>
      <trkpt lat="46.22227" lon="6.47726">
        <ele>1215.24</ele>
      </trkpt>
      <trkpt lat="46.22226" lon="6.47725">
        <ele>1214.76</ele>
      </trkpt>
      <trkpt lat="46.22225" lon="6.47727">
        <ele>1214.28</ele>
      </trkpt>
      <trkpt lat="46.22225" lon="6.47728">
        <ele>1213.8</ele>
      </trkpt>
      <trkpt lat="46.22225" lon="6.47728">
        <ele>1213.32</ele>
      </trkpt>
      <trkpt lat="46.22225" lon="6.47728">
        <ele>1212.84</ele>
      </trkpt>
      <trkpt lat="46.22225" lon="6.47727">
        <ele>1212.36</ele>
      </trkpt>
      <trkpt lat="46.22225" lon="6.47727">
        <ele>1212.36</ele>
      </trkpt>
      <trkpt lat="46.22225" lon="6.47727">
        <ele>1212.36</ele>
      </trkpt>
      <trkpt lat="46.22225" lon="6.47726">
        <ele>1212.36</ele>
      </trkpt>
      <trkpt lat="46.22225" lon="6.47727">
        <ele>1211.88</ele>
      </trkpt>
      <trkpt lat="46.22224" lon="6.47727">
        <ele>1210.92</ele>
      </trkpt>
      <trkpt lat="46.22225" lon="6.47728">
        <ele>1210.92</ele>
      </trkpt>
      <trkpt lat="46.22226" lon="6.47725">
        <ele>1211.4</ele>
      </trkpt>
      <trkpt lat="46.22226" lon="6.47724">
        <ele>1211.4</ele>
      </trkpt>
      <trkpt lat="46.22222" lon="6.4772">
        <ele>1211.88</ele>
      </trkpt>
      <trkpt lat="46.2222" lon="6.4772">
        <ele>1210.92</ele>
      </trkpt>
      <trkpt lat="46.22217" lon="6.4772">
        <ele>1210.92</ele>
      </trkpt>
      <trkpt lat="46.22215" lon="6.4772">
        <ele>1211.4</ele>
      </trkpt>
      <trkpt lat="46.22208" lon="6.47719">
        <ele>1211.88</ele>
      </trkpt>
      <trkpt lat="46.2221" lon="6.47718">
        <ele>1211.88</ele>
      </trkpt>
      <trkpt lat="46.22222" lon="6.47719">
        <ele>1212.84</ele>
      </trkpt>
      <trkpt lat="46.22223" lon="6.4772">
        <ele>1212.84</ele>
      </trkpt>
      <trkpt lat="46.22231" lon="6.47725">
        <ele>1212.84</ele>
      </trkpt>
      <trkpt lat="46.22236" lon="6.47728">
        <ele>1210.44</ele>
      </trkpt>
      <trkpt lat="46.22239" lon="6.47723">
        <ele>1209</ele>
      </trkpt>
      <trkpt lat="46.2224" lon="6.47713">
        <ele>1207.55</ele>
      </trkpt>
      <trkpt lat="46.22241" lon="6.47708">
        <ele>1208.03</ele>
      </trkpt>
      <trkpt lat="46.22246" lon="6.47708">
        <ele>1208.51</ele>
      </trkpt>
      <trkpt lat="46.22245" lon="6.47708">
        <ele>1209</ele>
      </trkpt>
      <trkpt lat="46.22245" lon="6.47709">
        <ele>1209</ele>
      </trkpt>
      <trkpt lat="46.22246" lon="6.47709">
        <ele>1208.51</ele>
      </trkpt>
      <trkpt lat="46.22247" lon="6.47709">
        <ele>1207.55</ele>
      </trkpt>
      <trkpt lat="46.22246" lon="6.47709">
        <ele>1206.59</ele>
      </trkpt>
      <trkpt lat="46.22246" lon="6.4771">
        <ele>1206.11</ele>
      </trkpt>
      <trkpt lat="46.22246" lon="6.4771">
        <ele>1206.11</ele>
      </trkpt>
      <trkpt lat="46.22246" lon="6.4771">
        <ele>1206.11</ele>
      </trkpt>
      <trkpt lat="46.22244" lon="6.47711">
        <ele>1205.63</ele>
      </trkpt>
      <trkpt lat="46.22244" lon="6.47712">
        <ele>1205.63</ele>
      </trkpt>
      <trkpt lat="46.22243" lon="6.47712">
        <ele>1205.63</ele>
      </trkpt>
      <trkpt lat="46.22245" lon="6.4771">
        <ele>1206.11</ele>
      </trkpt>
      <trkpt lat="46.22245" lon="6.47711">
        <ele>1205.63</ele>
      </trkpt>
      <trkpt lat="46.22245" lon="6.4771">
        <ele>1205.15</ele>
      </trkpt>
      <trkpt lat="46.22245" lon="6.4771">
        <ele>1205.15</ele>
      </trkpt>
      <trkpt lat="46.22245" lon="6.47709">
        <ele>1205.63</ele>
      </trkpt>
      <trkpt lat="46.22246" lon="6.47707">
        <ele>1206.59</ele>
      </trkpt>
      <trkpt lat="46.22247" lon="6.47708">
        <ele>1207.55</ele>
      </trkpt>
      <trkpt lat="46.22246" lon="6.47707">
        <ele>1208.51</ele>
      </trkpt>
      <trkpt lat="46.22246" lon="6.47706">
        <ele>1209.48</ele>
      </trkpt>
      <trkpt lat="46.22246" lon="6.47705">
        <ele>1209.96</ele>
      </trkpt>
      <trkpt lat="46.22246" lon="6.47707">
        <ele>1210.44</ele>
      </trkpt>
      <trkpt lat="46.22246" lon="6.47708">
        <ele>1209.96</ele>
      </trkpt>
      <trkpt lat="46.22245" lon="6.47708">
        <ele>1209.96</ele>
      </trkpt>
      <trkpt lat="46.22247" lon="6.47708">
        <ele>1209</ele>
      </trkpt>
      <trkpt lat="46.22259" lon="6.47705">
        <ele>1208.03</ele>
      </trkpt>
      <trkpt lat="46.22273" lon="6.47699">
        <ele>1209</ele>
      </trkpt>
      <trkpt lat="46.2228" lon="6.47693">
        <ele>1209.48</ele>
      </trkpt>
      <trkpt lat="46.22284" lon="6.47692">
        <ele>1208.03</ele>
      </trkpt>
      <trkpt lat="46.22286" lon="6.47687">
        <ele>1208.51</ele>
      </trkpt>
      <trkpt lat="46.22288" lon="6.47685">
        <ele>1209</ele>
      </trkpt>
      <trkpt lat="46.2229" lon="6.47683">
        <ele>1209</ele>
      </trkpt>
      <trkpt lat="46.22291" lon="6.47681">
        <ele>1209</ele>
      </trkpt>
      <trkpt lat="46.22297" lon="6.47673">
        <ele>1207.55</ele>
      </trkpt>
      <trkpt lat="46.22304" lon="6.47661">
        <ele>1209.48</ele>
      </trkpt>
      <trkpt lat="46.22307" lon="6.47652">
        <ele>1209.48</ele>
      </trkpt>
      <trkpt lat="46.22311" lon="6.47647">
        <ele>1209.48</ele>
      </trkpt>
      <trkpt lat="46.22312" lon="6.47645">
        <ele>1209.48</ele>
      </trkpt>
      <trkpt lat="46.22313" lon="6.47642">
        <ele>1209.48</ele>
      </trkpt>
      <trkpt lat="46.2232" lon="6.47636">
        <ele>1207.55</ele>
      </trkpt>
      <trkpt lat="46.22323" lon="6.47631">
        <ele>1209</ele>
      </trkpt>
      <trkpt lat="46.22324" lon="6.47629">
        <ele>1210.44</ele>
      </trkpt>
      <trkpt lat="46.22326" lon="6.47626">
        <ele>1210.92</ele>
      </trkpt>
      <trkpt lat="46.22331" lon="6.4762">
        <ele>1210.92</ele>
      </trkpt>
      <trkpt lat="46.22338" lon="6.47613">
        <ele>1210.92</ele>
      </trkpt>
      <trkpt lat="46.22345" lon="6.47604">
        <ele>1213.32</ele>
      </trkpt>
      <trkpt lat="46.22345" lon="6.47601">
        <ele>1213.32</ele>
      </trkpt>
      <trkpt lat="46.2235" lon="6.47596">
        <ele>1212.84</ele>
      </trkpt>
      <trkpt lat="46.22357" lon="6.4759">
        <ele>1212.84</ele>
      </trkpt>
      <trkpt lat="46.22363" lon="6.47582">
        <ele>1215.72</ele>
      </trkpt>
      <trkpt lat="46.22371" lon="6.47573">
        <ele>1216.21</ele>
      </trkpt>
      <trkpt lat="46.22377" lon="6.47565">
        <ele>1216.69</ele>
      </trkpt>
      <trkpt lat="46.22378" lon="6.47564">
        <ele>1216.69</ele>
      </trkpt>
      <trkpt lat="46.2238" lon="6.47562">
        <ele>1216.21</ele>
      </trkpt>
      <trkpt lat="46.22384" lon="6.47551">
        <ele>1216.69</ele>
      </trkpt>
      <trkpt lat="46.22385" lon="6.47547">
        <ele>1218.13</ele>
      </trkpt>
      <trkpt lat="46.22385" lon="6.47534">
        <ele>1221.01</ele>
      </trkpt>
      <trkpt lat="46.22384" lon="6.47531">
        <ele>1221.49</ele>
      </trkpt>
      <trkpt lat="46.22385" lon="6.4752">
        <ele>1222.93</ele>
      </trkpt>
      <trkpt lat="46.22385" lon="6.4751">
        <ele>1224.38</ele>
      </trkpt>
      <trkpt lat="46.22385" lon="6.47505">
        <ele>1224.86</ele>
      </trkpt>
      <trkpt lat="46.22383" lon="6.47493">
        <ele>1225.34</ele>
      </trkpt>
      <trkpt lat="46.22383" lon="6.47481">
        <ele>1225.82</ele>
      </trkpt>
      <trkpt lat="46.22383" lon="6.47479">
        <ele>1225.82</ele>
      </trkpt>
      <trkpt lat="46.22384" lon="6.47474">
        <ele>1226.78</ele>
      </trkpt>
      <trkpt lat="46.22384" lon="6.47467">
        <ele>1228.22</ele>
      </trkpt>
      <trkpt lat="46.22387" lon="6.47458">
        <ele>1231.11</ele>
      </trkpt>
      <trkpt lat="46.22388" lon="6.47456">
        <ele>1232.07</ele>
      </trkpt>
      <trkpt lat="46.22391" lon="6.47442">
        <ele>1233.99</ele>
      </trkpt>
      <trkpt lat="46.22391" lon="6.47441">
        <ele>1233.99</ele>
      </trkpt>
      <trkpt lat="46.22394" lon="6.47434">
        <ele>1233.51</ele>
      </trkpt>
      <trkpt lat="46.22395" lon="6.47432">
        <ele>1232.55</ele>
      </trkpt>
      <trkpt lat="46.22397" lon="6.47429">
        <ele>1232.07</ele>
      </trkpt>
      <trkpt lat="46.22402" lon="6.47416">
        <ele>1229.18</ele>
      </trkpt>
      <trkpt lat="46.22405" lon="6.4741">
        <ele>1227.74</ele>
      </trkpt>
      <trkpt lat="46.22407" lon="6.47406">
        <ele>1225.82</ele>
      </trkpt>
      <trkpt lat="46.22407" lon="6.47402">
        <ele>1225.82</ele>
      </trkpt>
      <trkpt lat="46.2241" lon="6.47388">
        <ele>1229.66</ele>
      </trkpt>
      <trkpt lat="46.22411" lon="6.4738">
        <ele>1229.18</ele>
      </trkpt>
      <trkpt lat="46.22412" lon="6.47374">
        <ele>1228.7</ele>
      </trkpt>
      <trkpt lat="46.22413" lon="6.47362">
        <ele>1228.7</ele>
      </trkpt>
      <trkpt lat="46.22414" lon="6.47362">
        <ele>1229.18</ele>
      </trkpt>
      <trkpt lat="46.22414" lon="6.47354">
        <ele>1229.66</ele>
      </trkpt>
      <trkpt lat="46.22413" lon="6.47337">
        <ele>1231.11</ele>
      </trkpt>
      <trkpt lat="46.22415" lon="6.47326">
        <ele>1232.07</ele>
      </trkpt>
      <trkpt lat="46.22416" lon="6.47317">
        <ele>1232.55</ele>
      </trkpt>
      <trkpt lat="46.2242" lon="6.47302">
        <ele>1235.43</ele>
      </trkpt>
      <trkpt lat="46.22422" lon="6.47289">
        <ele>1237.83</ele>
      </trkpt>
      <trkpt lat="46.22422" lon="6.47281">
        <ele>1237.35</ele>
      </trkpt>
      <trkpt lat="46.22419" lon="6.4727">
        <ele>1237.35</ele>
      </trkpt>
      <trkpt lat="46.22418" lon="6.47253">
        <ele>1239.28</ele>
      </trkpt>
      <trkpt lat="46.22417" lon="6.47236">
        <ele>1241.68</ele>
      </trkpt>
      <trkpt lat="46.22417" lon="6.47217">
        <ele>1241.2</ele>
      </trkpt>
      <trkpt lat="46.22417" lon="6.47207">
        <ele>1241.2</ele>
      </trkpt>
      <trkpt lat="46.22422" lon="6.47194">
        <ele>1243.12</ele>
      </trkpt>
      <trkpt lat="46.22423" lon="6.4718">
        <ele>1244.08</ele>
      </trkpt>
      <trkpt lat="46.22424" lon="6.47176">
        <ele>1245.04</ele>
      </trkpt>
      <trkpt lat="46.22425" lon="6.47161">
        <ele>1244.08</ele>
      </trkpt>
      <trkpt lat="46.22425" lon="6.47159">
        <ele>1245.53</ele>
      </trkpt>
      <trkpt lat="46.2242" lon="6.47143">
        <ele>1247.93</ele>
      </trkpt>
      <trkpt lat="46.22419" lon="6.47141">
        <ele>1248.41</ele>
      </trkpt>
      <trkpt lat="46.22419" lon="6.47137">
        <ele>1248.41</ele>
      </trkpt>
      <trkpt lat="46.22417" lon="6.47132">
        <ele>1249.37</ele>
      </trkpt>
      <trkpt lat="46.22413" lon="6.47119">
        <ele>1249.85</ele>
      </trkpt>
      <trkpt lat="46.2241" lon="6.4711">
        <ele>1249.85</ele>
      </trkpt>
      <trkpt lat="46.2241" lon="6.47109">
        <ele>1249.85</ele>
      </trkpt>
      <trkpt lat="46.22406" lon="6.47097">
        <ele>1249.37</ele>
      </trkpt>
      <trkpt lat="46.22405" lon="6.47082">
        <ele>1252.74</ele>
      </trkpt>
      <trkpt lat="46.22404" lon="6.47079">
        <ele>1253.22</ele>
      </trkpt>
      <trkpt lat="46.22402" lon="6.4707">
        <ele>1254.66</ele>
      </trkpt>
      <trkpt lat="46.224" lon="6.47066">
        <ele>1255.14</ele>
      </trkpt>
      <trkpt lat="46.22398" lon="6.4706">
        <ele>1254.66</ele>
      </trkpt>
      <trkpt lat="46.22397" lon="6.47058">
        <ele>1254.66</ele>
      </trkpt>
      <trkpt lat="46.22394" lon="6.47045">
        <ele>1257.54</ele>
      </trkpt>
      <trkpt lat="46.22393" lon="6.47042">
        <ele>1258.5</ele>
      </trkpt>
      <trkpt lat="46.2239" lon="6.4703">
        <ele>1261.39</ele>
      </trkpt>
      <trkpt lat="46.22387" lon="6.47019">
        <ele>1262.35</ele>
      </trkpt>
      <trkpt lat="46.22385" lon="6.47018">
        <ele>1262.83</ele>
      </trkpt>
      <trkpt lat="46.22381" lon="6.4701">
        <ele>1263.31</ele>
      </trkpt>
      <trkpt lat="46.2238" lon="6.47007">
        <ele>1264.27</ele>
      </trkpt>
      <trkpt lat="46.22375" lon="6.46995">
        <ele>1264.75</ele>
      </trkpt>
      <trkpt lat="46.22374" lon="6.46992">
        <ele>1264.27</ele>
      </trkpt>
      <trkpt lat="46.22364" lon="6.46979">
        <ele>1264.27</ele>
      </trkpt>
      <trkpt lat="46.2236" lon="6.46973">
        <ele>1264.27</ele>
      </trkpt>
      <trkpt lat="46.22353" lon="6.46964">
        <ele>1264.27</ele>
      </trkpt>
      <trkpt lat="46.2235" lon="6.46958">
        <ele>1264.75</ele>
      </trkpt>
      <trkpt lat="46.22348" lon="6.46956">
        <ele>1265.23</ele>
      </trkpt>
      <trkpt lat="46.22347" lon="6.46952">
        <ele>1265.71</ele>
      </trkpt>
      <trkpt lat="46.22346" lon="6.46948">
        <ele>1265.23</ele>
      </trkpt>
      <trkpt lat="46.22339" lon="6.46938">
        <ele>1266.19</ele>
      </trkpt>
      <trkpt lat="46.22336" lon="6.46934">
        <ele>1266.67</ele>
      </trkpt>
      <trkpt lat="46.22334" lon="6.46919">
        <ele>1266.67</ele>
      </trkpt>
      <trkpt lat="46.22332" lon="6.46907">
        <ele>1266.19</ele>
      </trkpt>
      <trkpt lat="46.22329" lon="6.46893">
        <ele>1268.12</ele>
      </trkpt>
      <trkpt lat="46.22326" lon="6.4688">
        <ele>1270.04</ele>
      </trkpt>
      <trkpt lat="46.22323" lon="6.46866">
        <ele>1272.44</ele>
      </trkpt>
      <trkpt lat="46.22322" lon="6.46858">
        <ele>1275.33</ele>
      </trkpt>
      <trkpt lat="46.22322" lon="6.46858">
        <ele>1275.81</ele>
      </trkpt>
      <trkpt lat="46.22322" lon="6.46857">
        <ele>1275.33</ele>
      </trkpt>
      <trkpt lat="46.22322" lon="6.46856">
        <ele>1275.33</ele>
      </trkpt>
      <trkpt lat="46.22322" lon="6.46856">
        <ele>1275.81</ele>
      </trkpt>
      <trkpt lat="46.22322" lon="6.46856">
        <ele>1275.33</ele>
      </trkpt>
      <trkpt lat="46.22322" lon="6.46856">
        <ele>1274.85</ele>
      </trkpt>
      <trkpt lat="46.22323" lon="6.46857">
        <ele>1273.88</ele>
      </trkpt>
      <trkpt lat="46.22323" lon="6.46857">
        <ele>1273.88</ele>
      </trkpt>
      <trkpt lat="46.22323" lon="6.46857">
        <ele>1274.36</ele>
      </trkpt>
      <trkpt lat="46.22323" lon="6.46858">
        <ele>1274.36</ele>
      </trkpt>
      <trkpt lat="46.22323" lon="6.46857">
        <ele>1274.36</ele>
      </trkpt>
      <trkpt lat="46.22323" lon="6.46857">
        <ele>1274.36</ele>
      </trkpt>
      <trkpt lat="46.22323" lon="6.46857">
        <ele>1274.36</ele>
      </trkpt>
      <trkpt lat="46.22323" lon="6.46856">
        <ele>1274.85</ele>
      </trkpt>
      <trkpt lat="46.22323" lon="6.46856">
        <ele>1274.85</ele>
      </trkpt>
      <trkpt lat="46.22324" lon="6.46857">
        <ele>1274.85</ele>
      </trkpt>
      <trkpt lat="46.22325" lon="6.46858">
        <ele>1274.85</ele>
      </trkpt>
      <trkpt lat="46.22325" lon="6.46858">
        <ele>1275.33</ele>
      </trkpt>
      <trkpt lat="46.22325" lon="6.46857">
        <ele>1275.33</ele>
      </trkpt>
      <trkpt lat="46.22324" lon="6.46856">
        <ele>1275.81</ele>
      </trkpt>
      <trkpt lat="46.22324" lon="6.46856">
        <ele>1276.77</ele>
      </trkpt>
      <trkpt lat="46.22324" lon="6.46856">
        <ele>1277.25</ele>
      </trkpt>
      <trkpt lat="46.22324" lon="6.46856">
        <ele>1276.77</ele>
      </trkpt>
      <trkpt lat="46.22324" lon="6.46857">
        <ele>1276.77</ele>
      </trkpt>
      <trkpt lat="46.22324" lon="6.46857">
        <ele>1277.73</ele>
      </trkpt>
      <trkpt lat="46.22324" lon="6.46856">
        <ele>1278.21</ele>
      </trkpt>
      <trkpt lat="46.22323" lon="6.46857">
        <ele>1277.25</ele>
      </trkpt>
      <trkpt lat="46.22324" lon="6.46858">
        <ele>1276.29</ele>
      </trkpt>
      <trkpt lat="46.22324" lon="6.46857">
        <ele>1276.77</ele>
      </trkpt>
      <trkpt lat="46.22324" lon="6.46857">
        <ele>1277.25</ele>
      </trkpt>
      <trkpt lat="46.22324" lon="6.46857">
        <ele>1276.77</ele>
      </trkpt>
      <trkpt lat="46.22324" lon="6.46857">
        <ele>1276.77</ele>
      </trkpt>
      <trkpt lat="46.22324" lon="6.4686">
        <ele>1277.25</ele>
      </trkpt>
      <trkpt lat="46.22317" lon="6.46854">
        <ele>1276.77</ele>
      </trkpt>
      <trkpt lat="46.22316" lon="6.46853">
        <ele>1276.29</ele>
      </trkpt>
      <trkpt lat="46.22309" lon="6.46843">
        <ele>1278.21</ele>
      </trkpt>
      <trkpt lat="46.22303" lon="6.46834">
        <ele>1279.17</ele>
      </trkpt>
      <trkpt lat="46.223" lon="6.46831">
        <ele>1279.17</ele>
      </trkpt>
      <trkpt lat="46.22297" lon="6.46826">
        <ele>1279.65</ele>
      </trkpt>
      <trkpt lat="46.22293" lon="6.4682">
        <ele>1279.65</ele>
      </trkpt>
      <trkpt lat="46.22291" lon="6.46814">
        <ele>1279.17</ele>
      </trkpt>
      <trkpt lat="46.22278" lon="6.468">
        <ele>1277.73</ele>
      </trkpt>
      <trkpt lat="46.22268" lon="6.4679">
        <ele>1276.77</ele>
      </trkpt>
      <trkpt lat="46.22263" lon="6.46786">
        <ele>1275.33</ele>
      </trkpt>
      <trkpt lat="46.22255" lon="6.46784">
        <ele>1274.85</ele>
      </trkpt>
      <trkpt lat="46.22248" lon="6.46782">
        <ele>1273.88</ele>
      </trkpt>
      <trkpt lat="46.22226" lon="6.46771">
        <ele>1271</ele>
      </trkpt>
      <trkpt lat="46.2221" lon="6.4678">
        <ele>1266.19</ele>
      </trkpt>
      <trkpt lat="46.22208" lon="6.46781">
        <ele>1264.75</ele>
      </trkpt>
      <trkpt lat="46.22207" lon="6.46781">
        <ele>1264.27</ele>
      </trkpt>
      <trkpt lat="46.22205" lon="6.46784">
        <ele>1263.79</ele>
      </trkpt>
      <trkpt lat="46.22203" lon="6.46787">
        <ele>1262.35</ele>
      </trkpt>
      <trkpt lat="46.22191" lon="6.46799">
        <ele>1260.91</ele>
      </trkpt>
      <trkpt lat="46.22177" lon="6.4681">
        <ele>1263.31</ele>
      </trkpt>
      <trkpt lat="46.22174" lon="6.46814">
        <ele>1264.27</ele>
      </trkpt>
      <trkpt lat="46.2217" lon="6.46817">
        <ele>1265.23</ele>
      </trkpt>
      <trkpt lat="46.22166" lon="6.46815">
        <ele>1265.23</ele>
      </trkpt>
      <trkpt lat="46.22156" lon="6.46804">
        <ele>1265.23</ele>
      </trkpt>
      <trkpt lat="46.22151" lon="6.46802">
        <ele>1263.79</ele>
      </trkpt>
      <trkpt lat="46.22148" lon="6.468">
        <ele>1263.31</ele>
      </trkpt>
      <trkpt lat="46.22145" lon="6.46799">
        <ele>1262.83</ele>
      </trkpt>
      <trkpt lat="46.22136" lon="6.46795">
        <ele>1262.35</ele>
      </trkpt>
      <trkpt lat="46.22131" lon="6.46791">
        <ele>1263.31</ele>
      </trkpt>
      <trkpt lat="46.22123" lon="6.4679">
        <ele>1264.75</ele>
      </trkpt>
      <trkpt lat="46.22121" lon="6.4679">
        <ele>1264.27</ele>
      </trkpt>
      <trkpt lat="46.2211" lon="6.46787">
        <ele>1260.91</ele>
      </trkpt>
      <trkpt lat="46.221" lon="6.46785">
        <ele>1259.46</ele>
      </trkpt>
      <trkpt lat="46.22095" lon="6.46784">
        <ele>1258.98</ele>
      </trkpt>
      <trkpt lat="46.22089" lon="6.46782">
        <ele>1258.5</ele>
      </trkpt>
      <trkpt lat="46.22088" lon="6.46781">
        <ele>1258.5</ele>
      </trkpt>
      <trkpt lat="46.2208" lon="6.4678">
        <ele>1258.98</ele>
      </trkpt>
      <trkpt lat="46.22076" lon="6.46777">
        <ele>1258.98</ele>
      </trkpt>
      <trkpt lat="46.22073" lon="6.46777">
        <ele>1259.46</ele>
      </trkpt>
      <trkpt lat="46.22065" lon="6.46775">
        <ele>1260.43</ele>
      </trkpt>
      <trkpt lat="46.22055" lon="6.46771">
        <ele>1263.31</ele>
      </trkpt>
      <trkpt lat="46.22049" lon="6.46767">
        <ele>1265.71</ele>
      </trkpt>
      <trkpt lat="46.22041" lon="6.46761">
        <ele>1267.64</ele>
      </trkpt>
      <trkpt lat="46.22036" lon="6.46755">
        <ele>1269.08</ele>
      </trkpt>
      <trkpt lat="46.22033" lon="6.46757">
        <ele>1269.08</ele>
      </trkpt>
      <trkpt lat="46.22027" lon="6.46754">
        <ele>1271</ele>
      </trkpt>
      <trkpt lat="46.22024" lon="6.46754">
        <ele>1272.92</ele>
      </trkpt>
      <trkpt lat="46.22019" lon="6.46753">
        <ele>1272.92</ele>
      </trkpt>
      <trkpt lat="46.22017" lon="6.46754">
        <ele>1272.92</ele>
      </trkpt>
      <trkpt lat="46.22012" lon="6.4675">
        <ele>1272.92</ele>
      </trkpt>
      <trkpt lat="46.22012" lon="6.46749">
        <ele>1273.4</ele>
      </trkpt>
      <trkpt lat="46.22004" lon="6.46743">
        <ele>1274.36</ele>
      </trkpt>
      <trkpt lat="46.21993" lon="6.46739">
        <ele>1274.36</ele>
      </trkpt>
      <trkpt lat="46.2198" lon="6.46727">
        <ele>1274.85</ele>
      </trkpt>
      <trkpt lat="46.21971" lon="6.46725">
        <ele>1274.36</ele>
      </trkpt>
      <trkpt lat="46.21954" lon="6.46717">
        <ele>1277.25</ele>
      </trkpt>
      <trkpt lat="46.21941" lon="6.46708">
        <ele>1281.57</ele>
      </trkpt>
      <trkpt lat="46.21936" lon="6.46697">
        <ele>1284.46</ele>
      </trkpt>
      <trkpt lat="46.21928" lon="6.46682">
        <ele>1284.46</ele>
      </trkpt>
      <trkpt lat="46.2192" lon="6.46671">
        <ele>1285.42</ele>
      </trkpt>
      <trkpt lat="46.21907" lon="6.4666">
        <ele>1285.42</ele>
      </trkpt>
      <trkpt lat="46.21904" lon="6.46652">
        <ele>1286.38</ele>
      </trkpt>
      <trkpt lat="46.21903" lon="6.46648">
        <ele>1285.9</ele>
      </trkpt>
      <trkpt lat="46.21898" lon="6.46642">
        <ele>1285.42</ele>
      </trkpt>
      <trkpt lat="46.21895" lon="6.46642">
        <ele>1285.42</ele>
      </trkpt>
      <trkpt lat="46.21889" lon="6.46633">
        <ele>1287.34</ele>
      </trkpt>
      <trkpt lat="46.21886" lon="6.46626">
        <ele>1291.67</ele>
      </trkpt>
      <trkpt lat="46.2188" lon="6.46617">
        <ele>1294.07</ele>
      </trkpt>
      <trkpt lat="46.21878" lon="6.46612">
        <ele>1295.99</ele>
      </trkpt>
      <trkpt lat="46.21874" lon="6.46612">
        <ele>1296.96</ele>
      </trkpt>
      <trkpt lat="46.21873" lon="6.46609">
        <ele>1297.44</ele>
      </trkpt>
      <trkpt lat="46.21869" lon="6.46601">
        <ele>1295.51</ele>
      </trkpt>
      <trkpt lat="46.21866" lon="6.46591">
        <ele>1299.36</ele>
      </trkpt>
      <trkpt lat="46.21866" lon="6.46586">
        <ele>1303.2</ele>
      </trkpt>
      <trkpt lat="46.21859" lon="6.46576">
        <ele>1303.69</ele>
      </trkpt>
      <trkpt lat="46.21856" lon="6.46571">
        <ele>1305.61</ele>
      </trkpt>
      <trkpt lat="46.2185" lon="6.46562">
        <ele>1305.61</ele>
      </trkpt>
      <trkpt lat="46.21845" lon="6.46548">
        <ele>1308.97</ele>
      </trkpt>
      <trkpt lat="46.21843" lon="6.46541">
        <ele>1307.53</ele>
      </trkpt>
      <trkpt lat="46.21838" lon="6.46536">
        <ele>1307.05</ele>
      </trkpt>
      <trkpt lat="46.21836" lon="6.46529">
        <ele>1305.13</ele>
      </trkpt>
      <trkpt lat="46.2183" lon="6.46519">
        <ele>1305.13</ele>
      </trkpt>
      <trkpt lat="46.21829" lon="6.46516">
        <ele>1305.61</ele>
      </trkpt>
      <trkpt lat="46.21826" lon="6.46513">
        <ele>1305.61</ele>
      </trkpt>
      <trkpt lat="46.21819" lon="6.465">
        <ele>1302.72</ele>
      </trkpt>
      <trkpt lat="46.21813" lon="6.46495">
        <ele>1301.28</ele>
      </trkpt>
      <trkpt lat="46.21809" lon="6.46491">
        <ele>1302.24</ele>
      </trkpt>
      <trkpt lat="46.21802" lon="6.46483">
        <ele>1303.69</ele>
      </trkpt>
      <trkpt lat="46.21798" lon="6.4648">
        <ele>1303.69</ele>
      </trkpt>
      <trkpt lat="46.2179" lon="6.46477">
        <ele>1305.61</ele>
      </trkpt>
      <trkpt lat="46.21773" lon="6.46465">
        <ele>1305.61</ele>
      </trkpt>
      <trkpt lat="46.21764" lon="6.46465">
        <ele>1304.17</ele>
      </trkpt>
      <trkpt lat="46.21762" lon="6.46465">
        <ele>1303.69</ele>
      </trkpt>
      <trkpt lat="46.21756" lon="6.46468">
        <ele>1301.76</ele>
      </trkpt>
      <trkpt lat="46.21755" lon="6.46468">
        <ele>1300.8</ele>
      </trkpt>
      <trkpt lat="46.21751" lon="6.4647">
        <ele>1299.36</ele>
      </trkpt>
      <trkpt lat="46.21749" lon="6.46471">
        <ele>1299.36</ele>
      </trkpt>
      <trkpt lat="46.21747" lon="6.46473">
        <ele>1298.4</ele>
      </trkpt>
      <trkpt lat="46.2173" lon="6.46479">
        <ele>1294.07</ele>
      </trkpt>
      <trkpt lat="46.21724" lon="6.46485">
        <ele>1292.15</ele>
      </trkpt>
      <trkpt lat="46.2172" lon="6.46485">
        <ele>1290.71</ele>
      </trkpt>
      <trkpt lat="46.21704" lon="6.46476">
        <ele>1291.19</ele>
      </trkpt>
      <trkpt lat="46.21686" lon="6.46475">
        <ele>1288.78</ele>
      </trkpt>
      <trkpt lat="46.21671" lon="6.46469">
        <ele>1289.75</ele>
      </trkpt>
      <trkpt lat="46.21669" lon="6.4647">
        <ele>1289.75</ele>
      </trkpt>
      <trkpt lat="46.21666" lon="6.46469">
        <ele>1290.23</ele>
      </trkpt>
      <trkpt lat="46.21652" lon="6.46463">
        <ele>1292.15</ele>
      </trkpt>
      <trkpt lat="46.21643" lon="6.4646">
        <ele>1295.51</ele>
      </trkpt>
      <trkpt lat="46.21637" lon="6.46457">
        <ele>1296.96</ele>
      </trkpt>
      <trkpt lat="46.21627" lon="6.46452">
        <ele>1297.92</ele>
      </trkpt>
      <trkpt lat="46.2162" lon="6.4645">
        <ele>1297.44</ele>
      </trkpt>
      <trkpt lat="46.2162" lon="6.46448">
        <ele>1296.96</ele>
      </trkpt>
      <trkpt lat="46.21611" lon="6.4644">
        <ele>1298.4</ele>
      </trkpt>
      <trkpt lat="46.21607" lon="6.46434">
        <ele>1298.4</ele>
      </trkpt>
      <trkpt lat="46.21595" lon="6.46427">
        <ele>1299.84</ele>
      </trkpt>
      <trkpt lat="46.21582" lon="6.46417">
        <ele>1300.8</ele>
      </trkpt>
      <trkpt lat="46.2157" lon="6.4641">
        <ele>1300.8</ele>
      </trkpt>
      <trkpt lat="46.2156" lon="6.46408">
        <ele>1298.88</ele>
      </trkpt>
      <trkpt lat="46.21543" lon="6.46397">
        <ele>1295.03</ele>
      </trkpt>
      <trkpt lat="46.21531" lon="6.46394">
        <ele>1290.71</ele>
      </trkpt>
      <trkpt lat="46.21519" lon="6.46392">
        <ele>1288.3</ele>
      </trkpt>
      <trkpt lat="46.21516" lon="6.46391">
        <ele>1287.82</ele>
      </trkpt>
      <trkpt lat="46.21509" lon="6.46386">
        <ele>1287.82</ele>
      </trkpt>
      <trkpt lat="46.21504" lon="6.46384">
        <ele>1289.75</ele>
      </trkpt>
      <trkpt lat="46.21496" lon="6.46379">
        <ele>1293.59</ele>
      </trkpt>
      <trkpt lat="46.21491" lon="6.46376">
        <ele>1294.07</ele>
      </trkpt>
      <trkpt lat="46.21487" lon="6.46376">
        <ele>1295.51</ele>
      </trkpt>
      <trkpt lat="46.21485" lon="6.46376">
        <ele>1295.03</ele>
      </trkpt>
      <trkpt lat="46.21479" lon="6.46374">
        <ele>1294.55</ele>
      </trkpt>
      <trkpt lat="46.21475" lon="6.46375">
        <ele>1294.55</ele>
      </trkpt>
      <trkpt lat="46.21464" lon="6.46373">
        <ele>1295.99</ele>
      </trkpt>
      <trkpt lat="46.21459" lon="6.4637">
        <ele>1295.99</ele>
      </trkpt>
      <trkpt lat="46.21457" lon="6.46368">
        <ele>1296.48</ele>
      </trkpt>
      <trkpt lat="46.21447" lon="6.46362">
        <ele>1295.03</ele>
      </trkpt>
      <trkpt lat="46.21442" lon="6.46362">
        <ele>1294.07</ele>
      </trkpt>
      <trkpt lat="46.2144" lon="6.4636">
        <ele>1294.07</ele>
      </trkpt>
      <trkpt lat="46.21434" lon="6.4636">
        <ele>1294.07</ele>
      </trkpt>
      <trkpt lat="46.21426" lon="6.46351">
        <ele>1293.59</ele>
      </trkpt>
      <trkpt lat="46.21424" lon="6.46351">
        <ele>1294.07</ele>
      </trkpt>
      <trkpt lat="46.21419" lon="6.46347">
        <ele>1294.07</ele>
      </trkpt>
      <trkpt lat="46.21415" lon="6.46344">
        <ele>1293.59</ele>
      </trkpt>
      <trkpt lat="46.21412" lon="6.46342">
        <ele>1293.59</ele>
      </trkpt>
      <trkpt lat="46.2141" lon="6.46341">
        <ele>1293.59</ele>
      </trkpt>
      <trkpt lat="46.21406" lon="6.46338">
        <ele>1293.59</ele>
      </trkpt>
      <trkpt lat="46.21402" lon="6.46336">
        <ele>1293.59</ele>
      </trkpt>
      <trkpt lat="46.21397" lon="6.46337">
        <ele>1295.03</ele>
      </trkpt>
      <trkpt lat="46.21393" lon="6.46335">
        <ele>1295.99</ele>
      </trkpt>
      <trkpt lat="46.2139" lon="6.46331">
        <ele>1295.51</ele>
      </trkpt>
      <trkpt lat="46.21389" lon="6.4633">
        <ele>1295.51</ele>
      </trkpt>
      <trkpt lat="46.21387" lon="6.46327">
        <ele>1295.51</ele>
      </trkpt>
      <trkpt lat="46.21381" lon="6.46324">
        <ele>1295.03</ele>
      </trkpt>
      <trkpt lat="46.21372" lon="6.46312">
        <ele>1293.59</ele>
      </trkpt>
      <trkpt lat="46.21361" lon="6.46308">
        <ele>1293.59</ele>
      </trkpt>
      <trkpt lat="46.21358" lon="6.46306">
        <ele>1293.59</ele>
      </trkpt>
      <trkpt lat="46.21355" lon="6.46307">
        <ele>1291.67</ele>
      </trkpt>
      <trkpt lat="46.21354" lon="6.46308">
        <ele>1291.67</ele>
      </trkpt>
      <trkpt lat="46.21345" lon="6.463">
        <ele>1291.67</ele>
      </trkpt>
      <trkpt lat="46.21331" lon="6.46289">
        <ele>1290.71</ele>
      </trkpt>
      <trkpt lat="46.21318" lon="6.46276">
        <ele>1290.23</ele>
      </trkpt>
      <trkpt lat="46.21313" lon="6.4627">
        <ele>1290.23</ele>
      </trkpt>
      <trkpt lat="46.21311" lon="6.46267">
        <ele>1289.75</ele>
      </trkpt>
      <trkpt lat="46.21311" lon="6.46252">
        <ele>1288.78</ele>
      </trkpt>
      <trkpt lat="46.21319" lon="6.4624">
        <ele>1284.94</ele>
      </trkpt>
      <trkpt lat="46.21319" lon="6.46232">
        <ele>1283.98</ele>
      </trkpt>
      <trkpt lat="46.21317" lon="6.46221">
        <ele>1282.54</ele>
      </trkpt>
      <trkpt lat="46.21316" lon="6.46215">
        <ele>1281.57</ele>
      </trkpt>
      <trkpt lat="46.21316" lon="6.46201">
        <ele>1277.73</ele>
      </trkpt>
      <trkpt lat="46.21318" lon="6.46191">
        <ele>1275.33</ele>
      </trkpt>
      <trkpt lat="46.21318" lon="6.4619">
        <ele>1274.85</ele>
      </trkpt>
      <trkpt lat="46.21319" lon="6.46189">
        <ele>1274.36</ele>
      </trkpt>
      <trkpt lat="46.21326" lon="6.46189">
        <ele>1271.48</ele>
      </trkpt>
      <trkpt lat="46.21326" lon="6.46185">
        <ele>1271</ele>
      </trkpt>
      <trkpt lat="46.21327" lon="6.46175">
        <ele>1270.04</ele>
      </trkpt>
      <trkpt lat="46.21333" lon="6.46169">
        <ele>1265.71</ele>
      </trkpt>
      <trkpt lat="46.21337" lon="6.46161">
        <ele>1263.79</ele>
      </trkpt>
      <trkpt lat="46.21341" lon="6.46146">
        <ele>1260.43</ele>
      </trkpt>
      <trkpt lat="46.21341" lon="6.46143">
        <ele>1259.94</ele>
      </trkpt>
      <trkpt lat="46.21343" lon="6.46139">
        <ele>1259.46</ele>
      </trkpt>
      <trkpt lat="46.2135" lon="6.46128">
        <ele>1255.62</ele>
      </trkpt>
      <trkpt lat="46.21357" lon="6.46116">
        <ele>1250.81</ele>
      </trkpt>
      <trkpt lat="46.21362" lon="6.46103">
        <ele>1248.41</ele>
      </trkpt>
      <trkpt lat="46.21364" lon="6.46094">
        <ele>1246.49</ele>
      </trkpt>
      <trkpt lat="46.21366" lon="6.46086">
        <ele>1243.6</ele>
      </trkpt>
      <trkpt lat="46.21367" lon="6.46083">
        <ele>1243.6</ele>
      </trkpt>
      <trkpt lat="46.21368" lon="6.46081">
        <ele>1242.64</ele>
      </trkpt>
      <trkpt lat="46.21375" lon="6.46076">
        <ele>1240.24</ele>
      </trkpt>
      <trkpt lat="46.21379" lon="6.46065">
        <ele>1238.32</ele>
      </trkpt>
      <trkpt lat="46.21373" lon="6.46041">
        <ele>1236.87</ele>
      </trkpt>
      <trkpt lat="46.21372" lon="6.46023">
        <ele>1238.32</ele>
      </trkpt>
      <trkpt lat="46.21374" lon="6.46014">
        <ele>1238.32</ele>
      </trkpt>
      <trkpt lat="46.21372" lon="6.45999">
        <ele>1235.91</ele>
      </trkpt>
      <trkpt lat="46.21377" lon="6.45979">
        <ele>1232.55</ele>
      </trkpt>
      <trkpt lat="46.21377" lon="6.45967">
        <ele>1229.66</ele>
      </trkpt>
      <trkpt lat="46.21378" lon="6.45961">
        <ele>1225.82</ele>
      </trkpt>
      <trkpt lat="46.21379" lon="6.45963">
        <ele>1223.9</ele>
      </trkpt>
      <trkpt lat="46.21384" lon="6.45978">
        <ele>1217.17</ele>
      </trkpt>
      <trkpt lat="46.21389" lon="6.45992">
        <ele>1212.84</ele>
      </trkpt>
      <trkpt lat="46.21395" lon="6.46003">
        <ele>1206.11</ele>
      </trkpt>
      <trkpt lat="46.214" lon="6.46009">
        <ele>1202.75</ele>
      </trkpt>
      <trkpt lat="46.21413" lon="6.46015">
        <ele>1201.79</ele>
      </trkpt>
      <trkpt lat="46.2142" lon="6.46019">
        <ele>1201.3</ele>
      </trkpt>
      <trkpt lat="46.2143" lon="6.46018">
        <ele>1202.27</ele>
      </trkpt>
      <trkpt lat="46.21435" lon="6.46005">
        <ele>1201.3</ele>
      </trkpt>
      <trkpt lat="46.21432" lon="6.45999">
        <ele>1199.86</ele>
      </trkpt>
      <trkpt lat="46.21433" lon="6.45991">
        <ele>1200.34</ele>
      </trkpt>
      <trkpt lat="46.21428" lon="6.45974">
        <ele>1197.94</ele>
      </trkpt>
      <trkpt lat="46.21428" lon="6.45959">
        <ele>1198.42</ele>
      </trkpt>
      <trkpt lat="46.2143" lon="6.45946">
        <ele>1197.94</ele>
      </trkpt>
      <trkpt lat="46.2143" lon="6.45943">
        <ele>1196.98</ele>
      </trkpt>
      <trkpt lat="46.21431" lon="6.45935">
        <ele>1196.98</ele>
      </trkpt>
      <trkpt lat="46.21432" lon="6.45933">
        <ele>1196.98</ele>
      </trkpt>
      <trkpt lat="46.21438" lon="6.45917">
        <ele>1194.09</ele>
      </trkpt>
      <trkpt lat="46.21438" lon="6.45904">
        <ele>1191.21</ele>
      </trkpt>
      <trkpt lat="46.2144" lon="6.45892">
        <ele>1185.92</ele>
      </trkpt>
      <trkpt lat="46.21441" lon="6.45881">
        <ele>1183.52</ele>
      </trkpt>
      <trkpt lat="46.2144" lon="6.45867">
        <ele>1182.56</ele>
      </trkpt>
      <trkpt lat="46.2144" lon="6.45855">
        <ele>1181.12</ele>
      </trkpt>
      <trkpt lat="46.2144" lon="6.45842">
        <ele>1179.67</ele>
      </trkpt>
      <trkpt lat="46.21439" lon="6.45831">
        <ele>1175.35</ele>
      </trkpt>
      <trkpt lat="46.21438" lon="6.45818">
        <ele>1171.02</ele>
      </trkpt>
      <trkpt lat="46.21438" lon="6.45804">
        <ele>1168.14</ele>
      </trkpt>
      <trkpt lat="46.21438" lon="6.45796">
        <ele>1163.81</ele>
      </trkpt>
      <trkpt lat="46.21437" lon="6.45782">
        <ele>1162.37</ele>
      </trkpt>
      <trkpt lat="46.21437" lon="6.45768">
        <ele>1159.97</ele>
      </trkpt>
      <trkpt lat="46.21434" lon="6.45757">
        <ele>1157.08</ele>
      </trkpt>
      <trkpt lat="46.21434" lon="6.45742">
        <ele>1154.68</ele>
      </trkpt>
      <trkpt lat="46.21434" lon="6.45735">
        <ele>1154.2</ele>
      </trkpt>
      <trkpt lat="46.21434" lon="6.4572">
        <ele>1154.2</ele>
      </trkpt>
      <trkpt lat="46.21433" lon="6.45705">
        <ele>1153.24</ele>
      </trkpt>
      <trkpt lat="46.21429" lon="6.45692">
        <ele>1151.32</ele>
      </trkpt>
      <trkpt lat="46.21428" lon="6.45676">
        <ele>1149.39</ele>
      </trkpt>
      <trkpt lat="46.21427" lon="6.45671">
        <ele>1144.11</ele>
      </trkpt>
      <trkpt lat="46.21426" lon="6.45668">
        <ele>1143.14</ele>
      </trkpt>
      <trkpt lat="46.21421" lon="6.45661">
        <ele>1141.7</ele>
      </trkpt>
      <trkpt lat="46.21418" lon="6.45655">
        <ele>1140.26</ele>
      </trkpt>
      <trkpt lat="46.2141" lon="6.45645">
        <ele>1139.78</ele>
      </trkpt>
      <trkpt lat="46.21398" lon="6.45635">
        <ele>1139.3</ele>
      </trkpt>
      <trkpt lat="46.2139" lon="6.45627">
        <ele>1135.45</ele>
      </trkpt>
      <trkpt lat="46.21381" lon="6.45624">
        <ele>1134.97</ele>
      </trkpt>
      <trkpt lat="46.2137" lon="6.45621">
        <ele>1135.45</ele>
      </trkpt>
      <trkpt lat="46.21366" lon="6.45604">
        <ele>1137.38</ele>
      </trkpt>
      <trkpt lat="46.21367" lon="6.45594">
        <ele>1136.42</ele>
      </trkpt>
      <trkpt lat="46.21367" lon="6.45594">
        <ele>1135.45</ele>
      </trkpt>
      <trkpt lat="46.21367" lon="6.45588">
        <ele>1134.49</ele>
      </trkpt>
      <trkpt lat="46.21368" lon="6.45579">
        <ele>1135.94</ele>
      </trkpt>
      <trkpt lat="46.21373" lon="6.4558">
        <ele>1134.97</ele>
      </trkpt>
      <trkpt lat="46.21387" lon="6.4558">
        <ele>1129.69</ele>
      </trkpt>
      <trkpt lat="46.21392" lon="6.45581">
        <ele>1128.73</ele>
      </trkpt>
      <trkpt lat="46.21407" lon="6.45584">
        <ele>1126.8</ele>
      </trkpt>
      <trkpt lat="46.21415" lon="6.45587">
        <ele>1125.36</ele>
      </trkpt>
      <trkpt lat="46.21427" lon="6.45595">
        <ele>1123.92</ele>
      </trkpt>
      <trkpt lat="46.21436" lon="6.45596">
        <ele>1125.36</ele>
      </trkpt>
      <trkpt lat="46.21445" lon="6.456">
        <ele>1123.92</ele>
      </trkpt>
      <trkpt lat="46.21452" lon="6.45601">
        <ele>1120.07</ele>
      </trkpt>
      <trkpt lat="46.21459" lon="6.45606">
        <ele>1113.82</ele>
      </trkpt>
      <trkpt lat="46.21471" lon="6.4561">
        <ele>1109.5</ele>
      </trkpt>
      <trkpt lat="46.21482" lon="6.45606">
        <ele>1105.17</ele>
      </trkpt>
      <trkpt lat="46.21491" lon="6.45605">
        <ele>1103.73</ele>
      </trkpt>
      <trkpt lat="46.21497" lon="6.456">
        <ele>1104.21</ele>
      </trkpt>
      <trkpt lat="46.21513" lon="6.45601">
        <ele>1105.17</ele>
      </trkpt>
      <trkpt lat="46.21522" lon="6.45605">
        <ele>1099.89</ele>
      </trkpt>
      <trkpt lat="46.21528" lon="6.45611">
        <ele>1091.23</ele>
      </trkpt>
      <trkpt lat="46.21533" lon="6.45616">
        <ele>1087.39</ele>
      </trkpt>
      <trkpt lat="46.21544" lon="6.45623">
        <ele>1084.02</ele>
      </trkpt>
      <trkpt lat="46.21551" lon="6.4563">
        <ele>1081.62</ele>
      </trkpt>
      <trkpt lat="46.21556" lon="6.45632">
        <ele>1078.26</ele>
      </trkpt>
      <trkpt lat="46.21557" lon="6.45633">
        <ele>1078.26</ele>
      </trkpt>
      <trkpt lat="46.21574" lon="6.4563">
        <ele>1087.87</ele>
      </trkpt>
      <trkpt lat="46.21583" lon="6.45633">
        <ele>1089.31</ele>
      </trkpt>
      <trkpt lat="46.21594" lon="6.45646">
        <ele>1089.79</ele>
      </trkpt>
      <trkpt lat="46.216" lon="6.4565">
        <ele>1088.83</ele>
      </trkpt>
      <trkpt lat="46.21612" lon="6.45663">
        <ele>1087.87</ele>
      </trkpt>
      <trkpt lat="46.21624" lon="6.45673">
        <ele>1087.39</ele>
      </trkpt>
      <trkpt lat="46.21633" lon="6.45683">
        <ele>1088.83</ele>
      </trkpt>
      <trkpt lat="46.21635" lon="6.4569">
        <ele>1089.31</ele>
      </trkpt>
      <trkpt lat="46.21648" lon="6.45708">
        <ele>1087.39</ele>
      </trkpt>
      <trkpt lat="46.21654" lon="6.45702">
        <ele>1084.02</ele>
      </trkpt>
      <trkpt lat="46.21657" lon="6.457">
        <ele>1082.1</ele>
      </trkpt>
      <trkpt lat="46.21658" lon="6.45697">
        <ele>1079.7</ele>
      </trkpt>
      <trkpt lat="46.21658" lon="6.45696">
        <ele>1079.7</ele>
      </trkpt>
      <trkpt lat="46.21662" lon="6.45689">
        <ele>1077.29</ele>
      </trkpt>
      <trkpt lat="46.21668" lon="6.45681">
        <ele>1072.49</ele>
      </trkpt>
      <trkpt lat="46.21674" lon="6.45673">
        <ele>1067.68</ele>
      </trkpt>
      <trkpt lat="46.21682" lon="6.45667">
        <ele>1064.32</ele>
      </trkpt>
      <trkpt lat="46.21693" lon="6.45655">
        <ele>1064.32</ele>
      </trkpt>
      <trkpt lat="46.217" lon="6.45641">
        <ele>1063.84</ele>
      </trkpt>
      <trkpt lat="46.21701" lon="6.45638">
        <ele>1062.87</ele>
      </trkpt>
      <trkpt lat="46.21703" lon="6.45632">
        <ele>1061.43</ele>
      </trkpt>
      <trkpt lat="46.21706" lon="6.45626">
        <ele>1059.99</ele>
      </trkpt>
      <trkpt lat="46.21714" lon="6.45615">
        <ele>1055.67</ele>
      </trkpt>
      <trkpt lat="46.21722" lon="6.45601">
        <ele>1051.34</ele>
      </trkpt>
      <trkpt lat="46.21729" lon="6.45591">
        <ele>1046.53</ele>
      </trkpt>
      <trkpt lat="46.21735" lon="6.45585">
        <ele>1042.69</ele>
      </trkpt>
      <trkpt lat="46.21741" lon="6.4558">
        <ele>1039.8</ele>
      </trkpt>
      <trkpt lat="46.21742" lon="6.45579">
        <ele>1039.8</ele>
      </trkpt>
      <trkpt lat="46.21748" lon="6.4558">
        <ele>1034.52</ele>
      </trkpt>
      <trkpt lat="46.21753" lon="6.45572">
        <ele>1033.55</ele>
      </trkpt>
      <trkpt lat="46.21754" lon="6.45572">
        <ele>1033.55</ele>
      </trkpt>
      <trkpt lat="46.21755" lon="6.45571">
        <ele>1033.55</ele>
      </trkpt>
      <trkpt lat="46.21756" lon="6.45564">
        <ele>1033.55</ele>
      </trkpt>
      <trkpt lat="46.21757" lon="6.45545">
        <ele>1032.11</ele>
      </trkpt>
      <trkpt lat="46.21757" lon="6.45543">
        <ele>1032.11</ele>
      </trkpt>
      <trkpt lat="46.21755" lon="6.45525">
        <ele>1030.19</ele>
      </trkpt>
      <trkpt lat="46.21755" lon="6.45518">
        <ele>1029.71</ele>
      </trkpt>
      <trkpt lat="46.21756" lon="6.45504">
        <ele>1028.75</ele>
      </trkpt>
      <trkpt lat="46.21762" lon="6.45485">
        <ele>1026.83</ele>
      </trkpt>
      <trkpt lat="46.21763" lon="6.45478">
        <ele>1024.9</ele>
      </trkpt>
      <trkpt lat="46.21763" lon="6.45471">
        <ele>1023.46</ele>
      </trkpt>
      <trkpt lat="46.21762" lon="6.45457">
        <ele>1022.02</ele>
      </trkpt>
      <trkpt lat="46.21763" lon="6.45447">
        <ele>1020.1</ele>
      </trkpt>
      <trkpt lat="46.21762" lon="6.45441">
        <ele>1019.13</ele>
      </trkpt>
      <trkpt lat="46.21768" lon="6.45427">
        <ele>1016.25</ele>
      </trkpt>
      <trkpt lat="46.2177" lon="6.45407">
        <ele>1015.29</ele>
      </trkpt>
      <trkpt lat="46.21769" lon="6.45385">
        <ele>1017.69</ele>
      </trkpt>
      <trkpt lat="46.21761" lon="6.45364">
        <ele>1016.25</ele>
      </trkpt>
      <trkpt lat="46.21753" lon="6.45348">
        <ele>1011.93</ele>
      </trkpt>
      <trkpt lat="46.21748" lon="6.4534">
        <ele>1008.56</ele>
      </trkpt>
      <trkpt lat="46.21744" lon="6.45333">
        <ele>1007.12</ele>
      </trkpt>
      <trkpt lat="46.2174" lon="6.45323">
        <ele>1004.72</ele>
      </trkpt>
      <trkpt lat="46.21736" lon="6.45319">
        <ele>1004.23</ele>
      </trkpt>
      <trkpt lat="46.21728" lon="6.45309">
        <ele>1001.83</ele>
      </trkpt>
      <trkpt lat="46.21722" lon="6.45305">
        <ele>1000.39</ele>
      </trkpt>
      <trkpt lat="46.21716" lon="6.45302">
        <ele>997.99</ele>
      </trkpt>
      <trkpt lat="46.21706" lon="6.45293">
        <ele>995.58</ele>
      </trkpt>
      <trkpt lat="46.21705" lon="6.45292">
        <ele>995.58</ele>
      </trkpt>
      <trkpt lat="46.21705" lon="6.45285">
        <ele>990.3</ele>
      </trkpt>
      <trkpt lat="46.21711" lon="6.45282">
        <ele>985.97</ele>
      </trkpt>
      <trkpt lat="46.21718" lon="6.45272">
        <ele>980.68</ele>
      </trkpt>
      <trkpt lat="46.21725" lon="6.45266">
        <ele>977.8</ele>
      </trkpt>
      <trkpt lat="46.21735" lon="6.45261">
        <ele>971.55</ele>
      </trkpt>
      <trkpt lat="46.21746" lon="6.45258">
        <ele>967.22</ele>
      </trkpt>
      <trkpt lat="46.2175" lon="6.45258">
        <ele>966.26</ele>
      </trkpt>
      <trkpt lat="46.21765" lon="6.45258">
        <ele>965.3</ele>
      </trkpt>
      <trkpt lat="46.21782" lon="6.45255">
        <ele>964.34</ele>
      </trkpt>
      <trkpt lat="46.21795" lon="6.45254">
        <ele>965.3</ele>
      </trkpt>
      <trkpt lat="46.21805" lon="6.45251">
        <ele>965.78</ele>
      </trkpt>
      <trkpt lat="46.21817" lon="6.45252">
        <ele>961.46</ele>
      </trkpt>
      <trkpt lat="46.21824" lon="6.45251">
        <ele>958.57</ele>
      </trkpt>
      <trkpt lat="46.21836" lon="6.45254">
        <ele>954.25</ele>
      </trkpt>
      <trkpt lat="46.21836" lon="6.45254">
        <ele>951.36</ele>
      </trkpt>
      <trkpt lat="46.21837" lon="6.45252">
        <ele>952.32</ele>
      </trkpt>
      <trkpt lat="46.21843" lon="6.4524">
        <ele>950.88</ele>
      </trkpt>
      <trkpt lat="46.21844" lon="6.4523">
        <ele>947.52</ele>
      </trkpt>
      <trkpt lat="46.21846" lon="6.45219">
        <ele>944.63</ele>
      </trkpt>
      <trkpt lat="46.21846" lon="6.45209">
        <ele>943.67</ele>
      </trkpt>
      <trkpt lat="46.21845" lon="6.45206">
        <ele>943.19</ele>
      </trkpt>
      <trkpt lat="46.21846" lon="6.45188">
        <ele>941.75</ele>
      </trkpt>
      <trkpt lat="46.21846" lon="6.45185">
        <ele>941.27</ele>
      </trkpt>
      <trkpt lat="46.21836" lon="6.4518">
        <ele>941.27</ele>
      </trkpt>
      <trkpt lat="46.21835" lon="6.45173">
        <ele>939.83</ele>
      </trkpt>
      <trkpt lat="46.21839" lon="6.45162">
        <ele>936.94</ele>
      </trkpt>
      <trkpt lat="46.21843" lon="6.4515">
        <ele>934.06</ele>
      </trkpt>
      <trkpt lat="46.21849" lon="6.4513">
        <ele>932.62</ele>
      </trkpt>
      <trkpt lat="46.21854" lon="6.45112">
        <ele>930.21</ele>
      </trkpt>
      <trkpt lat="46.21855" lon="6.45102">
        <ele>928.29</ele>
      </trkpt>
      <trkpt lat="46.21862" lon="6.45085">
        <ele>923.96</ele>
      </trkpt>
      <trkpt lat="46.21863" lon="6.45064">
        <ele>925.41</ele>
      </trkpt>
      <trkpt lat="46.21864" lon="6.45049">
        <ele>926.37</ele>
      </trkpt>
      <trkpt lat="46.21865" lon="6.45045">
        <ele>926.37</ele>
      </trkpt>
      <trkpt lat="46.21865" lon="6.45029">
        <ele>925.89</ele>
      </trkpt>
      <trkpt lat="46.21865" lon="6.45023">
        <ele>924.45</ele>
      </trkpt>
      <trkpt lat="46.21864" lon="6.45007">
        <ele>921.08</ele>
      </trkpt>
      <trkpt lat="46.21865" lon="6.45004">
        <ele>920.12</ele>
      </trkpt>
      <trkpt lat="46.21868" lon="6.44984">
        <ele>919.64</ele>
      </trkpt>
      <trkpt lat="46.21868" lon="6.44976">
        <ele>920.6</ele>
      </trkpt>
      <trkpt lat="46.21871" lon="6.44969">
        <ele>921.08</ele>
      </trkpt>
      <trkpt lat="46.21871" lon="6.44967">
        <ele>921.56</ele>
      </trkpt>
      <trkpt lat="46.21874" lon="6.44955">
        <ele>920.6</ele>
      </trkpt>
      <trkpt lat="46.21871" lon="6.44935">
        <ele>920.6</ele>
      </trkpt>
      <trkpt lat="46.2187" lon="6.44921">
        <ele>920.12</ele>
      </trkpt>
      <trkpt lat="46.21864" lon="6.449">
        <ele>919.64</ele>
      </trkpt>
      <trkpt lat="46.2186" lon="6.44889">
        <ele>919.64</ele>
      </trkpt>
      <trkpt lat="46.21859" lon="6.44876">
        <ele>917.24</ele>
      </trkpt>
      <trkpt lat="46.21853" lon="6.44861">
        <ele>915.79</ele>
      </trkpt>
      <trkpt lat="46.21848" lon="6.44849">
        <ele>914.83</ele>
      </trkpt>
      <trkpt lat="46.21841" lon="6.44832">
        <ele>915.31</ele>
      </trkpt>
      <trkpt lat="46.21833" lon="6.4482">
        <ele>914.35</ele>
      </trkpt>
      <trkpt lat="46.21822" lon="6.44806">
        <ele>910.51</ele>
      </trkpt>
      <trkpt lat="46.21816" lon="6.448">
        <ele>906.18</ele>
      </trkpt>
      <trkpt lat="46.21808" lon="6.44781">
        <ele>902.82</ele>
      </trkpt>
      <trkpt lat="46.21801" lon="6.44767">
        <ele>900.89</ele>
      </trkpt>
      <trkpt lat="46.21792" lon="6.44753">
        <ele>900.41</ele>
      </trkpt>
      <trkpt lat="46.21791" lon="6.44752">
        <ele>899.93</ele>
      </trkpt>
      <trkpt lat="46.21786" lon="6.44745">
        <ele>897.53</ele>
      </trkpt>
      <trkpt lat="46.21782" lon="6.44743">
        <ele>896.09</ele>
      </trkpt>
      <trkpt lat="46.2178" lon="6.44742">
        <ele>895.61</ele>
      </trkpt>
      <trkpt lat="46.21779" lon="6.44739">
        <ele>895.61</ele>
      </trkpt>
      <trkpt lat="46.21766" lon="6.4473">
        <ele>895.61</ele>
      </trkpt>
      <trkpt lat="46.21763" lon="6.44726">
        <ele>895.12</ele>
      </trkpt>
      <trkpt lat="46.21754" lon="6.44722">
        <ele>892.24</ele>
      </trkpt>
      <trkpt lat="46.21743" lon="6.44716">
        <ele>888.4</ele>
      </trkpt>
      <trkpt lat="46.21739" lon="6.44716">
        <ele>885.51</ele>
      </trkpt>
      <trkpt lat="46.2173" lon="6.44706">
        <ele>880.71</ele>
      </trkpt>
      <trkpt lat="46.21719" lon="6.44696">
        <ele>878.3</ele>
      </trkpt>
      <trkpt lat="46.2171" lon="6.44695">
        <ele>876.86</ele>
      </trkpt>
      <trkpt lat="46.217" lon="6.44696">
        <ele>875.42</ele>
      </trkpt>
      <trkpt lat="46.21687" lon="6.44692">
        <ele>873.98</ele>
      </trkpt>
      <trkpt lat="46.21682" lon="6.4469">
        <ele>873.5</ele>
      </trkpt>
      <trkpt lat="46.21679" lon="6.44687">
        <ele>872.53</ele>
      </trkpt>
      <trkpt lat="46.21675" lon="6.4467">
        <ele>869.65</ele>
      </trkpt>
      <trkpt lat="46.21672" lon="6.44656">
        <ele>867.25</ele>
      </trkpt>
      <trkpt lat="46.21669" lon="6.44629">
        <ele>865.32</ele>
      </trkpt>
      <trkpt lat="46.21669" lon="6.44614">
        <ele>862.92</ele>
      </trkpt>
      <trkpt lat="46.21669" lon="6.44598">
        <ele>861</ele>
      </trkpt>
      <trkpt lat="46.21669" lon="6.44596">
        <ele>861</ele>
      </trkpt>
      <trkpt lat="46.2167" lon="6.44593">
        <ele>860.52</ele>
      </trkpt>
      <trkpt lat="46.21669" lon="6.44575">
        <ele>859.08</ele>
      </trkpt>
      <trkpt lat="46.21669" lon="6.44571">
        <ele>858.11</ele>
      </trkpt>
      <trkpt lat="46.21671" lon="6.44562">
        <ele>853.79</ele>
      </trkpt>
      <trkpt lat="46.21669" lon="6.44547">
        <ele>850.9</ele>
      </trkpt>
      <trkpt lat="46.2167" lon="6.44543">
        <ele>849.94</ele>
      </trkpt>
      <trkpt lat="46.21666" lon="6.44516">
        <ele>850.42</ele>
      </trkpt>
      <trkpt lat="46.21671" lon="6.44492">
        <ele>851.38</ele>
      </trkpt>
      <trkpt lat="46.21675" lon="6.44479">
        <ele>852.35</ele>
      </trkpt>
      <trkpt lat="46.21685" lon="6.44463">
        <ele>852.35</ele>
      </trkpt>
      <trkpt lat="46.21687" lon="6.4446">
        <ele>852.83</ele>
      </trkpt>
      <trkpt lat="46.21696" lon="6.44439">
        <ele>852.35</ele>
      </trkpt>
      <trkpt lat="46.21696" lon="6.44422">
        <ele>849.46</ele>
      </trkpt>
      <trkpt lat="46.21694" lon="6.44409">
        <ele>846.58</ele>
      </trkpt>
      <trkpt lat="46.21693" lon="6.44388">
        <ele>844.18</ele>
      </trkpt>
      <trkpt lat="46.21697" lon="6.44369">
        <ele>845.14</ele>
      </trkpt>
      <trkpt lat="46.21696" lon="6.44358">
        <ele>840.81</ele>
      </trkpt>
      <trkpt lat="46.21697" lon="6.4434">
        <ele>838.41</ele>
      </trkpt>
      <trkpt lat="46.21697" lon="6.44319">
        <ele>837.45</ele>
      </trkpt>
      <trkpt lat="46.21698" lon="6.44304">
        <ele>835.04</ele>
      </trkpt>
      <trkpt lat="46.21698" lon="6.44298">
        <ele>835.04</ele>
      </trkpt>
      <trkpt lat="46.21699" lon="6.44274">
        <ele>832.64</ele>
      </trkpt>
      <trkpt lat="46.21703" lon="6.44262">
        <ele>831.68</ele>
      </trkpt>
      <trkpt lat="46.21705" lon="6.44258">
        <ele>831.2</ele>
      </trkpt>
      <trkpt lat="46.21708" lon="6.4425">
        <ele>830.24</ele>
      </trkpt>
      <trkpt lat="46.21713" lon="6.44234">
        <ele>827.83</ele>
      </trkpt>
      <trkpt lat="46.21717" lon="6.4423">
        <ele>827.35</ele>
      </trkpt>
      <trkpt lat="46.2172" lon="6.44227">
        <ele>825.91</ele>
      </trkpt>
      <trkpt lat="46.21723" lon="6.44226">
        <ele>824.95</ele>
      </trkpt>
      <trkpt lat="46.21728" lon="6.44231">
        <ele>825.43</ele>
      </trkpt>
      <trkpt lat="46.2173" lon="6.44235">
        <ele>826.39</ele>
      </trkpt>
      <trkpt lat="46.21733" lon="6.44239">
        <ele>826.87</ele>
      </trkpt>
      <trkpt lat="46.21735" lon="6.44245">
        <ele>826.87</ele>
      </trkpt>
      <trkpt lat="46.21736" lon="6.44248">
        <ele>826.87</ele>
      </trkpt>
      <trkpt lat="46.21736" lon="6.44251">
        <ele>826.87</ele>
      </trkpt>
      <trkpt lat="46.21736" lon="6.44251">
        <ele>827.83</ele>
      </trkpt>
      <trkpt lat="46.21736" lon="6.4425">
        <ele>827.83</ele>
      </trkpt>
      <trkpt lat="46.21736" lon="6.4425">
        <ele>828.31</ele>
      </trkpt>
      <trkpt lat="46.21735" lon="6.44253">
        <ele>830.72</ele>
      </trkpt>
      <trkpt lat="46.21734" lon="6.44253">
        <ele>831.2</ele>
      </trkpt>
      <trkpt lat="46.21734" lon="6.44252">
        <ele>830.72</ele>
      </trkpt>
      <trkpt lat="46.21735" lon="6.44252">
        <ele>828.31</ele>
      </trkpt>
      <trkpt lat="46.21735" lon="6.44252">
        <ele>827.35</ele>
      </trkpt>
    </trkseg>
  </trk>
</gpx>
