<?xml version="1.0" encoding="UTF-8"?>
<gpx creator="https://gpx.studio" version="1.1" schemaLocation="http://www.topografix.com/GPX/1/1 http://www.topografix.com/GPX/1/1/gpx.xsd http://www.garmin.com/xmlschemas/GpxExtensions/v3 http://www.garmin.com/xmlschemas/GpxExtensionsv3.xsd http://www.garmin.com/xmlschemas/TrackPointExtension/v1 http://www.garmin.com/xmlschemas/TrackPointExtensionv1.xsd http://www.garmin.com/xmlschemas/PowerExtension/v1 http://www.garmin.com/xmlschemas/PowerExtensionv1.xsd http://www.topografix.com/GPX/gpx_style/0/2 http://www.topografix.com/GPX/gpx_style/0/2/gpx_style.xsd" xmlns="http://www.topografix.com/GPX/1/1" xmlns:xsi="http://www.w3.org/2001/XMLSchema-instance" xsi:schemaLocation="http://www.topografix.com/GPX/1/1 http://www.topografix.com/GPX/1/1/gpx.xsd http://www.garmin.com/xmlschemas/GpxExtensions/v3 http://www.garmin.com/xmlschemas/GpxExtensionsv3.xsd http://www.garmin.com/xmlschemas/TrackPointExtension/v1 http://www.garmin.com/xmlschemas/TrackPointExtensionv1.xsd http://www.garmin.com/xmlschemas/PowerExtension/v1 http://www.garmin.com/xmlschemas/PowerExtensionv1.xsd http://www.topografix.com/GPX/gpx_style/0/2 http://www.topografix.com/GPX/gpx_style/0/2/gpx_style.xsd" xmlns:gpxtpx="http://www.garmin.com/xmlschemas/TrackPointExtension/v1" xmlns:gpxx="http://www.garmin.com/xmlschemas/GpxExtensions/v3" xmlns:gpxpx="http://www.garmin.com/xmlschemas/PowerExtension/v1" xmlns:gpx_style="http://www.topografix.com/GPX/gpx_style/0/2">
  <metadata>
    <name>Trek des Bornes</name>
    <author>
      <name>gpx.studio</name>
      <link href="https://gpx.studio"/>
    </author>
  </metadata>
  <wpt lat="46.021612" lon="6.362886">
    <ele>1285.6040419731403</ele>
    <name>River</name>
    <sym>Drinking Water</sym>
  </wpt>
  <wpt lat="46.018713" lon="6.358219">
    <ele>1410.7042901092177</ele>
    <name>River</name>
    <sym>Drinking Water</sym>
  </wpt>
  <wpt lat="0" lon="0">
    <ele>0</ele>
    <name>Fontaine</name>
    <sym>Water Source</sym>
  </wpt>
  <wpt lat="45.972763" lon="6.301303">
    <ele>1271.4450866929662</ele>
    <name>River</name>
    <sym>Drinking Water</sym>
  </wpt>
  <wpt lat="45.96978" lon="6.298943">
    <ele>966.0248807612122</ele>
    <name>River</name>
    <sym>Drinking Water</sym>
  </wpt>
  <wpt lat="45.977781" lon="6.286476">
    <ele>775.1404199236082</ele>
    <name>River</name>
    <sym>Drinking Water</sym>
  </wpt>
  <wpt lat="45.976111" lon="6.280199">
    <ele>707.2249613730711</ele>
    <name>River</name>
    <sym>Drinking Water</sym>
  </wpt>
  <wpt lat="45.962543" lon="6.243716">
    <ele>1509.93392515768</ele>
    <name>Fontaine</name>
    <sym>Drinking Water</sym>
  </wpt>
  <wpt lat="45.930737" lon="6.25459">
    <ele>1535.1919221364653</ele>
    <name>Fontaine</name>
    <sym>Drinking Water</sym>
  </wpt>
  <wpt lat="45.928961" lon="6.276948">
    <ele>1469.10686087778</ele>
    <name>Fontaine</name>
    <sym>Drinking Water</sym>
  </wpt>
  <wpt lat="45.932155" lon="6.282141">
    <ele>1395.7357586864287</ele>
    <name>Fontaine Chalet D&apos;Ablon</name>
    <sym>Drinking Water</sym>
  </wpt>
  <wpt lat="45.939213" lon="6.28919">
    <ele>1321.4800109459093</ele>
    <name>Fontaine</name>
    <sym>Drinking Water</sym>
  </wpt>
  <wpt lat="45.961049" lon="6.330778">
    <ele>1437.190290107794</ele>
    <name>River</name>
    <sym>Drinking Water</sym>
  </wpt>
  <wpt lat="46.003669" lon="6.365075">
    <ele>1547.3998477312048</ele>
    <name>Fontaine</name>
    <sym>Drinking Water</sym>
  </wpt>
  <wpt lat="46.005279" lon="6.374173">
    <ele>1502.0271806446538</ele>
    <name>Abri de Lavouillon</name>
    <sym>Lodge</sym>
  </wpt>
  <wpt lat="46.010599" lon="6.34645">
    <ele>1543.8162122914111</ele>
    <name>Abri des chalets de la Balme</name>
    <sym>Lodge</sym>
  </wpt>
  <wpt lat="46.004198" lon="6.302258">
    <ele>1449.8572426929832</ele>
    <name>Fontaine</name>
    <sym>Drinking Water</sym>
  </wpt>
  <wpt lat="45.984394" lon="6.315937">
    <ele>1403.5753940551492</ele>
    <name>Chalet du Plan</name>
    <sym>Lodge</sym>
  </wpt>
  <wpt lat="45.926737" lon="6.253538">
    <ele>1556.3011971146275</ele>
    <name>Abri sous le Col du Perthuis</name>
    <sym>Lodge</sym>
  </wpt>
  <wpt lat="45.93608" lon="6.311388">
    <ele>1443.7510957446425</ele>
    <name>Abri de la Chaille</name>
    <sym>Lodge</sym>
  </wpt>
  <wpt lat="45.941034" lon="6.321516">
    <ele>1470.50012927996</ele>
    <name>Refuge de Notre Dame des Neiges</name>
    <sym>Lodge</sym>
  </wpt>
  <wpt lat="45.943809" lon="6.329541">
    <ele>1539.5970317538013</ele>
    <name>Abri du Chalet du Pas du Loup</name>
    <sym>Lodge</sym>
  </wpt>
  <wpt lat="45.960011" lon="6.360784">
    <ele>1749.6807169322365</ele>
    <name>Les Mangeurs de Lune</name>
    <sym>Lodge</sym>
  </wpt>
  <wpt lat="45.994219" lon="6.371598">
    <ele>1472.7479308192273</ele>
    <name>Refuge de Spée</name>
    <sym>Lodge</sym>
  </wpt>
  <wpt lat="45.956341" lon="6.280789">
    <ele>1211.0415238307817</ele>
    <name>Cabane des Pics Noirs</name>
    <sym>Lodge</sym>
  </wpt>
  <wpt lat="45.952761" lon="6.273193">
    <ele>1308.3969380277065</ele>
    <name>Abri de Geai</name>
    <sym>Lodge</sym>
  </wpt>
  <wpt lat="45.946644" lon="6.266713">
    <ele>1380.2769966075086</ele>
    <name>Cabane des Bucherons</name>
    <sym>Lodge</sym>
  </wpt>
  <trk>
    <name>Trek des Bornes</name>
    <trkseg>
      <trkpt lat="46.022044" lon="6.38215">
        <ele>793.8</ele>
      </trkpt>
      <trkpt lat="46.022204" lon="6.382207">
        <ele>797</ele>
      </trkpt>
      <trkpt lat="46.02214" lon="6.381898">
        <ele>801.36</ele>
      </trkpt>
      <trkpt lat="46.022006" lon="6.381651">
        <ele>804.36</ele>
      </trkpt>
      <trkpt lat="46.021775" lon="6.38135">
        <ele>807.01</ele>
      </trkpt>
      <trkpt lat="46.021582" lon="6.380809">
        <ele>822.38</ele>
      </trkpt>
      <trkpt lat="46.02214" lon="6.380707">
        <ele>839.77</ele>
      </trkpt>
      <trkpt lat="46.021895" lon="6.379982">
        <ele>853.78</ele>
      </trkpt>
      <trkpt lat="46.023146" lon="6.380294">
        <ele>901.62</ele>
      </trkpt>
      <trkpt lat="46.023411" lon="6.380326">
        <ele>910.58</ele>
      </trkpt>
      <trkpt lat="46.023522" lon="6.38009">
        <ele>923.09</ele>
      </trkpt>
      <trkpt lat="46.023582" lon="6.379773">
        <ele>933.55</ele>
      </trkpt>
      <trkpt lat="46.023835" lon="6.378679">
        <ele>962.75</ele>
      </trkpt>
      <trkpt lat="46.024117" lon="6.377682">
        <ele>966.3</ele>
      </trkpt>
      <trkpt lat="46.024097" lon="6.37753">
        <ele>973.2</ele>
      </trkpt>
      <trkpt lat="46.024225" lon="6.376587">
        <ele>1002.39</ele>
      </trkpt>
      <trkpt lat="46.024465" lon="6.376123">
        <ele>1012.49</ele>
      </trkpt>
      <trkpt lat="46.024619" lon="6.375939">
        <ele>1008.73</ele>
      </trkpt>
      <trkpt lat="46.024834" lon="6.375826">
        <ele>997.89</ele>
      </trkpt>
      <trkpt lat="46.024874" lon="6.375771">
        <ele>996.32</ele>
      </trkpt>
      <trkpt lat="46.02487" lon="6.375627">
        <ele>998.66</ele>
      </trkpt>
      <trkpt lat="46.024824" lon="6.37573">
        <ele>999.89</ele>
      </trkpt>
      <trkpt lat="46.024698" lon="6.375471">
        <ele>1011.26</ele>
      </trkpt>
      <trkpt lat="46.024615" lon="6.375624">
        <ele>1013.88</ele>
      </trkpt>
      <trkpt lat="46.024503" lon="6.375174">
        <ele>1026.62</ele>
      </trkpt>
      <trkpt lat="46.024257" lon="6.37542">
        <ele>1039.84</ele>
      </trkpt>
      <trkpt lat="46.02422" lon="6.375066">
        <ele>1044.89</ele>
      </trkpt>
      <trkpt lat="46.024011" lon="6.375474">
        <ele>1057.25</ele>
      </trkpt>
      <trkpt lat="46.023959" lon="6.374745">
        <ele>1062.85</ele>
      </trkpt>
      <trkpt lat="46.023817" lon="6.37527">
        <ele>1076.06</ele>
      </trkpt>
      <trkpt lat="46.023654" lon="6.374938">
        <ele>1087.7</ele>
      </trkpt>
      <trkpt lat="46.023393" lon="6.375066">
        <ele>1105.29</ele>
      </trkpt>
      <trkpt lat="46.023169" lon="6.374895">
        <ele>1116.35</ele>
      </trkpt>
      <trkpt lat="46.023125" lon="6.374755">
        <ele>1119.2</ele>
      </trkpt>
      <trkpt lat="46.02305" lon="6.374369">
        <ele>1125.7</ele>
      </trkpt>
      <trkpt lat="46.022909" lon="6.374251">
        <ele>1136.76</ele>
      </trkpt>
      <trkpt lat="46.022752" lon="6.374262">
        <ele>1147.3</ele>
      </trkpt>
      <trkpt lat="46.022603" lon="6.374723">
        <ele>1143.7</ele>
      </trkpt>
      <trkpt lat="46.022402" lon="6.374659">
        <ele>1141.75</ele>
      </trkpt>
      <trkpt lat="46.02235" lon="6.374455">
        <ele>1146.47</ele>
      </trkpt>
      <trkpt lat="46.022402" lon="6.374047">
        <ele>1158.88</ele>
      </trkpt>
      <trkpt lat="46.022388" lon="6.373299">
        <ele>1181.24</ele>
      </trkpt>
      <trkpt lat="46.022097" lon="6.373028">
        <ele>1195.33</ele>
      </trkpt>
      <trkpt lat="46.022026" lon="6.372798">
        <ele>1203.66</ele>
      </trkpt>
      <trkpt lat="46.022126" lon="6.372112">
        <ele>1213.1</ele>
      </trkpt>
      <trkpt lat="46.022118" lon="6.371397">
        <ele>1223.99</ele>
      </trkpt>
      <trkpt lat="46.022059" lon="6.371277">
        <ele>1226.78</ele>
      </trkpt>
      <trkpt lat="46.021937" lon="6.371271">
        <ele>1229</ele>
      </trkpt>
      <trkpt lat="46.021908" lon="6.371252">
        <ele>1229.81</ele>
      </trkpt>
      <trkpt lat="46.021845" lon="6.371104">
        <ele>1233.2</ele>
      </trkpt>
      <trkpt lat="46.021747" lon="6.370758">
        <ele>1238.27</ele>
      </trkpt>
      <trkpt lat="46.021634" lon="6.370544">
        <ele>1240.57</ele>
      </trkpt>
      <trkpt lat="46.021598" lon="6.370448">
        <ele>1242.21</ele>
      </trkpt>
      <trkpt lat="46.021559" lon="6.370287">
        <ele>1245.7</ele>
      </trkpt>
      <trkpt lat="46.021523" lon="6.370012">
        <ele>1248.13</ele>
      </trkpt>
      <trkpt lat="46.0215" lon="6.369938">
        <ele>1248.39</ele>
      </trkpt>
      <trkpt lat="46.021387" lon="6.369695">
        <ele>1249.8</ele>
      </trkpt>
      <trkpt lat="46.021343" lon="6.369509">
        <ele>1251.94</ele>
      </trkpt>
      <trkpt lat="46.021307" lon="6.369306">
        <ele>1254.96</ele>
      </trkpt>
      <trkpt lat="46.02129" lon="6.36909">
        <ele>1258.57</ele>
      </trkpt>
      <trkpt lat="46.021269" lon="6.368936">
        <ele>1261.39</ele>
      </trkpt>
      <trkpt lat="46.021247" lon="6.368822">
        <ele>1263.7</ele>
      </trkpt>
      <trkpt lat="46.021201" lon="6.368667">
        <ele>1267.33</ele>
      </trkpt>
      <trkpt lat="46.021089" lon="6.368207">
        <ele>1280.29</ele>
      </trkpt>
      <trkpt lat="46.021086" lon="6.368108">
        <ele>1282.69</ele>
      </trkpt>
      <trkpt lat="46.021057" lon="6.367979">
        <ele>1286.79</ele>
      </trkpt>
      <trkpt lat="46.021053" lon="6.367694">
        <ele>1293.42</ele>
      </trkpt>
      <trkpt lat="46.021118" lon="6.36663">
        <ele>1303.49</ele>
      </trkpt>
      <trkpt lat="46.021151" lon="6.365844">
        <ele>1308.69</ele>
      </trkpt>
      <trkpt lat="46.021212" lon="6.365233">
        <ele>1306.24</ele>
      </trkpt>
      <trkpt lat="46.021326" lon="6.364718">
        <ele>1302.36</ele>
      </trkpt>
      <trkpt lat="46.021488" lon="6.364223">
        <ele>1294.8</ele>
      </trkpt>
      <trkpt lat="46.021544" lon="6.364002">
        <ele>1292.45</ele>
      </trkpt>
      <trkpt lat="46.021562" lon="6.363864">
        <ele>1292.12</ele>
      </trkpt>
      <trkpt lat="46.021551" lon="6.363654">
        <ele>1293.92</ele>
      </trkpt>
      <trkpt lat="46.021519" lon="6.363455">
        <ele>1296.84</ele>
      </trkpt>
      <trkpt lat="46.021533" lon="6.362961">
        <ele>1299.31</ele>
      </trkpt>
      <trkpt lat="46.021555" lon="6.362868">
        <ele>1299.15</ele>
      </trkpt>
      <trkpt lat="46.021571" lon="6.362847">
        <ele>1298.73</ele>
      </trkpt>
      <trkpt lat="46.021625" lon="6.362848">
        <ele>1296.79</ele>
      </trkpt>
      <trkpt lat="46.021879" lon="6.362991">
        <ele>1287.9</ele>
      </trkpt>
      <trkpt lat="46.022128" lon="6.363088">
        <ele>1290.12</ele>
      </trkpt>
      <trkpt lat="46.022219" lon="6.36319">
        <ele>1289.28</ele>
      </trkpt>
      <trkpt lat="46.022283" lon="6.363359">
        <ele>1286.27</ele>
      </trkpt>
      <trkpt lat="46.022381" lon="6.363473">
        <ele>1284.42</ele>
      </trkpt>
      <trkpt lat="46.022473" lon="6.363303">
        <ele>1289.6</ele>
      </trkpt>
      <trkpt lat="46.022479" lon="6.363252">
        <ele>1290.99</ele>
      </trkpt>
      <trkpt lat="46.02247" lon="6.363185">
        <ele>1292.66</ele>
      </trkpt>
      <trkpt lat="46.022442" lon="6.3631">
        <ele>1294.48</ele>
      </trkpt>
      <trkpt lat="46.022354" lon="6.362975">
        <ele>1296.21</ele>
      </trkpt>
      <trkpt lat="46.022068" lon="6.362485">
        <ele>1304.2</ele>
      </trkpt>
      <trkpt lat="46.021735" lon="6.362098">
        <ele>1314.47</ele>
      </trkpt>
      <trkpt lat="46.021641" lon="6.361963">
        <ele>1319.02</ele>
      </trkpt>
      <trkpt lat="46.021639" lon="6.361917">
        <ele>1320.34</ele>
      </trkpt>
      <trkpt lat="46.021666" lon="6.361893">
        <ele>1321.02</ele>
      </trkpt>
      <trkpt lat="46.021898" lon="6.361884">
        <ele>1322.13</ele>
      </trkpt>
      <trkpt lat="46.021916" lon="6.361874">
        <ele>1322.62</ele>
      </trkpt>
      <trkpt lat="46.021929" lon="6.361852">
        <ele>1323.38</ele>
      </trkpt>
      <trkpt lat="46.021932" lon="6.361826">
        <ele>1324.08</ele>
      </trkpt>
      <trkpt lat="46.021929" lon="6.361801">
        <ele>1324.68</ele>
      </trkpt>
      <trkpt lat="46.021909" lon="6.361762">
        <ele>1325.36</ele>
      </trkpt>
      <trkpt lat="46.021663" lon="6.361551">
        <ele>1329.29</ele>
      </trkpt>
      <trkpt lat="46.021639" lon="6.361527">
        <ele>1329.81</ele>
      </trkpt>
      <trkpt lat="46.021626" lon="6.361498">
        <ele>1330.5</ele>
      </trkpt>
      <trkpt lat="46.021627" lon="6.361417">
        <ele>1332.43</ele>
      </trkpt>
      <trkpt lat="46.021682" lon="6.361271">
        <ele>1336.12</ele>
      </trkpt>
      <trkpt lat="46.021699" lon="6.361257">
        <ele>1336.53</ele>
      </trkpt>
      <trkpt lat="46.021719" lon="6.361258">
        <ele>1336.58</ele>
      </trkpt>
      <trkpt lat="46.021818" lon="6.361322">
        <ele>1335.35</ele>
      </trkpt>
      <trkpt lat="46.021936" lon="6.361366">
        <ele>1335.72</ele>
      </trkpt>
      <trkpt lat="46.022512" lon="6.36141">
        <ele>1342.89</ele>
      </trkpt>
      <trkpt lat="46.022557" lon="6.361405">
        <ele>1343.68</ele>
      </trkpt>
      <trkpt lat="46.022576" lon="6.361392">
        <ele>1344.27</ele>
      </trkpt>
      <trkpt lat="46.022582" lon="6.361362">
        <ele>1345.13</ele>
      </trkpt>
      <trkpt lat="46.022578" lon="6.361331">
        <ele>1345.84</ele>
      </trkpt>
      <trkpt lat="46.022565" lon="6.361309">
        <ele>1346.21</ele>
      </trkpt>
      <trkpt lat="46.02234" lon="6.361111">
        <ele>1347.95</ele>
      </trkpt>
      <trkpt lat="46.022134" lon="6.360901">
        <ele>1349.67</ele>
      </trkpt>
      <trkpt lat="46.022111" lon="6.360862">
        <ele>1350.24</ele>
      </trkpt>
      <trkpt lat="46.022095" lon="6.360816">
        <ele>1351.08</ele>
      </trkpt>
      <trkpt lat="46.022092" lon="6.360723">
        <ele>1353.1</ele>
      </trkpt>
      <trkpt lat="46.022119" lon="6.360665">
        <ele>1354.56</ele>
      </trkpt>
      <trkpt lat="46.022148" lon="6.360652">
        <ele>1355.05</ele>
      </trkpt>
      <trkpt lat="46.022176" lon="6.360659">
        <ele>1355.11</ele>
      </trkpt>
      <trkpt lat="46.022236" lon="6.360718">
        <ele>1354.41</ele>
      </trkpt>
      <trkpt lat="46.022381" lon="6.360801">
        <ele>1354.24</ele>
      </trkpt>
      <trkpt lat="46.022415" lon="6.360813">
        <ele>1354.37</ele>
      </trkpt>
      <trkpt lat="46.022441" lon="6.360808">
        <ele>1354.73</ele>
      </trkpt>
      <trkpt lat="46.022453" lon="6.360775">
        <ele>1355.36</ele>
      </trkpt>
      <trkpt lat="46.022457" lon="6.360734">
        <ele>1356.04</ele>
      </trkpt>
      <trkpt lat="46.022452" lon="6.360523">
        <ele>1359.32</ele>
      </trkpt>
      <trkpt lat="46.022424" lon="6.36025">
        <ele>1363.63</ele>
      </trkpt>
      <trkpt lat="46.022406" lon="6.360198">
        <ele>1364.99</ele>
      </trkpt>
      <trkpt lat="46.022375" lon="6.36016">
        <ele>1366.38</ele>
      </trkpt>
      <trkpt lat="46.022294" lon="6.360124">
        <ele>1367.87</ele>
      </trkpt>
      <trkpt lat="46.022144" lon="6.360084">
        <ele>1369.85</ele>
      </trkpt>
      <trkpt lat="46.021864" lon="6.36007">
        <ele>1371.43</ele>
      </trkpt>
      <trkpt lat="46.021742" lon="6.360051">
        <ele>1372.04</ele>
      </trkpt>
      <trkpt lat="46.021649" lon="6.360023">
        <ele>1372.98</ele>
      </trkpt>
      <trkpt lat="46.02128" lon="6.359911">
        <ele>1376.66</ele>
      </trkpt>
      <trkpt lat="46.021193" lon="6.359872">
        <ele>1378.05</ele>
      </trkpt>
      <trkpt lat="46.021091" lon="6.359806">
        <ele>1380.61</ele>
      </trkpt>
      <trkpt lat="46.020858" lon="6.359712">
        <ele>1383.82</ele>
      </trkpt>
      <trkpt lat="46.020707" lon="6.359604">
        <ele>1387.45</ele>
      </trkpt>
      <trkpt lat="46.020485" lon="6.359523">
        <ele>1388.84</ele>
      </trkpt>
      <trkpt lat="46.020391" lon="6.359471">
        <ele>1389.81</ele>
      </trkpt>
      <trkpt lat="46.020146" lon="6.359274">
        <ele>1395.06</ele>
      </trkpt>
      <trkpt lat="46.020028" lon="6.359158">
        <ele>1399.78</ele>
      </trkpt>
      <trkpt lat="46.019832" lon="6.359032">
        <ele>1403.68</ele>
      </trkpt>
      <trkpt lat="46.019684" lon="6.358987">
        <ele>1404.29</ele>
      </trkpt>
      <trkpt lat="46.01938" lon="6.358938">
        <ele>1403.5</ele>
      </trkpt>
      <trkpt lat="46.01931" lon="6.358901">
        <ele>1404.05</ele>
      </trkpt>
      <trkpt lat="46.01897" lon="6.358512">
        <ele>1412.58</ele>
      </trkpt>
      <trkpt lat="46.018843" lon="6.358342">
        <ele>1415.93</ele>
      </trkpt>
      <trkpt lat="46.018765" lon="6.358316">
        <ele>1416.62</ele>
      </trkpt>
      <trkpt lat="46.018664" lon="6.358264">
        <ele>1417.76</ele>
      </trkpt>
      <trkpt lat="46.018673" lon="6.358135">
        <ele>1419.72</ele>
      </trkpt>
      <trkpt lat="46.018668" lon="6.358085">
        <ele>1420.5</ele>
      </trkpt>
      <trkpt lat="46.018657" lon="6.358041">
        <ele>1421.19</ele>
      </trkpt>
      <trkpt lat="46.018594" lon="6.357941">
        <ele>1422.8</ele>
      </trkpt>
      <trkpt lat="46.018579" lon="6.357901">
        <ele>1423.41</ele>
      </trkpt>
      <trkpt lat="46.018521" lon="6.357471">
        <ele>1430.35</ele>
      </trkpt>
      <trkpt lat="46.018527" lon="6.357349">
        <ele>1432.45</ele>
      </trkpt>
      <trkpt lat="46.018574" lon="6.357123">
        <ele>1436.69</ele>
      </trkpt>
      <trkpt lat="46.018631" lon="6.356952">
        <ele>1440.28</ele>
      </trkpt>
      <trkpt lat="46.018641" lon="6.356844">
        <ele>1442.3</ele>
      </trkpt>
      <trkpt lat="46.018628" lon="6.356773">
        <ele>1443.29</ele>
      </trkpt>
      <trkpt lat="46.018535" lon="6.356629">
        <ele>1444.27</ele>
      </trkpt>
      <trkpt lat="46.01851" lon="6.35654">
        <ele>1445.18</ele>
      </trkpt>
      <trkpt lat="46.018508" lon="6.356493">
        <ele>1445.83</ele>
      </trkpt>
      <trkpt lat="46.018509" lon="6.356239">
        <ele>1449.52</ele>
      </trkpt>
      <trkpt lat="46.018518" lon="6.356195">
        <ele>1450.37</ele>
      </trkpt>
      <trkpt lat="46.018505" lon="6.355797">
        <ele>1458.02</ele>
      </trkpt>
      <trkpt lat="46.018367" lon="6.355447">
        <ele>1469.6</ele>
      </trkpt>
      <trkpt lat="46.01829" lon="6.355468">
        <ele>1471.15</ele>
      </trkpt>
      <trkpt lat="46.018238" lon="6.355529">
        <ele>1471.06</ele>
      </trkpt>
      <trkpt lat="46.018109" lon="6.355776">
        <ele>1468.39</ele>
      </trkpt>
      <trkpt lat="46.017833" lon="6.356044">
        <ele>1468.48</ele>
      </trkpt>
      <trkpt lat="46.017728" lon="6.356346">
        <ele>1463.92</ele>
      </trkpt>
      <trkpt lat="46.017642" lon="6.356435">
        <ele>1462.6</ele>
      </trkpt>
      <trkpt lat="46.017461" lon="6.356435">
        <ele>1460.01</ele>
      </trkpt>
      <trkpt lat="46.017185" lon="6.356181">
        <ele>1462.51</ele>
      </trkpt>
      <trkpt lat="46.015817" lon="6.354524">
        <ele>1481.28</ele>
      </trkpt>
      <trkpt lat="46.015586" lon="6.354181">
        <ele>1486.59</ele>
      </trkpt>
      <trkpt lat="46.014362" lon="6.352908">
        <ele>1496.01</ele>
      </trkpt>
      <trkpt lat="46.01353" lon="6.352356">
        <ele>1504.74</ele>
      </trkpt>
      <trkpt lat="46.01333" lon="6.35225">
        <ele>1508.01</ele>
      </trkpt>
      <trkpt lat="46.013173" lon="6.352154">
        <ele>1510.38</ele>
      </trkpt>
      <trkpt lat="46.012904" lon="6.351721">
        <ele>1516.37</ele>
      </trkpt>
      <trkpt lat="46.012763" lon="6.351608">
        <ele>1517.62</ele>
      </trkpt>
      <trkpt lat="46.012682" lon="6.35156">
        <ele>1517.86</ele>
      </trkpt>
      <trkpt lat="46.01236" lon="6.351419">
        <ele>1521.02</ele>
      </trkpt>
      <trkpt lat="46.012148" lon="6.351341">
        <ele>1522.82</ele>
      </trkpt>
      <trkpt lat="46.011896" lon="6.351179">
        <ele>1525.52</ele>
      </trkpt>
      <trkpt lat="46.011746" lon="6.350957">
        <ele>1532.29</ele>
      </trkpt>
      <trkpt lat="46.011474" lon="6.350572">
        <ele>1548.19</ele>
      </trkpt>
      <trkpt lat="46.01124" lon="6.350494">
        <ele>1556.25</ele>
      </trkpt>
      <trkpt lat="46.011152" lon="6.350425">
        <ele>1560.81</ele>
      </trkpt>
      <trkpt lat="46.011132" lon="6.350232">
        <ele>1568.17</ele>
      </trkpt>
      <trkpt lat="46.011068" lon="6.350316">
        <ele>1566.89</ele>
      </trkpt>
      <trkpt lat="46.011024" lon="6.350028">
        <ele>1577.11</ele>
      </trkpt>
      <trkpt lat="46.010817" lon="6.34937">
        <ele>1605.01</ele>
      </trkpt>
      <trkpt lat="46.010607" lon="6.349934">
        <ele>1592.7</ele>
      </trkpt>
      <trkpt lat="46.010369" lon="6.350329">
        <ele>1589.25</ele>
      </trkpt>
      <trkpt lat="46.010087" lon="6.350709">
        <ele>1626.32</ele>
      </trkpt>
      <trkpt lat="46.009739" lon="6.351056">
        <ele>1673.48</ele>
      </trkpt>
      <trkpt lat="46.009442" lon="6.351542">
        <ele>1693.48</ele>
      </trkpt>
      <trkpt lat="46.009229" lon="6.35161">
        <ele>1715.78</ele>
      </trkpt>
      <trkpt lat="46.009025" lon="6.351543">
        <ele>1744.55</ele>
      </trkpt>
      <trkpt lat="46.008845" lon="6.351662">
        <ele>1764.53</ele>
      </trkpt>
      <trkpt lat="46.008698" lon="6.352183">
        <ele>1763.06</ele>
      </trkpt>
      <trkpt lat="46.00856" lon="6.352553">
        <ele>1763.93</ele>
      </trkpt>
      <trkpt lat="46.008465" lon="6.352873">
        <ele>1760.39</ele>
      </trkpt>
      <trkpt lat="46.008413" lon="6.35323">
        <ele>1752.87</ele>
      </trkpt>
      <trkpt lat="46.008444" lon="6.353585">
        <ele>1743.47</ele>
      </trkpt>
      <trkpt lat="46.008416" lon="6.353837">
        <ele>1732.84</ele>
      </trkpt>
      <trkpt lat="46.008443" lon="6.35417">
        <ele>1717.91</ele>
      </trkpt>
      <trkpt lat="46.008408" lon="6.354305">
        <ele>1712.73</ele>
      </trkpt>
      <trkpt lat="46.008368" lon="6.354266">
        <ele>1715.13</ele>
      </trkpt>
      <trkpt lat="46.008177" lon="6.354284">
        <ele>1718.01</ele>
      </trkpt>
      <trkpt lat="46.008135" lon="6.354451">
        <ele>1713.7</ele>
      </trkpt>
      <trkpt lat="46.008145" lon="6.354549">
        <ele>1712.24</ele>
      </trkpt>
      <trkpt lat="46.008099" lon="6.35465">
        <ele>1711.35</ele>
      </trkpt>
      <trkpt lat="46.008087" lon="6.354711">
        <ele>1710.51</ele>
      </trkpt>
      <trkpt lat="46.008124" lon="6.35472">
        <ele>1710.15</ele>
      </trkpt>
      <trkpt lat="46.008094" lon="6.354762">
        <ele>1709.65</ele>
      </trkpt>
      <trkpt lat="46.008072" lon="6.354794">
        <ele>1709.27</ele>
      </trkpt>
      <trkpt lat="46.007902" lon="6.354965">
        <ele>1705.78</ele>
      </trkpt>
      <trkpt lat="46.007777" lon="6.355188">
        <ele>1698.79</ele>
      </trkpt>
      <trkpt lat="46.007736" lon="6.355203">
        <ele>1697.76</ele>
      </trkpt>
      <trkpt lat="46.007516" lon="6.355011">
        <ele>1698.04</ele>
      </trkpt>
      <trkpt lat="46.007441" lon="6.354885">
        <ele>1699.59</ele>
      </trkpt>
      <trkpt lat="46.007332" lon="6.354779">
        <ele>1699.32</ele>
      </trkpt>
      <trkpt lat="46.007176" lon="6.354645">
        <ele>1698.17</ele>
      </trkpt>
      <trkpt lat="46.007055" lon="6.354463">
        <ele>1699.69</ele>
      </trkpt>
      <trkpt lat="46.006938" lon="6.354255">
        <ele>1702.92</ele>
      </trkpt>
      <trkpt lat="46.006725" lon="6.353956">
        <ele>1705.83</ele>
      </trkpt>
      <trkpt lat="46.006673" lon="6.35391">
        <ele>1705.2</ele>
      </trkpt>
      <trkpt lat="46.006586" lon="6.353865">
        <ele>1702.82</ele>
      </trkpt>
      <trkpt lat="46.00654" lon="6.353788">
        <ele>1703.33</ele>
      </trkpt>
      <trkpt lat="46.006459" lon="6.353702">
        <ele>1702.34</ele>
      </trkpt>
      <trkpt lat="46.00639" lon="6.35365">
        <ele>1700.7</ele>
      </trkpt>
      <trkpt lat="46.006277" lon="6.353541">
        <ele>1698.53</ele>
      </trkpt>
      <trkpt lat="46.006169" lon="6.353419">
        <ele>1697.15</ele>
      </trkpt>
      <trkpt lat="46.006042" lon="6.353318">
        <ele>1693.91</ele>
      </trkpt>
      <trkpt lat="46.005961" lon="6.353241">
        <ele>1692.67</ele>
      </trkpt>
      <trkpt lat="46.005833" lon="6.353151">
        <ele>1690.08</ele>
      </trkpt>
      <trkpt lat="46.005595" lon="6.352831">
        <ele>1687.95</ele>
      </trkpt>
      <trkpt lat="46.005283" lon="6.352346">
        <ele>1683.21</ele>
      </trkpt>
      <trkpt lat="46.00523" lon="6.352197">
        <ele>1683.37</ele>
      </trkpt>
      <trkpt lat="46.00515" lon="6.352019">
        <ele>1682.41</ele>
      </trkpt>
      <trkpt lat="46.004941" lon="6.351172">
        <ele>1683.37</ele>
      </trkpt>
      <trkpt lat="46.004889" lon="6.350537">
        <ele>1691.42</ele>
      </trkpt>
      <trkpt lat="46.004767" lon="6.350011">
        <ele>1689.47</ele>
      </trkpt>
      <trkpt lat="46.004627" lon="6.349267">
        <ele>1683.72</ele>
      </trkpt>
      <trkpt lat="46.00467" lon="6.348811">
        <ele>1685.06</ele>
      </trkpt>
      <trkpt lat="46.00481" lon="6.348049">
        <ele>1687.54</ele>
      </trkpt>
      <trkpt lat="46.005017" lon="6.347602">
        <ele>1690.95</ele>
      </trkpt>
      <trkpt lat="46.005136" lon="6.34743">
        <ele>1694.7</ele>
      </trkpt>
      <trkpt lat="46.005631" lon="6.347216">
        <ele>1707.5</ele>
      </trkpt>
      <trkpt lat="46.005718" lon="6.347067">
        <ele>1707</ele>
      </trkpt>
      <trkpt lat="46.005666" lon="6.346983">
        <ele>1704.79</ele>
      </trkpt>
      <trkpt lat="46.005605" lon="6.346825">
        <ele>1702.34</ele>
      </trkpt>
      <trkpt lat="46.005592" lon="6.346657">
        <ele>1701.38</ele>
      </trkpt>
      <trkpt lat="46.005437" lon="6.346452">
        <ele>1701.6</ele>
      </trkpt>
      <trkpt lat="46.005333" lon="6.346457">
        <ele>1702.42</ele>
      </trkpt>
      <trkpt lat="46.005175" lon="6.346298">
        <ele>1705.72</ele>
      </trkpt>
      <trkpt lat="46.005223" lon="6.346228">
        <ele>1705.76</ele>
      </trkpt>
      <trkpt lat="46.005144" lon="6.34581">
        <ele>1710.69</ele>
      </trkpt>
      <trkpt lat="46.005038" lon="6.345753">
        <ele>1710.94</ele>
      </trkpt>
      <trkpt lat="46.005038" lon="6.345632">
        <ele>1712.34</ele>
      </trkpt>
      <trkpt lat="46.005061" lon="6.345567">
        <ele>1712.98</ele>
      </trkpt>
      <trkpt lat="46.005016" lon="6.345446">
        <ele>1714.65</ele>
      </trkpt>
      <trkpt lat="46.005054" lon="6.345316">
        <ele>1715.76</ele>
      </trkpt>
      <trkpt lat="46.004922" lon="6.345329">
        <ele>1717.22</ele>
      </trkpt>
      <trkpt lat="46.004887" lon="6.345264">
        <ele>1718.72</ele>
      </trkpt>
      <trkpt lat="46.004817" lon="6.345248">
        <ele>1720.02</ele>
      </trkpt>
      <trkpt lat="46.004767" lon="6.345164">
        <ele>1721.08</ele>
      </trkpt>
      <trkpt lat="46.004739" lon="6.345093">
        <ele>1721.4</ele>
      </trkpt>
      <trkpt lat="46.004677" lon="6.345122">
        <ele>1722.58</ele>
      </trkpt>
      <trkpt lat="46.004558" lon="6.345012">
        <ele>1724.94</ele>
      </trkpt>
      <trkpt lat="46.004554" lon="6.344955">
        <ele>1725.14</ele>
      </trkpt>
      <trkpt lat="46.004525" lon="6.344935">
        <ele>1725.84</ele>
      </trkpt>
      <trkpt lat="46.00424" lon="6.345073">
        <ele>1728.02</ele>
      </trkpt>
      <trkpt lat="46.004149" lon="6.344924">
        <ele>1728.87</ele>
      </trkpt>
      <trkpt lat="46.004062" lon="6.344636">
        <ele>1732.61</ele>
      </trkpt>
      <trkpt lat="46.003846" lon="6.344224">
        <ele>1739.24</ele>
      </trkpt>
      <trkpt lat="46.003738" lon="6.344038">
        <ele>1741.85</ele>
      </trkpt>
      <trkpt lat="46.003659" lon="6.344001">
        <ele>1743.17</ele>
      </trkpt>
      <trkpt lat="46.003599" lon="6.343899">
        <ele>1744.93</ele>
      </trkpt>
      <trkpt lat="46.003533" lon="6.343897">
        <ele>1745.87</ele>
      </trkpt>
      <trkpt lat="46.003469" lon="6.343806">
        <ele>1746.53</ele>
      </trkpt>
      <trkpt lat="46.003363" lon="6.343468">
        <ele>1746.42</ele>
      </trkpt>
      <trkpt lat="46.003341" lon="6.343202">
        <ele>1746.37</ele>
      </trkpt>
      <trkpt lat="46.00322" lon="6.342692">
        <ele>1743.5</ele>
      </trkpt>
      <trkpt lat="46.003205" lon="6.342571">
        <ele>1743.96</ele>
      </trkpt>
      <trkpt lat="46.003114" lon="6.342391">
        <ele>1742.03</ele>
      </trkpt>
      <trkpt lat="46.003095" lon="6.342172">
        <ele>1742.92</ele>
      </trkpt>
      <trkpt lat="46.003116" lon="6.342028">
        <ele>1744.83</ele>
      </trkpt>
      <trkpt lat="46.003207" lon="6.341978">
        <ele>1748.96</ele>
      </trkpt>
      <trkpt lat="46.003274" lon="6.341854">
        <ele>1753.23</ele>
      </trkpt>
      <trkpt lat="46.003337" lon="6.341687">
        <ele>1759.32</ele>
      </trkpt>
      <trkpt lat="46.003393" lon="6.341509">
        <ele>1765.31</ele>
      </trkpt>
      <trkpt lat="46.003424" lon="6.341261">
        <ele>1771.68</ele>
      </trkpt>
      <trkpt lat="46.003414" lon="6.341178">
        <ele>1773</ele>
      </trkpt>
      <trkpt lat="46.003467" lon="6.3411">
        <ele>1776.75</ele>
      </trkpt>
      <trkpt lat="46.003473" lon="6.34077">
        <ele>1788.15</ele>
      </trkpt>
      <trkpt lat="46.003424" lon="6.34056">
        <ele>1793.49</ele>
      </trkpt>
      <trkpt lat="46.003304" lon="6.340342">
        <ele>1795.71</ele>
      </trkpt>
      <trkpt lat="46.003275" lon="6.340114">
        <ele>1801.76</ele>
      </trkpt>
      <trkpt lat="46.003278" lon="6.339927">
        <ele>1807.67</ele>
      </trkpt>
      <trkpt lat="46.003214" lon="6.339545">
        <ele>1816.17</ele>
      </trkpt>
      <trkpt lat="46.003205" lon="6.339387">
        <ele>1820.57</ele>
      </trkpt>
      <trkpt lat="46.003167" lon="6.339299">
        <ele>1821.44</ele>
      </trkpt>
      <trkpt lat="46.003287" lon="6.33931">
        <ele>1827.14</ele>
      </trkpt>
      <trkpt lat="46.003331" lon="6.339296">
        <ele>1829.8</ele>
      </trkpt>
      <trkpt lat="46.003398" lon="6.33926">
        <ele>1834.45</ele>
      </trkpt>
      <trkpt lat="46.003405" lon="6.339032">
        <ele>1842.67</ele>
      </trkpt>
      <trkpt lat="46.003395" lon="6.338896">
        <ele>1846.84</ele>
      </trkpt>
      <trkpt lat="46.003401" lon="6.338699">
        <ele>1854.02</ele>
      </trkpt>
      <trkpt lat="46.003365" lon="6.338364">
        <ele>1865.66</ele>
      </trkpt>
      <trkpt lat="46.003411" lon="6.338031">
        <ele>1884.74</ele>
      </trkpt>
      <trkpt lat="46.003246" lon="6.337565">
        <ele>1890.35</ele>
      </trkpt>
      <trkpt lat="46.003322" lon="6.337495">
        <ele>1898.47</ele>
      </trkpt>
      <trkpt lat="46.003412" lon="6.337546">
        <ele>1904.19</ele>
      </trkpt>
      <trkpt lat="46.003538" lon="6.337407">
        <ele>1914.87</ele>
      </trkpt>
      <trkpt lat="46.003532" lon="6.337284">
        <ele>1917.66</ele>
      </trkpt>
      <trkpt lat="46.003579" lon="6.337202">
        <ele>1919.67</ele>
      </trkpt>
      <trkpt lat="46.003602" lon="6.337004">
        <ele>1923.95</ele>
      </trkpt>
      <trkpt lat="46.00371" lon="6.336937">
        <ele>1924.86</ele>
      </trkpt>
      <trkpt lat="46.003605" lon="6.336585">
        <ele>1928.74</ele>
      </trkpt>
      <trkpt lat="46.003565" lon="6.336494">
        <ele>1933.36</ele>
      </trkpt>
      <trkpt lat="46.003513" lon="6.336378">
        <ele>1939.31</ele>
      </trkpt>
      <trkpt lat="46.003406" lon="6.336246">
        <ele>1938.67</ele>
      </trkpt>
      <trkpt lat="46.003362" lon="6.336106">
        <ele>1940.13</ele>
      </trkpt>
      <trkpt lat="46.003373" lon="6.335979">
        <ele>1943.86</ele>
      </trkpt>
      <trkpt lat="46.003378" lon="6.33578">
        <ele>1948.65</ele>
      </trkpt>
      <trkpt lat="46.003249" lon="6.33575">
        <ele>1943.09</ele>
      </trkpt>
      <trkpt lat="46.003152" lon="6.335632">
        <ele>1941.59</ele>
      </trkpt>
      <trkpt lat="46.003159" lon="6.335498">
        <ele>1945.47</ele>
      </trkpt>
      <trkpt lat="46.003119" lon="6.335251">
        <ele>1950.58</ele>
      </trkpt>
      <trkpt lat="46.00308" lon="6.33516">
        <ele>1950.54</ele>
      </trkpt>
      <trkpt lat="46.003105" lon="6.335022">
        <ele>1952.83</ele>
      </trkpt>
      <trkpt lat="46.003065" lon="6.334886">
        <ele>1953.1</ele>
      </trkpt>
      <trkpt lat="46.003035" lon="6.334689">
        <ele>1954.71</ele>
      </trkpt>
      <trkpt lat="46.00301" lon="6.334477">
        <ele>1956.97</ele>
      </trkpt>
      <trkpt lat="46.003015" lon="6.334298">
        <ele>1958.31</ele>
      </trkpt>
      <trkpt lat="46.002979" lon="6.334147">
        <ele>1958.07</ele>
      </trkpt>
      <trkpt lat="46.003021" lon="6.334054">
        <ele>1958.75</ele>
      </trkpt>
      <trkpt lat="46.003032" lon="6.333875">
        <ele>1959.19</ele>
      </trkpt>
      <trkpt lat="46.003087" lon="6.333562">
        <ele>1960.54</ele>
      </trkpt>
      <trkpt lat="46.003091" lon="6.333318">
        <ele>1962.58</ele>
      </trkpt>
      <trkpt lat="46.003033" lon="6.333191">
        <ele>1963.03</ele>
      </trkpt>
      <trkpt lat="46.002994" lon="6.332966">
        <ele>1964.81</ele>
      </trkpt>
      <trkpt lat="46.003054" lon="6.332715">
        <ele>1967.57</ele>
      </trkpt>
      <trkpt lat="46.002877" lon="6.332395">
        <ele>1974.12</ele>
      </trkpt>
      <trkpt lat="46.002845" lon="6.332198">
        <ele>1978.36</ele>
      </trkpt>
      <trkpt lat="46.00282" lon="6.331897">
        <ele>1984.91</ele>
      </trkpt>
      <trkpt lat="46.00279" lon="6.331768">
        <ele>1985.44</ele>
      </trkpt>
      <trkpt lat="46.002795" lon="6.331695">
        <ele>1985.81</ele>
      </trkpt>
      <trkpt lat="46.002783" lon="6.331604">
        <ele>1986.15</ele>
      </trkpt>
      <trkpt lat="46.002824" lon="6.331257">
        <ele>1988.02</ele>
      </trkpt>
      <trkpt lat="46.00283" lon="6.331136">
        <ele>1988.61</ele>
      </trkpt>
      <trkpt lat="46.002881" lon="6.330838">
        <ele>1989.3</ele>
      </trkpt>
      <trkpt lat="46.002917" lon="6.330687">
        <ele>1989.67</ele>
      </trkpt>
      <trkpt lat="46.002925" lon="6.330337">
        <ele>1989.96</ele>
      </trkpt>
      <trkpt lat="46.002947" lon="6.330033">
        <ele>1983.64</ele>
      </trkpt>
      <trkpt lat="46.002953" lon="6.32976">
        <ele>1973.78</ele>
      </trkpt>
      <trkpt lat="46.00294" lon="6.329536">
        <ele>1966.05</ele>
      </trkpt>
      <trkpt lat="46.002884" lon="6.329378">
        <ele>1963</ele>
      </trkpt>
      <trkpt lat="46.002879" lon="6.329243">
        <ele>1963.89</ele>
      </trkpt>
      <trkpt lat="46.002913" lon="6.329174">
        <ele>1963.33</ele>
      </trkpt>
      <trkpt lat="46.002934" lon="6.328836">
        <ele>1965.43</ele>
      </trkpt>
      <trkpt lat="46.002883" lon="6.328447">
        <ele>1968.98</ele>
      </trkpt>
      <trkpt lat="46.002886" lon="6.328272">
        <ele>1971.39</ele>
      </trkpt>
      <trkpt lat="46.002919" lon="6.328174">
        <ele>1972.97</ele>
      </trkpt>
      <trkpt lat="46.002924" lon="6.328021">
        <ele>1975.15</ele>
      </trkpt>
      <trkpt lat="46.002951" lon="6.327863">
        <ele>1977.69</ele>
      </trkpt>
      <trkpt lat="46.002965" lon="6.327611">
        <ele>1980.73</ele>
      </trkpt>
      <trkpt lat="46.003036" lon="6.327228">
        <ele>1984.42</ele>
      </trkpt>
      <trkpt lat="46.003099" lon="6.326824">
        <ele>1987.74</ele>
      </trkpt>
      <trkpt lat="46.003204" lon="6.326565">
        <ele>1989.33</ele>
      </trkpt>
      <trkpt lat="46.003267" lon="6.326268">
        <ele>1990.46</ele>
      </trkpt>
      <trkpt lat="46.003251" lon="6.326158">
        <ele>1990.32</ele>
      </trkpt>
      <trkpt lat="46.003295" lon="6.326039">
        <ele>1991.03</ele>
      </trkpt>
      <trkpt lat="46.003373" lon="6.325976">
        <ele>1992.07</ele>
      </trkpt>
      <trkpt lat="46.003597" lon="6.325984">
        <ele>1986.43</ele>
      </trkpt>
      <trkpt lat="46.003707" lon="6.325919">
        <ele>1979.32</ele>
      </trkpt>
      <trkpt lat="46.003852" lon="6.325623">
        <ele>1980.13</ele>
      </trkpt>
      <trkpt lat="46.003849" lon="6.325466">
        <ele>1986.03</ele>
      </trkpt>
      <trkpt lat="46.003828" lon="6.325279">
        <ele>1992.95</ele>
      </trkpt>
      <trkpt lat="46.003846" lon="6.324877">
        <ele>1989.48</ele>
      </trkpt>
      <trkpt lat="46.003834" lon="6.324763">
        <ele>1987.75</ele>
      </trkpt>
      <trkpt lat="46.003843" lon="6.324527">
        <ele>1983.86</ele>
      </trkpt>
      <trkpt lat="46.003803" lon="6.324373">
        <ele>1982.32</ele>
      </trkpt>
      <trkpt lat="46.003813" lon="6.324287">
        <ele>1981.19</ele>
      </trkpt>
      <trkpt lat="46.003908" lon="6.324235">
        <ele>1978.72</ele>
      </trkpt>
      <trkpt lat="46.003972" lon="6.324113">
        <ele>1976.32</ele>
      </trkpt>
      <trkpt lat="46.004034" lon="6.323843">
        <ele>1972.8</ele>
      </trkpt>
      <trkpt lat="46.004017" lon="6.323637">
        <ele>1971.3</ele>
      </trkpt>
      <trkpt lat="46.004023" lon="6.323315">
        <ele>1966.35</ele>
      </trkpt>
      <trkpt lat="46.004063" lon="6.323126">
        <ele>1962.55</ele>
      </trkpt>
      <trkpt lat="46.004082" lon="6.322864">
        <ele>1957.78</ele>
      </trkpt>
      <trkpt lat="46.004127" lon="6.322794">
        <ele>1956</ele>
      </trkpt>
      <trkpt lat="46.004101" lon="6.322628">
        <ele>1952.81</ele>
      </trkpt>
      <trkpt lat="46.004113" lon="6.322467">
        <ele>1948.69</ele>
      </trkpt>
      <trkpt lat="46.00424" lon="6.322241">
        <ele>1941.29</ele>
      </trkpt>
      <trkpt lat="46.004278" lon="6.32214">
        <ele>1938.2</ele>
      </trkpt>
      <trkpt lat="46.004335" lon="6.321919">
        <ele>1931.72</ele>
      </trkpt>
      <trkpt lat="46.004323" lon="6.321763">
        <ele>1928.5</ele>
      </trkpt>
      <trkpt lat="46.00434" lon="6.321495">
        <ele>1922.21</ele>
      </trkpt>
      <trkpt lat="46.00437" lon="6.321453">
        <ele>1919.85</ele>
      </trkpt>
      <trkpt lat="46.004361" lon="6.321361">
        <ele>1918.52</ele>
      </trkpt>
      <trkpt lat="46.004385" lon="6.321205">
        <ele>1914.82</ele>
      </trkpt>
      <trkpt lat="46.00454" lon="6.32097">
        <ele>1908.18</ele>
      </trkpt>
      <trkpt lat="46.004645" lon="6.320831">
        <ele>1904.14</ele>
      </trkpt>
      <trkpt lat="46.004853" lon="6.32037">
        <ele>1894.23</ele>
      </trkpt>
      <trkpt lat="46.004917" lon="6.32011">
        <ele>1889.83</ele>
      </trkpt>
      <trkpt lat="46.004991" lon="6.31973">
        <ele>1883.24</ele>
      </trkpt>
      <trkpt lat="46.005055" lon="6.319475">
        <ele>1878.24</ele>
      </trkpt>
      <trkpt lat="46.005141" lon="6.31918">
        <ele>1871.99</ele>
      </trkpt>
      <trkpt lat="46.005351" lon="6.318808">
        <ele>1862.45</ele>
      </trkpt>
      <trkpt lat="46.005399" lon="6.318791">
        <ele>1861.5</ele>
      </trkpt>
      <trkpt lat="46.005499" lon="6.318791">
        <ele>1859.99</ele>
      </trkpt>
      <trkpt lat="46.005528" lon="6.318746">
        <ele>1859.18</ele>
      </trkpt>
      <trkpt lat="46.005628" lon="6.318407">
        <ele>1854.78</ele>
      </trkpt>
      <trkpt lat="46.005676" lon="6.318166">
        <ele>1851.5</ele>
      </trkpt>
      <trkpt lat="46.005696" lon="6.317939">
        <ele>1848.69</ele>
      </trkpt>
      <trkpt lat="46.005618" lon="6.317871">
        <ele>1848.25</ele>
      </trkpt>
      <trkpt lat="46.005579" lon="6.317621">
        <ele>1844.69</ele>
      </trkpt>
      <trkpt lat="46.005561" lon="6.317438">
        <ele>1841.49</ele>
      </trkpt>
      <trkpt lat="46.005568" lon="6.317356">
        <ele>1839.92</ele>
      </trkpt>
      <trkpt lat="46.005598" lon="6.317274">
        <ele>1838.02</ele>
      </trkpt>
      <trkpt lat="46.005622" lon="6.317165">
        <ele>1835.6</ele>
      </trkpt>
      <trkpt lat="46.005541" lon="6.316948">
        <ele>1833.02</ele>
      </trkpt>
      <trkpt lat="46.005517" lon="6.316865">
        <ele>1831.99</ele>
      </trkpt>
      <trkpt lat="46.005525" lon="6.316813">
        <ele>1830.73</ele>
      </trkpt>
      <trkpt lat="46.005562" lon="6.316738">
        <ele>1828.36</ele>
      </trkpt>
      <trkpt lat="46.00561" lon="6.316675">
        <ele>1826.01</ele>
      </trkpt>
      <trkpt lat="46.005643" lon="6.316563">
        <ele>1822.97</ele>
      </trkpt>
      <trkpt lat="46.005699" lon="6.316289">
        <ele>1816.09</ele>
      </trkpt>
      <trkpt lat="46.005723" lon="6.31623">
        <ele>1814.35</ele>
      </trkpt>
      <trkpt lat="46.005722" lon="6.316168">
        <ele>1813.09</ele>
      </trkpt>
      <trkpt lat="46.005697" lon="6.316066">
        <ele>1811.48</ele>
      </trkpt>
      <trkpt lat="46.005667" lon="6.315987">
        <ele>1809.95</ele>
      </trkpt>
      <trkpt lat="46.005701" lon="6.315937">
        <ele>1807.8</ele>
      </trkpt>
      <trkpt lat="46.005717" lon="6.315866">
        <ele>1805.36</ele>
      </trkpt>
      <trkpt lat="46.005707" lon="6.315797">
        <ele>1803.61</ele>
      </trkpt>
      <trkpt lat="46.005683" lon="6.315733">
        <ele>1802.43</ele>
      </trkpt>
      <trkpt lat="46.005587" lon="6.315637">
        <ele>1802.46</ele>
      </trkpt>
      <trkpt lat="46.005524" lon="6.315516">
        <ele>1801.24</ele>
      </trkpt>
      <trkpt lat="46.005473" lon="6.315374">
        <ele>1799.38</ele>
      </trkpt>
      <trkpt lat="46.005445" lon="6.315275">
        <ele>1797.98</ele>
      </trkpt>
      <trkpt lat="46.005393" lon="6.314882">
        <ele>1788.04</ele>
      </trkpt>
      <trkpt lat="46.005367" lon="6.314821">
        <ele>1787.37</ele>
      </trkpt>
      <trkpt lat="46.005319" lon="6.314744">
        <ele>1787.42</ele>
      </trkpt>
      <trkpt lat="46.005171" lon="6.314616">
        <ele>1791.62</ele>
      </trkpt>
      <trkpt lat="46.00511" lon="6.314401">
        <ele>1787.96</ele>
      </trkpt>
      <trkpt lat="46.004993" lon="6.314318">
        <ele>1789.57</ele>
      </trkpt>
      <trkpt lat="46.004874" lon="6.314082">
        <ele>1788.82</ele>
      </trkpt>
      <trkpt lat="46.004821" lon="6.314071">
        <ele>1790.25</ele>
      </trkpt>
      <trkpt lat="46.004709" lon="6.313952">
        <ele>1791.82</ele>
      </trkpt>
      <trkpt lat="46.004703" lon="6.313905">
        <ele>1791.27</ele>
      </trkpt>
      <trkpt lat="46.004797" lon="6.313727">
        <ele>1785.25</ele>
      </trkpt>
      <trkpt lat="46.004767" lon="6.313595">
        <ele>1784.11</ele>
      </trkpt>
      <trkpt lat="46.004767" lon="6.313513">
        <ele>1782.41</ele>
      </trkpt>
      <trkpt lat="46.004886" lon="6.313479">
        <ele>1776.96</ele>
      </trkpt>
      <trkpt lat="46.005012" lon="6.313428">
        <ele>1770.38</ele>
      </trkpt>
      <trkpt lat="46.005101" lon="6.313338">
        <ele>1763.43</ele>
      </trkpt>
      <trkpt lat="46.005123" lon="6.313226">
        <ele>1758.24</ele>
      </trkpt>
      <trkpt lat="46.005134" lon="6.313063">
        <ele>1751.45</ele>
      </trkpt>
      <trkpt lat="46.005277" lon="6.313089">
        <ele>1741.58</ele>
      </trkpt>
      <trkpt lat="46.005225" lon="6.312921">
        <ele>1739.2</ele>
      </trkpt>
      <trkpt lat="46.005298" lon="6.312917">
        <ele>1733.05</ele>
      </trkpt>
      <trkpt lat="46.005411" lon="6.312979">
        <ele>1726.15</ele>
      </trkpt>
      <trkpt lat="46.005634" lon="6.313074">
        <ele>1711.45</ele>
      </trkpt>
      <trkpt lat="46.005707" lon="6.313155">
        <ele>1708.59</ele>
      </trkpt>
      <trkpt lat="46.00575" lon="6.313256">
        <ele>1709.09</ele>
      </trkpt>
      <trkpt lat="46.005774" lon="6.313279">
        <ele>1707.98</ele>
      </trkpt>
      <trkpt lat="46.005851" lon="6.313209">
        <ele>1698.85</ele>
      </trkpt>
      <trkpt lat="46.005963" lon="6.313284">
        <ele>1692.57</ele>
      </trkpt>
      <trkpt lat="46.006071" lon="6.313307">
        <ele>1686.71</ele>
      </trkpt>
      <trkpt lat="46.006159" lon="6.313402">
        <ele>1685.76</ele>
      </trkpt>
      <trkpt lat="46.006358" lon="6.313463">
        <ele>1677.49</ele>
      </trkpt>
      <trkpt lat="46.006493" lon="6.313666">
        <ele>1676.81</ele>
      </trkpt>
      <trkpt lat="46.006756" lon="6.313808">
        <ele>1664.98</ele>
      </trkpt>
      <trkpt lat="46.006766" lon="6.313745">
        <ele>1662.98</ele>
      </trkpt>
      <trkpt lat="46.006699" lon="6.313477">
        <ele>1659.85</ele>
      </trkpt>
      <trkpt lat="46.00659" lon="6.313122">
        <ele>1653.74</ele>
      </trkpt>
      <trkpt lat="46.00644" lon="6.312792">
        <ele>1649.56</ele>
      </trkpt>
      <trkpt lat="46.006306" lon="6.312467">
        <ele>1645.09</ele>
      </trkpt>
      <trkpt lat="46.006195" lon="6.312251">
        <ele>1642.98</ele>
      </trkpt>
      <trkpt lat="46.006065" lon="6.311647">
        <ele>1629.93</ele>
      </trkpt>
      <trkpt lat="46.006022" lon="6.311391">
        <ele>1624.57</ele>
      </trkpt>
      <trkpt lat="46.005959" lon="6.311147">
        <ele>1620.83</ele>
      </trkpt>
      <trkpt lat="46.00596" lon="6.310876">
        <ele>1614.11</ele>
      </trkpt>
      <trkpt lat="46.005887" lon="6.310632">
        <ele>1610.98</ele>
      </trkpt>
      <trkpt lat="46.005835" lon="6.310348">
        <ele>1604.77</ele>
      </trkpt>
      <trkpt lat="46.005735" lon="6.310152">
        <ele>1600.08</ele>
      </trkpt>
      <trkpt lat="46.005656" lon="6.310047">
        <ele>1597.06</ele>
      </trkpt>
      <trkpt lat="46.005599" lon="6.309936">
        <ele>1593.38</ele>
      </trkpt>
      <trkpt lat="46.005469" lon="6.309643">
        <ele>1582.54</ele>
      </trkpt>
      <trkpt lat="46.005369" lon="6.309381">
        <ele>1571.81</ele>
      </trkpt>
      <trkpt lat="46.005685" lon="6.309507">
        <ele>1576.56</ele>
      </trkpt>
      <trkpt lat="46.006091" lon="6.309588">
        <ele>1576.15</ele>
      </trkpt>
      <trkpt lat="46.006346" lon="6.30968">
        <ele>1572</ele>
      </trkpt>
      <trkpt lat="46.006562" lon="6.30984">
        <ele>1570.41</ele>
      </trkpt>
      <trkpt lat="46.006635" lon="6.309919">
        <ele>1570.41</ele>
      </trkpt>
      <trkpt lat="46.006966" lon="6.310124">
        <ele>1564.18</ele>
      </trkpt>
      <trkpt lat="46.007111" lon="6.31029">
        <ele>1561.81</ele>
      </trkpt>
      <trkpt lat="46.007194" lon="6.310336">
        <ele>1559.28</ele>
      </trkpt>
      <trkpt lat="46.00724" lon="6.310334">
        <ele>1557.34</ele>
      </trkpt>
      <trkpt lat="46.007248" lon="6.310096">
        <ele>1551.83</ele>
      </trkpt>
      <trkpt lat="46.00722" lon="6.30985">
        <ele>1547.34</ele>
      </trkpt>
      <trkpt lat="46.007122" lon="6.309598">
        <ele>1545.33</ele>
      </trkpt>
      <trkpt lat="46.007008" lon="6.309193">
        <ele>1538.51</ele>
      </trkpt>
      <trkpt lat="46.006756" lon="6.308175">
        <ele>1512.77</ele>
      </trkpt>
      <trkpt lat="46.006551" lon="6.307879">
        <ele>1504.77</ele>
      </trkpt>
      <trkpt lat="46.006419" lon="6.3078">
        <ele>1503.02</ele>
      </trkpt>
      <trkpt lat="46.006235" lon="6.307707">
        <ele>1500.96</ele>
      </trkpt>
      <trkpt lat="46.005891" lon="6.307449">
        <ele>1493.35</ele>
      </trkpt>
      <trkpt lat="46.005786" lon="6.30743">
        <ele>1491.88</ele>
      </trkpt>
      <trkpt lat="46.005506" lon="6.307344">
        <ele>1487.14</ele>
      </trkpt>
      <trkpt lat="46.005239" lon="6.307298">
        <ele>1483.94</ele>
      </trkpt>
      <trkpt lat="46.004945" lon="6.307065">
        <ele>1480.32</ele>
      </trkpt>
      <trkpt lat="46.004727" lon="6.306874">
        <ele>1478.62</ele>
      </trkpt>
      <trkpt lat="46.004567" lon="6.306522">
        <ele>1474.46</ele>
      </trkpt>
      <trkpt lat="46.004522" lon="6.306061">
        <ele>1467.01</ele>
      </trkpt>
      <trkpt lat="46.004482" lon="6.30576">
        <ele>1465.77</ele>
      </trkpt>
      <trkpt lat="46.004364" lon="6.305678">
        <ele>1467.26</ele>
      </trkpt>
      <trkpt lat="46.004284" lon="6.305551">
        <ele>1469.12</ele>
      </trkpt>
      <trkpt lat="46.004186" lon="6.30526">
        <ele>1471.78</ele>
      </trkpt>
      <trkpt lat="46.0042" lon="6.305074">
        <ele>1472.85</ele>
      </trkpt>
      <trkpt lat="46.00429" lon="6.304855">
        <ele>1471.16</ele>
      </trkpt>
      <trkpt lat="46.004364" lon="6.304362">
        <ele>1472.96</ele>
      </trkpt>
      <trkpt lat="46.004565" lon="6.303446">
        <ele>1460.69</ele>
      </trkpt>
      <trkpt lat="46.004535" lon="6.303068">
        <ele>1454.66</ele>
      </trkpt>
      <trkpt lat="46.004535" lon="6.302751">
        <ele>1448.68</ele>
      </trkpt>
      <trkpt lat="46.004345" lon="6.302434">
        <ele>1447.74</ele>
      </trkpt>
      <trkpt lat="46.004199" lon="6.302269">
        <ele>1450.08</ele>
      </trkpt>
      <trkpt lat="46.00415" lon="6.302213">
        <ele>1450.87</ele>
      </trkpt>
      <trkpt lat="46.004046" lon="6.301861">
        <ele>1446.18</ele>
      </trkpt>
      <trkpt lat="46.003948" lon="6.301439">
        <ele>1437.57</ele>
      </trkpt>
      <trkpt lat="46.003734" lon="6.301034">
        <ele>1432.85</ele>
      </trkpt>
      <trkpt lat="46.003513" lon="6.300822">
        <ele>1434.44</ele>
      </trkpt>
      <trkpt lat="46.003397" lon="6.300479">
        <ele>1428.64</ele>
      </trkpt>
      <trkpt lat="46.003098" lon="6.300021">
        <ele>1428.48</ele>
      </trkpt>
      <trkpt lat="46.002798" lon="6.299519">
        <ele>1428.78</ele>
      </trkpt>
      <trkpt lat="46.002382" lon="6.298956">
        <ele>1426.56</ele>
      </trkpt>
      <trkpt lat="46.00207" lon="6.29841">
        <ele>1420.17</ele>
      </trkpt>
      <trkpt lat="46.001385" lon="6.2973">
        <ele>1411.59</ele>
      </trkpt>
      <trkpt lat="46.001177" lon="6.296842">
        <ele>1407.38</ele>
      </trkpt>
      <trkpt lat="46.000975" lon="6.296323">
        <ele>1403.29</ele>
      </trkpt>
      <trkpt lat="46.000639" lon="6.29612">
        <ele>1404.52</ele>
      </trkpt>
      <trkpt lat="46.000449" lon="6.295891">
        <ele>1404.85</ele>
      </trkpt>
      <trkpt lat="46.000244" lon="6.295441">
        <ele>1405.62</ele>
      </trkpt>
      <trkpt lat="46.000137" lon="6.295559">
        <ele>1408.5</ele>
      </trkpt>
      <trkpt lat="45.999738" lon="6.295799">
        <ele>1420.58</ele>
      </trkpt>
      <trkpt lat="45.999431" lon="6.296214">
        <ele>1431.89</ele>
      </trkpt>
      <trkpt lat="45.999313" lon="6.296388">
        <ele>1438.02</ele>
      </trkpt>
      <trkpt lat="45.999258" lon="6.296513">
        <ele>1442.82</ele>
      </trkpt>
      <trkpt lat="45.999178" lon="6.29668">
        <ele>1449.23</ele>
      </trkpt>
      <trkpt lat="45.999266" lon="6.29706">
        <ele>1451.82</ele>
      </trkpt>
      <trkpt lat="45.999414" lon="6.297398">
        <ele>1455.63</ele>
      </trkpt>
      <trkpt lat="45.999505" lon="6.297667">
        <ele>1460.21</ele>
      </trkpt>
      <trkpt lat="45.999628" lon="6.297886">
        <ele>1464.04</ele>
      </trkpt>
      <trkpt lat="45.999728" lon="6.297932">
        <ele>1462.86</ele>
      </trkpt>
      <trkpt lat="45.999774" lon="6.29804">
        <ele>1465.19</ele>
      </trkpt>
      <trkpt lat="45.999845" lon="6.298142">
        <ele>1466.57</ele>
      </trkpt>
      <trkpt lat="45.999977" lon="6.298268">
        <ele>1466.83</ele>
      </trkpt>
      <trkpt lat="45.999806" lon="6.298291">
        <ele>1472.65</ele>
      </trkpt>
      <trkpt lat="45.999754" lon="6.298217">
        <ele>1471.69</ele>
      </trkpt>
      <trkpt lat="45.999631" lon="6.298189">
        <ele>1474.32</ele>
      </trkpt>
      <trkpt lat="45.999508" lon="6.298206">
        <ele>1478.51</ele>
      </trkpt>
      <trkpt lat="45.99911" lon="6.298175">
        <ele>1489.76</ele>
      </trkpt>
      <trkpt lat="45.999037" lon="6.29813">
        <ele>1490.68</ele>
      </trkpt>
      <trkpt lat="45.998955" lon="6.298133">
        <ele>1493.47</ele>
      </trkpt>
      <trkpt lat="45.998543" lon="6.298059">
        <ele>1504.98</ele>
      </trkpt>
      <trkpt lat="45.998146" lon="6.297855">
        <ele>1514.13</ele>
      </trkpt>
      <trkpt lat="45.998007" lon="6.297832">
        <ele>1518.7</ele>
      </trkpt>
      <trkpt lat="45.997903" lon="6.297717">
        <ele>1519.22</ele>
      </trkpt>
      <trkpt lat="45.997674" lon="6.297532">
        <ele>1524.85</ele>
      </trkpt>
      <trkpt lat="45.997589" lon="6.297444">
        <ele>1523.6</ele>
      </trkpt>
      <trkpt lat="45.997357" lon="6.297327">
        <ele>1520.31</ele>
      </trkpt>
      <trkpt lat="45.997215" lon="6.297221">
        <ele>1516.45</ele>
      </trkpt>
      <trkpt lat="45.997182" lon="6.297197">
        <ele>1515.55</ele>
      </trkpt>
      <trkpt lat="45.99707" lon="6.297176">
        <ele>1513.88</ele>
      </trkpt>
      <trkpt lat="45.996976" lon="6.297242">
        <ele>1515.31</ele>
      </trkpt>
      <trkpt lat="45.996947" lon="6.297283">
        <ele>1516.59</ele>
      </trkpt>
      <trkpt lat="45.996901" lon="6.297458">
        <ele>1522.88</ele>
      </trkpt>
      <trkpt lat="45.996867" lon="6.297639">
        <ele>1529.81</ele>
      </trkpt>
      <trkpt lat="45.996749" lon="6.29798">
        <ele>1543.12</ele>
      </trkpt>
      <trkpt lat="45.996579" lon="6.29831">
        <ele>1556.23</ele>
      </trkpt>
      <trkpt lat="45.99647" lon="6.298459">
        <ele>1562.47</ele>
      </trkpt>
      <trkpt lat="45.99625" lon="6.298669">
        <ele>1570.54</ele>
      </trkpt>
      <trkpt lat="45.996078" lon="6.29874">
        <ele>1571.97</ele>
      </trkpt>
      <trkpt lat="45.996025" lon="6.298723">
        <ele>1571.14</ele>
      </trkpt>
      <trkpt lat="45.995955" lon="6.298584">
        <ele>1567.35</ele>
      </trkpt>
      <trkpt lat="45.995911" lon="6.298534">
        <ele>1565.95</ele>
      </trkpt>
      <trkpt lat="45.995839" lon="6.298532">
        <ele>1566.44</ele>
      </trkpt>
      <trkpt lat="45.995787" lon="6.298612">
        <ele>1569.43</ele>
      </trkpt>
      <trkpt lat="45.995707" lon="6.299064">
        <ele>1581.54</ele>
      </trkpt>
      <trkpt lat="45.995639" lon="6.299204">
        <ele>1585.15</ele>
      </trkpt>
      <trkpt lat="45.99554" lon="6.299282">
        <ele>1587.07</ele>
      </trkpt>
      <trkpt lat="45.995386" lon="6.299325">
        <ele>1588</ele>
      </trkpt>
      <trkpt lat="45.994907" lon="6.299278">
        <ele>1588.38</ele>
      </trkpt>
      <trkpt lat="45.994617" lon="6.299369">
        <ele>1591.97</ele>
      </trkpt>
      <trkpt lat="45.994529" lon="6.299516">
        <ele>1595</ele>
      </trkpt>
      <trkpt lat="45.994454" lon="6.299595">
        <ele>1596.68</ele>
      </trkpt>
      <trkpt lat="45.994209" lon="6.299666">
        <ele>1600.07</ele>
      </trkpt>
      <trkpt lat="45.994015" lon="6.29983">
        <ele>1604.44</ele>
      </trkpt>
      <trkpt lat="45.993838" lon="6.300112">
        <ele>1608.56</ele>
      </trkpt>
      <trkpt lat="45.993532" lon="6.300135">
        <ele>1610.6</ele>
      </trkpt>
      <trkpt lat="45.992982" lon="6.300722">
        <ele>1613.46</ele>
      </trkpt>
      <trkpt lat="45.992487" lon="6.301337">
        <ele>1610.98</ele>
      </trkpt>
      <trkpt lat="45.992205" lon="6.301523">
        <ele>1607.25</ele>
      </trkpt>
      <trkpt lat="45.992054" lon="6.301718">
        <ele>1609.4</ele>
      </trkpt>
      <trkpt lat="45.99189" lon="6.301975">
        <ele>1614.06</ele>
      </trkpt>
      <trkpt lat="45.991743" lon="6.302139">
        <ele>1614.23</ele>
      </trkpt>
      <trkpt lat="45.991648" lon="6.302198">
        <ele>1611.78</ele>
      </trkpt>
      <trkpt lat="45.991494" lon="6.30227">
        <ele>1606.85</ele>
      </trkpt>
      <trkpt lat="45.991284" lon="6.302488">
        <ele>1603.6</ele>
      </trkpt>
      <trkpt lat="45.990928" lon="6.303346">
        <ele>1606.24</ele>
      </trkpt>
      <trkpt lat="45.990669" lon="6.30405">
        <ele>1603.58</ele>
      </trkpt>
      <trkpt lat="45.990632" lon="6.304172">
        <ele>1603.43</ele>
      </trkpt>
      <trkpt lat="45.990421" lon="6.304693">
        <ele>1595.8</ele>
      </trkpt>
      <trkpt lat="45.99026" lon="6.30489">
        <ele>1588.08</ele>
      </trkpt>
      <trkpt lat="45.990227" lon="6.304952">
        <ele>1586.82</ele>
      </trkpt>
      <trkpt lat="45.990203" lon="6.305035">
        <ele>1586.26</ele>
      </trkpt>
      <trkpt lat="45.99018" lon="6.305366">
        <ele>1587.26</ele>
      </trkpt>
      <trkpt lat="45.990114" lon="6.305574">
        <ele>1586.16</ele>
      </trkpt>
      <trkpt lat="45.990053" lon="6.305701">
        <ele>1585.35</ele>
      </trkpt>
      <trkpt lat="45.990001" lon="6.305801">
        <ele>1584.63</ele>
      </trkpt>
      <trkpt lat="45.989935" lon="6.305859">
        <ele>1583.48</ele>
      </trkpt>
      <trkpt lat="45.98976" lon="6.305979">
        <ele>1580.4</ele>
      </trkpt>
      <trkpt lat="45.98958" lon="6.306042">
        <ele>1577.01</ele>
      </trkpt>
      <trkpt lat="45.989376" lon="6.306061">
        <ele>1572.89</ele>
      </trkpt>
      <trkpt lat="45.98924" lon="6.306143">
        <ele>1573.18</ele>
      </trkpt>
      <trkpt lat="45.989077" lon="6.30637">
        <ele>1574.3</ele>
      </trkpt>
      <trkpt lat="45.989011" lon="6.306484">
        <ele>1574.28</ele>
      </trkpt>
      <trkpt lat="45.988994" lon="6.306543">
        <ele>1574.05</ele>
      </trkpt>
      <trkpt lat="45.988985" lon="6.306655">
        <ele>1573.36</ele>
      </trkpt>
      <trkpt lat="45.989001" lon="6.306974">
        <ele>1571.34</ele>
      </trkpt>
      <trkpt lat="45.988981" lon="6.307102">
        <ele>1570.68</ele>
      </trkpt>
      <trkpt lat="45.988947" lon="6.307676">
        <ele>1567.17</ele>
      </trkpt>
      <trkpt lat="45.988497" lon="6.309157">
        <ele>1543.27</ele>
      </trkpt>
      <trkpt lat="45.988484" lon="6.30946">
        <ele>1539.32</ele>
      </trkpt>
      <trkpt lat="45.988357" lon="6.30983">
        <ele>1534.9</ele>
      </trkpt>
      <trkpt lat="45.988327" lon="6.310003">
        <ele>1532.99</ele>
      </trkpt>
      <trkpt lat="45.988319" lon="6.310177">
        <ele>1531.35</ele>
      </trkpt>
      <trkpt lat="45.988325" lon="6.310373">
        <ele>1529.18</ele>
      </trkpt>
      <trkpt lat="45.988351" lon="6.310587">
        <ele>1527.14</ele>
      </trkpt>
      <trkpt lat="45.988364" lon="6.310791">
        <ele>1525.04</ele>
      </trkpt>
      <trkpt lat="45.988363" lon="6.310961">
        <ele>1523</ele>
      </trkpt>
      <trkpt lat="45.988341" lon="6.311073">
        <ele>1521.43</ele>
      </trkpt>
      <trkpt lat="45.988312" lon="6.311163">
        <ele>1521.15</ele>
      </trkpt>
      <trkpt lat="45.988242" lon="6.311272">
        <ele>1519.74</ele>
      </trkpt>
      <trkpt lat="45.988136" lon="6.311409">
        <ele>1517.33</ele>
      </trkpt>
      <trkpt lat="45.987968" lon="6.311694">
        <ele>1513.75</ele>
      </trkpt>
      <trkpt lat="45.987791" lon="6.311869">
        <ele>1509.01</ele>
      </trkpt>
      <trkpt lat="45.987736" lon="6.311912">
        <ele>1507.7</ele>
      </trkpt>
      <trkpt lat="45.987538" lon="6.311965">
        <ele>1503.8</ele>
      </trkpt>
      <trkpt lat="45.987457" lon="6.312024">
        <ele>1502.88</ele>
      </trkpt>
      <trkpt lat="45.987409" lon="6.312075">
        <ele>1502.39</ele>
      </trkpt>
      <trkpt lat="45.987363" lon="6.312148">
        <ele>1502.01</ele>
      </trkpt>
      <trkpt lat="45.987301" lon="6.31231">
        <ele>1501.67</ele>
      </trkpt>
      <trkpt lat="45.98727" lon="6.312433">
        <ele>1501.6</ele>
      </trkpt>
      <trkpt lat="45.98723" lon="6.313032">
        <ele>1502.24</ele>
      </trkpt>
      <trkpt lat="45.987234" lon="6.313137">
        <ele>1502.51</ele>
      </trkpt>
      <trkpt lat="45.987302" lon="6.313392">
        <ele>1505.29</ele>
      </trkpt>
      <trkpt lat="45.987314" lon="6.313464">
        <ele>1505.82</ele>
      </trkpt>
      <trkpt lat="45.987314" lon="6.313544">
        <ele>1505.94</ele>
      </trkpt>
      <trkpt lat="45.987256" lon="6.313858">
        <ele>1503.26</ele>
      </trkpt>
      <trkpt lat="45.987249" lon="6.313979">
        <ele>1502.79</ele>
      </trkpt>
      <trkpt lat="45.987315" lon="6.31448">
        <ele>1503.54</ele>
      </trkpt>
      <trkpt lat="45.98738" lon="6.314833">
        <ele>1501.92</ele>
      </trkpt>
      <trkpt lat="45.987384" lon="6.314974">
        <ele>1500.42</ele>
      </trkpt>
      <trkpt lat="45.987378" lon="6.315055">
        <ele>1499.3</ele>
      </trkpt>
      <trkpt lat="45.987362" lon="6.315126">
        <ele>1497.99</ele>
      </trkpt>
      <trkpt lat="45.987235" lon="6.315428">
        <ele>1490.72</ele>
      </trkpt>
      <trkpt lat="45.987084" lon="6.315654">
        <ele>1483.51</ele>
      </trkpt>
      <trkpt lat="45.987043" lon="6.315751">
        <ele>1481.13</ele>
      </trkpt>
      <trkpt lat="45.986976" lon="6.315966">
        <ele>1476.53</ele>
      </trkpt>
      <trkpt lat="45.986933" lon="6.316167">
        <ele>1473.09</ele>
      </trkpt>
      <trkpt lat="45.98694" lon="6.316243">
        <ele>1472.59</ele>
      </trkpt>
      <trkpt lat="45.986971" lon="6.316358">
        <ele>1472.6</ele>
      </trkpt>
      <trkpt lat="45.987" lon="6.316466">
        <ele>1472.61</ele>
      </trkpt>
      <trkpt lat="45.986979" lon="6.316552">
        <ele>1471.05</ele>
      </trkpt>
      <trkpt lat="45.986979" lon="6.31663">
        <ele>1470.35</ele>
      </trkpt>
      <trkpt lat="45.986994" lon="6.316738">
        <ele>1469.95</ele>
      </trkpt>
      <trkpt lat="45.98705" lon="6.316933">
        <ele>1470.12</ele>
      </trkpt>
      <trkpt lat="45.987165" lon="6.31724">
        <ele>1469.42</ele>
      </trkpt>
      <trkpt lat="45.987441" lon="6.3179">
        <ele>1467.57</ele>
      </trkpt>
      <trkpt lat="45.987446" lon="6.317969">
        <ele>1466.45</ele>
      </trkpt>
      <trkpt lat="45.987433" lon="6.317995">
        <ele>1465.55</ele>
      </trkpt>
      <trkpt lat="45.987408" lon="6.318014">
        <ele>1464.38</ele>
      </trkpt>
      <trkpt lat="45.987379" lon="6.318012">
        <ele>1463.49</ele>
      </trkpt>
      <trkpt lat="45.987301" lon="6.31797">
        <ele>1461.67</ele>
      </trkpt>
      <trkpt lat="45.987048" lon="6.317802">
        <ele>1455.7</ele>
      </trkpt>
      <trkpt lat="45.986822" lon="6.317674">
        <ele>1449.47</ele>
      </trkpt>
      <trkpt lat="45.986759" lon="6.317619">
        <ele>1448.63</ele>
      </trkpt>
      <trkpt lat="45.986633" lon="6.317454">
        <ele>1447.38</ele>
      </trkpt>
      <trkpt lat="45.986576" lon="6.317398">
        <ele>1446.4</ele>
      </trkpt>
      <trkpt lat="45.986525" lon="6.317375">
        <ele>1445.13</ele>
      </trkpt>
      <trkpt lat="45.986445" lon="6.317375">
        <ele>1442.73</ele>
      </trkpt>
      <trkpt lat="45.986406" lon="6.317394">
        <ele>1441.38</ele>
      </trkpt>
      <trkpt lat="45.986296" lon="6.317508">
        <ele>1437.19</ele>
      </trkpt>
      <trkpt lat="45.986245" lon="6.317538">
        <ele>1435.54</ele>
      </trkpt>
      <trkpt lat="45.986083" lon="6.317584">
        <ele>1430.81</ele>
      </trkpt>
      <trkpt lat="45.985997" lon="6.317598">
        <ele>1428.43</ele>
      </trkpt>
      <trkpt lat="45.985933" lon="6.317596">
        <ele>1427.17</ele>
      </trkpt>
      <trkpt lat="45.985883" lon="6.317578">
        <ele>1426.25</ele>
      </trkpt>
      <trkpt lat="45.985772" lon="6.317508">
        <ele>1424.29</ele>
      </trkpt>
      <trkpt lat="45.985636" lon="6.317369">
        <ele>1421.95</ele>
      </trkpt>
      <trkpt lat="45.985536" lon="6.317159">
        <ele>1420.42</ele>
      </trkpt>
      <trkpt lat="45.985457" lon="6.317044">
        <ele>1419</ele>
      </trkpt>
      <trkpt lat="45.985388" lon="6.31699">
        <ele>1417.63</ele>
      </trkpt>
      <trkpt lat="45.985083" lon="6.316834">
        <ele>1411.5</ele>
      </trkpt>
      <trkpt lat="45.984743" lon="6.316584">
        <ele>1405.6</ele>
      </trkpt>
      <trkpt lat="45.984584" lon="6.316509">
        <ele>1403.04</ele>
      </trkpt>
      <trkpt lat="45.984474" lon="6.316439">
        <ele>1401.37</ele>
      </trkpt>
      <trkpt lat="45.984449" lon="6.316408">
        <ele>1401.02</ele>
      </trkpt>
      <trkpt lat="45.984432" lon="6.316368">
        <ele>1400.83</ele>
      </trkpt>
      <trkpt lat="45.984409" lon="6.31616">
        <ele>1400.91</ele>
      </trkpt>
      <trkpt lat="45.98435" lon="6.315958">
        <ele>1400.07</ele>
      </trkpt>
      <trkpt lat="45.984337" lon="6.315859">
        <ele>1399.64</ele>
      </trkpt>
      <trkpt lat="45.984193" lon="6.31547">
        <ele>1396.49</ele>
      </trkpt>
      <trkpt lat="45.983881" lon="6.315228">
        <ele>1392.05</ele>
      </trkpt>
      <trkpt lat="45.983701" lon="6.31502">
        <ele>1389.73</ele>
      </trkpt>
      <trkpt lat="45.983647" lon="6.314933">
        <ele>1388.75</ele>
      </trkpt>
      <trkpt lat="45.983634" lon="6.314878">
        <ele>1388.45</ele>
      </trkpt>
      <trkpt lat="45.983611" lon="6.314833">
        <ele>1387.94</ele>
      </trkpt>
      <trkpt lat="45.983567" lon="6.314795">
        <ele>1386.95</ele>
      </trkpt>
      <trkpt lat="45.983527" lon="6.314697">
        <ele>1385.8</ele>
      </trkpt>
      <trkpt lat="45.983315" lon="6.314402">
        <ele>1381.86</ele>
      </trkpt>
      <trkpt lat="45.98325" lon="6.314298">
        <ele>1381.59</ele>
      </trkpt>
      <trkpt lat="45.983234" lon="6.314248">
        <ele>1381.69</ele>
      </trkpt>
      <trkpt lat="45.98321" lon="6.314216">
        <ele>1381.56</ele>
      </trkpt>
      <trkpt lat="45.982789" lon="6.313991">
        <ele>1376.4</ele>
      </trkpt>
      <trkpt lat="45.982766" lon="6.313861">
        <ele>1376.31</ele>
      </trkpt>
      <trkpt lat="45.982769" lon="6.313626">
        <ele>1376.86</ele>
      </trkpt>
      <trkpt lat="45.982655" lon="6.313391">
        <ele>1378.02</ele>
      </trkpt>
      <trkpt lat="45.982446" lon="6.312999">
        <ele>1382.57</ele>
      </trkpt>
      <trkpt lat="45.982266" lon="6.312749">
        <ele>1383.85</ele>
      </trkpt>
      <trkpt lat="45.981998" lon="6.312272">
        <ele>1384.54</ele>
      </trkpt>
      <trkpt lat="45.981807" lon="6.312008">
        <ele>1382.71</ele>
      </trkpt>
      <trkpt lat="45.981667" lon="6.311727">
        <ele>1384.98</ele>
      </trkpt>
      <trkpt lat="45.981537" lon="6.311596">
        <ele>1385.41</ele>
      </trkpt>
      <trkpt lat="45.981331" lon="6.311325">
        <ele>1386.23</ele>
      </trkpt>
      <trkpt lat="45.981014" lon="6.311008">
        <ele>1384.49</ele>
      </trkpt>
      <trkpt lat="45.980939" lon="6.310888">
        <ele>1386.35</ele>
      </trkpt>
      <trkpt lat="45.980848" lon="6.310831">
        <ele>1386.51</ele>
      </trkpt>
      <trkpt lat="45.980778" lon="6.310753">
        <ele>1387.45</ele>
      </trkpt>
      <trkpt lat="45.980541" lon="6.310532">
        <ele>1389.4</ele>
      </trkpt>
      <trkpt lat="45.980439" lon="6.310511">
        <ele>1388.4</ele>
      </trkpt>
      <trkpt lat="45.98034" lon="6.310606">
        <ele>1384.72</ele>
      </trkpt>
      <trkpt lat="45.980134" lon="6.310849">
        <ele>1376.26</ele>
      </trkpt>
      <trkpt lat="45.980033" lon="6.310786">
        <ele>1376.39</ele>
      </trkpt>
      <trkpt lat="45.979885" lon="6.310644">
        <ele>1377.65</ele>
      </trkpt>
      <trkpt lat="45.979717" lon="6.31044">
        <ele>1379.82</ele>
      </trkpt>
      <trkpt lat="45.979417" lon="6.310002">
        <ele>1383.14</ele>
      </trkpt>
      <trkpt lat="45.979004" lon="6.309568">
        <ele>1383.15</ele>
      </trkpt>
      <trkpt lat="45.97885" lon="6.309367">
        <ele>1383.36</ele>
      </trkpt>
      <trkpt lat="45.978518" lon="6.30886">
        <ele>1383.52</ele>
      </trkpt>
      <trkpt lat="45.978224" lon="6.308434">
        <ele>1384.1</ele>
      </trkpt>
      <trkpt lat="45.978099" lon="6.308213">
        <ele>1384.04</ele>
      </trkpt>
      <trkpt lat="45.977959" lon="6.30802">
        <ele>1382.69</ele>
      </trkpt>
      <trkpt lat="45.977882" lon="6.307749">
        <ele>1382.15</ele>
      </trkpt>
      <trkpt lat="45.977761" lon="6.30758">
        <ele>1381.39</ele>
      </trkpt>
      <trkpt lat="45.977511" lon="6.307449">
        <ele>1379.15</ele>
      </trkpt>
      <trkpt lat="45.977307" lon="6.307289">
        <ele>1378.08</ele>
      </trkpt>
      <trkpt lat="45.977139" lon="6.307248">
        <ele>1375.75</ele>
      </trkpt>
      <trkpt lat="45.976934" lon="6.307085">
        <ele>1373.24</ele>
      </trkpt>
      <trkpt lat="45.976685" lon="6.306907">
        <ele>1369.34</ele>
      </trkpt>
      <trkpt lat="45.976452" lon="6.306677">
        <ele>1366.89</ele>
      </trkpt>
      <trkpt lat="45.976164" lon="6.306336">
        <ele>1360.84</ele>
      </trkpt>
      <trkpt lat="45.97602" lon="6.306105">
        <ele>1356.01</ele>
      </trkpt>
      <trkpt lat="45.975769" lon="6.305671">
        <ele>1355.66</ele>
      </trkpt>
      <trkpt lat="45.975654" lon="6.30542">
        <ele>1355.41</ele>
      </trkpt>
      <trkpt lat="45.975524" lon="6.305018">
        <ele>1356.59</ele>
      </trkpt>
      <trkpt lat="45.975415" lon="6.304813">
        <ele>1356.43</ele>
      </trkpt>
      <trkpt lat="45.975369" lon="6.30474">
        <ele>1355.96</ele>
      </trkpt>
      <trkpt lat="45.975314" lon="6.304673">
        <ele>1355.04</ele>
      </trkpt>
      <trkpt lat="45.97519" lon="6.304463">
        <ele>1352.59</ele>
      </trkpt>
      <trkpt lat="45.974933" lon="6.303993">
        <ele>1355.4</ele>
      </trkpt>
      <trkpt lat="45.974717" lon="6.303786">
        <ele>1354.61</ele>
      </trkpt>
      <trkpt lat="45.974545" lon="6.303603">
        <ele>1352.33</ele>
      </trkpt>
      <trkpt lat="45.974403" lon="6.303288">
        <ele>1348.24</ele>
      </trkpt>
      <trkpt lat="45.974363" lon="6.303149">
        <ele>1346.12</ele>
      </trkpt>
      <trkpt lat="45.974264" lon="6.302884">
        <ele>1342.54</ele>
      </trkpt>
      <trkpt lat="45.974236" lon="6.30277">
        <ele>1341.24</ele>
      </trkpt>
      <trkpt lat="45.974203" lon="6.302354">
        <ele>1346.85</ele>
      </trkpt>
      <trkpt lat="45.973978" lon="6.302016">
        <ele>1342.15</ele>
      </trkpt>
      <trkpt lat="45.973875" lon="6.30197">
        <ele>1337.2</ele>
      </trkpt>
      <trkpt lat="45.973704" lon="6.301932">
        <ele>1328.14</ele>
      </trkpt>
      <trkpt lat="45.973657" lon="6.301836">
        <ele>1323.72</ele>
      </trkpt>
      <trkpt lat="45.973645" lon="6.301632">
        <ele>1317.74</ele>
      </trkpt>
      <trkpt lat="45.97357" lon="6.301491">
        <ele>1307.97</ele>
      </trkpt>
      <trkpt lat="45.97344" lon="6.301335">
        <ele>1293.67</ele>
      </trkpt>
      <trkpt lat="45.97337" lon="6.30125">
        <ele>1285.91</ele>
      </trkpt>
      <trkpt lat="45.973198" lon="6.301185">
        <ele>1273.19</ele>
      </trkpt>
      <trkpt lat="45.973068" lon="6.301006">
        <ele>1257.15</ele>
      </trkpt>
      <trkpt lat="45.972992" lon="6.300998">
        <ele>1251.97</ele>
      </trkpt>
      <trkpt lat="45.972971" lon="6.301079">
        <ele>1254.62</ele>
      </trkpt>
      <trkpt lat="45.972982" lon="6.301184">
        <ele>1260.35</ele>
      </trkpt>
      <trkpt lat="45.973105" lon="6.301347">
        <ele>1274.99</ele>
      </trkpt>
      <trkpt lat="45.973119" lon="6.301393">
        <ele>1277.83</ele>
      </trkpt>
      <trkpt lat="45.973081" lon="6.301429">
        <ele>1277.34</ele>
      </trkpt>
      <trkpt lat="45.972959" lon="6.301366">
        <ele>1267.76</ele>
      </trkpt>
      <trkpt lat="45.972904" lon="6.301302">
        <ele>1261.56</ele>
      </trkpt>
      <trkpt lat="45.972822" lon="6.301233">
        <ele>1253.35</ele>
      </trkpt>
      <trkpt lat="45.972778" lon="6.301173">
        <ele>1247.73</ele>
      </trkpt>
      <trkpt lat="45.972737" lon="6.30122">
        <ele>1247.77</ele>
      </trkpt>
      <trkpt lat="45.972708" lon="6.301364">
        <ele>1253.83</ele>
      </trkpt>
      <trkpt lat="45.972655" lon="6.301473">
        <ele>1256.96</ele>
      </trkpt>
      <trkpt lat="45.972585" lon="6.301549">
        <ele>1257.6</ele>
      </trkpt>
      <trkpt lat="45.972511" lon="6.301653">
        <ele>1260.01</ele>
      </trkpt>
      <trkpt lat="45.972495" lon="6.301644">
        <ele>1258.67</ele>
      </trkpt>
      <trkpt lat="45.97252" lon="6.301522">
        <ele>1252.82</ele>
      </trkpt>
      <trkpt lat="45.972487" lon="6.301294">
        <ele>1237.65</ele>
      </trkpt>
      <trkpt lat="45.972489" lon="6.301258">
        <ele>1235.69</ele>
      </trkpt>
      <trkpt lat="45.972505" lon="6.301178">
        <ele>1231.89</ele>
      </trkpt>
      <trkpt lat="45.972536" lon="6.301145">
        <ele>1231.77</ele>
      </trkpt>
      <trkpt lat="45.972567" lon="6.300952">
        <ele>1221.62</ele>
      </trkpt>
      <trkpt lat="45.972598" lon="6.3008">
        <ele>1214.3</ele>
      </trkpt>
      <trkpt lat="45.972652" lon="6.30059">
        <ele>1207.88</ele>
      </trkpt>
      <trkpt lat="45.972721" lon="6.300401">
        <ele>1203.05</ele>
      </trkpt>
      <trkpt lat="45.973019" lon="6.299288">
        <ele>1175.66</ele>
      </trkpt>
      <trkpt lat="45.973019" lon="6.299118">
        <ele>1172.13</ele>
      </trkpt>
      <trkpt lat="45.973002" lon="6.299028">
        <ele>1168.96</ele>
      </trkpt>
      <trkpt lat="45.972826" lon="6.298665">
        <ele>1148.45</ele>
      </trkpt>
      <trkpt lat="45.97279" lon="6.298415">
        <ele>1142.34</ele>
      </trkpt>
      <trkpt lat="45.972742" lon="6.298309">
        <ele>1138.19</ele>
      </trkpt>
      <trkpt lat="45.972766" lon="6.298113">
        <ele>1138.43</ele>
      </trkpt>
      <trkpt lat="45.972776" lon="6.297886">
        <ele>1137.51</ele>
      </trkpt>
      <trkpt lat="45.97281" lon="6.297704">
        <ele>1138.01</ele>
      </trkpt>
      <trkpt lat="45.972692" lon="6.297825">
        <ele>1131.58</ele>
      </trkpt>
      <trkpt lat="45.972625" lon="6.297996">
        <ele>1128.07</ele>
      </trkpt>
      <trkpt lat="45.972614" lon="6.297826">
        <ele>1126.3</ele>
      </trkpt>
      <trkpt lat="45.972653" lon="6.297486">
        <ele>1121.77</ele>
      </trkpt>
      <trkpt lat="45.972888" lon="6.296963">
        <ele>1117.5</ele>
      </trkpt>
      <trkpt lat="45.972964" lon="6.296841">
        <ele>1115.76</ele>
      </trkpt>
      <trkpt lat="45.972783" lon="6.296939">
        <ele>1111.99</ele>
      </trkpt>
      <trkpt lat="45.97262" lon="6.297048">
        <ele>1107.23</ele>
      </trkpt>
      <trkpt lat="45.972667" lon="6.296903">
        <ele>1105.77</ele>
      </trkpt>
      <trkpt lat="45.972776" lon="6.296691">
        <ele>1099.74</ele>
      </trkpt>
      <trkpt lat="45.972977" lon="6.296453">
        <ele>1095.52</ele>
      </trkpt>
      <trkpt lat="45.972646" lon="6.29658">
        <ele>1088.14</ele>
      </trkpt>
      <trkpt lat="45.972468" lon="6.296734">
        <ele>1086.16</ele>
      </trkpt>
      <trkpt lat="45.972271" lon="6.296861">
        <ele>1080.99</ele>
      </trkpt>
      <trkpt lat="45.972058" lon="6.297074">
        <ele>1073.64</ele>
      </trkpt>
      <trkpt lat="45.972005" lon="6.297158">
        <ele>1072.23</ele>
      </trkpt>
      <trkpt lat="45.971904" lon="6.297418">
        <ele>1071.18</ele>
      </trkpt>
      <trkpt lat="45.971815" lon="6.297757">
        <ele>1070.95</ele>
      </trkpt>
      <trkpt lat="45.971803" lon="6.297985">
        <ele>1070.11</ele>
      </trkpt>
      <trkpt lat="45.971833" lon="6.298137">
        <ele>1072.34</ele>
      </trkpt>
      <trkpt lat="45.971833" lon="6.298301">
        <ele>1072.28</ele>
      </trkpt>
      <trkpt lat="45.971777" lon="6.298446">
        <ele>1068.78</ele>
      </trkpt>
      <trkpt lat="45.971679" lon="6.298743">
        <ele>1058.3</ele>
      </trkpt>
      <trkpt lat="45.971647" lon="6.298896">
        <ele>1052.97</ele>
      </trkpt>
      <trkpt lat="45.971621" lon="6.298671">
        <ele>1056.75</ele>
      </trkpt>
      <trkpt lat="45.971638" lon="6.298587">
        <ele>1059.69</ele>
      </trkpt>
      <trkpt lat="45.971614" lon="6.298405">
        <ele>1058.41</ele>
      </trkpt>
      <trkpt lat="45.971624" lon="6.29835">
        <ele>1058.77</ele>
      </trkpt>
      <trkpt lat="45.971598" lon="6.298186">
        <ele>1056.2</ele>
      </trkpt>
      <trkpt lat="45.971517" lon="6.298003">
        <ele>1049.35</ele>
      </trkpt>
      <trkpt lat="45.971525" lon="6.297885">
        <ele>1049.09</ele>
      </trkpt>
      <trkpt lat="45.97146" lon="6.297509">
        <ele>1038.35</ele>
      </trkpt>
      <trkpt lat="45.971506" lon="6.2968">
        <ele>1025.85</ele>
      </trkpt>
      <trkpt lat="45.971549" lon="6.296628">
        <ele>1022.99</ele>
      </trkpt>
      <trkpt lat="45.971637" lon="6.296381">
        <ele>1020.69</ele>
      </trkpt>
      <trkpt lat="45.971634" lon="6.29636">
        <ele>1019.67</ele>
      </trkpt>
      <trkpt lat="45.971621" lon="6.296353">
        <ele>1018.37</ele>
      </trkpt>
      <trkpt lat="45.971554" lon="6.296412">
        <ele>1015.41</ele>
      </trkpt>
      <trkpt lat="45.971388" lon="6.296744">
        <ele>1014.13</ele>
      </trkpt>
      <trkpt lat="45.971296" lon="6.296973">
        <ele>1013.27</ele>
      </trkpt>
      <trkpt lat="45.971248" lon="6.297144">
        <ele>1013.12</ele>
      </trkpt>
      <trkpt lat="45.971146" lon="6.297354">
        <ele>1009.57</ele>
      </trkpt>
      <trkpt lat="45.971048" lon="6.297613">
        <ele>1007.7</ele>
      </trkpt>
      <trkpt lat="45.971017" lon="6.297835">
        <ele>1009.92</ele>
      </trkpt>
      <trkpt lat="45.971038" lon="6.297965">
        <ele>1013.93</ele>
      </trkpt>
      <trkpt lat="45.97103" lon="6.298027">
        <ele>1014.48</ele>
      </trkpt>
      <trkpt lat="45.971013" lon="6.298019">
        <ele>1013.08</ele>
      </trkpt>
      <trkpt lat="45.970987" lon="6.29792">
        <ele>1009.39</ele>
      </trkpt>
      <trkpt lat="45.97094" lon="6.297819">
        <ele>1004.38</ele>
      </trkpt>
      <trkpt lat="45.97093" lon="6.297638">
        <ele>999.89</ele>
      </trkpt>
      <trkpt lat="45.97093" lon="6.29744">
        <ele>995.11</ele>
      </trkpt>
      <trkpt lat="45.970851" lon="6.297642">
        <ele>994.81</ele>
      </trkpt>
      <trkpt lat="45.970757" lon="6.297802">
        <ele>992.24</ele>
      </trkpt>
      <trkpt lat="45.970752" lon="6.297587">
        <ele>987.03</ele>
      </trkpt>
      <trkpt lat="45.970782" lon="6.297262">
        <ele>980.98</ele>
      </trkpt>
      <trkpt lat="45.970855" lon="6.296926">
        <ele>977.67</ele>
      </trkpt>
      <trkpt lat="45.970846" lon="6.296917">
        <ele>976.82</ele>
      </trkpt>
      <trkpt lat="45.970546" lon="6.297337">
        <ele>967.28</ele>
      </trkpt>
      <trkpt lat="45.970421" lon="6.297599">
        <ele>965.8</ele>
      </trkpt>
      <trkpt lat="45.970437" lon="6.297638">
        <ele>967.8</ele>
      </trkpt>
      <trkpt lat="45.970443" lon="6.297719">
        <ele>970.25</ele>
      </trkpt>
      <trkpt lat="45.970309" lon="6.298001">
        <ele>967.55</ele>
      </trkpt>
      <trkpt lat="45.970279" lon="6.298162">
        <ele>969.05</ele>
      </trkpt>
      <trkpt lat="45.970268" lon="6.298277">
        <ele>970.79</ele>
      </trkpt>
      <trkpt lat="45.970179" lon="6.298491">
        <ele>969.93</ele>
      </trkpt>
      <trkpt lat="45.970154" lon="6.298561">
        <ele>969.96</ele>
      </trkpt>
      <trkpt lat="45.970136" lon="6.298714">
        <ele>971.08</ele>
      </trkpt>
      <trkpt lat="45.970137" lon="6.298793">
        <ele>971.87</ele>
      </trkpt>
      <trkpt lat="45.970127" lon="6.298817">
        <ele>971.9</ele>
      </trkpt>
      <trkpt lat="45.970114" lon="6.298807">
        <ele>971.57</ele>
      </trkpt>
      <trkpt lat="45.970098" lon="6.298791">
        <ele>971.11</ele>
      </trkpt>
      <trkpt lat="45.970085" lon="6.298792">
        <ele>970.86</ele>
      </trkpt>
      <trkpt lat="45.970073" lon="6.298806">
        <ele>970.78</ele>
      </trkpt>
      <trkpt lat="45.970074" lon="6.298842">
        <ele>971.16</ele>
      </trkpt>
      <trkpt lat="45.970062" lon="6.298871">
        <ele>971.23</ele>
      </trkpt>
      <trkpt lat="45.970001" lon="6.298822">
        <ele>969.58</ele>
      </trkpt>
      <trkpt lat="45.969961" lon="6.29882">
        <ele>968.81</ele>
      </trkpt>
      <trkpt lat="45.969939" lon="6.298859">
        <ele>968.82</ele>
      </trkpt>
      <trkpt lat="45.969929" lon="6.298976">
        <ele>969.91</ele>
      </trkpt>
      <trkpt lat="45.969909" lon="6.298988">
        <ele>969.69</ele>
      </trkpt>
      <trkpt lat="45.969877" lon="6.298974">
        <ele>968.96</ele>
      </trkpt>
      <trkpt lat="45.969848" lon="6.298934">
        <ele>967.98</ele>
      </trkpt>
      <trkpt lat="45.969829" lon="6.298869">
        <ele>966.88</ele>
      </trkpt>
      <trkpt lat="45.96976" lon="6.298795">
        <ele>964.73</ele>
      </trkpt>
      <trkpt lat="45.969784" lon="6.298716">
        <ele>964.24</ele>
      </trkpt>
      <trkpt lat="45.969794" lon="6.298632">
        <ele>963.47</ele>
      </trkpt>
      <trkpt lat="45.969789" lon="6.298131">
        <ele>954.48</ele>
      </trkpt>
      <trkpt lat="45.969801" lon="6.298015">
        <ele>952.49</ele>
      </trkpt>
      <trkpt lat="45.969847" lon="6.297846">
        <ele>949.97</ele>
      </trkpt>
      <trkpt lat="45.969862" lon="6.29774">
        <ele>948.14</ele>
      </trkpt>
      <trkpt lat="45.969856" lon="6.297638">
        <ele>945.59</ele>
      </trkpt>
      <trkpt lat="45.969818" lon="6.297438">
        <ele>939.98</ele>
      </trkpt>
      <trkpt lat="45.969812" lon="6.297373">
        <ele>938.25</ele>
      </trkpt>
      <trkpt lat="45.969811" lon="6.297246">
        <ele>935.01</ele>
      </trkpt>
      <trkpt lat="45.969843" lon="6.297071">
        <ele>930.97</ele>
      </trkpt>
      <trkpt lat="45.969982" lon="6.296627">
        <ele>921.51</ele>
      </trkpt>
      <trkpt lat="45.970217" lon="6.295928">
        <ele>909.39</ele>
      </trkpt>
      <trkpt lat="45.970267" lon="6.295805">
        <ele>908.39</ele>
      </trkpt>
      <trkpt lat="45.970579" lon="6.29522">
        <ele>906.66</ele>
      </trkpt>
      <trkpt lat="45.970787" lon="6.294913">
        <ele>907.71</ele>
      </trkpt>
      <trkpt lat="45.970827" lon="6.294807">
        <ele>906.08</ele>
      </trkpt>
      <trkpt lat="45.970887" lon="6.294574">
        <ele>900.79</ele>
      </trkpt>
      <trkpt lat="45.970957" lon="6.294436">
        <ele>899.15</ele>
      </trkpt>
      <trkpt lat="45.971214" lon="6.294134">
        <ele>897.79</ele>
      </trkpt>
      <trkpt lat="45.971537" lon="6.293852">
        <ele>897.26</ele>
      </trkpt>
      <trkpt lat="45.971997" lon="6.29358">
        <ele>898.11</ele>
      </trkpt>
      <trkpt lat="45.972386" lon="6.293315">
        <ele>896.95</ele>
      </trkpt>
      <trkpt lat="45.972863" lon="6.29289">
        <ele>889.42</ele>
      </trkpt>
      <trkpt lat="45.9735" lon="6.292342">
        <ele>880.04</ele>
      </trkpt>
      <trkpt lat="45.973847" lon="6.292054">
        <ele>872.8</ele>
      </trkpt>
      <trkpt lat="45.974002" lon="6.291979">
        <ele>870.96</ele>
      </trkpt>
      <trkpt lat="45.974444" lon="6.29185">
        <ele>870.17</ele>
      </trkpt>
      <trkpt lat="45.97481" lon="6.29158">
        <ele>866.64</ele>
      </trkpt>
      <trkpt lat="45.975923" lon="6.290817">
        <ele>853.86</ele>
      </trkpt>
      <trkpt lat="45.97602" lon="6.290788">
        <ele>853.66</ele>
      </trkpt>
      <trkpt lat="45.976114" lon="6.2908">
        <ele>853.87</ele>
      </trkpt>
      <trkpt lat="45.976506" lon="6.290915">
        <ele>857.17</ele>
      </trkpt>
      <trkpt lat="45.976632" lon="6.290919">
        <ele>856.82</ele>
      </trkpt>
      <trkpt lat="45.976692" lon="6.290887">
        <ele>855.31</ele>
      </trkpt>
      <trkpt lat="45.976717" lon="6.290845">
        <ele>853.6</ele>
      </trkpt>
      <trkpt lat="45.976717" lon="6.290782">
        <ele>851.13</ele>
      </trkpt>
      <trkpt lat="45.976695" lon="6.290711">
        <ele>848.42</ele>
      </trkpt>
      <trkpt lat="45.97665" lon="6.290657">
        <ele>846.43</ele>
      </trkpt>
      <trkpt lat="45.976591" lon="6.290641">
        <ele>845.95</ele>
      </trkpt>
      <trkpt lat="45.97671" lon="6.290513">
        <ele>840.65</ele>
      </trkpt>
      <trkpt lat="45.976773" lon="6.290423">
        <ele>837.05</ele>
      </trkpt>
      <trkpt lat="45.976817" lon="6.290288">
        <ele>831.79</ele>
      </trkpt>
      <trkpt lat="45.976961" lon="6.290121">
        <ele>828.15</ele>
      </trkpt>
      <trkpt lat="45.976955" lon="6.289575">
        <ele>815.84</ele>
      </trkpt>
      <trkpt lat="45.976892" lon="6.289128">
        <ele>806.43</ele>
      </trkpt>
      <trkpt lat="45.976939" lon="6.28884">
        <ele>801.95</ele>
      </trkpt>
      <trkpt lat="45.976949" lon="6.288573">
        <ele>797.44</ele>
      </trkpt>
      <trkpt lat="45.976917" lon="6.288289">
        <ele>792.08</ele>
      </trkpt>
      <trkpt lat="45.976924" lon="6.288082">
        <ele>788.4</ele>
      </trkpt>
      <trkpt lat="45.976933" lon="6.287919">
        <ele>785.55</ele>
      </trkpt>
      <trkpt lat="45.977002" lon="6.287707">
        <ele>782.33</ele>
      </trkpt>
      <trkpt lat="45.977046" lon="6.287662">
        <ele>781.97</ele>
      </trkpt>
      <trkpt lat="45.97704" lon="6.287414">
        <ele>777.9</ele>
      </trkpt>
      <trkpt lat="45.97709" lon="6.287318">
        <ele>776.82</ele>
      </trkpt>
      <trkpt lat="45.977148" lon="6.287259">
        <ele>776.44</ele>
      </trkpt>
      <trkpt lat="45.977275" lon="6.287045">
        <ele>774.35</ele>
      </trkpt>
      <trkpt lat="45.977432" lon="6.286834">
        <ele>773.06</ele>
      </trkpt>
      <trkpt lat="45.977628" lon="6.286623">
        <ele>773.42</ele>
      </trkpt>
      <trkpt lat="45.977687" lon="6.286524">
        <ele>773.3</ele>
      </trkpt>
      <trkpt lat="45.977725" lon="6.286367">
        <ele>772.45</ele>
      </trkpt>
      <trkpt lat="45.977709" lon="6.286351">
        <ele>772.12</ele>
      </trkpt>
      <trkpt lat="45.977689" lon="6.286254">
        <ele>771.05</ele>
      </trkpt>
      <trkpt lat="45.977704" lon="6.286122">
        <ele>770.13</ele>
      </trkpt>
      <trkpt lat="45.977776" lon="6.285858">
        <ele>768.47</ele>
      </trkpt>
      <trkpt lat="45.977841" lon="6.285577">
        <ele>766.37</ele>
      </trkpt>
      <trkpt lat="45.977867" lon="6.28538">
        <ele>764.65</ele>
      </trkpt>
      <trkpt lat="45.977844" lon="6.285262">
        <ele>763.22</ele>
      </trkpt>
      <trkpt lat="45.977967" lon="6.285014">
        <ele>761.76</ele>
      </trkpt>
      <trkpt lat="45.978134" lon="6.284802">
        <ele>761.07</ele>
      </trkpt>
      <trkpt lat="45.978086" lon="6.284713">
        <ele>759.65</ele>
      </trkpt>
      <trkpt lat="45.978007" lon="6.284604">
        <ele>757.7</ele>
      </trkpt>
      <trkpt lat="45.977967" lon="6.284516">
        <ele>756.38</ele>
      </trkpt>
      <trkpt lat="45.977953" lon="6.284211">
        <ele>752.61</ele>
      </trkpt>
      <trkpt lat="45.977873" lon="6.283896">
        <ele>747.76</ele>
      </trkpt>
      <trkpt lat="45.977814" lon="6.283717">
        <ele>744.84</ele>
      </trkpt>
      <trkpt lat="45.977675" lon="6.2834">
        <ele>739.89</ele>
      </trkpt>
      <trkpt lat="45.977495" lon="6.282885">
        <ele>734.07</ele>
      </trkpt>
      <trkpt lat="45.977346" lon="6.282498">
        <ele>729.74</ele>
      </trkpt>
      <trkpt lat="45.97724" lon="6.281943">
        <ele>724.41</ele>
      </trkpt>
      <trkpt lat="45.97689" lon="6.281493">
        <ele>716.7</ele>
      </trkpt>
      <trkpt lat="45.976746" lon="6.281368">
        <ele>715.59</ele>
      </trkpt>
      <trkpt lat="45.976625" lon="6.281311">
        <ele>715.55</ele>
      </trkpt>
      <trkpt lat="45.976513" lon="6.281243">
        <ele>715.35</ele>
      </trkpt>
      <trkpt lat="45.976397" lon="6.281104">
        <ele>714.52</ele>
      </trkpt>
      <trkpt lat="45.97635" lon="6.281004">
        <ele>714.15</ele>
      </trkpt>
      <trkpt lat="45.976322" lon="6.280908">
        <ele>714.26</ele>
      </trkpt>
      <trkpt lat="45.976296" lon="6.280468">
        <ele>714.61</ele>
      </trkpt>
      <trkpt lat="45.976248" lon="6.280319">
        <ele>715.17</ele>
      </trkpt>
      <trkpt lat="45.976178" lon="6.280226">
        <ele>716.01</ele>
      </trkpt>
      <trkpt lat="45.976019" lon="6.280146">
        <ele>718.87</ele>
      </trkpt>
      <trkpt lat="45.975914" lon="6.280014">
        <ele>725.77</ele>
      </trkpt>
      <trkpt lat="45.976151" lon="6.279486">
        <ele>727.09</ele>
      </trkpt>
      <trkpt lat="45.976248" lon="6.279372">
        <ele>726.65</ele>
      </trkpt>
      <trkpt lat="45.976349" lon="6.279276">
        <ele>725.48</ele>
      </trkpt>
      <trkpt lat="45.97642" lon="6.279162">
        <ele>725.05</ele>
      </trkpt>
      <trkpt lat="45.976451" lon="6.279078">
        <ele>725.18</ele>
      </trkpt>
      <trkpt lat="45.976463" lon="6.278909">
        <ele>726.56</ele>
      </trkpt>
      <trkpt lat="45.976446" lon="6.278568">
        <ele>730.36</ele>
      </trkpt>
      <trkpt lat="45.976426" lon="6.278372">
        <ele>732.41</ele>
      </trkpt>
      <trkpt lat="45.976457" lon="6.278052">
        <ele>734.08</ele>
      </trkpt>
      <trkpt lat="45.976381" lon="6.278046">
        <ele>735.8</ele>
      </trkpt>
      <trkpt lat="45.975929" lon="6.278205">
        <ele>745.84</ele>
      </trkpt>
      <trkpt lat="45.975743" lon="6.278225">
        <ele>751.4</ele>
      </trkpt>
      <trkpt lat="45.975552" lon="6.278135">
        <ele>756.81</ele>
      </trkpt>
      <trkpt lat="45.975254" lon="6.277841">
        <ele>762.96</ele>
      </trkpt>
      <trkpt lat="45.97505" lon="6.277853">
        <ele>770.87</ele>
      </trkpt>
      <trkpt lat="45.974839" lon="6.277789">
        <ele>780.95</ele>
      </trkpt>
      <trkpt lat="45.974403" lon="6.277663">
        <ele>803.34</ele>
      </trkpt>
      <trkpt lat="45.974194" lon="6.277661">
        <ele>812.27</ele>
      </trkpt>
      <trkpt lat="45.973938" lon="6.277626">
        <ele>822.15</ele>
      </trkpt>
      <trkpt lat="45.973708" lon="6.277564">
        <ele>831.43</ele>
      </trkpt>
      <trkpt lat="45.9736" lon="6.277458">
        <ele>836.63</ele>
      </trkpt>
      <trkpt lat="45.973035" lon="6.277246">
        <ele>866.11</ele>
      </trkpt>
      <trkpt lat="45.972566" lon="6.276849">
        <ele>899.43</ele>
      </trkpt>
      <trkpt lat="45.972528" lon="6.276793">
        <ele>902.63</ele>
      </trkpt>
      <trkpt lat="45.972587" lon="6.276634">
        <ele>903.34</ele>
      </trkpt>
      <trkpt lat="45.972614" lon="6.276335">
        <ele>908.86</ele>
      </trkpt>
      <trkpt lat="45.9726" lon="6.275924">
        <ele>917.92</ele>
      </trkpt>
      <trkpt lat="45.972624" lon="6.275727">
        <ele>919.39</ele>
      </trkpt>
      <trkpt lat="45.972713" lon="6.275382">
        <ele>918.43</ele>
      </trkpt>
      <trkpt lat="45.972765" lon="6.275229">
        <ele>916.85</ele>
      </trkpt>
      <trkpt lat="45.972695" lon="6.275059">
        <ele>921.94</ele>
      </trkpt>
      <trkpt lat="45.972445" lon="6.274702">
        <ele>940.78</ele>
      </trkpt>
      <trkpt lat="45.972399" lon="6.273837">
        <ele>947.91</ele>
      </trkpt>
      <trkpt lat="45.972278" lon="6.273461">
        <ele>957.73</ele>
      </trkpt>
      <trkpt lat="45.972315" lon="6.273118">
        <ele>952</ele>
      </trkpt>
      <trkpt lat="45.972323" lon="6.272828">
        <ele>948.97</ele>
      </trkpt>
      <trkpt lat="45.972276" lon="6.272704">
        <ele>951.63</ele>
      </trkpt>
      <trkpt lat="45.972122" lon="6.272507">
        <ele>962.17</ele>
      </trkpt>
      <trkpt lat="45.972046" lon="6.272262">
        <ele>966.38</ele>
      </trkpt>
      <trkpt lat="45.972071" lon="6.272168">
        <ele>963.83</ele>
      </trkpt>
      <trkpt lat="45.972154" lon="6.272098">
        <ele>957.17</ele>
      </trkpt>
      <trkpt lat="45.972272" lon="6.271832">
        <ele>946.61</ele>
      </trkpt>
      <trkpt lat="45.972269" lon="6.271766">
        <ele>946.23</ele>
      </trkpt>
      <trkpt lat="45.972141" lon="6.271227">
        <ele>949.34</ele>
      </trkpt>
      <trkpt lat="45.972023" lon="6.271043">
        <ele>954.34</ele>
      </trkpt>
      <trkpt lat="45.971866" lon="6.270765">
        <ele>962.69</ele>
      </trkpt>
      <trkpt lat="45.971748" lon="6.270477">
        <ele>967.52</ele>
      </trkpt>
      <trkpt lat="45.97147" lon="6.270386">
        <ele>984.32</ele>
      </trkpt>
      <trkpt lat="45.971448" lon="6.270291">
        <ele>985.41</ele>
      </trkpt>
      <trkpt lat="45.971501" lon="6.270163">
        <ele>982.69</ele>
      </trkpt>
      <trkpt lat="45.971559" lon="6.270063">
        <ele>980.76</ele>
      </trkpt>
      <trkpt lat="45.971392" lon="6.269403">
        <ele>1001.69</ele>
      </trkpt>
      <trkpt lat="45.971327" lon="6.269825">
        <ele>998.81</ele>
      </trkpt>
      <trkpt lat="45.971181" lon="6.270025">
        <ele>1004.77</ele>
      </trkpt>
      <trkpt lat="45.970923" lon="6.270177">
        <ele>1018.79</ele>
      </trkpt>
      <trkpt lat="45.971174" lon="6.269843">
        <ele>1007.72</ele>
      </trkpt>
      <trkpt lat="45.971105" lon="6.269442">
        <ele>1017.13</ele>
      </trkpt>
      <trkpt lat="45.971031" lon="6.269242">
        <ele>1023.89</ele>
      </trkpt>
      <trkpt lat="45.971038" lon="6.269143">
        <ele>1024.85</ele>
      </trkpt>
      <trkpt lat="45.970788" lon="6.268822">
        <ele>1044.5</ele>
      </trkpt>
      <trkpt lat="45.971023" lon="6.268574">
        <ele>1033.3</ele>
      </trkpt>
      <trkpt lat="45.971063" lon="6.268312">
        <ele>1036.76</ele>
      </trkpt>
      <trkpt lat="45.970943" lon="6.267844">
        <ele>1052.43</ele>
      </trkpt>
      <trkpt lat="45.971102" lon="6.267616">
        <ele>1050.37</ele>
      </trkpt>
      <trkpt lat="45.971108" lon="6.267213">
        <ele>1060.02</ele>
      </trkpt>
      <trkpt lat="45.971152" lon="6.267044">
        <ele>1062.38</ele>
      </trkpt>
      <trkpt lat="45.971081" lon="6.267042">
        <ele>1065.33</ele>
      </trkpt>
      <trkpt lat="45.971224" lon="6.26673">
        <ele>1065.5</ele>
      </trkpt>
      <trkpt lat="45.971298" lon="6.266458">
        <ele>1067.11</ele>
      </trkpt>
      <trkpt lat="45.971313" lon="6.266081">
        <ele>1072.91</ele>
      </trkpt>
      <trkpt lat="45.971334" lon="6.265971">
        <ele>1076.13</ele>
      </trkpt>
      <trkpt lat="45.971404" lon="6.265899">
        <ele>1078.22</ele>
      </trkpt>
      <trkpt lat="45.971458" lon="6.265886">
        <ele>1078.18</ele>
      </trkpt>
      <trkpt lat="45.971529" lon="6.26593">
        <ele>1075.02</ele>
      </trkpt>
      <trkpt lat="45.971772" lon="6.266583">
        <ele>1048.79</ele>
      </trkpt>
      <trkpt lat="45.97188" lon="6.266164">
        <ele>1061.45</ele>
      </trkpt>
      <trkpt lat="45.971942" lon="6.266657">
        <ele>1047.52</ele>
      </trkpt>
      <trkpt lat="45.972124" lon="6.266148">
        <ele>1071.79</ele>
      </trkpt>
      <trkpt lat="45.972253" lon="6.266072">
        <ele>1080.16</ele>
      </trkpt>
      <trkpt lat="45.97236" lon="6.26628">
        <ele>1075.26</ele>
      </trkpt>
      <trkpt lat="45.9725" lon="6.266134">
        <ele>1087.55</ele>
      </trkpt>
      <trkpt lat="45.972632" lon="6.266137">
        <ele>1092.78</ele>
      </trkpt>
      <trkpt lat="45.972682" lon="6.266213">
        <ele>1090.51</ele>
      </trkpt>
      <trkpt lat="45.972803" lon="6.266341">
        <ele>1087.37</ele>
      </trkpt>
      <trkpt lat="45.972947" lon="6.266447">
        <ele>1086.33</ele>
      </trkpt>
      <trkpt lat="45.973327" lon="6.266545">
        <ele>1093.35</ele>
      </trkpt>
      <trkpt lat="45.973529" lon="6.266444">
        <ele>1104.44</ele>
      </trkpt>
      <trkpt lat="45.973718" lon="6.266571">
        <ele>1101.44</ele>
      </trkpt>
      <trkpt lat="45.973861" lon="6.26661">
        <ele>1102.1</ele>
      </trkpt>
      <trkpt lat="45.973895" lon="6.266535">
        <ele>1106.34</ele>
      </trkpt>
      <trkpt lat="45.974004" lon="6.266438">
        <ele>1112.99</ele>
      </trkpt>
      <trkpt lat="45.973564" lon="6.26613">
        <ele>1120.76</ele>
      </trkpt>
      <trkpt lat="45.973313" lon="6.266049">
        <ele>1118.27</ele>
      </trkpt>
      <trkpt lat="45.973086" lon="6.26586">
        <ele>1122.57</ele>
      </trkpt>
      <trkpt lat="45.972995" lon="6.265766">
        <ele>1125.25</ele>
      </trkpt>
      <trkpt lat="45.973091" lon="6.265746">
        <ele>1129.44</ele>
      </trkpt>
      <trkpt lat="45.973537" lon="6.265768">
        <ele>1141.43</ele>
      </trkpt>
      <trkpt lat="45.973657" lon="6.265706">
        <ele>1146.61</ele>
      </trkpt>
      <trkpt lat="45.973446" lon="6.265505">
        <ele>1155.36</ele>
      </trkpt>
      <trkpt lat="45.973149" lon="6.265366">
        <ele>1153.74</ele>
      </trkpt>
      <trkpt lat="45.973016" lon="6.265248">
        <ele>1156.13</ele>
      </trkpt>
      <trkpt lat="45.973161" lon="6.265256">
        <ele>1160.68</ele>
      </trkpt>
      <trkpt lat="45.973342" lon="6.265196">
        <ele>1170.52</ele>
      </trkpt>
      <trkpt lat="45.973772" lon="6.265214">
        <ele>1176.46</ele>
      </trkpt>
      <trkpt lat="45.973892" lon="6.265164">
        <ele>1179.92</ele>
      </trkpt>
      <trkpt lat="45.973975" lon="6.265035">
        <ele>1187.12</ele>
      </trkpt>
      <trkpt lat="45.97412" lon="6.264928">
        <ele>1193.08</ele>
      </trkpt>
      <trkpt lat="45.974051" lon="6.264767">
        <ele>1201.22</ele>
      </trkpt>
      <trkpt lat="45.973638" lon="6.264753">
        <ele>1201.93</ele>
      </trkpt>
      <trkpt lat="45.973444" lon="6.264664">
        <ele>1205</ele>
      </trkpt>
      <trkpt lat="45.973208" lon="6.264488">
        <ele>1205.05</ele>
      </trkpt>
      <trkpt lat="45.973051" lon="6.264228">
        <ele>1210.66</ele>
      </trkpt>
      <trkpt lat="45.972719" lon="6.263992">
        <ele>1205</ele>
      </trkpt>
      <trkpt lat="45.972629" lon="6.263878">
        <ele>1205.99</ele>
      </trkpt>
      <trkpt lat="45.972657" lon="6.263787">
        <ele>1210.27</ele>
      </trkpt>
      <trkpt lat="45.972914" lon="6.263873">
        <ele>1219.24</ele>
      </trkpt>
      <trkpt lat="45.973091" lon="6.263895">
        <ele>1226.9</ele>
      </trkpt>
      <trkpt lat="45.973356" lon="6.264028">
        <ele>1233.72</ele>
      </trkpt>
      <trkpt lat="45.973484" lon="6.264012">
        <ele>1240.55</ele>
      </trkpt>
      <trkpt lat="45.973625" lon="6.264032">
        <ele>1240.34</ele>
      </trkpt>
      <trkpt lat="45.973825" lon="6.264036">
        <ele>1240.32</ele>
      </trkpt>
      <trkpt lat="45.974171" lon="6.263828">
        <ele>1252.86</ele>
      </trkpt>
      <trkpt lat="45.974189" lon="6.263733">
        <ele>1258.52</ele>
      </trkpt>
      <trkpt lat="45.974112" lon="6.263686">
        <ele>1260.76</ele>
      </trkpt>
      <trkpt lat="45.973771" lon="6.263614">
        <ele>1262.04</ele>
      </trkpt>
      <trkpt lat="45.973648" lon="6.263523">
        <ele>1265.53</ele>
      </trkpt>
      <trkpt lat="45.973431" lon="6.263436">
        <ele>1264.82</ele>
      </trkpt>
      <trkpt lat="45.973043" lon="6.263103">
        <ele>1260.5</ele>
      </trkpt>
      <trkpt lat="45.97291" lon="6.26285">
        <ele>1265.51</ele>
      </trkpt>
      <trkpt lat="45.972778" lon="6.262648">
        <ele>1268.04</ele>
      </trkpt>
      <trkpt lat="45.9727" lon="6.262311">
        <ele>1279.98</ele>
      </trkpt>
      <trkpt lat="45.972709" lon="6.261923">
        <ele>1298.78</ele>
      </trkpt>
      <trkpt lat="45.972644" lon="6.261798">
        <ele>1301.36</ele>
      </trkpt>
      <trkpt lat="45.972506" lon="6.261635">
        <ele>1304.82</ele>
      </trkpt>
      <trkpt lat="45.972403" lon="6.261479">
        <ele>1308.92</ele>
      </trkpt>
      <trkpt lat="45.9722" lon="6.261252">
        <ele>1314.74</ele>
      </trkpt>
      <trkpt lat="45.972023" lon="6.261204">
        <ele>1314.6</ele>
      </trkpt>
      <trkpt lat="45.972036" lon="6.26116">
        <ele>1316.44</ele>
      </trkpt>
      <trkpt lat="45.971986" lon="6.261122">
        <ele>1317.42</ele>
      </trkpt>
      <trkpt lat="45.972111" lon="6.26089">
        <ele>1327.96</ele>
      </trkpt>
      <trkpt lat="45.972013" lon="6.260798">
        <ele>1330.77</ele>
      </trkpt>
      <trkpt lat="45.972013" lon="6.260733">
        <ele>1333.43</ele>
      </trkpt>
      <trkpt lat="45.972116" lon="6.260648">
        <ele>1337.9</ele>
      </trkpt>
      <trkpt lat="45.972204" lon="6.260603">
        <ele>1340.57</ele>
      </trkpt>
      <trkpt lat="45.972387" lon="6.260669">
        <ele>1339.62</ele>
      </trkpt>
      <trkpt lat="45.972561" lon="6.260598">
        <ele>1344.22</ele>
      </trkpt>
      <trkpt lat="45.972724" lon="6.260675">
        <ele>1344.43</ele>
      </trkpt>
      <trkpt lat="45.97282" lon="6.260891">
        <ele>1339.23</ele>
      </trkpt>
      <trkpt lat="45.973204" lon="6.261079">
        <ele>1346.08</ele>
      </trkpt>
      <trkpt lat="45.973404" lon="6.261146">
        <ele>1351.6</ele>
      </trkpt>
      <trkpt lat="45.973474" lon="6.261328">
        <ele>1348.97</ele>
      </trkpt>
      <trkpt lat="45.973621" lon="6.261525">
        <ele>1346.92</ele>
      </trkpt>
      <trkpt lat="45.973726" lon="6.261708">
        <ele>1343.63</ele>
      </trkpt>
      <trkpt lat="45.973816" lon="6.261795">
        <ele>1342.75</ele>
      </trkpt>
      <trkpt lat="45.973874" lon="6.261615">
        <ele>1349.65</ele>
      </trkpt>
      <trkpt lat="45.973748" lon="6.261357">
        <ele>1354.97</ele>
      </trkpt>
      <trkpt lat="45.973661" lon="6.260911">
        <ele>1368.5</ele>
      </trkpt>
      <trkpt lat="45.973486" lon="6.260573">
        <ele>1379.06</ele>
      </trkpt>
      <trkpt lat="45.973281" lon="6.26045">
        <ele>1376.32</ele>
      </trkpt>
      <trkpt lat="45.973204" lon="6.260327">
        <ele>1378.64</ele>
      </trkpt>
      <trkpt lat="45.973133" lon="6.260157">
        <ele>1383.34</ele>
      </trkpt>
      <trkpt lat="45.973127" lon="6.259983">
        <ele>1391.41</ele>
      </trkpt>
      <trkpt lat="45.973179" lon="6.260046">
        <ele>1390.71</ele>
      </trkpt>
      <trkpt lat="45.973312" lon="6.260125">
        <ele>1392.57</ele>
      </trkpt>
      <trkpt lat="45.973436" lon="6.260066">
        <ele>1400.99</ele>
      </trkpt>
      <trkpt lat="45.97358" lon="6.260015">
        <ele>1409.29</ele>
      </trkpt>
      <trkpt lat="45.973689" lon="6.259996">
        <ele>1414.35</ele>
      </trkpt>
      <trkpt lat="45.974142" lon="6.260137">
        <ele>1420.19</ele>
      </trkpt>
      <trkpt lat="45.974048" lon="6.259944">
        <ele>1431.27</ele>
      </trkpt>
      <trkpt lat="45.973936" lon="6.259903">
        <ele>1429.78</ele>
      </trkpt>
      <trkpt lat="45.973768" lon="6.259673">
        <ele>1437.47</ele>
      </trkpt>
      <trkpt lat="45.973683" lon="6.259507">
        <ele>1443.25</ele>
      </trkpt>
      <trkpt lat="45.973648" lon="6.259307">
        <ele>1452.27</ele>
      </trkpt>
      <trkpt lat="45.973575" lon="6.259178">
        <ele>1454.39</ele>
      </trkpt>
      <trkpt lat="45.973504" lon="6.258937">
        <ele>1462.59</ele>
      </trkpt>
      <trkpt lat="45.973408" lon="6.258817">
        <ele>1463.54</ele>
      </trkpt>
      <trkpt lat="45.973224" lon="6.258635">
        <ele>1463.05</ele>
      </trkpt>
      <trkpt lat="45.973137" lon="6.258491">
        <ele>1464.76</ele>
      </trkpt>
      <trkpt lat="45.973051" lon="6.258371">
        <ele>1464.27</ele>
      </trkpt>
      <trkpt lat="45.972977" lon="6.258212">
        <ele>1466.08</ele>
      </trkpt>
      <trkpt lat="45.972928" lon="6.257903">
        <ele>1474.69</ele>
      </trkpt>
      <trkpt lat="45.972851" lon="6.257563">
        <ele>1480.71</ele>
      </trkpt>
      <trkpt lat="45.972774" lon="6.257373">
        <ele>1481.59</ele>
      </trkpt>
      <trkpt lat="45.972777" lon="6.257157">
        <ele>1485.6</ele>
      </trkpt>
      <trkpt lat="45.972824" lon="6.256543">
        <ele>1497.35</ele>
      </trkpt>
      <trkpt lat="45.973192" lon="6.256377">
        <ele>1495.85</ele>
      </trkpt>
      <trkpt lat="45.973286" lon="6.256258">
        <ele>1494.89</ele>
      </trkpt>
      <trkpt lat="45.973316" lon="6.256086">
        <ele>1494.5</ele>
      </trkpt>
      <trkpt lat="45.973249" lon="6.256113">
        <ele>1495.99</ele>
      </trkpt>
      <trkpt lat="45.973168" lon="6.256118">
        <ele>1497.79</ele>
      </trkpt>
      <trkpt lat="45.973105" lon="6.256069">
        <ele>1499.62</ele>
      </trkpt>
      <trkpt lat="45.973111" lon="6.255951">
        <ele>1502.08</ele>
      </trkpt>
      <trkpt lat="45.973166" lon="6.255816">
        <ele>1503.76</ele>
      </trkpt>
      <trkpt lat="45.973148" lon="6.255772">
        <ele>1505.43</ele>
      </trkpt>
      <trkpt lat="45.973099" lon="6.25574">
        <ele>1507.96</ele>
      </trkpt>
      <trkpt lat="45.972844" lon="6.255827">
        <ele>1513.93</ele>
      </trkpt>
      <trkpt lat="45.972641" lon="6.255853">
        <ele>1519.37</ele>
      </trkpt>
      <trkpt lat="45.97253" lon="6.255839">
        <ele>1523.31</ele>
      </trkpt>
      <trkpt lat="45.9721" lon="6.255847">
        <ele>1535.95</ele>
      </trkpt>
      <trkpt lat="45.972003" lon="6.255836">
        <ele>1539.23</ele>
      </trkpt>
      <trkpt lat="45.971764" lon="6.255757">
        <ele>1547.63</ele>
      </trkpt>
      <trkpt lat="45.971565" lon="6.255655">
        <ele>1552.43</ele>
      </trkpt>
      <trkpt lat="45.971573" lon="6.255611">
        <ele>1552.97</ele>
      </trkpt>
      <trkpt lat="45.971642" lon="6.255451">
        <ele>1555.13</ele>
      </trkpt>
      <trkpt lat="45.97164" lon="6.255404">
        <ele>1555.96</ele>
      </trkpt>
      <trkpt lat="45.971602" lon="6.255369">
        <ele>1556.54</ele>
      </trkpt>
      <trkpt lat="45.971444" lon="6.255323">
        <ele>1556.78</ele>
      </trkpt>
      <trkpt lat="45.971215" lon="6.255372">
        <ele>1556.15</ele>
      </trkpt>
      <trkpt lat="45.971081" lon="6.255349">
        <ele>1555.84</ele>
      </trkpt>
      <trkpt lat="45.970968" lon="6.255276">
        <ele>1555.03</ele>
      </trkpt>
      <trkpt lat="45.970806" lon="6.255104">
        <ele>1552.86</ele>
      </trkpt>
      <trkpt lat="45.970682" lon="6.255008">
        <ele>1551.18</ele>
      </trkpt>
      <trkpt lat="45.970307" lon="6.254635">
        <ele>1542</ele>
      </trkpt>
      <trkpt lat="45.970214" lon="6.254515">
        <ele>1538.4</ele>
      </trkpt>
      <trkpt lat="45.970133" lon="6.25434">
        <ele>1533.26</ele>
      </trkpt>
      <trkpt lat="45.97008" lon="6.254282">
        <ele>1532.08</ele>
      </trkpt>
      <trkpt lat="45.969999" lon="6.254247">
        <ele>1531.85</ele>
      </trkpt>
      <trkpt lat="45.969819" lon="6.254104">
        <ele>1529.47</ele>
      </trkpt>
      <trkpt lat="45.969716" lon="6.254052">
        <ele>1528.95</ele>
      </trkpt>
      <trkpt lat="45.969489" lon="6.253903">
        <ele>1526.85</ele>
      </trkpt>
      <trkpt lat="45.969244" lon="6.253763">
        <ele>1525.83</ele>
      </trkpt>
      <trkpt lat="45.969165" lon="6.253708">
        <ele>1525.63</ele>
      </trkpt>
      <trkpt lat="45.968942" lon="6.253437">
        <ele>1522.43</ele>
      </trkpt>
      <trkpt lat="45.968794" lon="6.253346">
        <ele>1522.92</ele>
      </trkpt>
      <trkpt lat="45.968676" lon="6.253253">
        <ele>1522.79</ele>
      </trkpt>
      <trkpt lat="45.968616" lon="6.253218">
        <ele>1523.05</ele>
      </trkpt>
      <trkpt lat="45.968474" lon="6.253169">
        <ele>1524.28</ele>
      </trkpt>
      <trkpt lat="45.968393" lon="6.253096">
        <ele>1523.63</ele>
      </trkpt>
      <trkpt lat="45.968308" lon="6.252991">
        <ele>1522.6</ele>
      </trkpt>
      <trkpt lat="45.968239" lon="6.252921">
        <ele>1522.29</ele>
      </trkpt>
      <trkpt lat="45.967876" lon="6.252729">
        <ele>1525.86</ele>
      </trkpt>
      <trkpt lat="45.967799" lon="6.252673">
        <ele>1527.23</ele>
      </trkpt>
      <trkpt lat="45.967663" lon="6.252501">
        <ele>1530.21</ele>
      </trkpt>
      <trkpt lat="45.967619" lon="6.252411">
        <ele>1531.99</ele>
      </trkpt>
      <trkpt lat="45.967615" lon="6.252268">
        <ele>1532.28</ele>
      </trkpt>
      <trkpt lat="45.967641" lon="6.252029">
        <ele>1531.56</ele>
      </trkpt>
      <trkpt lat="45.967639" lon="6.251971">
        <ele>1531.7</ele>
      </trkpt>
      <trkpt lat="45.967631" lon="6.251918">
        <ele>1532.05</ele>
      </trkpt>
      <trkpt lat="45.967596" lon="6.251858">
        <ele>1533.54</ele>
      </trkpt>
      <trkpt lat="45.967474" lon="6.251801">
        <ele>1538.35</ele>
      </trkpt>
      <trkpt lat="45.967295" lon="6.251805">
        <ele>1544.44</ele>
      </trkpt>
      <trkpt lat="45.967156" lon="6.251767">
        <ele>1549.19</ele>
      </trkpt>
      <trkpt lat="45.966948" lon="6.251278">
        <ele>1553.52</ele>
      </trkpt>
      <trkpt lat="45.966426" lon="6.25042">
        <ele>1559.96</ele>
      </trkpt>
      <trkpt lat="45.96625" lon="6.250047">
        <ele>1559.49</ele>
      </trkpt>
      <trkpt lat="45.966108" lon="6.24969">
        <ele>1557.77</ele>
      </trkpt>
      <trkpt lat="45.966065" lon="6.249648">
        <ele>1557.17</ele>
      </trkpt>
      <trkpt lat="45.966008" lon="6.249565">
        <ele>1555.96</ele>
      </trkpt>
      <trkpt lat="45.965981" lon="6.24948">
        <ele>1555.09</ele>
      </trkpt>
      <trkpt lat="45.965969" lon="6.249374">
        <ele>1554.15</ele>
      </trkpt>
      <trkpt lat="45.965959" lon="6.249279">
        <ele>1553.7</ele>
      </trkpt>
      <trkpt lat="45.965941" lon="6.249216">
        <ele>1553.43</ele>
      </trkpt>
      <trkpt lat="45.965914" lon="6.249155">
        <ele>1553.15</ele>
      </trkpt>
      <trkpt lat="45.965878" lon="6.249102">
        <ele>1552.89</ele>
      </trkpt>
      <trkpt lat="45.965825" lon="6.249054">
        <ele>1552.61</ele>
      </trkpt>
      <trkpt lat="45.965401" lon="6.248836">
        <ele>1549.9</ele>
      </trkpt>
      <trkpt lat="45.965293" lon="6.248752">
        <ele>1548.31</ele>
      </trkpt>
      <trkpt lat="45.965006" lon="6.248441">
        <ele>1545.15</ele>
      </trkpt>
      <trkpt lat="45.96494" lon="6.248359">
        <ele>1544.95</ele>
      </trkpt>
      <trkpt lat="45.964872" lon="6.248252">
        <ele>1544.31</ele>
      </trkpt>
      <trkpt lat="45.964389" lon="6.247723">
        <ele>1540.71</ele>
      </trkpt>
      <trkpt lat="45.964185" lon="6.247512">
        <ele>1539.55</ele>
      </trkpt>
      <trkpt lat="45.964097" lon="6.247404">
        <ele>1539.07</ele>
      </trkpt>
      <trkpt lat="45.963998" lon="6.247301">
        <ele>1539.13</ele>
      </trkpt>
      <trkpt lat="45.963936" lon="6.247205">
        <ele>1538.44</ele>
      </trkpt>
      <trkpt lat="45.963684" lon="6.246728">
        <ele>1532.41</ele>
      </trkpt>
      <trkpt lat="45.963577" lon="6.246558">
        <ele>1528.7</ele>
      </trkpt>
      <trkpt lat="45.963529" lon="6.246492">
        <ele>1527.17</ele>
      </trkpt>
      <trkpt lat="45.963355" lon="6.246347">
        <ele>1529.66</ele>
      </trkpt>
      <trkpt lat="45.963237" lon="6.246212">
        <ele>1531.51</ele>
      </trkpt>
      <trkpt lat="45.963096" lon="6.246027">
        <ele>1533.97</ele>
      </trkpt>
      <trkpt lat="45.962978" lon="6.245789">
        <ele>1534.55</ele>
      </trkpt>
      <trkpt lat="45.96295" lon="6.245692">
        <ele>1533.42</ele>
      </trkpt>
      <trkpt lat="45.962903" lon="6.245568">
        <ele>1532.5</ele>
      </trkpt>
      <trkpt lat="45.962573" lon="6.244808">
        <ele>1531.05</ele>
      </trkpt>
      <trkpt lat="45.962551" lon="6.244716">
        <ele>1530.41</ele>
      </trkpt>
      <trkpt lat="45.962516" lon="6.244475">
        <ele>1527.32</ele>
      </trkpt>
      <trkpt lat="45.962502" lon="6.244064">
        <ele>1528.56</ele>
      </trkpt>
      <trkpt lat="45.962493" lon="6.243965">
        <ele>1529.79</ele>
      </trkpt>
      <trkpt lat="45.962457" lon="6.243759">
        <ele>1532.75</ele>
      </trkpt>
      <trkpt lat="45.962457" lon="6.243705">
        <ele>1533.14</ele>
      </trkpt>
      <trkpt lat="45.962474" lon="6.243645">
        <ele>1533.02</ele>
      </trkpt>
      <trkpt lat="45.962533" lon="6.243553">
        <ele>1531.86</ele>
      </trkpt>
      <trkpt lat="45.962582" lon="6.243498">
        <ele>1531.65</ele>
      </trkpt>
      <trkpt lat="45.96263" lon="6.243469">
        <ele>1531.13</ele>
      </trkpt>
      <trkpt lat="45.962699" lon="6.243428">
        <ele>1530.39</ele>
      </trkpt>
      <trkpt lat="45.962796" lon="6.2434">
        <ele>1528.75</ele>
      </trkpt>
      <trkpt lat="45.962873" lon="6.243391">
        <ele>1527.04</ele>
      </trkpt>
      <trkpt lat="45.963055" lon="6.243403">
        <ele>1522.02</ele>
      </trkpt>
      <trkpt lat="45.96312" lon="6.243417">
        <ele>1519.92</ele>
      </trkpt>
      <trkpt lat="45.963203" lon="6.243401">
        <ele>1518.32</ele>
      </trkpt>
      <trkpt lat="45.963269" lon="6.243347">
        <ele>1518.42</ele>
      </trkpt>
      <trkpt lat="45.963292" lon="6.243268">
        <ele>1520.49</ele>
      </trkpt>
      <trkpt lat="45.963139" lon="6.243279">
        <ele>1523.96</ele>
      </trkpt>
      <trkpt lat="45.962688" lon="6.243141">
        <ele>1539.32</ele>
      </trkpt>
      <trkpt lat="45.962607" lon="6.243112">
        <ele>1542.07</ele>
      </trkpt>
      <trkpt lat="45.962567" lon="6.243083">
        <ele>1543.78</ele>
      </trkpt>
      <trkpt lat="45.9625" lon="6.243068">
        <ele>1545.65</ele>
      </trkpt>
      <trkpt lat="45.962418" lon="6.243068">
        <ele>1547.42</ele>
      </trkpt>
      <trkpt lat="45.962382" lon="6.243039">
        <ele>1548.92</ele>
      </trkpt>
      <trkpt lat="45.962233" lon="6.243065">
        <ele>1551.51</ele>
      </trkpt>
      <trkpt lat="45.962061" lon="6.243116">
        <ele>1554.32</ele>
      </trkpt>
      <trkpt lat="45.96187" lon="6.243233">
        <ele>1556.98</ele>
      </trkpt>
      <trkpt lat="45.961797" lon="6.243249">
        <ele>1558.64</ele>
      </trkpt>
      <trkpt lat="45.96166" lon="6.243244">
        <ele>1562.2</ele>
      </trkpt>
      <trkpt lat="45.961573" lon="6.243211">
        <ele>1564.7</ele>
      </trkpt>
      <trkpt lat="45.961422" lon="6.243071">
        <ele>1569.26</ele>
      </trkpt>
      <trkpt lat="45.961311" lon="6.243084">
        <ele>1571.71</ele>
      </trkpt>
      <trkpt lat="45.961276" lon="6.2431">
        <ele>1572.47</ele>
      </trkpt>
      <trkpt lat="45.9612" lon="6.243248">
        <ele>1573.99</ele>
      </trkpt>
      <trkpt lat="45.961169" lon="6.24327">
        <ele>1574.77</ele>
      </trkpt>
      <trkpt lat="45.96112" lon="6.243267">
        <ele>1576.04</ele>
      </trkpt>
      <trkpt lat="45.960907" lon="6.243306">
        <ele>1581.42</ele>
      </trkpt>
      <trkpt lat="45.960848" lon="6.243302">
        <ele>1582.77</ele>
      </trkpt>
      <trkpt lat="45.960683" lon="6.243359">
        <ele>1587.12</ele>
      </trkpt>
      <trkpt lat="45.960652" lon="6.243392">
        <ele>1588.22</ele>
      </trkpt>
      <trkpt lat="45.960536" lon="6.243619">
        <ele>1594.01</ele>
      </trkpt>
      <trkpt lat="45.960503" lon="6.243698">
        <ele>1595.79</ele>
      </trkpt>
      <trkpt lat="45.96046" lon="6.243771">
        <ele>1597.78</ele>
      </trkpt>
      <trkpt lat="45.960431" lon="6.243878">
        <ele>1599.69</ele>
      </trkpt>
      <trkpt lat="45.960413" lon="6.243879">
        <ele>1600.21</ele>
      </trkpt>
      <trkpt lat="45.960368" lon="6.24384">
        <ele>1601.06</ele>
      </trkpt>
      <trkpt lat="45.96029" lon="6.243838">
        <ele>1603.22</ele>
      </trkpt>
      <trkpt lat="45.960272" lon="6.243889">
        <ele>1604.22</ele>
      </trkpt>
      <trkpt lat="45.960263" lon="6.243977">
        <ele>1605.37</ele>
      </trkpt>
      <trkpt lat="45.960186" lon="6.244078">
        <ele>1608.45</ele>
      </trkpt>
      <trkpt lat="45.960159" lon="6.244126">
        <ele>1609.61</ele>
      </trkpt>
      <trkpt lat="45.960102" lon="6.244175">
        <ele>1609.1</ele>
      </trkpt>
      <trkpt lat="45.960082" lon="6.244338">
        <ele>1610.41</ele>
      </trkpt>
      <trkpt lat="45.960043" lon="6.244375">
        <ele>1610.18</ele>
      </trkpt>
      <trkpt lat="45.960037" lon="6.244409">
        <ele>1610.32</ele>
      </trkpt>
      <trkpt lat="45.96005" lon="6.24453">
        <ele>1611.38</ele>
      </trkpt>
      <trkpt lat="45.960014" lon="6.244621">
        <ele>1611.45</ele>
      </trkpt>
      <trkpt lat="45.959997" lon="6.244716">
        <ele>1611.84</ele>
      </trkpt>
      <trkpt lat="45.959955" lon="6.244802">
        <ele>1611.75</ele>
      </trkpt>
      <trkpt lat="45.959919" lon="6.244915">
        <ele>1611.95</ele>
      </trkpt>
      <trkpt lat="45.959792" lon="6.245091">
        <ele>1611.03</ele>
      </trkpt>
      <trkpt lat="45.959708" lon="6.245138">
        <ele>1609.95</ele>
      </trkpt>
      <trkpt lat="45.959672" lon="6.245244">
        <ele>1610.08</ele>
      </trkpt>
      <trkpt lat="45.959615" lon="6.245314">
        <ele>1609.69</ele>
      </trkpt>
      <trkpt lat="45.959608" lon="6.245387">
        <ele>1610.16</ele>
      </trkpt>
      <trkpt lat="45.959563" lon="6.245474">
        <ele>1610.16</ele>
      </trkpt>
      <trkpt lat="45.959559" lon="6.245534">
        <ele>1610.61</ele>
      </trkpt>
      <trkpt lat="45.959515" lon="6.245643">
        <ele>1610.86</ele>
      </trkpt>
      <trkpt lat="45.9595" lon="6.245819">
        <ele>1612.18</ele>
      </trkpt>
      <trkpt lat="45.959465" lon="6.245877">
        <ele>1612.22</ele>
      </trkpt>
      <trkpt lat="45.959456" lon="6.245956">
        <ele>1612.8</ele>
      </trkpt>
      <trkpt lat="45.959446" lon="6.245983">
        <ele>1612.92</ele>
      </trkpt>
      <trkpt lat="45.95944" lon="6.24609">
        <ele>1613.75</ele>
      </trkpt>
      <trkpt lat="45.959408" lon="6.246174">
        <ele>1614.07</ele>
      </trkpt>
      <trkpt lat="45.959392" lon="6.246286">
        <ele>1614.8</ele>
      </trkpt>
      <trkpt lat="45.959373" lon="6.246365">
        <ele>1615.23</ele>
      </trkpt>
      <trkpt lat="45.959262" lon="6.246482">
        <ele>1614.38</ele>
      </trkpt>
      <trkpt lat="45.95923" lon="6.246548">
        <ele>1614.3</ele>
      </trkpt>
      <trkpt lat="45.959181" lon="6.246728">
        <ele>1614.91</ele>
      </trkpt>
      <trkpt lat="45.959145" lon="6.246823">
        <ele>1615.04</ele>
      </trkpt>
      <trkpt lat="45.959091" lon="6.24702">
        <ele>1615.5</ele>
      </trkpt>
      <trkpt lat="45.959073" lon="6.247131">
        <ele>1615.96</ele>
      </trkpt>
      <trkpt lat="45.959049" lon="6.247208">
        <ele>1616.06</ele>
      </trkpt>
      <trkpt lat="45.959007" lon="6.247277">
        <ele>1615.84</ele>
      </trkpt>
      <trkpt lat="45.958977" lon="6.247304">
        <ele>1615.51</ele>
      </trkpt>
      <trkpt lat="45.958807" lon="6.247615">
        <ele>1615.13</ele>
      </trkpt>
      <trkpt lat="45.958768" lon="6.247668">
        <ele>1614.95</ele>
      </trkpt>
      <trkpt lat="45.958745" lon="6.247726">
        <ele>1615.12</ele>
      </trkpt>
      <trkpt lat="45.958632" lon="6.247829">
        <ele>1614.49</ele>
      </trkpt>
      <trkpt lat="45.958591" lon="6.247938">
        <ele>1615.03</ele>
      </trkpt>
      <trkpt lat="45.958567" lon="6.247975">
        <ele>1615.07</ele>
      </trkpt>
      <trkpt lat="45.95851" lon="6.248016">
        <ele>1614.59</ele>
      </trkpt>
      <trkpt lat="45.95849" lon="6.248066">
        <ele>1614.82</ele>
      </trkpt>
      <trkpt lat="45.958485" lon="6.2482">
        <ele>1616.21</ele>
      </trkpt>
      <trkpt lat="45.958461" lon="6.248282">
        <ele>1616.77</ele>
      </trkpt>
      <trkpt lat="45.95842" lon="6.248349">
        <ele>1616.93</ele>
      </trkpt>
      <trkpt lat="45.958398" lon="6.248432">
        <ele>1617.49</ele>
      </trkpt>
      <trkpt lat="45.95838" lon="6.248697">
        <ele>1619.14</ele>
      </trkpt>
      <trkpt lat="45.958373" lon="6.249096">
        <ele>1621.02</ele>
      </trkpt>
      <trkpt lat="45.95838" lon="6.249264">
        <ele>1621.95</ele>
      </trkpt>
      <trkpt lat="45.958415" lon="6.249459">
        <ele>1622.66</ele>
      </trkpt>
      <trkpt lat="45.958499" lon="6.249714">
        <ele>1622.45</ele>
      </trkpt>
      <trkpt lat="45.958541" lon="6.249778">
        <ele>1622.67</ele>
      </trkpt>
      <trkpt lat="45.958649" lon="6.249865">
        <ele>1623.56</ele>
      </trkpt>
      <trkpt lat="45.95869" lon="6.249996">
        <ele>1623.33</ele>
      </trkpt>
      <trkpt lat="45.958737" lon="6.250064">
        <ele>1623.48</ele>
      </trkpt>
      <trkpt lat="45.958771" lon="6.250203">
        <ele>1623.03</ele>
      </trkpt>
      <trkpt lat="45.958785" lon="6.25042">
        <ele>1621.17</ele>
      </trkpt>
      <trkpt lat="45.958764" lon="6.25057">
        <ele>1619.63</ele>
      </trkpt>
      <trkpt lat="45.95878" lon="6.250632">
        <ele>1619.16</ele>
      </trkpt>
      <trkpt lat="45.958837" lon="6.250715">
        <ele>1618.67</ele>
      </trkpt>
      <trkpt lat="45.958881" lon="6.250803">
        <ele>1617.97</ele>
      </trkpt>
      <trkpt lat="45.958922" lon="6.25099">
        <ele>1616.08</ele>
      </trkpt>
      <trkpt lat="45.95893" lon="6.251101">
        <ele>1615.79</ele>
      </trkpt>
      <trkpt lat="45.958929" lon="6.251166">
        <ele>1616.09</ele>
      </trkpt>
      <trkpt lat="45.958873" lon="6.251312">
        <ele>1616.89</ele>
      </trkpt>
      <trkpt lat="45.958835" lon="6.251377">
        <ele>1617.38</ele>
      </trkpt>
      <trkpt lat="45.958806" lon="6.251486">
        <ele>1618.17</ele>
      </trkpt>
      <trkpt lat="45.958805" lon="6.251558">
        <ele>1618.63</ele>
      </trkpt>
      <trkpt lat="45.958748" lon="6.251692">
        <ele>1619.94</ele>
      </trkpt>
      <trkpt lat="45.958725" lon="6.251899">
        <ele>1621.84</ele>
      </trkpt>
      <trkpt lat="45.958695" lon="6.251951">
        <ele>1622.93</ele>
      </trkpt>
      <trkpt lat="45.958623" lon="6.252158">
        <ele>1626.84</ele>
      </trkpt>
      <trkpt lat="45.958528" lon="6.25224">
        <ele>1629.26</ele>
      </trkpt>
      <trkpt lat="45.958461" lon="6.252258">
        <ele>1630.2</ele>
      </trkpt>
      <trkpt lat="45.958297" lon="6.252393">
        <ele>1633.37</ele>
      </trkpt>
      <trkpt lat="45.958192" lon="6.252422">
        <ele>1634.46</ele>
      </trkpt>
      <trkpt lat="45.958079" lon="6.252477">
        <ele>1635.92</ele>
      </trkpt>
      <trkpt lat="45.958035" lon="6.252532">
        <ele>1636.91</ele>
      </trkpt>
      <trkpt lat="45.957997" lon="6.252608">
        <ele>1638.09</ele>
      </trkpt>
      <trkpt lat="45.957966" lon="6.252729">
        <ele>1639.8</ele>
      </trkpt>
      <trkpt lat="45.957961" lon="6.252798">
        <ele>1640.77</ele>
      </trkpt>
      <trkpt lat="45.957936" lon="6.252903">
        <ele>1642.31</ele>
      </trkpt>
      <trkpt lat="45.957889" lon="6.253006">
        <ele>1643.92</ele>
      </trkpt>
      <trkpt lat="45.957752" lon="6.253225">
        <ele>1647.44</ele>
      </trkpt>
      <trkpt lat="45.95742" lon="6.253645">
        <ele>1657.59</ele>
      </trkpt>
      <trkpt lat="45.957342" lon="6.253653">
        <ele>1658.92</ele>
      </trkpt>
      <trkpt lat="45.95732" lon="6.253693">
        <ele>1659.84</ele>
      </trkpt>
      <trkpt lat="45.957254" lon="6.253738">
        <ele>1661.42</ele>
      </trkpt>
      <trkpt lat="45.957235" lon="6.253763">
        <ele>1662.02</ele>
      </trkpt>
      <trkpt lat="45.95722" lon="6.253809">
        <ele>1662.83</ele>
      </trkpt>
      <trkpt lat="45.957185" lon="6.253838">
        <ele>1663.68</ele>
      </trkpt>
      <trkpt lat="45.957173" lon="6.253872">
        <ele>1664.26</ele>
      </trkpt>
      <trkpt lat="45.957135" lon="6.25389">
        <ele>1664.98</ele>
      </trkpt>
      <trkpt lat="45.957112" lon="6.253915">
        <ele>1665.55</ele>
      </trkpt>
      <trkpt lat="45.957064" lon="6.254099">
        <ele>1668.21</ele>
      </trkpt>
      <trkpt lat="45.957032" lon="6.254122">
        <ele>1668.78</ele>
      </trkpt>
      <trkpt lat="45.956993" lon="6.25422">
        <ele>1670.2</ele>
      </trkpt>
      <trkpt lat="45.956952" lon="6.254274">
        <ele>1671.09</ele>
      </trkpt>
      <trkpt lat="45.956907" lon="6.254315">
        <ele>1671.85</ele>
      </trkpt>
      <trkpt lat="45.956862" lon="6.254423">
        <ele>1672.7</ele>
      </trkpt>
      <trkpt lat="45.956811" lon="6.254459">
        <ele>1673.11</ele>
      </trkpt>
      <trkpt lat="45.956796" lon="6.254449">
        <ele>1673.33</ele>
      </trkpt>
      <trkpt lat="45.956751" lon="6.254352">
        <ele>1673.88</ele>
      </trkpt>
      <trkpt lat="45.95675" lon="6.254152">
        <ele>1672.16</ele>
      </trkpt>
      <trkpt lat="45.956754" lon="6.254107">
        <ele>1671.72</ele>
      </trkpt>
      <trkpt lat="45.956769" lon="6.25409">
        <ele>1671.37</ele>
      </trkpt>
      <trkpt lat="45.956776" lon="6.25404">
        <ele>1670.85</ele>
      </trkpt>
      <trkpt lat="45.95675" lon="6.253981">
        <ele>1670.7</ele>
      </trkpt>
      <trkpt lat="45.956743" lon="6.253892">
        <ele>1670.01</ele>
      </trkpt>
      <trkpt lat="45.956743" lon="6.25364">
        <ele>1667.84</ele>
      </trkpt>
      <trkpt lat="45.956731" lon="6.25354">
        <ele>1667.1</ele>
      </trkpt>
      <trkpt lat="45.956704" lon="6.253462">
        <ele>1666.21</ele>
      </trkpt>
      <trkpt lat="45.956663" lon="6.253406">
        <ele>1665.84</ele>
      </trkpt>
      <trkpt lat="45.956578" lon="6.253381">
        <ele>1666.46</ele>
      </trkpt>
      <trkpt lat="45.956379" lon="6.253351">
        <ele>1668.38</ele>
      </trkpt>
      <trkpt lat="45.956239" lon="6.253313">
        <ele>1669.47</ele>
      </trkpt>
      <trkpt lat="45.956125" lon="6.253327">
        <ele>1671.05</ele>
      </trkpt>
      <trkpt lat="45.956001" lon="6.253241">
        <ele>1671.19</ele>
      </trkpt>
      <trkpt lat="45.955951" lon="6.253244">
        <ele>1671.99</ele>
      </trkpt>
      <trkpt lat="45.955858" lon="6.253224">
        <ele>1673.11</ele>
      </trkpt>
      <trkpt lat="45.955811" lon="6.253229">
        <ele>1673.9</ele>
      </trkpt>
      <trkpt lat="45.955728" lon="6.253206">
        <ele>1674.82</ele>
      </trkpt>
      <trkpt lat="45.955603" lon="6.253267">
        <ele>1677.63</ele>
      </trkpt>
      <trkpt lat="45.955542" lon="6.253281">
        <ele>1678.74</ele>
      </trkpt>
      <trkpt lat="45.955406" lon="6.253279">
        <ele>1680.78</ele>
      </trkpt>
      <trkpt lat="45.955362" lon="6.253293">
        <ele>1681.65</ele>
      </trkpt>
      <trkpt lat="45.955295" lon="6.253345">
        <ele>1683.36</ele>
      </trkpt>
      <trkpt lat="45.955239" lon="6.25341">
        <ele>1685.08</ele>
      </trkpt>
      <trkpt lat="45.955171" lon="6.253465">
        <ele>1686.81</ele>
      </trkpt>
      <trkpt lat="45.955007" lon="6.253559">
        <ele>1690.3</ele>
      </trkpt>
      <trkpt lat="45.954982" lon="6.253595">
        <ele>1690.55</ele>
      </trkpt>
      <trkpt lat="45.954926" lon="6.25364">
        <ele>1691.23</ele>
      </trkpt>
      <trkpt lat="45.954845" lon="6.253752">
        <ele>1691.96</ele>
      </trkpt>
      <trkpt lat="45.954673" lon="6.253868">
        <ele>1693.96</ele>
      </trkpt>
      <trkpt lat="45.95449" lon="6.25406">
        <ele>1695.57</ele>
      </trkpt>
      <trkpt lat="45.95442" lon="6.254124">
        <ele>1696.19</ele>
      </trkpt>
      <trkpt lat="45.954391" lon="6.254167">
        <ele>1696.29</ele>
      </trkpt>
      <trkpt lat="45.954312" lon="6.254286">
        <ele>1696.54</ele>
      </trkpt>
      <trkpt lat="45.954269" lon="6.254335">
        <ele>1696.25</ele>
      </trkpt>
      <trkpt lat="45.9542" lon="6.254372">
        <ele>1696.02</ele>
      </trkpt>
      <trkpt lat="45.954097" lon="6.254465">
        <ele>1694.88</ele>
      </trkpt>
      <trkpt lat="45.954057" lon="6.254519">
        <ele>1694.23</ele>
      </trkpt>
      <trkpt lat="45.953988" lon="6.254635">
        <ele>1692.83</ele>
      </trkpt>
      <trkpt lat="45.953928" lon="6.254662">
        <ele>1692.55</ele>
      </trkpt>
      <trkpt lat="45.95391" lon="6.254684">
        <ele>1692.3</ele>
      </trkpt>
      <trkpt lat="45.953818" lon="6.254747">
        <ele>1691.64</ele>
      </trkpt>
      <trkpt lat="45.953808" lon="6.254782">
        <ele>1691.25</ele>
      </trkpt>
      <trkpt lat="45.953787" lon="6.254815">
        <ele>1690.88</ele>
      </trkpt>
      <trkpt lat="45.953741" lon="6.254851">
        <ele>1690.53</ele>
      </trkpt>
      <trkpt lat="45.953637" lon="6.254906">
        <ele>1690.05</ele>
      </trkpt>
      <trkpt lat="45.953494" lon="6.254908">
        <ele>1690.25</ele>
      </trkpt>
      <trkpt lat="45.953436" lon="6.25493">
        <ele>1689.97</ele>
      </trkpt>
      <trkpt lat="45.953398" lon="6.255012">
        <ele>1689.08</ele>
      </trkpt>
      <trkpt lat="45.953266" lon="6.25507">
        <ele>1688.41</ele>
      </trkpt>
      <trkpt lat="45.95324" lon="6.255105">
        <ele>1688.05</ele>
      </trkpt>
      <trkpt lat="45.953105" lon="6.255139">
        <ele>1687.68</ele>
      </trkpt>
      <trkpt lat="45.95305" lon="6.255139">
        <ele>1687.67</ele>
      </trkpt>
      <trkpt lat="45.953032" lon="6.255125">
        <ele>1687.8</ele>
      </trkpt>
      <trkpt lat="45.953012" lon="6.255152">
        <ele>1687.54</ele>
      </trkpt>
      <trkpt lat="45.952965" lon="6.255158">
        <ele>1687.47</ele>
      </trkpt>
      <trkpt lat="45.952921" lon="6.25514">
        <ele>1687.63</ele>
      </trkpt>
      <trkpt lat="45.952888" lon="6.255">
        <ele>1688.9</ele>
      </trkpt>
      <trkpt lat="45.952862" lon="6.254923">
        <ele>1689.57</ele>
      </trkpt>
      <trkpt lat="45.952778" lon="6.254784">
        <ele>1690.72</ele>
      </trkpt>
      <trkpt lat="45.95265" lon="6.254686">
        <ele>1691.37</ele>
      </trkpt>
      <trkpt lat="45.952587" lon="6.254596">
        <ele>1691.92</ele>
      </trkpt>
      <trkpt lat="45.952536" lon="6.254538">
        <ele>1692.19</ele>
      </trkpt>
      <trkpt lat="45.95245" lon="6.254488">
        <ele>1692.22</ele>
      </trkpt>
      <trkpt lat="45.952433" lon="6.254465">
        <ele>1692.31</ele>
      </trkpt>
      <trkpt lat="45.952385" lon="6.254297">
        <ele>1692.91</ele>
      </trkpt>
      <trkpt lat="45.952345" lon="6.254065">
        <ele>1693.38</ele>
      </trkpt>
      <trkpt lat="45.952286" lon="6.253901">
        <ele>1693.61</ele>
      </trkpt>
      <trkpt lat="45.952279" lon="6.253833">
        <ele>1693.78</ele>
      </trkpt>
      <trkpt lat="45.952259" lon="6.253801">
        <ele>1693.79</ele>
      </trkpt>
      <trkpt lat="45.952124" lon="6.253759">
        <ele>1693.39</ele>
      </trkpt>
      <trkpt lat="45.952051" lon="6.2537">
        <ele>1693.29</ele>
      </trkpt>
      <trkpt lat="45.951949" lon="6.253685">
        <ele>1692.96</ele>
      </trkpt>
      <trkpt lat="45.951856" lon="6.25364">
        <ele>1692.76</ele>
      </trkpt>
      <trkpt lat="45.95147" lon="6.253271">
        <ele>1694.23</ele>
      </trkpt>
      <trkpt lat="45.951245" lon="6.253175">
        <ele>1694.66</ele>
      </trkpt>
      <trkpt lat="45.951154" lon="6.253108">
        <ele>1694.81</ele>
      </trkpt>
      <trkpt lat="45.950991" lon="6.252947">
        <ele>1695</ele>
      </trkpt>
      <trkpt lat="45.95082" lon="6.252857">
        <ele>1695.17</ele>
      </trkpt>
      <trkpt lat="45.95058" lon="6.252799">
        <ele>1695.44</ele>
      </trkpt>
      <trkpt lat="45.950479" lon="6.252732">
        <ele>1695.6</ele>
      </trkpt>
      <trkpt lat="45.950453" lon="6.252689">
        <ele>1695.73</ele>
      </trkpt>
      <trkpt lat="45.950383" lon="6.252518">
        <ele>1696.64</ele>
      </trkpt>
      <trkpt lat="45.950348" lon="6.252466">
        <ele>1696.97</ele>
      </trkpt>
      <trkpt lat="45.950234" lon="6.252467">
        <ele>1697.26</ele>
      </trkpt>
      <trkpt lat="45.95017" lon="6.25245">
        <ele>1697.52</ele>
      </trkpt>
      <trkpt lat="45.950098" lon="6.252454">
        <ele>1697.97</ele>
      </trkpt>
      <trkpt lat="45.949994" lon="6.252498">
        <ele>1698.49</ele>
      </trkpt>
      <trkpt lat="45.949921" lon="6.252541">
        <ele>1698.83</ele>
      </trkpt>
      <trkpt lat="45.949898" lon="6.252541">
        <ele>1699</ele>
      </trkpt>
      <trkpt lat="45.949885" lon="6.252519">
        <ele>1699.22</ele>
      </trkpt>
      <trkpt lat="45.94975" lon="6.252531">
        <ele>1700.18</ele>
      </trkpt>
      <trkpt lat="45.949728" lon="6.252514">
        <ele>1700.42</ele>
      </trkpt>
      <trkpt lat="45.949709" lon="6.252454">
        <ele>1700.81</ele>
      </trkpt>
      <trkpt lat="45.949566" lon="6.252142">
        <ele>1702.92</ele>
      </trkpt>
      <trkpt lat="45.949512" lon="6.251972">
        <ele>1703.79</ele>
      </trkpt>
      <trkpt lat="45.949491" lon="6.251931">
        <ele>1704.03</ele>
      </trkpt>
      <trkpt lat="45.949418" lon="6.251828">
        <ele>1704.98</ele>
      </trkpt>
      <trkpt lat="45.949292" lon="6.251712">
        <ele>1706.83</ele>
      </trkpt>
      <trkpt lat="45.94929" lon="6.251697">
        <ele>1706.99</ele>
      </trkpt>
      <trkpt lat="45.949268" lon="6.251695">
        <ele>1707.18</ele>
      </trkpt>
      <trkpt lat="45.949253" lon="6.251791">
        <ele>1706.39</ele>
      </trkpt>
      <trkpt lat="45.949246" lon="6.251642">
        <ele>1707.85</ele>
      </trkpt>
      <trkpt lat="45.949268" lon="6.251501">
        <ele>1709.01</ele>
      </trkpt>
      <trkpt lat="45.9492" lon="6.251519">
        <ele>1709.34</ele>
      </trkpt>
      <trkpt lat="45.949193" lon="6.251486">
        <ele>1709.69</ele>
      </trkpt>
      <trkpt lat="45.949289" lon="6.251348">
        <ele>1710.31</ele>
      </trkpt>
      <trkpt lat="45.94926" lon="6.250745">
        <ele>1715.23</ele>
      </trkpt>
      <trkpt lat="45.949328" lon="6.250605">
        <ele>1715.58</ele>
      </trkpt>
      <trkpt lat="45.949431" lon="6.250456">
        <ele>1715.28</ele>
      </trkpt>
      <trkpt lat="45.949439" lon="6.250412">
        <ele>1715.45</ele>
      </trkpt>
      <trkpt lat="45.949393" lon="6.250302">
        <ele>1716.63</ele>
      </trkpt>
      <trkpt lat="45.949357" lon="6.250281">
        <ele>1717.19</ele>
      </trkpt>
      <trkpt lat="45.949324" lon="6.250246">
        <ele>1717.78</ele>
      </trkpt>
      <trkpt lat="45.949318" lon="6.25017">
        <ele>1718.11</ele>
      </trkpt>
      <trkpt lat="45.949384" lon="6.250065">
        <ele>1717.47</ele>
      </trkpt>
      <trkpt lat="45.94939" lon="6.250038">
        <ele>1717.43</ele>
      </trkpt>
      <trkpt lat="45.949379" lon="6.249974">
        <ele>1717.63</ele>
      </trkpt>
      <trkpt lat="45.949312" lon="6.249901">
        <ele>1718.49</ele>
      </trkpt>
      <trkpt lat="45.949289" lon="6.249844">
        <ele>1718.78</ele>
      </trkpt>
      <trkpt lat="45.949246" lon="6.24979">
        <ele>1719.26</ele>
      </trkpt>
      <trkpt lat="45.949207" lon="6.249696">
        <ele>1719.78</ele>
      </trkpt>
      <trkpt lat="45.94917" lon="6.249652">
        <ele>1720.21</ele>
      </trkpt>
      <trkpt lat="45.949144" lon="6.24964">
        <ele>1720.5</ele>
      </trkpt>
      <trkpt lat="45.949107" lon="6.249575">
        <ele>1720.99</ele>
      </trkpt>
      <trkpt lat="45.949062" lon="6.249551">
        <ele>1721.49</ele>
      </trkpt>
      <trkpt lat="45.949052" lon="6.249534">
        <ele>1721.63</ele>
      </trkpt>
      <trkpt lat="45.949022" lon="6.249527">
        <ele>1721.96</ele>
      </trkpt>
      <trkpt lat="45.948997" lon="6.249496">
        <ele>1722.28</ele>
      </trkpt>
      <trkpt lat="45.948951" lon="6.249485">
        <ele>1722.79</ele>
      </trkpt>
      <trkpt lat="45.94891" lon="6.249493">
        <ele>1723.2</ele>
      </trkpt>
      <trkpt lat="45.948873" lon="6.249523">
        <ele>1723.51</ele>
      </trkpt>
      <trkpt lat="45.948866" lon="6.249513">
        <ele>1723.61</ele>
      </trkpt>
      <trkpt lat="45.948862" lon="6.249484">
        <ele>1723.72</ele>
      </trkpt>
      <trkpt lat="45.948872" lon="6.249381">
        <ele>1723.87</ele>
      </trkpt>
      <trkpt lat="45.94888" lon="6.24914">
        <ele>1723.26</ele>
      </trkpt>
      <trkpt lat="45.948872" lon="6.249098">
        <ele>1723.26</ele>
      </trkpt>
      <trkpt lat="45.948784" lon="6.248961">
        <ele>1724</ele>
      </trkpt>
      <trkpt lat="45.948705" lon="6.248886">
        <ele>1724.81</ele>
      </trkpt>
      <trkpt lat="45.948694" lon="6.248893">
        <ele>1724.96</ele>
      </trkpt>
      <trkpt lat="45.94868" lon="6.24888">
        <ele>1725.1</ele>
      </trkpt>
      <trkpt lat="45.948671" lon="6.248827">
        <ele>1725.12</ele>
      </trkpt>
      <trkpt lat="45.948615" lon="6.248792">
        <ele>1725.75</ele>
      </trkpt>
      <trkpt lat="45.948596" lon="6.248747">
        <ele>1725.93</ele>
      </trkpt>
      <trkpt lat="45.948563" lon="6.248739">
        <ele>1726.33</ele>
      </trkpt>
      <trkpt lat="45.948533" lon="6.248759">
        <ele>1726.73</ele>
      </trkpt>
      <trkpt lat="45.948463" lon="6.248732">
        <ele>1727.76</ele>
      </trkpt>
      <trkpt lat="45.948431" lon="6.248832">
        <ele>1728.37</ele>
      </trkpt>
      <trkpt lat="45.94842" lon="6.248844">
        <ele>1728.56</ele>
      </trkpt>
      <trkpt lat="45.948364" lon="6.24885">
        <ele>1729.5</ele>
      </trkpt>
      <trkpt lat="45.948341" lon="6.248825">
        <ele>1729.92</ele>
      </trkpt>
      <trkpt lat="45.948284" lon="6.248832">
        <ele>1730.88</ele>
      </trkpt>
      <trkpt lat="45.948247" lon="6.248713">
        <ele>1731.83</ele>
      </trkpt>
      <trkpt lat="45.948213" lon="6.248745">
        <ele>1732.36</ele>
      </trkpt>
      <trkpt lat="45.948101" lon="6.248801">
        <ele>1734.15</ele>
      </trkpt>
      <trkpt lat="45.948081" lon="6.248801">
        <ele>1734.49</ele>
      </trkpt>
      <trkpt lat="45.94807" lon="6.248789">
        <ele>1734.75</ele>
      </trkpt>
      <trkpt lat="45.948087" lon="6.248735">
        <ele>1734.72</ele>
      </trkpt>
      <trkpt lat="45.948068" lon="6.248623">
        <ele>1735.7</ele>
      </trkpt>
      <trkpt lat="45.948081" lon="6.248554">
        <ele>1735.8</ele>
      </trkpt>
      <trkpt lat="45.948075" lon="6.248531">
        <ele>1736.07</ele>
      </trkpt>
      <trkpt lat="45.948016" lon="6.24842">
        <ele>1738.17</ele>
      </trkpt>
      <trkpt lat="45.947945" lon="6.2484">
        <ele>1739.86</ele>
      </trkpt>
      <trkpt lat="45.947976" lon="6.248365">
        <ele>1739.45</ele>
      </trkpt>
      <trkpt lat="45.947981" lon="6.248348">
        <ele>1739.47</ele>
      </trkpt>
      <trkpt lat="45.947975" lon="6.248327">
        <ele>1739.75</ele>
      </trkpt>
      <trkpt lat="45.947931" lon="6.248321">
        <ele>1740.78</ele>
      </trkpt>
      <trkpt lat="45.947891" lon="6.248369">
        <ele>1741.3</ele>
      </trkpt>
      <trkpt lat="45.947839" lon="6.248403">
        <ele>1742.18</ele>
      </trkpt>
      <trkpt lat="45.947829" lon="6.248397">
        <ele>1742.45</ele>
      </trkpt>
      <trkpt lat="45.947859" lon="6.248308">
        <ele>1742.49</ele>
      </trkpt>
      <trkpt lat="45.947852" lon="6.248258">
        <ele>1743.03</ele>
      </trkpt>
      <trkpt lat="45.947899" lon="6.248109">
        <ele>1743.13</ele>
      </trkpt>
      <trkpt lat="45.947892" lon="6.248078">
        <ele>1743.54</ele>
      </trkpt>
      <trkpt lat="45.947849" lon="6.248056">
        <ele>1744.69</ele>
      </trkpt>
      <trkpt lat="45.947844" lon="6.247996">
        <ele>1745.26</ele>
      </trkpt>
      <trkpt lat="45.947835" lon="6.247981">
        <ele>1745.6</ele>
      </trkpt>
      <trkpt lat="45.947814" lon="6.247979">
        <ele>1746.1</ele>
      </trkpt>
      <trkpt lat="45.947792" lon="6.247957">
        <ele>1746.78</ele>
      </trkpt>
      <trkpt lat="45.947782" lon="6.24792">
        <ele>1747.33</ele>
      </trkpt>
      <trkpt lat="45.947764" lon="6.2479">
        <ele>1747.9</ele>
      </trkpt>
      <trkpt lat="45.947711" lon="6.247916">
        <ele>1749</ele>
      </trkpt>
      <trkpt lat="45.947688" lon="6.247913">
        <ele>1749.57</ele>
      </trkpt>
      <trkpt lat="45.947675" lon="6.247888">
        <ele>1750.08</ele>
      </trkpt>
      <trkpt lat="45.947621" lon="6.247872">
        <ele>1751.16</ele>
      </trkpt>
      <trkpt lat="45.947608" lon="6.247851">
        <ele>1751.52</ele>
      </trkpt>
      <trkpt lat="45.947595" lon="6.24778">
        <ele>1752.31</ele>
      </trkpt>
      <trkpt lat="45.947609" lon="6.247648">
        <ele>1752.9</ele>
      </trkpt>
      <trkpt lat="45.947604" lon="6.247487">
        <ele>1753.5</ele>
      </trkpt>
      <trkpt lat="45.947575" lon="6.247442">
        <ele>1754.03</ele>
      </trkpt>
      <trkpt lat="45.947572" lon="6.247319">
        <ele>1754.45</ele>
      </trkpt>
      <trkpt lat="45.947548" lon="6.247156">
        <ele>1755.23</ele>
      </trkpt>
      <trkpt lat="45.947524" lon="6.247101">
        <ele>1755.65</ele>
      </trkpt>
      <trkpt lat="45.947517" lon="6.247051">
        <ele>1755.86</ele>
      </trkpt>
      <trkpt lat="45.947474" lon="6.246927">
        <ele>1756.63</ele>
      </trkpt>
      <trkpt lat="45.947445" lon="6.246907">
        <ele>1756.97</ele>
      </trkpt>
      <trkpt lat="45.947396" lon="6.246929">
        <ele>1757.4</ele>
      </trkpt>
      <trkpt lat="45.94735" lon="6.246931">
        <ele>1757.85</ele>
      </trkpt>
      <trkpt lat="45.947284" lon="6.246958">
        <ele>1758.47</ele>
      </trkpt>
      <trkpt lat="45.947256" lon="6.246959">
        <ele>1758.75</ele>
      </trkpt>
      <trkpt lat="45.947235" lon="6.246932">
        <ele>1758.99</ele>
      </trkpt>
      <trkpt lat="45.947229" lon="6.246908">
        <ele>1759.08</ele>
      </trkpt>
      <trkpt lat="45.947191" lon="6.246954">
        <ele>1759.41</ele>
      </trkpt>
      <trkpt lat="45.947136" lon="6.246958">
        <ele>1759.96</ele>
      </trkpt>
      <trkpt lat="45.947083" lon="6.246984">
        <ele>1760.49</ele>
      </trkpt>
      <trkpt lat="45.947074" lon="6.247019">
        <ele>1760.57</ele>
      </trkpt>
      <trkpt lat="45.947015" lon="6.247074">
        <ele>1761.19</ele>
      </trkpt>
      <trkpt lat="45.946931" lon="6.247174">
        <ele>1762.16</ele>
      </trkpt>
      <trkpt lat="45.946899" lon="6.247189">
        <ele>1762.53</ele>
      </trkpt>
      <trkpt lat="45.946842" lon="6.247167">
        <ele>1763.15</ele>
      </trkpt>
      <trkpt lat="45.946832" lon="6.247146">
        <ele>1763.24</ele>
      </trkpt>
      <trkpt lat="45.946819" lon="6.247022">
        <ele>1763.22</ele>
      </trkpt>
      <trkpt lat="45.946837" lon="6.246958">
        <ele>1762.98</ele>
      </trkpt>
      <trkpt lat="45.946823" lon="6.246829">
        <ele>1762.74</ele>
      </trkpt>
      <trkpt lat="45.946838" lon="6.246729">
        <ele>1762</ele>
      </trkpt>
      <trkpt lat="45.94676" lon="6.246441">
        <ele>1761.27</ele>
      </trkpt>
      <trkpt lat="45.946751" lon="6.24638">
        <ele>1761.07</ele>
      </trkpt>
      <trkpt lat="45.946638" lon="6.246344">
        <ele>1762.52</ele>
      </trkpt>
      <trkpt lat="45.946611" lon="6.246195">
        <ele>1762.39</ele>
      </trkpt>
      <trkpt lat="45.946482" lon="6.24619">
        <ele>1764.48</ele>
      </trkpt>
      <trkpt lat="45.946467" lon="6.246127">
        <ele>1764.59</ele>
      </trkpt>
      <trkpt lat="45.946441" lon="6.246158">
        <ele>1765.09</ele>
      </trkpt>
      <trkpt lat="45.946399" lon="6.246144">
        <ele>1765.77</ele>
      </trkpt>
      <trkpt lat="45.946358" lon="6.246055">
        <ele>1766.41</ele>
      </trkpt>
      <trkpt lat="45.94629" lon="6.24606">
        <ele>1767.61</ele>
      </trkpt>
      <trkpt lat="45.946253" lon="6.246034">
        <ele>1768.23</ele>
      </trkpt>
      <trkpt lat="45.946213" lon="6.246045">
        <ele>1769</ele>
      </trkpt>
      <trkpt lat="45.946173" lon="6.245958">
        <ele>1769.08</ele>
      </trkpt>
      <trkpt lat="45.946124" lon="6.245914">
        <ele>1769.65</ele>
      </trkpt>
      <trkpt lat="45.946099" lon="6.245806">
        <ele>1769.28</ele>
      </trkpt>
      <trkpt lat="45.946081" lon="6.245784">
        <ele>1769.46</ele>
      </trkpt>
      <trkpt lat="45.946064" lon="6.245793">
        <ele>1769.84</ele>
      </trkpt>
      <trkpt lat="45.946049" lon="6.245788">
        <ele>1770.09</ele>
      </trkpt>
      <trkpt lat="45.946006" lon="6.245725">
        <ele>1770.44</ele>
      </trkpt>
      <trkpt lat="45.945921" lon="6.245728">
        <ele>1772.5</ele>
      </trkpt>
      <trkpt lat="45.945904" lon="6.245705">
        <ele>1772.8</ele>
      </trkpt>
      <trkpt lat="45.945875" lon="6.245692">
        <ele>1773.45</ele>
      </trkpt>
      <trkpt lat="45.945832" lon="6.245707">
        <ele>1774.65</ele>
      </trkpt>
      <trkpt lat="45.945804" lon="6.24568">
        <ele>1775.22</ele>
      </trkpt>
      <trkpt lat="45.94571" lon="6.24551">
        <ele>1776.96</ele>
      </trkpt>
      <trkpt lat="45.945689" lon="6.245505">
        <ele>1777.53</ele>
      </trkpt>
      <trkpt lat="45.945661" lon="6.245468">
        <ele>1778.18</ele>
      </trkpt>
      <trkpt lat="45.945573" lon="6.245454">
        <ele>1780.63</ele>
      </trkpt>
      <trkpt lat="45.945522" lon="6.245428">
        <ele>1782.04</ele>
      </trkpt>
      <trkpt lat="45.945497" lon="6.245377">
        <ele>1782.67</ele>
      </trkpt>
      <trkpt lat="45.945415" lon="6.245292">
        <ele>1785</ele>
      </trkpt>
      <trkpt lat="45.945396" lon="6.245221">
        <ele>1785.57</ele>
      </trkpt>
      <trkpt lat="45.945382" lon="6.245201">
        <ele>1786.03</ele>
      </trkpt>
      <trkpt lat="45.945276" lon="6.245139">
        <ele>1789.63</ele>
      </trkpt>
      <trkpt lat="45.945261" lon="6.245055">
        <ele>1790.49</ele>
      </trkpt>
      <trkpt lat="45.945261" lon="6.24483">
        <ele>1791.53</ele>
      </trkpt>
      <trkpt lat="45.945275" lon="6.244761">
        <ele>1791.41</ele>
      </trkpt>
      <trkpt lat="45.945271" lon="6.244709">
        <ele>1791.78</ele>
      </trkpt>
      <trkpt lat="45.945252" lon="6.24465">
        <ele>1792.66</ele>
      </trkpt>
      <trkpt lat="45.945206" lon="6.244571">
        <ele>1794.49</ele>
      </trkpt>
      <trkpt lat="45.945171" lon="6.244347">
        <ele>1796.52</ele>
      </trkpt>
      <trkpt lat="45.94517" lon="6.244219">
        <ele>1796.41</ele>
      </trkpt>
      <trkpt lat="45.945185" lon="6.244146">
        <ele>1795.8</ele>
      </trkpt>
      <trkpt lat="45.945184" lon="6.244077">
        <ele>1795.74</ele>
      </trkpt>
      <trkpt lat="45.945179" lon="6.244041">
        <ele>1795.87</ele>
      </trkpt>
      <trkpt lat="45.945163" lon="6.244009">
        <ele>1796.38</ele>
      </trkpt>
      <trkpt lat="45.94516" lon="6.243972">
        <ele>1796.45</ele>
      </trkpt>
      <trkpt lat="45.945134" lon="6.243909">
        <ele>1797.09</ele>
      </trkpt>
      <trkpt lat="45.94512" lon="6.243828">
        <ele>1797.38</ele>
      </trkpt>
      <trkpt lat="45.945127" lon="6.243792">
        <ele>1797.16</ele>
      </trkpt>
      <trkpt lat="45.945185" lon="6.243659">
        <ele>1795.18</ele>
      </trkpt>
      <trkpt lat="45.945183" lon="6.24361">
        <ele>1795.19</ele>
      </trkpt>
      <trkpt lat="45.945166" lon="6.243566">
        <ele>1795.74</ele>
      </trkpt>
      <trkpt lat="45.945092" lon="6.243494">
        <ele>1797.75</ele>
      </trkpt>
      <trkpt lat="45.945074" lon="6.243451">
        <ele>1798.11</ele>
      </trkpt>
      <trkpt lat="45.945069" lon="6.243406">
        <ele>1798.11</ele>
      </trkpt>
      <trkpt lat="45.945029" lon="6.243309">
        <ele>1798.9</ele>
      </trkpt>
      <trkpt lat="45.944978" lon="6.243113">
        <ele>1799.48</ele>
      </trkpt>
      <trkpt lat="45.944949" lon="6.243044">
        <ele>1799.92</ele>
      </trkpt>
      <trkpt lat="45.944921" lon="6.243011">
        <ele>1800.46</ele>
      </trkpt>
      <trkpt lat="45.94488" lon="6.242897">
        <ele>1800.89</ele>
      </trkpt>
      <trkpt lat="45.944866" lon="6.242851">
        <ele>1801</ele>
      </trkpt>
      <trkpt lat="45.944852" lon="6.242747">
        <ele>1800.79</ele>
      </trkpt>
      <trkpt lat="45.944809" lon="6.242535">
        <ele>1797.78</ele>
      </trkpt>
      <trkpt lat="45.944801" lon="6.242453">
        <ele>1795.97</ele>
      </trkpt>
      <trkpt lat="45.94481" lon="6.24242">
        <ele>1795.29</ele>
      </trkpt>
      <trkpt lat="45.944911" lon="6.242312">
        <ele>1794.91</ele>
      </trkpt>
      <trkpt lat="45.944927" lon="6.242307">
        <ele>1795.18</ele>
      </trkpt>
      <trkpt lat="45.944971" lon="6.242318">
        <ele>1796.1</ele>
      </trkpt>
      <trkpt lat="45.945046" lon="6.242272">
        <ele>1797.63</ele>
      </trkpt>
      <trkpt lat="45.945072" lon="6.242268">
        <ele>1798.27</ele>
      </trkpt>
      <trkpt lat="45.94512" lon="6.242227">
        <ele>1799.85</ele>
      </trkpt>
      <trkpt lat="45.945153" lon="6.242219">
        <ele>1800.89</ele>
      </trkpt>
      <trkpt lat="45.945287" lon="6.242139">
        <ele>1799.4</ele>
      </trkpt>
      <trkpt lat="45.945361" lon="6.242035">
        <ele>1799.39</ele>
      </trkpt>
      <trkpt lat="45.945394" lon="6.242011">
        <ele>1799.05</ele>
      </trkpt>
      <trkpt lat="45.945412" lon="6.241939">
        <ele>1799.79</ele>
      </trkpt>
      <trkpt lat="45.945435" lon="6.241894">
        <ele>1800.03</ele>
      </trkpt>
      <trkpt lat="45.945455" lon="6.241873">
        <ele>1799.93</ele>
      </trkpt>
      <trkpt lat="45.945483" lon="6.241809">
        <ele>1798.85</ele>
      </trkpt>
      <trkpt lat="45.945471" lon="6.241666">
        <ele>1797.87</ele>
      </trkpt>
      <trkpt lat="45.945489" lon="6.241603">
        <ele>1797.2</ele>
      </trkpt>
      <trkpt lat="45.945527" lon="6.241545">
        <ele>1796.57</ele>
      </trkpt>
      <trkpt lat="45.945591" lon="6.241488">
        <ele>1796.07</ele>
      </trkpt>
      <trkpt lat="45.94559" lon="6.241366">
        <ele>1795.72</ele>
      </trkpt>
      <trkpt lat="45.945603" lon="6.241324">
        <ele>1795.66</ele>
      </trkpt>
      <trkpt lat="45.945677" lon="6.241252">
        <ele>1796.11</ele>
      </trkpt>
      <trkpt lat="45.945712" lon="6.241182">
        <ele>1796.58</ele>
      </trkpt>
      <trkpt lat="45.945786" lon="6.241123">
        <ele>1797.79</ele>
      </trkpt>
      <trkpt lat="45.945753" lon="6.241092">
        <ele>1797.48</ele>
      </trkpt>
      <trkpt lat="45.945751" lon="6.241075">
        <ele>1797.52</ele>
      </trkpt>
      <trkpt lat="45.945764" lon="6.24106">
        <ele>1797.81</ele>
      </trkpt>
      <trkpt lat="45.945827" lon="6.241059">
        <ele>1798.9</ele>
      </trkpt>
      <trkpt lat="45.945866" lon="6.241039">
        <ele>1799.73</ele>
      </trkpt>
      <trkpt lat="45.945865" lon="6.24101">
        <ele>1798.62</ele>
      </trkpt>
      <trkpt lat="45.945812" lon="6.240965">
        <ele>1795.11</ele>
      </trkpt>
      <trkpt lat="45.94579" lon="6.240931">
        <ele>1792.62</ele>
      </trkpt>
      <trkpt lat="45.945776" lon="6.240842">
        <ele>1787.15</ele>
      </trkpt>
      <trkpt lat="45.945754" lon="6.240787">
        <ele>1782.49</ele>
      </trkpt>
      <trkpt lat="45.945729" lon="6.240689">
        <ele>1774.41</ele>
      </trkpt>
      <trkpt lat="45.94571" lon="6.240651">
        <ele>1770.09</ele>
      </trkpt>
      <trkpt lat="45.94569" lon="6.240634">
        <ele>1766.89</ele>
      </trkpt>
      <trkpt lat="45.945587" lon="6.240638">
        <ele>1756.94</ele>
      </trkpt>
      <trkpt lat="45.94555" lon="6.240608">
        <ele>1750.2</ele>
      </trkpt>
      <trkpt lat="45.945482" lon="6.240581">
        <ele>1739.94</ele>
      </trkpt>
      <trkpt lat="45.945469" lon="6.240545">
        <ele>1734.15</ele>
      </trkpt>
      <trkpt lat="45.945477" lon="6.24053">
        <ele>1733.3</ele>
      </trkpt>
      <trkpt lat="45.945598" lon="6.240436">
        <ele>1739.45</ele>
      </trkpt>
      <trkpt lat="45.945619" lon="6.240394">
        <ele>1738.77</ele>
      </trkpt>
      <trkpt lat="45.94564" lon="6.240379">
        <ele>1740.69</ele>
      </trkpt>
      <trkpt lat="45.945686" lon="6.240316">
        <ele>1742.96</ele>
      </trkpt>
      <trkpt lat="45.945736" lon="6.2403">
        <ele>1750.17</ele>
      </trkpt>
      <trkpt lat="45.94575" lon="6.240279">
        <ele>1751.19</ele>
      </trkpt>
      <trkpt lat="45.945798" lon="6.240244">
        <ele>1757.79</ele>
      </trkpt>
      <trkpt lat="45.945823" lon="6.240201">
        <ele>1759.6</ele>
      </trkpt>
      <trkpt lat="45.945865" lon="6.240223">
        <ele>1769.12</ele>
      </trkpt>
      <trkpt lat="45.945929" lon="6.240233">
        <ele>1781.07</ele>
      </trkpt>
      <trkpt lat="45.946123" lon="6.24016">
        <ele>1789.72</ele>
      </trkpt>
      <trkpt lat="45.946135" lon="6.240031">
        <ele>1772.34</ele>
      </trkpt>
      <trkpt lat="45.946123" lon="6.24016">
        <ele>1789.72</ele>
      </trkpt>
      <trkpt lat="45.945929" lon="6.240233">
        <ele>1781.07</ele>
      </trkpt>
      <trkpt lat="45.9459" lon="6.240228">
        <ele>1775.59</ele>
      </trkpt>
      <trkpt lat="45.945865" lon="6.240223">
        <ele>1769.12</ele>
      </trkpt>
      <trkpt lat="45.945823" lon="6.240201">
        <ele>1759.6</ele>
      </trkpt>
      <trkpt lat="45.945798" lon="6.240244">
        <ele>1757.79</ele>
      </trkpt>
      <trkpt lat="45.94575" lon="6.240279">
        <ele>1751.19</ele>
      </trkpt>
      <trkpt lat="45.945736" lon="6.2403">
        <ele>1750.17</ele>
      </trkpt>
      <trkpt lat="45.945686" lon="6.240316">
        <ele>1742.96</ele>
      </trkpt>
      <trkpt lat="45.94564" lon="6.240379">
        <ele>1740.69</ele>
      </trkpt>
      <trkpt lat="45.945619" lon="6.240394">
        <ele>1738.77</ele>
      </trkpt>
      <trkpt lat="45.945598" lon="6.240436">
        <ele>1739.45</ele>
      </trkpt>
      <trkpt lat="45.945477" lon="6.24053">
        <ele>1733.3</ele>
      </trkpt>
      <trkpt lat="45.945469" lon="6.240545">
        <ele>1734.15</ele>
      </trkpt>
      <trkpt lat="45.945482" lon="6.240581">
        <ele>1739.94</ele>
      </trkpt>
      <trkpt lat="45.94555" lon="6.240608">
        <ele>1750.2</ele>
      </trkpt>
      <trkpt lat="45.945587" lon="6.240638">
        <ele>1756.94</ele>
      </trkpt>
      <trkpt lat="45.94569" lon="6.240634">
        <ele>1766.89</ele>
      </trkpt>
      <trkpt lat="45.94571" lon="6.240651">
        <ele>1770.09</ele>
      </trkpt>
      <trkpt lat="45.945729" lon="6.240689">
        <ele>1774.41</ele>
      </trkpt>
      <trkpt lat="45.945754" lon="6.240787">
        <ele>1782.49</ele>
      </trkpt>
      <trkpt lat="45.945776" lon="6.240842">
        <ele>1787.15</ele>
      </trkpt>
      <trkpt lat="45.94579" lon="6.240931">
        <ele>1792.62</ele>
      </trkpt>
      <trkpt lat="45.945812" lon="6.240965">
        <ele>1795.11</ele>
      </trkpt>
      <trkpt lat="45.945865" lon="6.24101">
        <ele>1798.62</ele>
      </trkpt>
      <trkpt lat="45.945866" lon="6.241039">
        <ele>1799.73</ele>
      </trkpt>
      <trkpt lat="45.945827" lon="6.241059">
        <ele>1798.9</ele>
      </trkpt>
      <trkpt lat="45.945764" lon="6.24106">
        <ele>1797.81</ele>
      </trkpt>
      <trkpt lat="45.945751" lon="6.241075">
        <ele>1797.52</ele>
      </trkpt>
      <trkpt lat="45.945753" lon="6.241092">
        <ele>1797.48</ele>
      </trkpt>
      <trkpt lat="45.945786" lon="6.241123">
        <ele>1797.79</ele>
      </trkpt>
      <trkpt lat="45.945712" lon="6.241182">
        <ele>1796.58</ele>
      </trkpt>
      <trkpt lat="45.945677" lon="6.241252">
        <ele>1796.11</ele>
      </trkpt>
      <trkpt lat="45.945603" lon="6.241324">
        <ele>1795.66</ele>
      </trkpt>
      <trkpt lat="45.94559" lon="6.241366">
        <ele>1795.72</ele>
      </trkpt>
      <trkpt lat="45.945591" lon="6.241488">
        <ele>1796.07</ele>
      </trkpt>
      <trkpt lat="45.945527" lon="6.241545">
        <ele>1796.57</ele>
      </trkpt>
      <trkpt lat="45.945489" lon="6.241603">
        <ele>1797.2</ele>
      </trkpt>
      <trkpt lat="45.945471" lon="6.241666">
        <ele>1797.87</ele>
      </trkpt>
      <trkpt lat="45.945483" lon="6.241809">
        <ele>1798.85</ele>
      </trkpt>
      <trkpt lat="45.945455" lon="6.241873">
        <ele>1799.93</ele>
      </trkpt>
      <trkpt lat="45.945435" lon="6.241894">
        <ele>1800.03</ele>
      </trkpt>
      <trkpt lat="45.945412" lon="6.241939">
        <ele>1799.79</ele>
      </trkpt>
      <trkpt lat="45.945394" lon="6.242011">
        <ele>1799.05</ele>
      </trkpt>
      <trkpt lat="45.945361" lon="6.242035">
        <ele>1799.39</ele>
      </trkpt>
      <trkpt lat="45.945287" lon="6.242139">
        <ele>1799.4</ele>
      </trkpt>
      <trkpt lat="45.945153" lon="6.242219">
        <ele>1800.89</ele>
      </trkpt>
      <trkpt lat="45.94512" lon="6.242227">
        <ele>1799.85</ele>
      </trkpt>
      <trkpt lat="45.945072" lon="6.242268">
        <ele>1798.27</ele>
      </trkpt>
      <trkpt lat="45.945046" lon="6.242272">
        <ele>1797.63</ele>
      </trkpt>
      <trkpt lat="45.944971" lon="6.242318">
        <ele>1796.1</ele>
      </trkpt>
      <trkpt lat="45.944927" lon="6.242307">
        <ele>1795.18</ele>
      </trkpt>
      <trkpt lat="45.944911" lon="6.242312">
        <ele>1794.91</ele>
      </trkpt>
      <trkpt lat="45.94481" lon="6.24242">
        <ele>1795.29</ele>
      </trkpt>
      <trkpt lat="45.944801" lon="6.242453">
        <ele>1795.97</ele>
      </trkpt>
      <trkpt lat="45.944776" lon="6.242484">
        <ele>1796.62</ele>
      </trkpt>
      <trkpt lat="45.944761" lon="6.242525">
        <ele>1797.71</ele>
      </trkpt>
      <trkpt lat="45.944741" lon="6.242555">
        <ele>1798.62</ele>
      </trkpt>
      <trkpt lat="45.944735" lon="6.242592">
        <ele>1799.75</ele>
      </trkpt>
      <trkpt lat="45.944734" lon="6.242626">
        <ele>1800.75</ele>
      </trkpt>
      <trkpt lat="45.944762" lon="6.242828">
        <ele>1803.23</ele>
      </trkpt>
      <trkpt lat="45.944758" lon="6.242879">
        <ele>1803.63</ele>
      </trkpt>
      <trkpt lat="45.944729" lon="6.242929">
        <ele>1804.61</ele>
      </trkpt>
      <trkpt lat="45.944727" lon="6.242959">
        <ele>1804.83</ele>
      </trkpt>
      <trkpt lat="45.944712" lon="6.242989">
        <ele>1805.39</ele>
      </trkpt>
      <trkpt lat="45.944683" lon="6.243012">
        <ele>1806.22</ele>
      </trkpt>
      <trkpt lat="45.944692" lon="6.24309">
        <ele>1806.51</ele>
      </trkpt>
      <trkpt lat="45.94469" lon="6.243194">
        <ele>1807.24</ele>
      </trkpt>
      <trkpt lat="45.94468" lon="6.243187">
        <ele>1807.44</ele>
      </trkpt>
      <trkpt lat="45.944657" lon="6.243122">
        <ele>1807.61</ele>
      </trkpt>
      <trkpt lat="45.944532" lon="6.242909">
        <ele>1809.1</ele>
      </trkpt>
      <trkpt lat="45.944475" lon="6.242859">
        <ele>1810</ele>
      </trkpt>
      <trkpt lat="45.944465" lon="6.242814">
        <ele>1809.84</ele>
      </trkpt>
      <trkpt lat="45.94444" lon="6.242779">
        <ele>1810.11</ele>
      </trkpt>
      <trkpt lat="45.944405" lon="6.242755">
        <ele>1810.68</ele>
      </trkpt>
      <trkpt lat="45.944339" lon="6.242687">
        <ele>1810.27</ele>
      </trkpt>
      <trkpt lat="45.944256" lon="6.242676">
        <ele>1803.89</ele>
      </trkpt>
      <trkpt lat="45.944241" lon="6.242668">
        <ele>1801.91</ele>
      </trkpt>
      <trkpt lat="45.94423" lon="6.242646">
        <ele>1799.25</ele>
      </trkpt>
      <trkpt lat="45.944139" lon="6.242688">
        <ele>1794.78</ele>
      </trkpt>
      <trkpt lat="45.944128" lon="6.242718">
        <ele>1795.91</ele>
      </trkpt>
      <trkpt lat="45.944138" lon="6.242788">
        <ele>1798.88</ele>
      </trkpt>
      <trkpt lat="45.944143" lon="6.242946">
        <ele>1803.99</ele>
      </trkpt>
      <trkpt lat="45.944131" lon="6.243018">
        <ele>1805.57</ele>
      </trkpt>
      <trkpt lat="45.944087" lon="6.243111">
        <ele>1806.83</ele>
      </trkpt>
      <trkpt lat="45.944079" lon="6.243147">
        <ele>1807.88</ele>
      </trkpt>
      <trkpt lat="45.943993" lon="6.243209">
        <ele>1807.89</ele>
      </trkpt>
      <trkpt lat="45.94389" lon="6.243316">
        <ele>1811.46</ele>
      </trkpt>
      <trkpt lat="45.943876" lon="6.243365">
        <ele>1814.22</ele>
      </trkpt>
      <trkpt lat="45.943853" lon="6.243412">
        <ele>1816.96</ele>
      </trkpt>
      <trkpt lat="45.943861" lon="6.243453">
        <ele>1819.53</ele>
      </trkpt>
      <trkpt lat="45.943827" lon="6.243517">
        <ele>1823.83</ele>
      </trkpt>
      <trkpt lat="45.943808" lon="6.243605">
        <ele>1825.69</ele>
      </trkpt>
      <trkpt lat="45.94376" lon="6.243625">
        <ele>1826.26</ele>
      </trkpt>
      <trkpt lat="45.943757" lon="6.243673">
        <ele>1826.4</ele>
      </trkpt>
      <trkpt lat="45.943659" lon="6.243823">
        <ele>1827.93</ele>
      </trkpt>
      <trkpt lat="45.943597" lon="6.243847">
        <ele>1828.77</ele>
      </trkpt>
      <trkpt lat="45.943584" lon="6.243877">
        <ele>1829.02</ele>
      </trkpt>
      <trkpt lat="45.943556" lon="6.243883">
        <ele>1829.4</ele>
      </trkpt>
      <trkpt lat="45.943541" lon="6.2439">
        <ele>1829.65</ele>
      </trkpt>
      <trkpt lat="45.943524" lon="6.243945">
        <ele>1830.02</ele>
      </trkpt>
      <trkpt lat="45.943492" lon="6.243954">
        <ele>1830.47</ele>
      </trkpt>
      <trkpt lat="45.943411" lon="6.244001">
        <ele>1823</ele>
      </trkpt>
      <trkpt lat="45.943285" lon="6.244116">
        <ele>1815.54</ele>
      </trkpt>
      <trkpt lat="45.943085" lon="6.244199">
        <ele>1806.79</ele>
      </trkpt>
      <trkpt lat="45.94291" lon="6.244354">
        <ele>1813.09</ele>
      </trkpt>
      <trkpt lat="45.942866" lon="6.244349">
        <ele>1811.07</ele>
      </trkpt>
      <trkpt lat="45.942817" lon="6.244357">
        <ele>1810.52</ele>
      </trkpt>
      <trkpt lat="45.942752" lon="6.244424">
        <ele>1812.18</ele>
      </trkpt>
      <trkpt lat="45.942671" lon="6.244483">
        <ele>1811.97</ele>
      </trkpt>
      <trkpt lat="45.942591" lon="6.24458">
        <ele>1806.25</ele>
      </trkpt>
      <trkpt lat="45.942549" lon="6.244594">
        <ele>1801.44</ele>
      </trkpt>
      <trkpt lat="45.942535" lon="6.244613">
        <ele>1800.63</ele>
      </trkpt>
      <trkpt lat="45.94251" lon="6.24471">
        <ele>1803.33</ele>
      </trkpt>
      <trkpt lat="45.942483" lon="6.244757">
        <ele>1803.45</ele>
      </trkpt>
      <trkpt lat="45.942454" lon="6.244762">
        <ele>1800.84</ele>
      </trkpt>
      <trkpt lat="45.942416" lon="6.244802">
        <ele>1800.11</ele>
      </trkpt>
      <trkpt lat="45.942396" lon="6.244789">
        <ele>1797.19</ele>
      </trkpt>
      <trkpt lat="45.942355" lon="6.244808">
        <ele>1795.05</ele>
      </trkpt>
      <trkpt lat="45.942328" lon="6.244836">
        <ele>1795.17</ele>
      </trkpt>
      <trkpt lat="45.942247" lon="6.244822">
        <ele>1786.68</ele>
      </trkpt>
      <trkpt lat="45.942149" lon="6.244914">
        <ele>1789.32</ele>
      </trkpt>
      <trkpt lat="45.942124" lon="6.244961">
        <ele>1793.5</ele>
      </trkpt>
      <trkpt lat="45.942019" lon="6.245054">
        <ele>1800.42</ele>
      </trkpt>
      <trkpt lat="45.942004" lon="6.245128">
        <ele>1810.75</ele>
      </trkpt>
      <trkpt lat="45.941983" lon="6.24518">
        <ele>1818.04</ele>
      </trkpt>
      <trkpt lat="45.941906" lon="6.245248">
        <ele>1821.59</ele>
      </trkpt>
      <trkpt lat="45.941863" lon="6.245339">
        <ele>1822.92</ele>
      </trkpt>
      <trkpt lat="45.941758" lon="6.245408">
        <ele>1814.83</ele>
      </trkpt>
      <trkpt lat="45.941731" lon="6.245499">
        <ele>1814.6</ele>
      </trkpt>
      <trkpt lat="45.94172" lon="6.245598">
        <ele>1817.34</ele>
      </trkpt>
      <trkpt lat="45.941681" lon="6.2457">
        <ele>1817.96</ele>
      </trkpt>
      <trkpt lat="45.941665" lon="6.245728">
        <ele>1817.91</ele>
      </trkpt>
      <trkpt lat="45.94159" lon="6.245806">
        <ele>1816.06</ele>
      </trkpt>
      <trkpt lat="45.941593" lon="6.245909">
        <ele>1822.67</ele>
      </trkpt>
      <trkpt lat="45.941584" lon="6.245979">
        <ele>1826.57</ele>
      </trkpt>
      <trkpt lat="45.941561" lon="6.246072">
        <ele>1829.49</ele>
      </trkpt>
      <trkpt lat="45.941518" lon="6.246181">
        <ele>1827.73</ele>
      </trkpt>
      <trkpt lat="45.941524" lon="6.246355">
        <ele>1827.68</ele>
      </trkpt>
      <trkpt lat="45.941536" lon="6.246442">
        <ele>1827.82</ele>
      </trkpt>
      <trkpt lat="45.941533" lon="6.246482">
        <ele>1827.68</ele>
      </trkpt>
      <trkpt lat="45.941493" lon="6.246575">
        <ele>1826.85</ele>
      </trkpt>
      <trkpt lat="45.941448" lon="6.24681">
        <ele>1826.53</ele>
      </trkpt>
      <trkpt lat="45.941455" lon="6.246861">
        <ele>1826.65</ele>
      </trkpt>
      <trkpt lat="45.941445" lon="6.246902">
        <ele>1826.37</ele>
      </trkpt>
      <trkpt lat="45.941387" lon="6.247051">
        <ele>1824.77</ele>
      </trkpt>
      <trkpt lat="45.941356" lon="6.247086">
        <ele>1824.38</ele>
      </trkpt>
      <trkpt lat="45.941258" lon="6.247114">
        <ele>1823.97</ele>
      </trkpt>
      <trkpt lat="45.941169" lon="6.247214">
        <ele>1823.08</ele>
      </trkpt>
      <trkpt lat="45.941069" lon="6.247225">
        <ele>1822.95</ele>
      </trkpt>
      <trkpt lat="45.941058" lon="6.247267">
        <ele>1822.66</ele>
      </trkpt>
      <trkpt lat="45.941064" lon="6.247303">
        <ele>1822.42</ele>
      </trkpt>
      <trkpt lat="45.941046" lon="6.24731">
        <ele>1822.38</ele>
      </trkpt>
      <trkpt lat="45.940963" lon="6.247287">
        <ele>1821.52</ele>
      </trkpt>
      <trkpt lat="45.940917" lon="6.247249">
        <ele>1819.82</ele>
      </trkpt>
      <trkpt lat="45.940839" lon="6.247285">
        <ele>1816.95</ele>
      </trkpt>
      <trkpt lat="45.94083" lon="6.247343">
        <ele>1817</ele>
      </trkpt>
      <trkpt lat="45.940795" lon="6.247384">
        <ele>1816.27</ele>
      </trkpt>
      <trkpt lat="45.940733" lon="6.247307">
        <ele>1813.32</ele>
      </trkpt>
      <trkpt lat="45.940645" lon="6.247286">
        <ele>1809.74</ele>
      </trkpt>
      <trkpt lat="45.940607" lon="6.247314">
        <ele>1809.04</ele>
      </trkpt>
      <trkpt lat="45.940552" lon="6.247387">
        <ele>1809.31</ele>
      </trkpt>
      <trkpt lat="45.940521" lon="6.247442">
        <ele>1810.22</ele>
      </trkpt>
      <trkpt lat="45.940511" lon="6.247503">
        <ele>1812.01</ele>
      </trkpt>
      <trkpt lat="45.940477" lon="6.247554">
        <ele>1813.21</ele>
      </trkpt>
      <trkpt lat="45.940419" lon="6.24761">
        <ele>1814.62</ele>
      </trkpt>
      <trkpt lat="45.940422" lon="6.247666">
        <ele>1816.92</ele>
      </trkpt>
      <trkpt lat="45.940444" lon="6.247775">
        <ele>1818.44</ele>
      </trkpt>
      <trkpt lat="45.940433" lon="6.247805">
        <ele>1818.32</ele>
      </trkpt>
      <trkpt lat="45.940384" lon="6.247857">
        <ele>1818.07</ele>
      </trkpt>
      <trkpt lat="45.940354" lon="6.247797">
        <ele>1818.22</ele>
      </trkpt>
      <trkpt lat="45.94034" lon="6.247722">
        <ele>1818.4</ele>
      </trkpt>
      <trkpt lat="45.940274" lon="6.24761">
        <ele>1813.13</ele>
      </trkpt>
      <trkpt lat="45.940207" lon="6.247596">
        <ele>1811.6</ele>
      </trkpt>
      <trkpt lat="45.940161" lon="6.247601">
        <ele>1811.38</ele>
      </trkpt>
      <trkpt lat="45.940129" lon="6.247623">
        <ele>1812.15</ele>
      </trkpt>
      <trkpt lat="45.940115" lon="6.247679">
        <ele>1815.73</ele>
      </trkpt>
      <trkpt lat="45.940115" lon="6.247722">
        <ele>1817.74</ele>
      </trkpt>
      <trkpt lat="45.940104" lon="6.247742">
        <ele>1817.68</ele>
      </trkpt>
      <trkpt lat="45.940086" lon="6.247748">
        <ele>1817.58</ele>
      </trkpt>
      <trkpt lat="45.940051" lon="6.247735">
        <ele>1817.39</ele>
      </trkpt>
      <trkpt lat="45.940032" lon="6.247706">
        <ele>1817.09</ele>
      </trkpt>
      <trkpt lat="45.940018" lon="6.247673">
        <ele>1814.25</ele>
      </trkpt>
      <trkpt lat="45.940014" lon="6.247625">
        <ele>1810.17</ele>
      </trkpt>
      <trkpt lat="45.939996" lon="6.247617">
        <ele>1809.2</ele>
      </trkpt>
      <trkpt lat="45.939964" lon="6.247654">
        <ele>1811.93</ele>
      </trkpt>
      <trkpt lat="45.939942" lon="6.247643">
        <ele>1810.53</ele>
      </trkpt>
      <trkpt lat="45.939929" lon="6.247653">
        <ele>1811.37</ele>
      </trkpt>
      <trkpt lat="45.939906" lon="6.24763">
        <ele>1808.7</ele>
      </trkpt>
      <trkpt lat="45.9399" lon="6.247668">
        <ele>1812.47</ele>
      </trkpt>
      <trkpt lat="45.939892" lon="6.247668">
        <ele>1812.33</ele>
      </trkpt>
      <trkpt lat="45.939874" lon="6.247739">
        <ele>1816.44</ele>
      </trkpt>
      <trkpt lat="45.939849" lon="6.247765">
        <ele>1816.44</ele>
      </trkpt>
      <trkpt lat="45.939778" lon="6.247797">
        <ele>1816.3</ele>
      </trkpt>
      <trkpt lat="45.939737" lon="6.24773">
        <ele>1815.64</ele>
      </trkpt>
      <trkpt lat="45.939696" lon="6.247718">
        <ele>1815.32</ele>
      </trkpt>
      <trkpt lat="45.939677" lon="6.247703">
        <ele>1814.44</ele>
      </trkpt>
      <trkpt lat="45.939611" lon="6.247584">
        <ele>1796.9</ele>
      </trkpt>
      <trkpt lat="45.939571" lon="6.247565">
        <ele>1793.02</ele>
      </trkpt>
      <trkpt lat="45.93949" lon="6.24763">
        <ele>1801.36</ele>
      </trkpt>
      <trkpt lat="45.939463" lon="6.247621">
        <ele>1799.31</ele>
      </trkpt>
      <trkpt lat="45.939408" lon="6.247668">
        <ele>1806.5</ele>
      </trkpt>
      <trkpt lat="45.939394" lon="6.247707">
        <ele>1813.26</ele>
      </trkpt>
      <trkpt lat="45.939383" lon="6.247817">
        <ele>1814.93</ele>
      </trkpt>
      <trkpt lat="45.939333" lon="6.247963">
        <ele>1816.99</ele>
      </trkpt>
      <trkpt lat="45.93933" lon="6.248021">
        <ele>1817.88</ele>
      </trkpt>
      <trkpt lat="45.939298" lon="6.248091">
        <ele>1815.6</ele>
      </trkpt>
      <trkpt lat="45.93932" lon="6.248115">
        <ele>1818.87</ele>
      </trkpt>
      <trkpt lat="45.939331" lon="6.248176">
        <ele>1820.27</ele>
      </trkpt>
      <trkpt lat="45.939289" lon="6.248318">
        <ele>1819.46</ele>
      </trkpt>
      <trkpt lat="45.939265" lon="6.248344">
        <ele>1817.95</ele>
      </trkpt>
      <trkpt lat="45.93923" lon="6.248359">
        <ele>1815.38</ele>
      </trkpt>
      <trkpt lat="45.939206" lon="6.248357">
        <ele>1813.39</ele>
      </trkpt>
      <trkpt lat="45.939182" lon="6.248391">
        <ele>1812.76</ele>
      </trkpt>
      <trkpt lat="45.939128" lon="6.248419">
        <ele>1810.05</ele>
      </trkpt>
      <trkpt lat="45.939102" lon="6.248408">
        <ele>1807.59</ele>
      </trkpt>
      <trkpt lat="45.939074" lon="6.248428">
        <ele>1806.8</ele>
      </trkpt>
      <trkpt lat="45.93902" lon="6.248507">
        <ele>1808.57</ele>
      </trkpt>
      <trkpt lat="45.93902" lon="6.248561">
        <ele>1811.25</ele>
      </trkpt>
      <trkpt lat="45.939004" lon="6.248593">
        <ele>1810.79</ele>
      </trkpt>
      <trkpt lat="45.938969" lon="6.248629">
        <ele>1809.64</ele>
      </trkpt>
      <trkpt lat="45.93897" lon="6.248655">
        <ele>1810.01</ele>
      </trkpt>
      <trkpt lat="45.938959" lon="6.248661">
        <ele>1809.64</ele>
      </trkpt>
      <trkpt lat="45.938946" lon="6.248647">
        <ele>1808.96</ele>
      </trkpt>
      <trkpt lat="45.938902" lon="6.248639">
        <ele>1806.99</ele>
      </trkpt>
      <trkpt lat="45.938897" lon="6.248734">
        <ele>1808.54</ele>
      </trkpt>
      <trkpt lat="45.93885" lon="6.248892">
        <ele>1810.39</ele>
      </trkpt>
      <trkpt lat="45.938771" lon="6.24904">
        <ele>1812.84</ele>
      </trkpt>
      <trkpt lat="45.938758" lon="6.2491">
        <ele>1814.46</ele>
      </trkpt>
      <trkpt lat="45.938759" lon="6.249206">
        <ele>1817.55</ele>
      </trkpt>
      <trkpt lat="45.938752" lon="6.249258">
        <ele>1819.13</ele>
      </trkpt>
      <trkpt lat="45.938727" lon="6.249291">
        <ele>1820.38</ele>
      </trkpt>
      <trkpt lat="45.938615" lon="6.249379">
        <ele>1824.79</ele>
      </trkpt>
      <trkpt lat="45.938577" lon="6.249445">
        <ele>1823.28</ele>
      </trkpt>
      <trkpt lat="45.938551" lon="6.249557">
        <ele>1820.05</ele>
      </trkpt>
      <trkpt lat="45.938609" lon="6.24974">
        <ele>1813.48</ele>
      </trkpt>
      <trkpt lat="45.93859" lon="6.249835">
        <ele>1810.66</ele>
      </trkpt>
      <trkpt lat="45.93859" lon="6.249875">
        <ele>1809.38</ele>
      </trkpt>
      <trkpt lat="45.938658" lon="6.249947">
        <ele>1806.61</ele>
      </trkpt>
      <trkpt lat="45.938665" lon="6.2501">
        <ele>1801.88</ele>
      </trkpt>
      <trkpt lat="45.938685" lon="6.250138">
        <ele>1800.67</ele>
      </trkpt>
      <trkpt lat="45.938739" lon="6.25047">
        <ele>1793.94</ele>
      </trkpt>
      <trkpt lat="45.938736" lon="6.25055">
        <ele>1792.59</ele>
      </trkpt>
      <trkpt lat="45.938724" lon="6.250587">
        <ele>1792.02</ele>
      </trkpt>
      <trkpt lat="45.938736" lon="6.250697">
        <ele>1790.09</ele>
      </trkpt>
      <trkpt lat="45.938711" lon="6.250759">
        <ele>1789.18</ele>
      </trkpt>
      <trkpt lat="45.938709" lon="6.250839">
        <ele>1787.84</ele>
      </trkpt>
      <trkpt lat="45.938563" lon="6.251157">
        <ele>1781.76</ele>
      </trkpt>
      <trkpt lat="45.938536" lon="6.25128">
        <ele>1777.89</ele>
      </trkpt>
      <trkpt lat="45.938516" lon="6.251332">
        <ele>1776.23</ele>
      </trkpt>
      <trkpt lat="45.938446" lon="6.25138">
        <ele>1773.58</ele>
      </trkpt>
      <trkpt lat="45.93842" lon="6.251449">
        <ele>1770.77</ele>
      </trkpt>
      <trkpt lat="45.938411" lon="6.251531">
        <ele>1767.95</ele>
      </trkpt>
      <trkpt lat="45.93839" lon="6.251608">
        <ele>1765.08</ele>
      </trkpt>
      <trkpt lat="45.938368" lon="6.251647">
        <ele>1763.47</ele>
      </trkpt>
      <trkpt lat="45.938294" lon="6.251644">
        <ele>1762.22</ele>
      </trkpt>
      <trkpt lat="45.93827" lon="6.251658">
        <ele>1761.37</ele>
      </trkpt>
      <trkpt lat="45.93826" lon="6.251687">
        <ele>1760.35</ele>
      </trkpt>
      <trkpt lat="45.938262" lon="6.251792">
        <ele>1757.39</ele>
      </trkpt>
      <trkpt lat="45.93829" lon="6.251933">
        <ele>1753.72</ele>
      </trkpt>
      <trkpt lat="45.938304" lon="6.252086">
        <ele>1749.59</ele>
      </trkpt>
      <trkpt lat="45.938299" lon="6.252202">
        <ele>1746.22</ele>
      </trkpt>
      <trkpt lat="45.938293" lon="6.252247">
        <ele>1744.85</ele>
      </trkpt>
      <trkpt lat="45.938272" lon="6.252277">
        <ele>1743.64</ele>
      </trkpt>
      <trkpt lat="45.938275" lon="6.252359">
        <ele>1741.36</ele>
      </trkpt>
      <trkpt lat="45.93826" lon="6.252399">
        <ele>1739.93</ele>
      </trkpt>
      <trkpt lat="45.938254" lon="6.252514">
        <ele>1736.52</ele>
      </trkpt>
      <trkpt lat="45.938243" lon="6.252556">
        <ele>1735.09</ele>
      </trkpt>
      <trkpt lat="45.938245" lon="6.252592">
        <ele>1734.08</ele>
      </trkpt>
      <trkpt lat="45.938205" lon="6.252609">
        <ele>1732.78</ele>
      </trkpt>
      <trkpt lat="45.938177" lon="6.252709">
        <ele>1729.22</ele>
      </trkpt>
      <trkpt lat="45.938179" lon="6.252755">
        <ele>1727.86</ele>
      </trkpt>
      <trkpt lat="45.93819" lon="6.252799">
        <ele>1726.76</ele>
      </trkpt>
      <trkpt lat="45.938174" lon="6.25285">
        <ele>1724.88</ele>
      </trkpt>
      <trkpt lat="45.938165" lon="6.252954">
        <ele>1721.55</ele>
      </trkpt>
      <trkpt lat="45.938136" lon="6.253065">
        <ele>1717.68</ele>
      </trkpt>
      <trkpt lat="45.93811" lon="6.253107">
        <ele>1715.94</ele>
      </trkpt>
      <trkpt lat="45.938093" lon="6.253114">
        <ele>1715.45</ele>
      </trkpt>
      <trkpt lat="45.938073" lon="6.253185">
        <ele>1713.01</ele>
      </trkpt>
      <trkpt lat="45.938037" lon="6.253259">
        <ele>1710.25</ele>
      </trkpt>
      <trkpt lat="45.938003" lon="6.253261">
        <ele>1709.65</ele>
      </trkpt>
      <trkpt lat="45.937993" lon="6.253337">
        <ele>1707.32</ele>
      </trkpt>
      <trkpt lat="45.938" lon="6.253358">
        <ele>1706.81</ele>
      </trkpt>
      <trkpt lat="45.937997" lon="6.253377">
        <ele>1706.23</ele>
      </trkpt>
      <trkpt lat="45.937979" lon="6.253391">
        <ele>1705.56</ele>
      </trkpt>
      <trkpt lat="45.93796" lon="6.253488">
        <ele>1702.54</ele>
      </trkpt>
      <trkpt lat="45.937941" lon="6.253497">
        <ele>1702.02</ele>
      </trkpt>
      <trkpt lat="45.937911" lon="6.253426">
        <ele>1703.59</ele>
      </trkpt>
      <trkpt lat="45.937881" lon="6.253394">
        <ele>1704.03</ele>
      </trkpt>
      <trkpt lat="45.937816" lon="6.253364">
        <ele>1703.9</ele>
      </trkpt>
      <trkpt lat="45.937773" lon="6.253365">
        <ele>1703.21</ele>
      </trkpt>
      <trkpt lat="45.937759" lon="6.253382">
        <ele>1702.55</ele>
      </trkpt>
      <trkpt lat="45.937754" lon="6.253409">
        <ele>1701.78</ele>
      </trkpt>
      <trkpt lat="45.937737" lon="6.253442">
        <ele>1700.69</ele>
      </trkpt>
      <trkpt lat="45.937702" lon="6.253474">
        <ele>1699.34</ele>
      </trkpt>
      <trkpt lat="45.937705" lon="6.253533">
        <ele>1697.89</ele>
      </trkpt>
      <trkpt lat="45.937619" lon="6.253688">
        <ele>1691.76</ele>
      </trkpt>
      <trkpt lat="45.937603" lon="6.253761">
        <ele>1689.22</ele>
      </trkpt>
      <trkpt lat="45.937584" lon="6.253776">
        <ele>1688.4</ele>
      </trkpt>
      <trkpt lat="45.937566" lon="6.253775">
        <ele>1688.1</ele>
      </trkpt>
      <trkpt lat="45.937495" lon="6.253909">
        <ele>1682.86</ele>
      </trkpt>
      <trkpt lat="45.937449" lon="6.253962">
        <ele>1680.56</ele>
      </trkpt>
      <trkpt lat="45.937448" lon="6.254035">
        <ele>1678.43</ele>
      </trkpt>
      <trkpt lat="45.937413" lon="6.254079">
        <ele>1676.63</ele>
      </trkpt>
      <trkpt lat="45.937398" lon="6.25416">
        <ele>1674.08</ele>
      </trkpt>
      <trkpt lat="45.937401" lon="6.254245">
        <ele>1671.7</ele>
      </trkpt>
      <trkpt lat="45.937417" lon="6.254278">
        <ele>1670.94</ele>
      </trkpt>
      <trkpt lat="45.937418" lon="6.254331">
        <ele>1669.42</ele>
      </trkpt>
      <trkpt lat="45.937398" lon="6.254405">
        <ele>1667.1</ele>
      </trkpt>
      <trkpt lat="45.937333" lon="6.254557">
        <ele>1661.94</ele>
      </trkpt>
      <trkpt lat="45.937333" lon="6.254617">
        <ele>1660.23</ele>
      </trkpt>
      <trkpt lat="45.937277" lon="6.254687">
        <ele>1657.18</ele>
      </trkpt>
      <trkpt lat="45.937269" lon="6.254721">
        <ele>1656</ele>
      </trkpt>
      <trkpt lat="45.937269" lon="6.254779">
        <ele>1654.26</ele>
      </trkpt>
      <trkpt lat="45.937278" lon="6.254825">
        <ele>1653.09</ele>
      </trkpt>
      <trkpt lat="45.937276" lon="6.254883">
        <ele>1651.31</ele>
      </trkpt>
      <trkpt lat="45.937263" lon="6.254885">
        <ele>1650.96</ele>
      </trkpt>
      <trkpt lat="45.937243" lon="6.254858">
        <ele>1651.33</ele>
      </trkpt>
      <trkpt lat="45.937233" lon="6.254873">
        <ele>1650.64</ele>
      </trkpt>
      <trkpt lat="45.937248" lon="6.254936">
        <ele>1649.07</ele>
      </trkpt>
      <trkpt lat="45.937267" lon="6.254959">
        <ele>1648.84</ele>
      </trkpt>
      <trkpt lat="45.937262" lon="6.255001">
        <ele>1647.45</ele>
      </trkpt>
      <trkpt lat="45.937222" lon="6.255053">
        <ele>1644.82</ele>
      </trkpt>
      <trkpt lat="45.937102" lon="6.255046">
        <ele>1641.87</ele>
      </trkpt>
      <trkpt lat="45.93698" lon="6.25509">
        <ele>1637.03</ele>
      </trkpt>
      <trkpt lat="45.936847" lon="6.255088">
        <ele>1633.47</ele>
      </trkpt>
      <trkpt lat="45.936812" lon="6.255109">
        <ele>1631.45</ele>
      </trkpt>
      <trkpt lat="45.936799" lon="6.255102">
        <ele>1631.14</ele>
      </trkpt>
      <trkpt lat="45.936754" lon="6.25502">
        <ele>1632.44</ele>
      </trkpt>
      <trkpt lat="45.936739" lon="6.255026">
        <ele>1631.51</ele>
      </trkpt>
      <trkpt lat="45.936739" lon="6.255067">
        <ele>1629.77</ele>
      </trkpt>
      <trkpt lat="45.936729" lon="6.255078">
        <ele>1628.82</ele>
      </trkpt>
      <trkpt lat="45.936694" lon="6.255019">
        <ele>1629.8</ele>
      </trkpt>
      <trkpt lat="45.93665" lon="6.255009">
        <ele>1628.32</ele>
      </trkpt>
      <trkpt lat="45.93662" lon="6.254984">
        <ele>1628.18</ele>
      </trkpt>
      <trkpt lat="45.936594" lon="6.254897">
        <ele>1631.23</ele>
      </trkpt>
      <trkpt lat="45.936566" lon="6.254855">
        <ele>1632.17</ele>
      </trkpt>
      <trkpt lat="45.936519" lon="6.254834">
        <ele>1631.43</ele>
      </trkpt>
      <trkpt lat="45.936467" lon="6.254784">
        <ele>1632.18</ele>
      </trkpt>
      <trkpt lat="45.936421" lon="6.254763">
        <ele>1631.67</ele>
      </trkpt>
      <trkpt lat="45.936391" lon="6.254766">
        <ele>1630.43</ele>
      </trkpt>
      <trkpt lat="45.936352" lon="6.254748">
        <ele>1630.09</ele>
      </trkpt>
      <trkpt lat="45.936158" lon="6.254757">
        <ele>1622.83</ele>
      </trkpt>
      <trkpt lat="45.936113" lon="6.254739">
        <ele>1622.48</ele>
      </trkpt>
      <trkpt lat="45.936085" lon="6.254713">
        <ele>1623.29</ele>
      </trkpt>
      <trkpt lat="45.936067" lon="6.254681">
        <ele>1624.87</ele>
      </trkpt>
      <trkpt lat="45.936044" lon="6.254666">
        <ele>1625.21</ele>
      </trkpt>
      <trkpt lat="45.93603" lon="6.254674">
        <ele>1624.19</ele>
      </trkpt>
      <trkpt lat="45.936033" lon="6.254728">
        <ele>1620.51</ele>
      </trkpt>
      <trkpt lat="45.936009" lon="6.254741">
        <ele>1618.81</ele>
      </trkpt>
      <trkpt lat="45.935952" lon="6.254735">
        <ele>1617.65</ele>
      </trkpt>
      <trkpt lat="45.935953" lon="6.254753">
        <ele>1616.36</ele>
      </trkpt>
      <trkpt lat="45.93597" lon="6.254777">
        <ele>1615.08</ele>
      </trkpt>
      <trkpt lat="45.935966" lon="6.254791">
        <ele>1613.98</ele>
      </trkpt>
      <trkpt lat="45.935949" lon="6.254786">
        <ele>1613.89</ele>
      </trkpt>
      <trkpt lat="45.935941" lon="6.254802">
        <ele>1612.62</ele>
      </trkpt>
      <trkpt lat="45.935959" lon="6.254861">
        <ele>1608.85</ele>
      </trkpt>
      <trkpt lat="45.935955" lon="6.254884">
        <ele>1607.12</ele>
      </trkpt>
      <trkpt lat="45.935979" lon="6.254996">
        <ele>1599.78</ele>
      </trkpt>
      <trkpt lat="45.935965" lon="6.25503">
        <ele>1596.95</ele>
      </trkpt>
      <trkpt lat="45.935857" lon="6.255101">
        <ele>1588.7</ele>
      </trkpt>
      <trkpt lat="45.935769" lon="6.255127">
        <ele>1584.17</ele>
      </trkpt>
      <trkpt lat="45.935697" lon="6.255169">
        <ele>1578.86</ele>
      </trkpt>
      <trkpt lat="45.935653" lon="6.25524">
        <ele>1573.35</ele>
      </trkpt>
      <trkpt lat="45.935623" lon="6.255242">
        <ele>1572.35</ele>
      </trkpt>
      <trkpt lat="45.935576" lon="6.255266">
        <ele>1570.06</ele>
      </trkpt>
      <trkpt lat="45.935551" lon="6.255252">
        <ele>1569.81</ele>
      </trkpt>
      <trkpt lat="45.935531" lon="6.255265">
        <ele>1568.71</ele>
      </trkpt>
      <trkpt lat="45.935518" lon="6.255293">
        <ele>1567.36</ele>
      </trkpt>
      <trkpt lat="45.935508" lon="6.255293">
        <ele>1567.08</ele>
      </trkpt>
      <trkpt lat="45.935493" lon="6.255271">
        <ele>1567.39</ele>
      </trkpt>
      <trkpt lat="45.935474" lon="6.255276">
        <ele>1566.63</ele>
      </trkpt>
      <trkpt lat="45.935465" lon="6.255294">
        <ele>1565.75</ele>
      </trkpt>
      <trkpt lat="45.935481" lon="6.255297">
        <ele>1566.1</ele>
      </trkpt>
      <trkpt lat="45.935479" lon="6.255317">
        <ele>1565.38</ele>
      </trkpt>
      <trkpt lat="45.93545" lon="6.255325">
        <ele>1564.23</ele>
      </trkpt>
      <trkpt lat="45.935471" lon="6.255426">
        <ele>1561.41</ele>
      </trkpt>
      <trkpt lat="45.935461" lon="6.255434">
        <ele>1560.84</ele>
      </trkpt>
      <trkpt lat="45.935399" lon="6.255431">
        <ele>1559.27</ele>
      </trkpt>
      <trkpt lat="45.935361" lon="6.25547">
        <ele>1556.96</ele>
      </trkpt>
      <trkpt lat="45.935264" lon="6.255515">
        <ele>1553.01</ele>
      </trkpt>
      <trkpt lat="45.935187" lon="6.255529">
        <ele>1550.57</ele>
      </trkpt>
      <trkpt lat="45.93513" lon="6.255522">
        <ele>1549.84</ele>
      </trkpt>
      <trkpt lat="45.935023" lon="6.255591">
        <ele>1547.22</ele>
      </trkpt>
      <trkpt lat="45.93497" lon="6.2556">
        <ele>1546.64</ele>
      </trkpt>
      <trkpt lat="45.934755" lon="6.255527">
        <ele>1547.56</ele>
      </trkpt>
      <trkpt lat="45.934575" lon="6.255447">
        <ele>1548.98</ele>
      </trkpt>
      <trkpt lat="45.934283" lon="6.255391">
        <ele>1548.85</ele>
      </trkpt>
      <trkpt lat="45.934158" lon="6.255331">
        <ele>1549.07</ele>
      </trkpt>
      <trkpt lat="45.933979" lon="6.255276">
        <ele>1548.24</ele>
      </trkpt>
      <trkpt lat="45.933908" lon="6.255208">
        <ele>1549.08</ele>
      </trkpt>
      <trkpt lat="45.933821" lon="6.255157">
        <ele>1549.46</ele>
      </trkpt>
      <trkpt lat="45.933739" lon="6.255068">
        <ele>1551.1</ele>
      </trkpt>
      <trkpt lat="45.933693" lon="6.255064">
        <ele>1550.51</ele>
      </trkpt>
      <trkpt lat="45.933605" lon="6.255008">
        <ele>1550.87</ele>
      </trkpt>
      <trkpt lat="45.933472" lon="6.254905">
        <ele>1551.94</ele>
      </trkpt>
      <trkpt lat="45.93343" lon="6.254887">
        <ele>1552.04</ele>
      </trkpt>
      <trkpt lat="45.933286" lon="6.254853">
        <ele>1551.45</ele>
      </trkpt>
      <trkpt lat="45.933251" lon="6.254817">
        <ele>1552.1</ele>
      </trkpt>
      <trkpt lat="45.933239" lon="6.254789">
        <ele>1552.75</ele>
      </trkpt>
      <trkpt lat="45.933078" lon="6.254697">
        <ele>1553.41</ele>
      </trkpt>
      <trkpt lat="45.933015" lon="6.254672">
        <ele>1553.29</ele>
      </trkpt>
      <trkpt lat="45.932899" lon="6.254719">
        <ele>1550.67</ele>
      </trkpt>
      <trkpt lat="45.932845" lon="6.254688">
        <ele>1550.8</ele>
      </trkpt>
      <trkpt lat="45.932813" lon="6.254701">
        <ele>1550.1</ele>
      </trkpt>
      <trkpt lat="45.932764" lon="6.2547">
        <ele>1549.54</ele>
      </trkpt>
      <trkpt lat="45.932687" lon="6.254735">
        <ele>1547.75</ele>
      </trkpt>
      <trkpt lat="45.932604" lon="6.254729">
        <ele>1547.49</ele>
      </trkpt>
      <trkpt lat="45.932539" lon="6.254753">
        <ele>1546.87</ele>
      </trkpt>
      <trkpt lat="45.932521" lon="6.25474">
        <ele>1547.16</ele>
      </trkpt>
      <trkpt lat="45.932514" lon="6.254718">
        <ele>1547.7</ele>
      </trkpt>
      <trkpt lat="45.93244" lon="6.254676">
        <ele>1548.62</ele>
      </trkpt>
      <trkpt lat="45.932315" lon="6.254684">
        <ele>1548.35</ele>
      </trkpt>
      <trkpt lat="45.93227" lon="6.254701">
        <ele>1547.92</ele>
      </trkpt>
      <trkpt lat="45.932235" lon="6.254694">
        <ele>1548.06</ele>
      </trkpt>
      <trkpt lat="45.932174" lon="6.254714">
        <ele>1547.53</ele>
      </trkpt>
      <trkpt lat="45.93212" lon="6.254711">
        <ele>1547.57</ele>
      </trkpt>
      <trkpt lat="45.932054" lon="6.254733">
        <ele>1547.02</ele>
      </trkpt>
      <trkpt lat="45.931992" lon="6.254727">
        <ele>1547.12</ele>
      </trkpt>
      <trkpt lat="45.931892" lon="6.254741">
        <ele>1546.73</ele>
      </trkpt>
      <trkpt lat="45.931824" lon="6.254711">
        <ele>1547.36</ele>
      </trkpt>
      <trkpt lat="45.931776" lon="6.254726">
        <ele>1546.77</ele>
      </trkpt>
      <trkpt lat="45.931739" lon="6.254757">
        <ele>1545.9</ele>
      </trkpt>
      <trkpt lat="45.931703" lon="6.254773">
        <ele>1545.37</ele>
      </trkpt>
      <trkpt lat="45.931638" lon="6.254774">
        <ele>1545.01</ele>
      </trkpt>
      <trkpt lat="45.93158" lon="6.254754">
        <ele>1545.16</ele>
      </trkpt>
      <trkpt lat="45.931537" lon="6.254774">
        <ele>1544.53</ele>
      </trkpt>
      <trkpt lat="45.931413" lon="6.254805">
        <ele>1543.29</ele>
      </trkpt>
      <trkpt lat="45.93132" lon="6.254791">
        <ele>1543.13</ele>
      </trkpt>
      <trkpt lat="45.93125" lon="6.254806">
        <ele>1542.49</ele>
      </trkpt>
      <trkpt lat="45.931186" lon="6.254803">
        <ele>1542.25</ele>
      </trkpt>
      <trkpt lat="45.931141" lon="6.254786">
        <ele>1542.35</ele>
      </trkpt>
      <trkpt lat="45.931108" lon="6.254789">
        <ele>1542.15</ele>
      </trkpt>
      <trkpt lat="45.931019" lon="6.254829">
        <ele>1540.98</ele>
      </trkpt>
      <trkpt lat="45.930933" lon="6.254845">
        <ele>1541.06</ele>
      </trkpt>
      <trkpt lat="45.93084" lon="6.254862">
        <ele>1541.14</ele>
      </trkpt>
      <trkpt lat="45.930816" lon="6.254854">
        <ele>1541.43</ele>
      </trkpt>
      <trkpt lat="45.930668" lon="6.254863">
        <ele>1542.15</ele>
      </trkpt>
      <trkpt lat="45.930569" lon="6.254848">
        <ele>1543.03</ele>
      </trkpt>
      <trkpt lat="45.930466" lon="6.25485">
        <ele>1543.59</ele>
      </trkpt>
      <trkpt lat="45.930354" lon="6.254824">
        <ele>1544.74</ele>
      </trkpt>
      <trkpt lat="45.930276" lon="6.254784">
        <ele>1545.94</ele>
      </trkpt>
      <trkpt lat="45.930185" lon="6.254704">
        <ele>1547.91</ele>
      </trkpt>
      <trkpt lat="45.929657" lon="6.254475">
        <ele>1556.2</ele>
      </trkpt>
      <trkpt lat="45.929554" lon="6.254438">
        <ele>1557.76</ele>
      </trkpt>
      <trkpt lat="45.929476" lon="6.254338">
        <ele>1560.58</ele>
      </trkpt>
      <trkpt lat="45.929432" lon="6.254235">
        <ele>1563.36</ele>
      </trkpt>
      <trkpt lat="45.92926" lon="6.254123">
        <ele>1566.26</ele>
      </trkpt>
      <trkpt lat="45.92911" lon="6.254051">
        <ele>1566.55</ele>
      </trkpt>
      <trkpt lat="45.928882" lon="6.253858">
        <ele>1568.21</ele>
      </trkpt>
      <trkpt lat="45.928766" lon="6.253829">
        <ele>1567.5</ele>
      </trkpt>
      <trkpt lat="45.928721" lon="6.253836">
        <ele>1566.9</ele>
      </trkpt>
      <trkpt lat="45.928283" lon="6.253515">
        <ele>1567.72</ele>
      </trkpt>
      <trkpt lat="45.928144" lon="6.253363">
        <ele>1567.91</ele>
      </trkpt>
      <trkpt lat="45.928031" lon="6.253301">
        <ele>1567.6</ele>
      </trkpt>
      <trkpt lat="45.927817" lon="6.253246">
        <ele>1566.58</ele>
      </trkpt>
      <trkpt lat="45.927753" lon="6.253222">
        <ele>1566.35</ele>
      </trkpt>
      <trkpt lat="45.927715" lon="6.253193">
        <ele>1566.34</ele>
      </trkpt>
      <trkpt lat="45.927626" lon="6.253206">
        <ele>1565.83</ele>
      </trkpt>
      <trkpt lat="45.927587" lon="6.253192">
        <ele>1565.99</ele>
      </trkpt>
      <trkpt lat="45.927503" lon="6.253124">
        <ele>1566.7</ele>
      </trkpt>
      <trkpt lat="45.927463" lon="6.25307">
        <ele>1567.29</ele>
      </trkpt>
      <trkpt lat="45.927439" lon="6.25298">
        <ele>1568.25</ele>
      </trkpt>
      <trkpt lat="45.927444" lon="6.252937">
        <ele>1568.68</ele>
      </trkpt>
      <trkpt lat="45.927435" lon="6.252877">
        <ele>1569.32</ele>
      </trkpt>
      <trkpt lat="45.927435" lon="6.252779">
        <ele>1570.33</ele>
      </trkpt>
      <trkpt lat="45.927441" lon="6.252653">
        <ele>1572.1</ele>
      </trkpt>
      <trkpt lat="45.927461" lon="6.252586">
        <ele>1573.3</ele>
      </trkpt>
      <trkpt lat="45.927577" lon="6.25239">
        <ele>1576.98</ele>
      </trkpt>
      <trkpt lat="45.92763" lon="6.252334">
        <ele>1578.11</ele>
      </trkpt>
      <trkpt lat="45.92783" lon="6.252186">
        <ele>1579.7</ele>
      </trkpt>
      <trkpt lat="45.927964" lon="6.252064">
        <ele>1580.03</ele>
      </trkpt>
      <trkpt lat="45.928126" lon="6.251818">
        <ele>1581.48</ele>
      </trkpt>
      <trkpt lat="45.928331" lon="6.251597">
        <ele>1585.23</ele>
      </trkpt>
      <trkpt lat="45.92843" lon="6.251585">
        <ele>1583.82</ele>
      </trkpt>
      <trkpt lat="45.928543" lon="6.251484">
        <ele>1585.76</ele>
      </trkpt>
      <trkpt lat="45.928536" lon="6.251373">
        <ele>1589.39</ele>
      </trkpt>
      <trkpt lat="45.92855" lon="6.251278">
        <ele>1592.24</ele>
      </trkpt>
      <trkpt lat="45.928734" lon="6.250889">
        <ele>1596.05</ele>
      </trkpt>
      <trkpt lat="45.928797" lon="6.250729">
        <ele>1594.57</ele>
      </trkpt>
      <trkpt lat="45.928442" lon="6.251299">
        <ele>1593.25</ele>
      </trkpt>
      <trkpt lat="45.927591" lon="6.251738">
        <ele>1592.32</ele>
      </trkpt>
      <trkpt lat="45.927326" lon="6.251858">
        <ele>1586.95</ele>
      </trkpt>
      <trkpt lat="45.927091" lon="6.251791">
        <ele>1587.48</ele>
      </trkpt>
      <trkpt lat="45.927" lon="6.251744">
        <ele>1588.07</ele>
      </trkpt>
      <trkpt lat="45.926984" lon="6.251711">
        <ele>1588.76</ele>
      </trkpt>
      <trkpt lat="45.92689" lon="6.251604">
        <ele>1590.49</ele>
      </trkpt>
      <trkpt lat="45.926814" lon="6.251471">
        <ele>1592.67</ele>
      </trkpt>
      <trkpt lat="45.926694" lon="6.251379">
        <ele>1593.56</ele>
      </trkpt>
      <trkpt lat="45.926316" lon="6.25124">
        <ele>1592.04</ele>
      </trkpt>
      <trkpt lat="45.926279" lon="6.251239">
        <ele>1591.63</ele>
      </trkpt>
      <trkpt lat="45.926245" lon="6.251261">
        <ele>1590.97</ele>
      </trkpt>
      <trkpt lat="45.926151" lon="6.251265">
        <ele>1589.9</ele>
      </trkpt>
      <trkpt lat="45.925996" lon="6.251243">
        <ele>1588.41</ele>
      </trkpt>
      <trkpt lat="45.925871" lon="6.251241">
        <ele>1588.23</ele>
      </trkpt>
      <trkpt lat="45.925746" lon="6.25119">
        <ele>1588.6</ele>
      </trkpt>
      <trkpt lat="45.925643" lon="6.251104">
        <ele>1589.97</ele>
      </trkpt>
      <trkpt lat="45.925304" lon="6.250822">
        <ele>1594.48</ele>
      </trkpt>
      <trkpt lat="45.925038" lon="6.250733">
        <ele>1595.56</ele>
      </trkpt>
      <trkpt lat="45.924072" lon="6.25059">
        <ele>1590.72</ele>
      </trkpt>
      <trkpt lat="45.923733" lon="6.250596">
        <ele>1586.64</ele>
      </trkpt>
      <trkpt lat="45.92358" lon="6.250794">
        <ele>1582.93</ele>
      </trkpt>
      <trkpt lat="45.923438" lon="6.250703">
        <ele>1582.25</ele>
      </trkpt>
      <trkpt lat="45.923419" lon="6.250413">
        <ele>1584.17</ele>
      </trkpt>
      <trkpt lat="45.923285" lon="6.249957">
        <ele>1584.09</ele>
      </trkpt>
      <trkpt lat="45.923065" lon="6.249689">
        <ele>1581.07</ele>
      </trkpt>
      <trkpt lat="45.922718" lon="6.24963">
        <ele>1574.95</ele>
      </trkpt>
      <trkpt lat="45.922334" lon="6.249788">
        <ele>1574.56</ele>
      </trkpt>
      <trkpt lat="45.922221" lon="6.249834">
        <ele>1574.77</ele>
      </trkpt>
      <trkpt lat="45.922195" lon="6.2497">
        <ele>1575.89</ele>
      </trkpt>
      <trkpt lat="45.922066" lon="6.249571">
        <ele>1577.63</ele>
      </trkpt>
      <trkpt lat="45.92181" lon="6.24947">
        <ele>1580.19</ele>
      </trkpt>
      <trkpt lat="45.921578" lon="6.249474">
        <ele>1582.45</ele>
      </trkpt>
      <trkpt lat="45.921211" lon="6.249487">
        <ele>1585.97</ele>
      </trkpt>
      <trkpt lat="45.921067" lon="6.249292">
        <ele>1589.91</ele>
      </trkpt>
      <trkpt lat="45.920876" lon="6.249146">
        <ele>1594.89</ele>
      </trkpt>
      <trkpt lat="45.920355" lon="6.249107">
        <ele>1601.12</ele>
      </trkpt>
      <trkpt lat="45.920044" lon="6.249057">
        <ele>1605.32</ele>
      </trkpt>
      <trkpt lat="45.919609" lon="6.249163">
        <ele>1611.74</ele>
      </trkpt>
      <trkpt lat="45.919399" lon="6.249096">
        <ele>1615.1</ele>
      </trkpt>
      <trkpt lat="45.919216" lon="6.248984">
        <ele>1619.03</ele>
      </trkpt>
      <trkpt lat="45.918998" lon="6.249023">
        <ele>1625.24</ele>
      </trkpt>
      <trkpt lat="45.918886" lon="6.248794">
        <ele>1628.73</ele>
      </trkpt>
      <trkpt lat="45.918617" lon="6.248576">
        <ele>1637.64</ele>
      </trkpt>
      <trkpt lat="45.9184" lon="6.248571">
        <ele>1643.1</ele>
      </trkpt>
      <trkpt lat="45.918123" lon="6.24866">
        <ele>1646.53</ele>
      </trkpt>
      <trkpt lat="45.917921" lon="6.248688">
        <ele>1649.2</ele>
      </trkpt>
      <trkpt lat="45.917723" lon="6.248587">
        <ele>1652.67</ele>
      </trkpt>
      <trkpt lat="45.917462" lon="6.248548">
        <ele>1657.83</ele>
      </trkpt>
      <trkpt lat="45.917264" lon="6.248464">
        <ele>1663.01</ele>
      </trkpt>
      <trkpt lat="45.917151" lon="6.248358">
        <ele>1666.7</ele>
      </trkpt>
      <trkpt lat="45.916996" lon="6.248302">
        <ele>1670.46</ele>
      </trkpt>
      <trkpt lat="45.916786" lon="6.248335">
        <ele>1674.07</ele>
      </trkpt>
      <trkpt lat="45.916673" lon="6.248364">
        <ele>1675.78</ele>
      </trkpt>
      <trkpt lat="45.91649" lon="6.248347">
        <ele>1679.22</ele>
      </trkpt>
      <trkpt lat="45.915934" lon="6.24809">
        <ele>1683.19</ele>
      </trkpt>
      <trkpt lat="45.915674" lon="6.247732">
        <ele>1647.58</ele>
      </trkpt>
      <trkpt lat="45.915475" lon="6.247693">
        <ele>1619.63</ele>
      </trkpt>
      <trkpt lat="45.915269" lon="6.247715">
        <ele>1593.09</ele>
      </trkpt>
      <trkpt lat="45.914888" lon="6.247542">
        <ele>1541.46</ele>
      </trkpt>
      <trkpt lat="45.914828" lon="6.247492">
        <ele>1530.64</ele>
      </trkpt>
      <trkpt lat="45.914764" lon="6.247369">
        <ele>1509.5</ele>
      </trkpt>
      <trkpt lat="45.914568" lon="6.247263">
        <ele>1474.06</ele>
      </trkpt>
      <trkpt lat="45.91455" lon="6.247347">
        <ele>1484.37</ele>
      </trkpt>
      <trkpt lat="45.914515" lon="6.247433">
        <ele>1493.89</ele>
      </trkpt>
      <trkpt lat="45.914514" lon="6.247453">
        <ele>1496.69</ele>
      </trkpt>
      <trkpt lat="45.91439" lon="6.247665">
        <ele>1520.46</ele>
      </trkpt>
      <trkpt lat="45.914243" lon="6.247872">
        <ele>1522.48</ele>
      </trkpt>
      <trkpt lat="45.914149" lon="6.248062">
        <ele>1526.1</ele>
      </trkpt>
      <trkpt lat="45.914118" lon="6.24833">
        <ele>1550.92</ele>
      </trkpt>
      <trkpt lat="45.914029" lon="6.248777">
        <ele>1583.95</ele>
      </trkpt>
      <trkpt lat="45.914036" lon="6.249062">
        <ele>1603.97</ele>
      </trkpt>
      <trkpt lat="45.914095" lon="6.249157">
        <ele>1614.23</ele>
      </trkpt>
      <trkpt lat="45.914075" lon="6.249241">
        <ele>1618.69</ele>
      </trkpt>
      <trkpt lat="45.914025" lon="6.24923">
        <ele>1614.71</ele>
      </trkpt>
      <trkpt lat="45.914052" lon="6.249493">
        <ele>1631.92</ele>
      </trkpt>
      <trkpt lat="45.914064" lon="6.249683">
        <ele>1641.67</ele>
      </trkpt>
      <trkpt lat="45.914099" lon="6.249831">
        <ele>1650.78</ele>
      </trkpt>
      <trkpt lat="45.9141" lon="6.249897">
        <ele>1653.98</ele>
      </trkpt>
      <trkpt lat="45.914079" lon="6.24998">
        <ele>1656.62</ele>
      </trkpt>
      <trkpt lat="45.91415" lon="6.250291">
        <ele>1676.27</ele>
      </trkpt>
      <trkpt lat="45.91416" lon="6.250447">
        <ele>1686.04</ele>
      </trkpt>
      <trkpt lat="45.91414" lon="6.250497">
        <ele>1687.57</ele>
      </trkpt>
      <trkpt lat="45.914093" lon="6.250614">
        <ele>1691.15</ele>
      </trkpt>
      <trkpt lat="45.914029" lon="6.250653">
        <ele>1688.81</ele>
      </trkpt>
      <trkpt lat="45.91398" lon="6.25075">
        <ele>1690.49</ele>
      </trkpt>
      <trkpt lat="45.913967" lon="6.25081">
        <ele>1692.68</ele>
      </trkpt>
      <trkpt lat="45.913915" lon="6.250882">
        <ele>1692.45</ele>
      </trkpt>
      <trkpt lat="45.913965" lon="6.25109">
        <ele>1705.76</ele>
      </trkpt>
      <trkpt lat="45.91394" lon="6.251125">
        <ele>1704.4</ele>
      </trkpt>
      <trkpt lat="45.91391" lon="6.251137">
        <ele>1702.21</ele>
      </trkpt>
      <trkpt lat="45.913879" lon="6.251164">
        <ele>1700.34</ele>
      </trkpt>
      <trkpt lat="45.913894" lon="6.251206">
        <ele>1702.45</ele>
      </trkpt>
      <trkpt lat="45.913925" lon="6.25138">
        <ele>1708.79</ele>
      </trkpt>
      <trkpt lat="45.913943" lon="6.25143">
        <ele>1711.28</ele>
      </trkpt>
      <trkpt lat="45.913985" lon="6.251425">
        <ele>1714.54</ele>
      </trkpt>
      <trkpt lat="45.914024" lon="6.251404">
        <ele>1717.2</ele>
      </trkpt>
      <trkpt lat="45.91401" lon="6.251489">
        <ele>1717.87</ele>
      </trkpt>
      <trkpt lat="45.914015" lon="6.251518">
        <ele>1718.85</ele>
      </trkpt>
      <trkpt lat="45.913976" lon="6.251617">
        <ele>1717.92</ele>
      </trkpt>
      <trkpt lat="45.913992" lon="6.251674">
        <ele>1720.39</ele>
      </trkpt>
      <trkpt lat="45.91397" lon="6.25168">
        <ele>1718.82</ele>
      </trkpt>
      <trkpt lat="45.913895" lon="6.251805">
        <ele>1715.88</ele>
      </trkpt>
      <trkpt lat="45.913905" lon="6.251854">
        <ele>1717.7</ele>
      </trkpt>
      <trkpt lat="45.913838" lon="6.251888">
        <ele>1713.8</ele>
      </trkpt>
      <trkpt lat="45.913808" lon="6.25188">
        <ele>1711.22</ele>
      </trkpt>
      <trkpt lat="45.913776" lon="6.251887">
        <ele>1709.2</ele>
      </trkpt>
      <trkpt lat="45.913766" lon="6.251933">
        <ele>1710.74</ele>
      </trkpt>
      <trkpt lat="45.913709" lon="6.252039">
        <ele>1712.68</ele>
      </trkpt>
      <trkpt lat="45.913683" lon="6.252054">
        <ele>1712.01</ele>
      </trkpt>
      <trkpt lat="45.913636" lon="6.252061">
        <ele>1709.73</ele>
      </trkpt>
      <trkpt lat="45.913607" lon="6.252083">
        <ele>1709.46</ele>
      </trkpt>
      <trkpt lat="45.913573" lon="6.252143">
        <ele>1711.64</ele>
      </trkpt>
      <trkpt lat="45.913553" lon="6.252206">
        <ele>1715.01</ele>
      </trkpt>
      <trkpt lat="45.91349" lon="6.252305">
        <ele>1719.62</ele>
      </trkpt>
      <trkpt lat="45.913467" lon="6.252383">
        <ele>1723.16</ele>
      </trkpt>
      <trkpt lat="45.913358" lon="6.252456">
        <ele>1715.35</ele>
      </trkpt>
      <trkpt lat="45.913331" lon="6.252538">
        <ele>1717.6</ele>
      </trkpt>
      <trkpt lat="45.913293" lon="6.252593">
        <ele>1716.29</ele>
      </trkpt>
      <trkpt lat="45.913263" lon="6.252716">
        <ele>1719.75</ele>
      </trkpt>
      <trkpt lat="45.913234" lon="6.25277">
        <ele>1718.09</ele>
      </trkpt>
      <trkpt lat="45.913229" lon="6.25282">
        <ele>1719.52</ele>
      </trkpt>
      <trkpt lat="45.913298" lon="6.252982">
        <ele>1733.91</ele>
      </trkpt>
      <trkpt lat="45.913284" lon="6.253091">
        <ele>1736.28</ele>
      </trkpt>
      <trkpt lat="45.913252" lon="6.253135">
        <ele>1734.74</ele>
      </trkpt>
      <trkpt lat="45.913264" lon="6.253168">
        <ele>1737.14</ele>
      </trkpt>
      <trkpt lat="45.913265" lon="6.253248">
        <ele>1740.3</ele>
      </trkpt>
      <trkpt lat="45.913238" lon="6.253308">
        <ele>1740.32</ele>
      </trkpt>
      <trkpt lat="45.913198" lon="6.253335">
        <ele>1738.29</ele>
      </trkpt>
      <trkpt lat="45.913163" lon="6.253314">
        <ele>1734.47</ele>
      </trkpt>
      <trkpt lat="45.913132" lon="6.253335">
        <ele>1732.98</ele>
      </trkpt>
      <trkpt lat="45.913119" lon="6.253386">
        <ele>1734.55</ele>
      </trkpt>
      <trkpt lat="45.912993" lon="6.253505">
        <ele>1732.56</ele>
      </trkpt>
      <trkpt lat="45.912981" lon="6.253478">
        <ele>1730.05</ele>
      </trkpt>
      <trkpt lat="45.912883" lon="6.25349">
        <ele>1724.32</ele>
      </trkpt>
      <trkpt lat="45.912863" lon="6.253557">
        <ele>1727.14</ele>
      </trkpt>
      <trkpt lat="45.912857" lon="6.253621">
        <ele>1727.99</ele>
      </trkpt>
      <trkpt lat="45.912876" lon="6.253673">
        <ele>1730.09</ele>
      </trkpt>
      <trkpt lat="45.912831" lon="6.253867">
        <ele>1731.04</ele>
      </trkpt>
      <trkpt lat="45.912762" lon="6.254021">
        <ele>1730.01</ele>
      </trkpt>
      <trkpt lat="45.912738" lon="6.254039">
        <ele>1729.02</ele>
      </trkpt>
      <trkpt lat="45.912726" lon="6.254024">
        <ele>1728.04</ele>
      </trkpt>
      <trkpt lat="45.912678" lon="6.254181">
        <ele>1728.44</ele>
      </trkpt>
      <trkpt lat="45.912672" lon="6.254275">
        <ele>1730</ele>
      </trkpt>
      <trkpt lat="45.912725" lon="6.254365">
        <ele>1734.72</ele>
      </trkpt>
      <trkpt lat="45.912713" lon="6.254396">
        <ele>1734.49</ele>
      </trkpt>
      <trkpt lat="45.912679" lon="6.254432">
        <ele>1732.94</ele>
      </trkpt>
      <trkpt lat="45.912672" lon="6.254459">
        <ele>1732.79</ele>
      </trkpt>
      <trkpt lat="45.912689" lon="6.254522">
        <ele>1734.37</ele>
      </trkpt>
      <trkpt lat="45.912704" lon="6.254541">
        <ele>1735.36</ele>
      </trkpt>
      <trkpt lat="45.912718" lon="6.254664">
        <ele>1737.4</ele>
      </trkpt>
      <trkpt lat="45.912716" lon="6.254728">
        <ele>1737.9</ele>
      </trkpt>
      <trkpt lat="45.912727" lon="6.254943">
        <ele>1740.81</ele>
      </trkpt>
      <trkpt lat="45.9127" lon="6.254993">
        <ele>1739.45</ele>
      </trkpt>
      <trkpt lat="45.912669" lon="6.255139">
        <ele>1738.64</ele>
      </trkpt>
      <trkpt lat="45.912623" lon="6.255163">
        <ele>1735.37</ele>
      </trkpt>
      <trkpt lat="45.91259" lon="6.255213">
        <ele>1733.82</ele>
      </trkpt>
      <trkpt lat="45.912592" lon="6.25526">
        <ele>1736.27</ele>
      </trkpt>
      <trkpt lat="45.912613" lon="6.255361">
        <ele>1742.54</ele>
      </trkpt>
      <trkpt lat="45.912641" lon="6.255375">
        <ele>1744.99</ele>
      </trkpt>
      <trkpt lat="45.91268" lon="6.255366">
        <ele>1747.15</ele>
      </trkpt>
      <trkpt lat="45.9127" lon="6.255385">
        <ele>1749.29</ele>
      </trkpt>
      <trkpt lat="45.912719" lon="6.255436">
        <ele>1752.73</ele>
      </trkpt>
      <trkpt lat="45.912725" lon="6.255516">
        <ele>1756.54</ele>
      </trkpt>
      <trkpt lat="45.912759" lon="6.255559">
        <ele>1760.27</ele>
      </trkpt>
      <trkpt lat="45.91284" lon="6.255615">
        <ele>1766.77</ele>
      </trkpt>
      <trkpt lat="45.912958" lon="6.255747">
        <ele>1776.99</ele>
      </trkpt>
      <trkpt lat="45.912962" lon="6.25582">
        <ele>1779.46</ele>
      </trkpt>
      <trkpt lat="45.912953" lon="6.255898">
        <ele>1781.51</ele>
      </trkpt>
      <trkpt lat="45.912965" lon="6.25595">
        <ele>1783.53</ele>
      </trkpt>
      <trkpt lat="45.913025" lon="6.256028">
        <ele>1787.79</ele>
      </trkpt>
      <trkpt lat="45.913032" lon="6.256055">
        <ele>1788.22</ele>
      </trkpt>
      <trkpt lat="45.91298" lon="6.256141">
        <ele>1785.56</ele>
      </trkpt>
      <trkpt lat="45.912985" lon="6.256173">
        <ele>1785.26</ele>
      </trkpt>
      <trkpt lat="45.913009" lon="6.256217">
        <ele>1785.27</ele>
      </trkpt>
      <trkpt lat="45.913028" lon="6.256289">
        <ele>1784.72</ele>
      </trkpt>
      <trkpt lat="45.912983" lon="6.25633">
        <ele>1783.14</ele>
      </trkpt>
      <trkpt lat="45.912959" lon="6.256309">
        <ele>1782.88</ele>
      </trkpt>
      <trkpt lat="45.912916" lon="6.256321">
        <ele>1781.8</ele>
      </trkpt>
      <trkpt lat="45.912902" lon="6.256362">
        <ele>1781.04</ele>
      </trkpt>
      <trkpt lat="45.912908" lon="6.256384">
        <ele>1780.92</ele>
      </trkpt>
      <trkpt lat="45.912869" lon="6.256663">
        <ele>1777.4</ele>
      </trkpt>
      <trkpt lat="45.912846" lon="6.256731">
        <ele>1776.5</ele>
      </trkpt>
      <trkpt lat="45.91278" lon="6.256814">
        <ele>1775.21</ele>
      </trkpt>
      <trkpt lat="45.91277" lon="6.256848">
        <ele>1774.9</ele>
      </trkpt>
      <trkpt lat="45.91272" lon="6.256923">
        <ele>1773.02</ele>
      </trkpt>
      <trkpt lat="45.91265" lon="6.257092">
        <ele>1767.51</ele>
      </trkpt>
      <trkpt lat="45.912617" lon="6.257062">
        <ele>1768.2</ele>
      </trkpt>
      <trkpt lat="45.912593" lon="6.257138">
        <ele>1765.93</ele>
      </trkpt>
      <trkpt lat="45.912546" lon="6.257183">
        <ele>1764.64</ele>
      </trkpt>
      <trkpt lat="45.912543" lon="6.257224">
        <ele>1763.59</ele>
      </trkpt>
      <trkpt lat="45.912501" lon="6.257217">
        <ele>1763.75</ele>
      </trkpt>
      <trkpt lat="45.912472" lon="6.257184">
        <ele>1764.48</ele>
      </trkpt>
      <trkpt lat="45.912458" lon="6.25719">
        <ele>1764.34</ele>
      </trkpt>
      <trkpt lat="45.912451" lon="6.25723">
        <ele>1763.45</ele>
      </trkpt>
      <trkpt lat="45.912432" lon="6.257266">
        <ele>1762.71</ele>
      </trkpt>
      <trkpt lat="45.912382" lon="6.257309">
        <ele>1762.01</ele>
      </trkpt>
      <trkpt lat="45.912294" lon="6.257439">
        <ele>1760.38</ele>
      </trkpt>
      <trkpt lat="45.912303" lon="6.257527">
        <ele>1758.94</ele>
      </trkpt>
      <trkpt lat="45.912285" lon="6.257589">
        <ele>1758.27</ele>
      </trkpt>
      <trkpt lat="45.912198" lon="6.258302">
        <ele>1755.36</ele>
      </trkpt>
      <trkpt lat="45.912281" lon="6.258373">
        <ele>1753.47</ele>
      </trkpt>
      <trkpt lat="45.912295" lon="6.258431">
        <ele>1752.94</ele>
      </trkpt>
      <trkpt lat="45.912151" lon="6.258684">
        <ele>1752.05</ele>
      </trkpt>
      <trkpt lat="45.912113" lon="6.258815">
        <ele>1749.72</ele>
      </trkpt>
      <trkpt lat="45.912087" lon="6.258943">
        <ele>1747.13</ele>
      </trkpt>
      <trkpt lat="45.91209" lon="6.259032">
        <ele>1745.1</ele>
      </trkpt>
      <trkpt lat="45.912083" lon="6.259073">
        <ele>1744.22</ele>
      </trkpt>
      <trkpt lat="45.91196" lon="6.259214">
        <ele>1741.32</ele>
      </trkpt>
      <trkpt lat="45.911892" lon="6.259323">
        <ele>1738.54</ele>
      </trkpt>
      <trkpt lat="45.911857" lon="6.259434">
        <ele>1736.49</ele>
      </trkpt>
      <trkpt lat="45.911811" lon="6.259528">
        <ele>1734.79</ele>
      </trkpt>
      <trkpt lat="45.911811" lon="6.259528">
        <ele>1734.79</ele>
      </trkpt>
      <trkpt lat="45.911867" lon="6.259554">
        <ele>1735.33</ele>
      </trkpt>
      <trkpt lat="45.912006" lon="6.25951">
        <ele>1735.88</ele>
      </trkpt>
      <trkpt lat="45.91214" lon="6.259563">
        <ele>1735.43</ele>
      </trkpt>
      <trkpt lat="45.912265" lon="6.259545">
        <ele>1735.7</ele>
      </trkpt>
      <trkpt lat="45.91231" lon="6.25956">
        <ele>1735.57</ele>
      </trkpt>
      <trkpt lat="45.912349" lon="6.259589">
        <ele>1735.27</ele>
      </trkpt>
      <trkpt lat="45.91237" lon="6.259648">
        <ele>1734.62</ele>
      </trkpt>
      <trkpt lat="45.912405" lon="6.25969">
        <ele>1734.17</ele>
      </trkpt>
      <trkpt lat="45.912478" lon="6.259722">
        <ele>1733.82</ele>
      </trkpt>
      <trkpt lat="45.912651" lon="6.259749">
        <ele>1733.54</ele>
      </trkpt>
      <trkpt lat="45.912667" lon="6.259775">
        <ele>1733.42</ele>
      </trkpt>
      <trkpt lat="45.912733" lon="6.259784">
        <ele>1734.17</ele>
      </trkpt>
      <trkpt lat="45.912991" lon="6.259769">
        <ele>1737.65</ele>
      </trkpt>
      <trkpt lat="45.913041" lon="6.259984">
        <ele>1736.9</ele>
      </trkpt>
      <trkpt lat="45.913113" lon="6.260058">
        <ele>1737.65</ele>
      </trkpt>
      <trkpt lat="45.91325" lon="6.260238">
        <ele>1739.16</ele>
      </trkpt>
      <trkpt lat="45.913305" lon="6.260333">
        <ele>1739.21</ele>
      </trkpt>
      <trkpt lat="45.913353" lon="6.260445">
        <ele>1738.97</ele>
      </trkpt>
      <trkpt lat="45.913402" lon="6.260512">
        <ele>1739.31</ele>
      </trkpt>
      <trkpt lat="45.913461" lon="6.260571">
        <ele>1740</ele>
      </trkpt>
      <trkpt lat="45.913753" lon="6.260657">
        <ele>1743.39</ele>
      </trkpt>
      <trkpt lat="45.913825" lon="6.260692">
        <ele>1744.01</ele>
      </trkpt>
      <trkpt lat="45.913878" lon="6.260778">
        <ele>1743.88</ele>
      </trkpt>
      <trkpt lat="45.913913" lon="6.260884">
        <ele>1743.27</ele>
      </trkpt>
      <trkpt lat="45.913925" lon="6.261058">
        <ele>1741.65</ele>
      </trkpt>
      <trkpt lat="45.913983" lon="6.261226">
        <ele>1740.68</ele>
      </trkpt>
      <trkpt lat="45.914032" lon="6.261321">
        <ele>1740.33</ele>
      </trkpt>
      <trkpt lat="45.914067" lon="6.26145">
        <ele>1739.43</ele>
      </trkpt>
      <trkpt lat="45.914102" lon="6.261633">
        <ele>1737.95</ele>
      </trkpt>
      <trkpt lat="45.914192" lon="6.261837">
        <ele>1736.9</ele>
      </trkpt>
      <trkpt lat="45.914196" lon="6.261981">
        <ele>1736.09</ele>
      </trkpt>
      <trkpt lat="45.91419" lon="6.262105">
        <ele>1735.5</ele>
      </trkpt>
      <trkpt lat="45.914157" lon="6.262291">
        <ele>1734.27</ele>
      </trkpt>
      <trkpt lat="45.914124" lon="6.262645">
        <ele>1732.25</ele>
      </trkpt>
      <trkpt lat="45.914171" lon="6.262825">
        <ele>1732.66</ele>
      </trkpt>
      <trkpt lat="45.914208" lon="6.263052">
        <ele>1733.08</ele>
      </trkpt>
      <trkpt lat="45.914282" lon="6.263323">
        <ele>1733.82</ele>
      </trkpt>
      <trkpt lat="45.914442" lon="6.264019">
        <ele>1731.99</ele>
      </trkpt>
      <trkpt lat="45.914494" lon="6.264149">
        <ele>1731.45</ele>
      </trkpt>
      <trkpt lat="45.914559" lon="6.264282">
        <ele>1730.9</ele>
      </trkpt>
      <trkpt lat="45.914631" lon="6.264358">
        <ele>1730.81</ele>
      </trkpt>
      <trkpt lat="45.914703" lon="6.264341">
        <ele>1731.61</ele>
      </trkpt>
      <trkpt lat="45.914763" lon="6.264491">
        <ele>1730.89</ele>
      </trkpt>
      <trkpt lat="45.914938" lon="6.264553">
        <ele>1731.73</ele>
      </trkpt>
      <trkpt lat="45.915021" lon="6.264504">
        <ele>1732.78</ele>
      </trkpt>
      <trkpt lat="45.915527" lon="6.265136">
        <ele>1731.76</ele>
      </trkpt>
      <trkpt lat="45.91564" lon="6.265422">
        <ele>1728.94</ele>
      </trkpt>
      <trkpt lat="45.915864" lon="6.265533">
        <ele>1728.89</ele>
      </trkpt>
      <trkpt lat="45.916227" lon="6.265804">
        <ele>1724.13</ele>
      </trkpt>
      <trkpt lat="45.916598" lon="6.265807">
        <ele>1723.3</ele>
      </trkpt>
      <trkpt lat="45.916712" lon="6.265771">
        <ele>1723.79</ele>
      </trkpt>
      <trkpt lat="45.916922" lon="6.265797">
        <ele>1723.22</ele>
      </trkpt>
      <trkpt lat="45.917382" lon="6.266084">
        <ele>1718.47</ele>
      </trkpt>
      <trkpt lat="45.917523" lon="6.266035">
        <ele>1719.87</ele>
      </trkpt>
      <trkpt lat="45.917845" lon="6.266018">
        <ele>1721.83</ele>
      </trkpt>
      <trkpt lat="45.918008" lon="6.266312">
        <ele>1717.2</ele>
      </trkpt>
      <trkpt lat="45.91818" lon="6.266403">
        <ele>1716.87</ele>
      </trkpt>
      <trkpt lat="45.918225" lon="6.266631">
        <ele>1712.9</ele>
      </trkpt>
      <trkpt lat="45.918465" lon="6.266963">
        <ele>1709.51</ele>
      </trkpt>
      <trkpt lat="45.918626" lon="6.267315">
        <ele>1706.87</ele>
      </trkpt>
      <trkpt lat="45.918579" lon="6.267549">
        <ele>1702.64</ele>
      </trkpt>
      <trkpt lat="45.91849" lon="6.267536">
        <ele>1701.58</ele>
      </trkpt>
      <trkpt lat="45.918477" lon="6.267614">
        <ele>1700.14</ele>
      </trkpt>
      <trkpt lat="45.91878" lon="6.267868">
        <ele>1698.55</ele>
      </trkpt>
      <trkpt lat="45.919061" lon="6.268008">
        <ele>1698.39</ele>
      </trkpt>
      <trkpt lat="45.91939" lon="6.268213">
        <ele>1696.7</ele>
      </trkpt>
      <trkpt lat="45.919686" lon="6.268793">
        <ele>1683.5</ele>
      </trkpt>
      <trkpt lat="45.919727" lon="6.268959">
        <ele>1679.16</ele>
      </trkpt>
      <trkpt lat="45.919958" lon="6.269138">
        <ele>1678.15</ele>
      </trkpt>
      <trkpt lat="45.920121" lon="6.269083">
        <ele>1682.52</ele>
      </trkpt>
      <trkpt lat="45.920405" lon="6.269125">
        <ele>1682.16</ele>
      </trkpt>
      <trkpt lat="45.920692" lon="6.269054">
        <ele>1684.04</ele>
      </trkpt>
      <trkpt lat="45.920985" lon="6.269259">
        <ele>1679.01</ele>
      </trkpt>
      <trkpt lat="45.921313" lon="6.269324">
        <ele>1676.48</ele>
      </trkpt>
      <trkpt lat="45.921958" lon="6.269619">
        <ele>1668.13</ele>
      </trkpt>
      <trkpt lat="45.922028" lon="6.269873">
        <ele>1661.89</ele>
      </trkpt>
      <trkpt lat="45.922431" lon="6.27014">
        <ele>1657.37</ele>
      </trkpt>
      <trkpt lat="45.922619" lon="6.270312">
        <ele>1653.99</ele>
      </trkpt>
      <trkpt lat="45.923127" lon="6.270979">
        <ele>1639.81</ele>
      </trkpt>
      <trkpt lat="45.923192" lon="6.271055">
        <ele>1638.26</ele>
      </trkpt>
      <trkpt lat="45.923348" lon="6.271382">
        <ele>1630.54</ele>
      </trkpt>
      <trkpt lat="45.923395" lon="6.271427">
        <ele>1629.69</ele>
      </trkpt>
      <trkpt lat="45.923405" lon="6.271483">
        <ele>1628.23</ele>
      </trkpt>
      <trkpt lat="45.92332" lon="6.271533">
        <ele>1626.14</ele>
      </trkpt>
      <trkpt lat="45.923295" lon="6.27156">
        <ele>1625.17</ele>
      </trkpt>
      <trkpt lat="45.923342" lon="6.271588">
        <ele>1624.79</ele>
      </trkpt>
      <trkpt lat="45.923401" lon="6.271643">
        <ele>1623.78</ele>
      </trkpt>
      <trkpt lat="45.923457" lon="6.271644">
        <ele>1624.21</ele>
      </trkpt>
      <trkpt lat="45.923535" lon="6.271666">
        <ele>1623.84</ele>
      </trkpt>
      <trkpt lat="45.923598" lon="6.271748">
        <ele>1621.53</ele>
      </trkpt>
      <trkpt lat="45.923556" lon="6.271821">
        <ele>1619.51</ele>
      </trkpt>
      <trkpt lat="45.923549" lon="6.271847">
        <ele>1618.82</ele>
      </trkpt>
      <trkpt lat="45.923602" lon="6.271887">
        <ele>1617.57</ele>
      </trkpt>
      <trkpt lat="45.923686" lon="6.271906">
        <ele>1616.76</ele>
      </trkpt>
      <trkpt lat="45.923638" lon="6.271981">
        <ele>1614.08</ele>
      </trkpt>
      <trkpt lat="45.923564" lon="6.272063">
        <ele>1611.12</ele>
      </trkpt>
      <trkpt lat="45.923492" lon="6.272105">
        <ele>1609.58</ele>
      </trkpt>
      <trkpt lat="45.923478" lon="6.272151">
        <ele>1607.8</ele>
      </trkpt>
      <trkpt lat="45.92337" lon="6.272247">
        <ele>1603.25</ele>
      </trkpt>
      <trkpt lat="45.923352" lon="6.272285">
        <ele>1601.67</ele>
      </trkpt>
      <trkpt lat="45.9233" lon="6.272282">
        <ele>1601.33</ele>
      </trkpt>
      <trkpt lat="45.923212" lon="6.272358">
        <ele>1597.67</ele>
      </trkpt>
      <trkpt lat="45.92311" lon="6.272388">
        <ele>1595.61</ele>
      </trkpt>
      <trkpt lat="45.923031" lon="6.272365">
        <ele>1595.75</ele>
      </trkpt>
      <trkpt lat="45.922929" lon="6.272286">
        <ele>1597.82</ele>
      </trkpt>
      <trkpt lat="45.922891" lon="6.272279">
        <ele>1597.77</ele>
      </trkpt>
      <trkpt lat="45.922802" lon="6.272332">
        <ele>1594.92</ele>
      </trkpt>
      <trkpt lat="45.92256" lon="6.272306">
        <ele>1594.22</ele>
      </trkpt>
      <trkpt lat="45.922509" lon="6.272277">
        <ele>1595.09</ele>
      </trkpt>
      <trkpt lat="45.92246" lon="6.27229">
        <ele>1594.41</ele>
      </trkpt>
      <trkpt lat="45.922433" lon="6.272258">
        <ele>1595.47</ele>
      </trkpt>
      <trkpt lat="45.922418" lon="6.272203">
        <ele>1597.4</ele>
      </trkpt>
      <trkpt lat="45.922403" lon="6.272209">
        <ele>1597.1</ele>
      </trkpt>
      <trkpt lat="45.922368" lon="6.272346">
        <ele>1591.96</ele>
      </trkpt>
      <trkpt lat="45.922344" lon="6.272318">
        <ele>1592.87</ele>
      </trkpt>
      <trkpt lat="45.922309" lon="6.272415">
        <ele>1589.26</ele>
      </trkpt>
      <trkpt lat="45.922281" lon="6.272369">
        <ele>1590.8</ele>
      </trkpt>
      <trkpt lat="45.922251" lon="6.272344">
        <ele>1591.57</ele>
      </trkpt>
      <trkpt lat="45.922207" lon="6.27237">
        <ele>1590.51</ele>
      </trkpt>
      <trkpt lat="45.922175" lon="6.272417">
        <ele>1588.75</ele>
      </trkpt>
      <trkpt lat="45.922159" lon="6.272405">
        <ele>1589.1</ele>
      </trkpt>
      <trkpt lat="45.92209" lon="6.272469">
        <ele>1586.66</ele>
      </trkpt>
      <trkpt lat="45.92211" lon="6.272541">
        <ele>1584.27</ele>
      </trkpt>
      <trkpt lat="45.922248" lon="6.272652">
        <ele>1580.65</ele>
      </trkpt>
      <trkpt lat="45.922252" lon="6.272706">
        <ele>1578.75</ele>
      </trkpt>
      <trkpt lat="45.922346" lon="6.272772">
        <ele>1574.96</ele>
      </trkpt>
      <trkpt lat="45.922382" lon="6.272859">
        <ele>1569.65</ele>
      </trkpt>
      <trkpt lat="45.922647" lon="6.27315">
        <ele>1551.21</ele>
      </trkpt>
      <trkpt lat="45.922685" lon="6.273158">
        <ele>1551.25</ele>
      </trkpt>
      <trkpt lat="45.922765" lon="6.273197">
        <ele>1550.39</ele>
      </trkpt>
      <trkpt lat="45.9228" lon="6.273275">
        <ele>1546.42</ele>
      </trkpt>
      <trkpt lat="45.922936" lon="6.273446">
        <ele>1539.54</ele>
      </trkpt>
      <trkpt lat="45.923028" lon="6.273515">
        <ele>1538</ele>
      </trkpt>
      <trkpt lat="45.922861" lon="6.273515">
        <ele>1533.51</ele>
      </trkpt>
      <trkpt lat="45.922858" lon="6.273665">
        <ele>1527.96</ele>
      </trkpt>
      <trkpt lat="45.922981" lon="6.273657">
        <ele>1530.93</ele>
      </trkpt>
      <trkpt lat="45.923443" lon="6.273937">
        <ele>1524.23</ele>
      </trkpt>
      <trkpt lat="45.923599" lon="6.273993">
        <ele>1521</ele>
      </trkpt>
      <trkpt lat="45.923752" lon="6.274064">
        <ele>1516.36</ele>
      </trkpt>
      <trkpt lat="45.924022" lon="6.274273">
        <ele>1502.57</ele>
      </trkpt>
      <trkpt lat="45.924278" lon="6.274537">
        <ele>1491.64</ele>
      </trkpt>
      <trkpt lat="45.924946" lon="6.274953">
        <ele>1478.24</ele>
      </trkpt>
      <trkpt lat="45.92521" lon="6.275232">
        <ele>1468.52</ele>
      </trkpt>
      <trkpt lat="45.925431" lon="6.275648">
        <ele>1469.64</ele>
      </trkpt>
      <trkpt lat="45.925622" lon="6.275862">
        <ele>1468.58</ele>
      </trkpt>
      <trkpt lat="45.925682" lon="6.275904">
        <ele>1468.09</ele>
      </trkpt>
      <trkpt lat="45.925951" lon="6.275993">
        <ele>1465.87</ele>
      </trkpt>
      <trkpt lat="45.926008" lon="6.276023">
        <ele>1465.33</ele>
      </trkpt>
      <trkpt lat="45.926054" lon="6.276076">
        <ele>1465.34</ele>
      </trkpt>
      <trkpt lat="45.92613" lon="6.276137">
        <ele>1465.75</ele>
      </trkpt>
      <trkpt lat="45.926246" lon="6.276153">
        <ele>1465.87</ele>
      </trkpt>
      <trkpt lat="45.926373" lon="6.276206">
        <ele>1465.92</ele>
      </trkpt>
      <trkpt lat="45.926477" lon="6.27623">
        <ele>1465.81</ele>
      </trkpt>
      <trkpt lat="45.926646" lon="6.276213">
        <ele>1465.73</ele>
      </trkpt>
      <trkpt lat="45.926706" lon="6.276219">
        <ele>1465.64</ele>
      </trkpt>
      <trkpt lat="45.926817" lon="6.276253">
        <ele>1465.27</ele>
      </trkpt>
      <trkpt lat="45.926856" lon="6.276282">
        <ele>1465.74</ele>
      </trkpt>
      <trkpt lat="45.926928" lon="6.276368">
        <ele>1466.25</ele>
      </trkpt>
      <trkpt lat="45.926992" lon="6.276492">
        <ele>1465.78</ele>
      </trkpt>
      <trkpt lat="45.927053" lon="6.276566">
        <ele>1465.56</ele>
      </trkpt>
      <trkpt lat="45.927126" lon="6.276604">
        <ele>1465.83</ele>
      </trkpt>
      <trkpt lat="45.927181" lon="6.276607">
        <ele>1466.41</ele>
      </trkpt>
      <trkpt lat="45.927265" lon="6.276643">
        <ele>1466.61</ele>
      </trkpt>
      <trkpt lat="45.927376" lon="6.276756">
        <ele>1465</ele>
      </trkpt>
      <trkpt lat="45.927574" lon="6.277026">
        <ele>1461.29</ele>
      </trkpt>
      <trkpt lat="45.927661" lon="6.277128">
        <ele>1460.07</ele>
      </trkpt>
      <trkpt lat="45.927803" lon="6.277272">
        <ele>1458.84</ele>
      </trkpt>
      <trkpt lat="45.927872" lon="6.27732">
        <ele>1458.23</ele>
      </trkpt>
      <trkpt lat="45.927931" lon="6.277386">
        <ele>1457.08</ele>
      </trkpt>
      <trkpt lat="45.928025" lon="6.277514">
        <ele>1454.28</ele>
      </trkpt>
      <trkpt lat="45.92813" lon="6.277587">
        <ele>1452.16</ele>
      </trkpt>
      <trkpt lat="45.928156" lon="6.277622">
        <ele>1451.14</ele>
      </trkpt>
      <trkpt lat="45.928229" lon="6.277678">
        <ele>1449.15</ele>
      </trkpt>
      <trkpt lat="45.928376" lon="6.277846">
        <ele>1445.3</ele>
      </trkpt>
      <trkpt lat="45.928453" lon="6.277902">
        <ele>1443.53</ele>
      </trkpt>
      <trkpt lat="45.928519" lon="6.277966">
        <ele>1441.87</ele>
      </trkpt>
      <trkpt lat="45.928581" lon="6.278055">
        <ele>1440.18</ele>
      </trkpt>
      <trkpt lat="45.928614" lon="6.278066">
        <ele>1439.85</ele>
      </trkpt>
      <trkpt lat="45.928715" lon="6.278017">
        <ele>1440.02</ele>
      </trkpt>
      <trkpt lat="45.928783" lon="6.277958">
        <ele>1440.48</ele>
      </trkpt>
      <trkpt lat="45.928909" lon="6.278236">
        <ele>1436.08</ele>
      </trkpt>
      <trkpt lat="45.928974" lon="6.278295">
        <ele>1435.05</ele>
      </trkpt>
      <trkpt lat="45.929169" lon="6.278384">
        <ele>1433.26</ele>
      </trkpt>
      <trkpt lat="45.929496" lon="6.278495">
        <ele>1430.43</ele>
      </trkpt>
      <trkpt lat="45.929595" lon="6.278544">
        <ele>1428.45</ele>
      </trkpt>
      <trkpt lat="45.929661" lon="6.278618">
        <ele>1427.94</ele>
      </trkpt>
      <trkpt lat="45.929722" lon="6.278723">
        <ele>1427.51</ele>
      </trkpt>
      <trkpt lat="45.929783" lon="6.278806">
        <ele>1426.89</ele>
      </trkpt>
      <trkpt lat="45.929912" lon="6.278952">
        <ele>1425.15</ele>
      </trkpt>
      <trkpt lat="45.929962" lon="6.279036">
        <ele>1424.32</ele>
      </trkpt>
      <trkpt lat="45.930157" lon="6.279685">
        <ele>1424.35</ele>
      </trkpt>
      <trkpt lat="45.930212" lon="6.279776">
        <ele>1424.73</ele>
      </trkpt>
      <trkpt lat="45.930359" lon="6.279934">
        <ele>1423.9</ele>
      </trkpt>
      <trkpt lat="45.931008" lon="6.280469">
        <ele>1412.42</ele>
      </trkpt>
      <trkpt lat="45.93132" lon="6.280891">
        <ele>1410.47</ele>
      </trkpt>
      <trkpt lat="45.931363" lon="6.280975">
        <ele>1409.78</ele>
      </trkpt>
      <trkpt lat="45.931367" lon="6.280877">
        <ele>1409.82</ele>
      </trkpt>
      <trkpt lat="45.931323" lon="6.280634">
        <ele>1410.49</ele>
      </trkpt>
      <trkpt lat="45.931326" lon="6.280568">
        <ele>1410.48</ele>
      </trkpt>
      <trkpt lat="45.931356" lon="6.280512">
        <ele>1410.3</ele>
      </trkpt>
      <trkpt lat="45.931406" lon="6.280478">
        <ele>1410.02</ele>
      </trkpt>
      <trkpt lat="45.931587" lon="6.280447">
        <ele>1409.07</ele>
      </trkpt>
      <trkpt lat="45.931638" lon="6.280423">
        <ele>1408.93</ele>
      </trkpt>
      <trkpt lat="45.931816" lon="6.28026">
        <ele>1409.57</ele>
      </trkpt>
      <trkpt lat="45.931918" lon="6.28024">
        <ele>1411.07</ele>
      </trkpt>
      <trkpt lat="45.931991" lon="6.280147">
        <ele>1414.45</ele>
      </trkpt>
      <trkpt lat="45.93205" lon="6.280038">
        <ele>1419.06</ele>
      </trkpt>
      <trkpt lat="45.932126" lon="6.279946">
        <ele>1424.1</ele>
      </trkpt>
      <trkpt lat="45.932153" lon="6.279863">
        <ele>1427.93</ele>
      </trkpt>
      <trkpt lat="45.932152" lon="6.279806">
        <ele>1430.02</ele>
      </trkpt>
      <trkpt lat="45.932103" lon="6.279679">
        <ele>1432.95</ele>
      </trkpt>
      <trkpt lat="45.932017" lon="6.27951">
        <ele>1434.95</ele>
      </trkpt>
      <trkpt lat="45.931911" lon="6.279392">
        <ele>1433.28</ele>
      </trkpt>
      <trkpt lat="45.931679" lon="6.279309">
        <ele>1430.99</ele>
      </trkpt>
      <trkpt lat="45.931603" lon="6.279259">
        <ele>1432.45</ele>
      </trkpt>
      <trkpt lat="45.931589" lon="6.279181">
        <ele>1437.1</ele>
      </trkpt>
      <trkpt lat="45.93159" lon="6.279114">
        <ele>1441.52</ele>
      </trkpt>
      <trkpt lat="45.931609" lon="6.279081">
        <ele>1444.33</ele>
      </trkpt>
      <trkpt lat="45.931652" lon="6.279075">
        <ele>1446.16</ele>
      </trkpt>
      <trkpt lat="45.931883" lon="6.279165">
        <ele>1448.17</ele>
      </trkpt>
      <trkpt lat="45.931968" lon="6.279183">
        <ele>1450.99</ele>
      </trkpt>
      <trkpt lat="45.932085" lon="6.279156">
        <ele>1458.55</ele>
      </trkpt>
      <trkpt lat="45.931942" lon="6.279059">
        <ele>1458.82</ele>
      </trkpt>
      <trkpt lat="45.931814" lon="6.278924">
        <ele>1463.15</ele>
      </trkpt>
      <trkpt lat="45.931675" lon="6.278705">
        <ele>1472.44</ele>
      </trkpt>
      <trkpt lat="45.931439" lon="6.278538">
        <ele>1470.08</ele>
      </trkpt>
      <trkpt lat="45.931331" lon="6.278507">
        <ele>1465.93</ele>
      </trkpt>
      <trkpt lat="45.93112" lon="6.278217">
        <ele>1475.97</ele>
      </trkpt>
      <trkpt lat="45.930728" lon="6.277856">
        <ele>1488.32</ele>
      </trkpt>
      <trkpt lat="45.930549" lon="6.277734">
        <ele>1490.04</ele>
      </trkpt>
      <trkpt lat="45.93045" lon="6.277693">
        <ele>1488.59</ele>
      </trkpt>
      <trkpt lat="45.930309" lon="6.277712">
        <ele>1481.55</ele>
      </trkpt>
      <trkpt lat="45.930201" lon="6.277691">
        <ele>1478.38</ele>
      </trkpt>
      <trkpt lat="45.9299" lon="6.277514">
        <ele>1478.33</ele>
      </trkpt>
      <trkpt lat="45.92983" lon="6.277403">
        <ele>1483.36</ele>
      </trkpt>
      <trkpt lat="45.92963" lon="6.277265">
        <ele>1485.13</ele>
      </trkpt>
      <trkpt lat="45.929543" lon="6.277156">
        <ele>1489.5</ele>
      </trkpt>
      <trkpt lat="45.92929" lon="6.277112">
        <ele>1483.33</ele>
      </trkpt>
      <trkpt lat="45.929043" lon="6.277001">
        <ele>1484.99</ele>
      </trkpt>
      <trkpt lat="45.929007" lon="6.276971">
        <ele>1485.61</ele>
      </trkpt>
      <trkpt lat="45.929043" lon="6.277001">
        <ele>1484.99</ele>
      </trkpt>
      <trkpt lat="45.92929" lon="6.277112">
        <ele>1483.33</ele>
      </trkpt>
      <trkpt lat="45.929543" lon="6.277156">
        <ele>1489.5</ele>
      </trkpt>
      <trkpt lat="45.92963" lon="6.277265">
        <ele>1485.13</ele>
      </trkpt>
      <trkpt lat="45.92983" lon="6.277403">
        <ele>1483.36</ele>
      </trkpt>
      <trkpt lat="45.9299" lon="6.277514">
        <ele>1478.33</ele>
      </trkpt>
      <trkpt lat="45.930201" lon="6.277691">
        <ele>1478.38</ele>
      </trkpt>
      <trkpt lat="45.930309" lon="6.277712">
        <ele>1481.55</ele>
      </trkpt>
      <trkpt lat="45.93045" lon="6.277693">
        <ele>1488.59</ele>
      </trkpt>
      <trkpt lat="45.930549" lon="6.277734">
        <ele>1490.04</ele>
      </trkpt>
      <trkpt lat="45.930728" lon="6.277856">
        <ele>1488.32</ele>
      </trkpt>
      <trkpt lat="45.93112" lon="6.278217">
        <ele>1475.97</ele>
      </trkpt>
      <trkpt lat="45.931331" lon="6.278507">
        <ele>1465.93</ele>
      </trkpt>
      <trkpt lat="45.931439" lon="6.278538">
        <ele>1470.08</ele>
      </trkpt>
      <trkpt lat="45.931675" lon="6.278705">
        <ele>1472.44</ele>
      </trkpt>
      <trkpt lat="45.931814" lon="6.278924">
        <ele>1463.15</ele>
      </trkpt>
      <trkpt lat="45.931942" lon="6.279059">
        <ele>1458.82</ele>
      </trkpt>
      <trkpt lat="45.932085" lon="6.279156">
        <ele>1458.55</ele>
      </trkpt>
      <trkpt lat="45.931968" lon="6.279183">
        <ele>1450.99</ele>
      </trkpt>
      <trkpt lat="45.931883" lon="6.279165">
        <ele>1448.17</ele>
      </trkpt>
      <trkpt lat="45.931652" lon="6.279075">
        <ele>1446.16</ele>
      </trkpt>
      <trkpt lat="45.931609" lon="6.279081">
        <ele>1444.33</ele>
      </trkpt>
      <trkpt lat="45.93159" lon="6.279114">
        <ele>1441.52</ele>
      </trkpt>
      <trkpt lat="45.931589" lon="6.279181">
        <ele>1437.1</ele>
      </trkpt>
      <trkpt lat="45.931603" lon="6.279259">
        <ele>1432.45</ele>
      </trkpt>
      <trkpt lat="45.931679" lon="6.279309">
        <ele>1430.99</ele>
      </trkpt>
      <trkpt lat="45.931911" lon="6.279392">
        <ele>1433.28</ele>
      </trkpt>
      <trkpt lat="45.932017" lon="6.27951">
        <ele>1434.95</ele>
      </trkpt>
      <trkpt lat="45.932103" lon="6.279679">
        <ele>1432.95</ele>
      </trkpt>
      <trkpt lat="45.932152" lon="6.279806">
        <ele>1430.02</ele>
      </trkpt>
      <trkpt lat="45.932153" lon="6.279863">
        <ele>1427.93</ele>
      </trkpt>
      <trkpt lat="45.932126" lon="6.279946">
        <ele>1424.1</ele>
      </trkpt>
      <trkpt lat="45.93205" lon="6.280038">
        <ele>1419.06</ele>
      </trkpt>
      <trkpt lat="45.931991" lon="6.280147">
        <ele>1414.45</ele>
      </trkpt>
      <trkpt lat="45.931918" lon="6.28024">
        <ele>1411.07</ele>
      </trkpt>
      <trkpt lat="45.931816" lon="6.28026">
        <ele>1409.57</ele>
      </trkpt>
      <trkpt lat="45.931638" lon="6.280423">
        <ele>1408.93</ele>
      </trkpt>
      <trkpt lat="45.931587" lon="6.280447">
        <ele>1409.07</ele>
      </trkpt>
      <trkpt lat="45.931406" lon="6.280478">
        <ele>1410.02</ele>
      </trkpt>
      <trkpt lat="45.931356" lon="6.280512">
        <ele>1410.3</ele>
      </trkpt>
      <trkpt lat="45.931326" lon="6.280568">
        <ele>1410.48</ele>
      </trkpt>
      <trkpt lat="45.931323" lon="6.280634">
        <ele>1410.49</ele>
      </trkpt>
      <trkpt lat="45.931367" lon="6.280877">
        <ele>1409.82</ele>
      </trkpt>
      <trkpt lat="45.931363" lon="6.280975">
        <ele>1409.78</ele>
      </trkpt>
      <trkpt lat="45.93138" lon="6.281048">
        <ele>1409.42</ele>
      </trkpt>
      <trkpt lat="45.931501" lon="6.281278">
        <ele>1407.28</ele>
      </trkpt>
      <trkpt lat="45.931632" lon="6.281433">
        <ele>1405.08</ele>
      </trkpt>
      <trkpt lat="45.931891" lon="6.281711">
        <ele>1401.32</ele>
      </trkpt>
      <trkpt lat="45.932109" lon="6.281982">
        <ele>1398.86</ele>
      </trkpt>
      <trkpt lat="45.932155" lon="6.282063">
        <ele>1398.32</ele>
      </trkpt>
      <trkpt lat="45.932158" lon="6.282151">
        <ele>1398.24</ele>
      </trkpt>
      <trkpt lat="45.932203" lon="6.282242">
        <ele>1397.69</ele>
      </trkpt>
      <trkpt lat="45.932249" lon="6.282369">
        <ele>1397.09</ele>
      </trkpt>
      <trkpt lat="45.93225" lon="6.282436">
        <ele>1397.04</ele>
      </trkpt>
      <trkpt lat="45.932235" lon="6.282522">
        <ele>1397.16</ele>
      </trkpt>
      <trkpt lat="45.932201" lon="6.282599">
        <ele>1397.51</ele>
      </trkpt>
      <trkpt lat="45.932344" lon="6.282667">
        <ele>1395.77</ele>
      </trkpt>
      <trkpt lat="45.93262" lon="6.282823">
        <ele>1393.65</ele>
      </trkpt>
      <trkpt lat="45.932801" lon="6.282937">
        <ele>1392.65</ele>
      </trkpt>
      <trkpt lat="45.933013" lon="6.283041">
        <ele>1390.99</ele>
      </trkpt>
      <trkpt lat="45.933285" lon="6.283268">
        <ele>1388.23</ele>
      </trkpt>
      <trkpt lat="45.933645" lon="6.283568">
        <ele>1384.57</ele>
      </trkpt>
      <trkpt lat="45.933914" lon="6.283874">
        <ele>1379.66</ele>
      </trkpt>
      <trkpt lat="45.933946" lon="6.283986">
        <ele>1379.3</ele>
      </trkpt>
      <trkpt lat="45.93396" lon="6.284078">
        <ele>1379.29</ele>
      </trkpt>
      <trkpt lat="45.933997" lon="6.284131">
        <ele>1378.48</ele>
      </trkpt>
      <trkpt lat="45.934043" lon="6.284138">
        <ele>1377.26</ele>
      </trkpt>
      <trkpt lat="45.934461" lon="6.284602">
        <ele>1368.58</ele>
      </trkpt>
      <trkpt lat="45.934849" lon="6.284742">
        <ele>1362.35</ele>
      </trkpt>
      <trkpt lat="45.935282" lon="6.284953">
        <ele>1355.12</ele>
      </trkpt>
      <trkpt lat="45.935754" lon="6.285337">
        <ele>1348.59</ele>
      </trkpt>
      <trkpt lat="45.936144" lon="6.285705">
        <ele>1343.61</ele>
      </trkpt>
      <trkpt lat="45.93666" lon="6.286227">
        <ele>1339.7</ele>
      </trkpt>
      <trkpt lat="45.936902" lon="6.286809">
        <ele>1341.05</ele>
      </trkpt>
      <trkpt lat="45.937285" lon="6.287549">
        <ele>1344.27</ele>
      </trkpt>
      <trkpt lat="45.93772" lon="6.288149">
        <ele>1340.99</ele>
      </trkpt>
      <trkpt lat="45.938028" lon="6.288539">
        <ele>1339.15</ele>
      </trkpt>
      <trkpt lat="45.938105" lon="6.288803">
        <ele>1339.58</ele>
      </trkpt>
      <trkpt lat="45.938268" lon="6.28906">
        <ele>1338.78</ele>
      </trkpt>
      <trkpt lat="45.938567" lon="6.289272">
        <ele>1335.58</ele>
      </trkpt>
      <trkpt lat="45.938839" lon="6.289559">
        <ele>1334.6</ele>
      </trkpt>
      <trkpt lat="45.939177" lon="6.289949">
        <ele>1332.67</ele>
      </trkpt>
      <trkpt lat="45.939509" lon="6.290205">
        <ele>1327.6</ele>
      </trkpt>
      <trkpt lat="45.939725" lon="6.290253">
        <ele>1324.09</ele>
      </trkpt>
      <trkpt lat="45.939978" lon="6.290412">
        <ele>1320.47</ele>
      </trkpt>
      <trkpt lat="45.940209" lon="6.290753">
        <ele>1317.61</ele>
      </trkpt>
      <trkpt lat="45.940318" lon="6.290945">
        <ele>1316.42</ele>
      </trkpt>
      <trkpt lat="45.940714" lon="6.291274">
        <ele>1309.84</ele>
      </trkpt>
      <trkpt lat="45.941318" lon="6.2919">
        <ele>1300.4</ele>
      </trkpt>
      <trkpt lat="45.941578" lon="6.292266">
        <ele>1298.66</ele>
      </trkpt>
      <trkpt lat="45.941851" lon="6.292522">
        <ele>1292.82</ele>
      </trkpt>
      <trkpt lat="45.94225" lon="6.292953">
        <ele>1289.64</ele>
      </trkpt>
      <trkpt lat="45.942328" lon="6.293095">
        <ele>1288.99</ele>
      </trkpt>
      <trkpt lat="45.942474" lon="6.293555">
        <ele>1286.38</ele>
      </trkpt>
      <trkpt lat="45.942522" lon="6.293821">
        <ele>1288.45</ele>
      </trkpt>
      <trkpt lat="45.942469" lon="6.294174">
        <ele>1295.74</ele>
      </trkpt>
      <trkpt lat="45.942537" lon="6.294498">
        <ele>1299.59</ele>
      </trkpt>
      <trkpt lat="45.94268" lon="6.294791">
        <ele>1302.98</ele>
      </trkpt>
      <trkpt lat="45.943174" lon="6.295306">
        <ele>1302.87</ele>
      </trkpt>
      <trkpt lat="45.943218" lon="6.295454">
        <ele>1308.41</ele>
      </trkpt>
      <trkpt lat="45.943323" lon="6.295591">
        <ele>1310.25</ele>
      </trkpt>
      <trkpt lat="45.943817" lon="6.296058">
        <ele>1308.96</ele>
      </trkpt>
      <trkpt lat="45.944284" lon="6.296739">
        <ele>1320.3</ele>
      </trkpt>
      <trkpt lat="45.944811" lon="6.297278">
        <ele>1316.55</ele>
      </trkpt>
      <trkpt lat="45.945024" lon="6.297736">
        <ele>1321.75</ele>
      </trkpt>
      <trkpt lat="45.945161" lon="6.29801">
        <ele>1324.85</ele>
      </trkpt>
      <trkpt lat="45.945298" lon="6.298196">
        <ele>1326.2</ele>
      </trkpt>
      <trkpt lat="45.945453" lon="6.298281">
        <ele>1322.43</ele>
      </trkpt>
      <trkpt lat="45.945566" lon="6.298303">
        <ele>1318.08</ele>
      </trkpt>
      <trkpt lat="45.945886" lon="6.29874">
        <ele>1320.59</ele>
      </trkpt>
      <trkpt lat="45.946124" lon="6.29904">
        <ele>1325.37</ele>
      </trkpt>
      <trkpt lat="45.946448" lon="6.299656">
        <ele>1337.12</ele>
      </trkpt>
      <trkpt lat="45.946563" lon="6.299815">
        <ele>1338.82</ele>
      </trkpt>
      <trkpt lat="45.946606" lon="6.299941">
        <ele>1342.25</ele>
      </trkpt>
      <trkpt lat="45.946578" lon="6.300052">
        <ele>1347.45</ele>
      </trkpt>
      <trkpt lat="45.946491" lon="6.300036">
        <ele>1349.53</ele>
      </trkpt>
      <trkpt lat="45.946206" lon="6.299562">
        <ele>1343.37</ele>
      </trkpt>
      <trkpt lat="45.946044" lon="6.299421">
        <ele>1345.78</ele>
      </trkpt>
      <trkpt lat="45.945877" lon="6.299403">
        <ele>1350.23</ele>
      </trkpt>
      <trkpt lat="45.945717" lon="6.299634">
        <ele>1358.6</ele>
      </trkpt>
      <trkpt lat="45.94569" lon="6.299832">
        <ele>1362.9</ele>
      </trkpt>
      <trkpt lat="45.945606" lon="6.3001">
        <ele>1368.47</ele>
      </trkpt>
      <trkpt lat="45.945513" lon="6.300364">
        <ele>1370.87</ele>
      </trkpt>
      <trkpt lat="45.945437" lon="6.300568">
        <ele>1370.96</ele>
      </trkpt>
      <trkpt lat="45.945376" lon="6.300907">
        <ele>1370.64</ele>
      </trkpt>
      <trkpt lat="45.94536" lon="6.301278">
        <ele>1370.36</ele>
      </trkpt>
      <trkpt lat="45.945497" lon="6.301499">
        <ele>1371.85</ele>
      </trkpt>
      <trkpt lat="45.945728" lon="6.301748">
        <ele>1374.28</ele>
      </trkpt>
      <trkpt lat="45.945977" lon="6.302261">
        <ele>1374.68</ele>
      </trkpt>
      <trkpt lat="45.946091" lon="6.302375">
        <ele>1374.77</ele>
      </trkpt>
      <trkpt lat="45.946217" lon="6.302644">
        <ele>1374.49</ele>
      </trkpt>
      <trkpt lat="45.946297" lon="6.302952">
        <ele>1373.68</ele>
      </trkpt>
      <trkpt lat="45.946355" lon="6.303067">
        <ele>1373.5</ele>
      </trkpt>
      <trkpt lat="45.946462" lon="6.30334">
        <ele>1372.59</ele>
      </trkpt>
      <trkpt lat="45.946497" lon="6.303473">
        <ele>1371.94</ele>
      </trkpt>
      <trkpt lat="45.946669" lon="6.30387">
        <ele>1371.41</ele>
      </trkpt>
      <trkpt lat="45.946843" lon="6.304039">
        <ele>1370.27</ele>
      </trkpt>
      <trkpt lat="45.947052" lon="6.304132">
        <ele>1372</ele>
      </trkpt>
      <trkpt lat="45.947146" lon="6.304297">
        <ele>1372.25</ele>
      </trkpt>
      <trkpt lat="45.947184" lon="6.304495">
        <ele>1371.74</ele>
      </trkpt>
      <trkpt lat="45.947332" lon="6.304753">
        <ele>1370.84</ele>
      </trkpt>
      <trkpt lat="45.947524" lon="6.304852">
        <ele>1370.07</ele>
      </trkpt>
      <trkpt lat="45.947766" lon="6.305016">
        <ele>1368.14</ele>
      </trkpt>
      <trkpt lat="45.94798" lon="6.305126">
        <ele>1368.25</ele>
      </trkpt>
      <trkpt lat="45.948222" lon="6.30539">
        <ele>1367.04</ele>
      </trkpt>
      <trkpt lat="45.948299" lon="6.305752">
        <ele>1361.96</ele>
      </trkpt>
      <trkpt lat="45.948277" lon="6.306137">
        <ele>1357.55</ele>
      </trkpt>
      <trkpt lat="45.948129" lon="6.306499">
        <ele>1359.41</ele>
      </trkpt>
      <trkpt lat="45.947879" lon="6.306794">
        <ele>1363.87</ele>
      </trkpt>
      <trkpt lat="45.947824" lon="6.306961">
        <ele>1366.07</ele>
      </trkpt>
      <trkpt lat="45.947898" lon="6.307254">
        <ele>1368.02</ele>
      </trkpt>
      <trkpt lat="45.947951" lon="6.307401">
        <ele>1368.62</ele>
      </trkpt>
      <trkpt lat="45.947991" lon="6.307461">
        <ele>1368.48</ele>
      </trkpt>
      <trkpt lat="45.948176" lon="6.307635">
        <ele>1366.63</ele>
      </trkpt>
      <trkpt lat="45.94822" lon="6.30777">
        <ele>1367.53</ele>
      </trkpt>
      <trkpt lat="45.948225" lon="6.307948">
        <ele>1370.83</ele>
      </trkpt>
      <trkpt lat="45.948249" lon="6.308117">
        <ele>1373.54</ele>
      </trkpt>
      <trkpt lat="45.948306" lon="6.308309">
        <ele>1375.9</ele>
      </trkpt>
      <trkpt lat="45.948368" lon="6.308431">
        <ele>1376.74</ele>
      </trkpt>
      <trkpt lat="45.948479" lon="6.3086">
        <ele>1377.57</ele>
      </trkpt>
      <trkpt lat="45.948617" lon="6.308922">
        <ele>1381.8</ele>
      </trkpt>
      <trkpt lat="45.948779" lon="6.309349">
        <ele>1387.15</ele>
      </trkpt>
      <trkpt lat="45.94879" lon="6.310031">
        <ele>1401.22</ele>
      </trkpt>
      <trkpt lat="45.948876" lon="6.31061">
        <ele>1406.65</ele>
      </trkpt>
      <trkpt lat="45.949172" lon="6.311371">
        <ele>1404.25</ele>
      </trkpt>
      <trkpt lat="45.949187" lon="6.311754">
        <ele>1407.01</ele>
      </trkpt>
      <trkpt lat="45.949174" lon="6.311996">
        <ele>1408.51</ele>
      </trkpt>
      <trkpt lat="45.949006" lon="6.312405">
        <ele>1414.46</ele>
      </trkpt>
      <trkpt lat="45.948796" lon="6.312778">
        <ele>1421.93</ele>
      </trkpt>
      <trkpt lat="45.948771" lon="6.312969">
        <ele>1421.59</ele>
      </trkpt>
      <trkpt lat="45.948785" lon="6.313359">
        <ele>1418.56</ele>
      </trkpt>
      <trkpt lat="45.948747" lon="6.313668">
        <ele>1418.45</ele>
      </trkpt>
      <trkpt lat="45.948749" lon="6.313744">
        <ele>1418.59</ele>
      </trkpt>
      <trkpt lat="45.948759" lon="6.313792">
        <ele>1418.53</ele>
      </trkpt>
      <trkpt lat="45.948787" lon="6.313858">
        <ele>1418.23</ele>
      </trkpt>
      <trkpt lat="45.948812" lon="6.313879">
        <ele>1417.87</ele>
      </trkpt>
      <trkpt lat="45.949003" lon="6.313912">
        <ele>1414.92</ele>
      </trkpt>
      <trkpt lat="45.948897" lon="6.314007">
        <ele>1417.12</ele>
      </trkpt>
      <trkpt lat="45.948558" lon="6.314231">
        <ele>1421.7</ele>
      </trkpt>
      <trkpt lat="45.948503" lon="6.314286">
        <ele>1422.14</ele>
      </trkpt>
      <trkpt lat="45.948449" lon="6.314355">
        <ele>1422.34</ele>
      </trkpt>
      <trkpt lat="45.948391" lon="6.314465">
        <ele>1422.26</ele>
      </trkpt>
      <trkpt lat="45.948362" lon="6.314548">
        <ele>1422.04</ele>
      </trkpt>
      <trkpt lat="45.948295" lon="6.314922">
        <ele>1420.49</ele>
      </trkpt>
      <trkpt lat="45.948076" lon="6.315586">
        <ele>1416.15</ele>
      </trkpt>
      <trkpt lat="45.948027" lon="6.315713">
        <ele>1414.91</ele>
      </trkpt>
      <trkpt lat="45.948006" lon="6.31568">
        <ele>1415.09</ele>
      </trkpt>
      <trkpt lat="45.947972" lon="6.315649">
        <ele>1415.21</ele>
      </trkpt>
      <trkpt lat="45.947792" lon="6.315596">
        <ele>1414.98</ele>
      </trkpt>
      <trkpt lat="45.94772" lon="6.315548">
        <ele>1415.26</ele>
      </trkpt>
      <trkpt lat="45.94732" lon="6.315147">
        <ele>1419.76</ele>
      </trkpt>
      <trkpt lat="45.9469" lon="6.314999">
        <ele>1421.6</ele>
      </trkpt>
      <trkpt lat="45.946289" lon="6.314496">
        <ele>1428.24</ele>
      </trkpt>
      <trkpt lat="45.945604" lon="6.31422">
        <ele>1430.47</ele>
      </trkpt>
      <trkpt lat="45.945295" lon="6.313897">
        <ele>1435.26</ele>
      </trkpt>
      <trkpt lat="45.944103" lon="6.313517">
        <ele>1438.85</ele>
      </trkpt>
      <trkpt lat="45.94342" lon="6.313136">
        <ele>1439.96</ele>
      </trkpt>
      <trkpt lat="45.943253" lon="6.313135">
        <ele>1441.08</ele>
      </trkpt>
      <trkpt lat="45.942944" lon="6.313252">
        <ele>1440.56</ele>
      </trkpt>
      <trkpt lat="45.942346" lon="6.313588">
        <ele>1437.86</ele>
      </trkpt>
      <trkpt lat="45.94215" lon="6.313579">
        <ele>1439.27</ele>
      </trkpt>
      <trkpt lat="45.941307" lon="6.313394">
        <ele>1443.43</ele>
      </trkpt>
      <trkpt lat="45.940833" lon="6.313431">
        <ele>1443.69</ele>
      </trkpt>
      <trkpt lat="45.939608" lon="6.313141">
        <ele>1453.82</ele>
      </trkpt>
      <trkpt lat="45.939425" lon="6.313001">
        <ele>1454.15</ele>
      </trkpt>
      <trkpt lat="45.939187" lon="6.312331">
        <ele>1457.45</ele>
      </trkpt>
      <trkpt lat="45.939011" lon="6.312191">
        <ele>1456.92</ele>
      </trkpt>
      <trkpt lat="45.938685" lon="6.312228">
        <ele>1452.47</ele>
      </trkpt>
      <trkpt lat="45.938181" lon="6.312118">
        <ele>1450.98</ele>
      </trkpt>
      <trkpt lat="45.937698" lon="6.312189">
        <ele>1448.2</ele>
      </trkpt>
      <trkpt lat="45.93755" lon="6.31221">
        <ele>1447.35</ele>
      </trkpt>
      <trkpt lat="45.937526" lon="6.312343">
        <ele>1444.96</ele>
      </trkpt>
      <trkpt lat="45.937359" lon="6.312865">
        <ele>1437.95</ele>
      </trkpt>
      <trkpt lat="45.936826" lon="6.313741">
        <ele>1438.35</ele>
      </trkpt>
      <trkpt lat="45.936688" lon="6.314056">
        <ele>1440.37</ele>
      </trkpt>
      <trkpt lat="45.936653" lon="6.314245">
        <ele>1441.85</ele>
      </trkpt>
      <trkpt lat="45.936656" lon="6.314459">
        <ele>1443.21</ele>
      </trkpt>
      <trkpt lat="45.936858" lon="6.315183">
        <ele>1444.57</ele>
      </trkpt>
      <trkpt lat="45.936805" lon="6.315368">
        <ele>1445.4</ele>
      </trkpt>
      <trkpt lat="45.936572" lon="6.315601">
        <ele>1446.66</ele>
      </trkpt>
      <trkpt lat="45.936281" lon="6.316442">
        <ele>1448.79</ele>
      </trkpt>
      <trkpt lat="45.936242" lon="6.316664">
        <ele>1448.87</ele>
      </trkpt>
      <trkpt lat="45.936274" lon="6.316997">
        <ele>1448.99</ele>
      </trkpt>
      <trkpt lat="45.936345" lon="6.317216">
        <ele>1449.31</ele>
      </trkpt>
      <trkpt lat="45.936734" lon="6.317867">
        <ele>1448.44</ele>
      </trkpt>
      <trkpt lat="45.937266" lon="6.318909">
        <ele>1451.26</ele>
      </trkpt>
      <trkpt lat="45.937292" lon="6.318991">
        <ele>1452.11</ele>
      </trkpt>
      <trkpt lat="45.937311" lon="6.3191">
        <ele>1453.2</ele>
      </trkpt>
      <trkpt lat="45.937332" lon="6.319332">
        <ele>1455.46</ele>
      </trkpt>
      <trkpt lat="45.937392" lon="6.319581">
        <ele>1456.23</ele>
      </trkpt>
      <trkpt lat="45.937517" lon="6.319964">
        <ele>1456.17</ele>
      </trkpt>
      <trkpt lat="45.937534" lon="6.320105">
        <ele>1455.67</ele>
      </trkpt>
      <trkpt lat="45.937517" lon="6.320261">
        <ele>1455.13</ele>
      </trkpt>
      <trkpt lat="45.937332" lon="6.321219">
        <ele>1459.3</ele>
      </trkpt>
      <trkpt lat="45.937307" lon="6.321395">
        <ele>1461.17</ele>
      </trkpt>
      <trkpt lat="45.937318" lon="6.321926">
        <ele>1466.73</ele>
      </trkpt>
      <trkpt lat="45.937349" lon="6.322056">
        <ele>1468.01</ele>
      </trkpt>
      <trkpt lat="45.937412" lon="6.322149">
        <ele>1468.41</ele>
      </trkpt>
      <trkpt lat="45.937837" lon="6.322596">
        <ele>1468</ele>
      </trkpt>
      <trkpt lat="45.938687" lon="6.323304">
        <ele>1473.09</ele>
      </trkpt>
      <trkpt lat="45.93941" lon="6.324029">
        <ele>1481.71</ele>
      </trkpt>
      <trkpt lat="45.939814" lon="6.324363">
        <ele>1485.84</ele>
      </trkpt>
      <trkpt lat="45.940171" lon="6.324483">
        <ele>1486.33</ele>
      </trkpt>
      <trkpt lat="45.940174" lon="6.324494">
        <ele>1486.48</ele>
      </trkpt>
      <trkpt lat="45.940225" lon="6.324645">
        <ele>1488.49</ele>
      </trkpt>
      <trkpt lat="45.940227" lon="6.324945">
        <ele>1492.74</ele>
      </trkpt>
      <trkpt lat="45.940149" lon="6.325156">
        <ele>1496.1</ele>
      </trkpt>
      <trkpt lat="45.939949" lon="6.3254">
        <ele>1500.82</ele>
      </trkpt>
      <trkpt lat="45.940002" lon="6.325681">
        <ele>1504.42</ele>
      </trkpt>
      <trkpt lat="45.940215" lon="6.32614">
        <ele>1508.51</ele>
      </trkpt>
      <trkpt lat="45.940562" lon="6.326448">
        <ele>1508.11</ele>
      </trkpt>
      <trkpt lat="45.941445" lon="6.327689">
        <ele>1513.69</ele>
      </trkpt>
      <trkpt lat="45.941814" lon="6.327896">
        <ele>1512.21</ele>
      </trkpt>
      <trkpt lat="45.942177" lon="6.328224">
        <ele>1516.54</ele>
      </trkpt>
      <trkpt lat="45.942955" lon="6.328608">
        <ele>1523.35</ele>
      </trkpt>
      <trkpt lat="45.943411" lon="6.329223">
        <ele>1533.63</ele>
      </trkpt>
      <trkpt lat="45.943592" lon="6.329392">
        <ele>1536.19</ele>
      </trkpt>
      <trkpt lat="45.944059" lon="6.329609">
        <ele>1540.65</ele>
      </trkpt>
      <trkpt lat="45.944404" lon="6.32955">
        <ele>1540.27</ele>
      </trkpt>
      <trkpt lat="45.94443" lon="6.329553">
        <ele>1540.46</ele>
      </trkpt>
      <trkpt lat="45.944695" lon="6.329587">
        <ele>1542.33</ele>
      </trkpt>
      <trkpt lat="45.944787" lon="6.329631">
        <ele>1543.68</ele>
      </trkpt>
      <trkpt lat="45.945137" lon="6.329898">
        <ele>1551.49</ele>
      </trkpt>
      <trkpt lat="45.945176" lon="6.329959">
        <ele>1553.01</ele>
      </trkpt>
      <trkpt lat="45.945204" lon="6.330027">
        <ele>1554.57</ele>
      </trkpt>
      <trkpt lat="45.945198" lon="6.330103">
        <ele>1556.3</ele>
      </trkpt>
      <trkpt lat="45.945065" lon="6.330435">
        <ele>1561.1</ele>
      </trkpt>
      <trkpt lat="45.945049" lon="6.330553">
        <ele>1562.56</ele>
      </trkpt>
      <trkpt lat="45.94507" lon="6.330672">
        <ele>1564.32</ele>
      </trkpt>
      <trkpt lat="45.945369" lon="6.331429">
        <ele>1572.11</ele>
      </trkpt>
      <trkpt lat="45.945391" lon="6.331533">
        <ele>1572.56</ele>
      </trkpt>
      <trkpt lat="45.945394" lon="6.331641">
        <ele>1572.96</ele>
      </trkpt>
      <trkpt lat="45.945411" lon="6.331727">
        <ele>1573.33</ele>
      </trkpt>
      <trkpt lat="45.945464" lon="6.331774">
        <ele>1573.69</ele>
      </trkpt>
      <trkpt lat="45.945659" lon="6.331845">
        <ele>1574.65</ele>
      </trkpt>
      <trkpt lat="45.945734" lon="6.331926">
        <ele>1575.04</ele>
      </trkpt>
      <trkpt lat="45.945747" lon="6.332003">
        <ele>1574.99</ele>
      </trkpt>
      <trkpt lat="45.945698" lon="6.332257">
        <ele>1574.71</ele>
      </trkpt>
      <trkpt lat="45.945688" lon="6.332395">
        <ele>1574.63</ele>
      </trkpt>
      <trkpt lat="45.945772" lon="6.332874">
        <ele>1574.09</ele>
      </trkpt>
      <trkpt lat="45.9459" lon="6.33316">
        <ele>1573.79</ele>
      </trkpt>
      <trkpt lat="45.946223" lon="6.33361">
        <ele>1574.14</ele>
      </trkpt>
      <trkpt lat="45.946363" lon="6.33414">
        <ele>1572.49</ele>
      </trkpt>
      <trkpt lat="45.946619" lon="6.334493">
        <ele>1571.24</ele>
      </trkpt>
      <trkpt lat="45.946811" lon="6.334819">
        <ele>1572.11</ele>
      </trkpt>
      <trkpt lat="45.94699" lon="6.335263">
        <ele>1574.39</ele>
      </trkpt>
      <trkpt lat="45.947126" lon="6.335458">
        <ele>1575.49</ele>
      </trkpt>
      <trkpt lat="45.947206" lon="6.335682">
        <ele>1576.66</ele>
      </trkpt>
      <trkpt lat="45.947218" lon="6.335831">
        <ele>1577.39</ele>
      </trkpt>
      <trkpt lat="45.947201" lon="6.335939">
        <ele>1577.89</ele>
      </trkpt>
      <trkpt lat="45.9472" lon="6.335991">
        <ele>1578.14</ele>
      </trkpt>
      <trkpt lat="45.94721" lon="6.336042">
        <ele>1578.4</ele>
      </trkpt>
      <trkpt lat="45.947418" lon="6.336446">
        <ele>1583.99</ele>
      </trkpt>
      <trkpt lat="45.947429" lon="6.336502">
        <ele>1584.8</ele>
      </trkpt>
      <trkpt lat="45.947414" lon="6.336567">
        <ele>1585.6</ele>
      </trkpt>
      <trkpt lat="45.947357" lon="6.336704">
        <ele>1587.06</ele>
      </trkpt>
      <trkpt lat="45.947359" lon="6.336761">
        <ele>1587.82</ele>
      </trkpt>
      <trkpt lat="45.947376" lon="6.336788">
        <ele>1588.29</ele>
      </trkpt>
      <trkpt lat="45.947402" lon="6.336798">
        <ele>1588.62</ele>
      </trkpt>
      <trkpt lat="45.947459" lon="6.336772">
        <ele>1588.7</ele>
      </trkpt>
      <trkpt lat="45.947618" lon="6.336739">
        <ele>1589.37</ele>
      </trkpt>
      <trkpt lat="45.94778" lon="6.336725">
        <ele>1590.35</ele>
      </trkpt>
      <trkpt lat="45.947903" lon="6.3368">
        <ele>1592.4</ele>
      </trkpt>
      <trkpt lat="45.948102" lon="6.337048">
        <ele>1596.66</ele>
      </trkpt>
      <trkpt lat="45.948478" lon="6.337084">
        <ele>1600.22</ele>
      </trkpt>
      <trkpt lat="45.948733" lon="6.336933">
        <ele>1601.44</ele>
      </trkpt>
      <trkpt lat="45.949082" lon="6.336854">
        <ele>1604.55</ele>
      </trkpt>
      <trkpt lat="45.949524" lon="6.337093">
        <ele>1612.23</ele>
      </trkpt>
      <trkpt lat="45.950072" lon="6.337643">
        <ele>1624.94</ele>
      </trkpt>
      <trkpt lat="45.950731" lon="6.337647">
        <ele>1631.88</ele>
      </trkpt>
      <trkpt lat="45.950992" lon="6.337584">
        <ele>1633.49</ele>
      </trkpt>
      <trkpt lat="45.951294" lon="6.337693">
        <ele>1637.98</ele>
      </trkpt>
      <trkpt lat="45.951373" lon="6.337778">
        <ele>1640.07</ele>
      </trkpt>
      <trkpt lat="45.951486" lon="6.338021">
        <ele>1644.73</ele>
      </trkpt>
      <trkpt lat="45.951567" lon="6.33839">
        <ele>1650.92</ele>
      </trkpt>
      <trkpt lat="45.95174" lon="6.338758">
        <ele>1655.8</ele>
      </trkpt>
      <trkpt lat="45.951797" lon="6.339041">
        <ele>1657.82</ele>
      </trkpt>
      <trkpt lat="45.951902" lon="6.339336">
        <ele>1659.54</ele>
      </trkpt>
      <trkpt lat="45.952039" lon="6.34009">
        <ele>1669.61</ele>
      </trkpt>
      <trkpt lat="45.952048" lon="6.340659">
        <ele>1675.37</ele>
      </trkpt>
      <trkpt lat="45.952368" lon="6.34119">
        <ele>1677.82</ele>
      </trkpt>
      <trkpt lat="45.952392" lon="6.341464">
        <ele>1678.59</ele>
      </trkpt>
      <trkpt lat="45.952361" lon="6.341604">
        <ele>1679.17</ele>
      </trkpt>
      <trkpt lat="45.95228" lon="6.341821">
        <ele>1680.15</ele>
      </trkpt>
      <trkpt lat="45.952189" lon="6.341958">
        <ele>1680.52</ele>
      </trkpt>
      <trkpt lat="45.952101" lon="6.342065">
        <ele>1680.52</ele>
      </trkpt>
      <trkpt lat="45.952078" lon="6.342122">
        <ele>1680.43</ele>
      </trkpt>
      <trkpt lat="45.952" lon="6.342105">
        <ele>1680.71</ele>
      </trkpt>
      <trkpt lat="45.951759" lon="6.342117">
        <ele>1681.57</ele>
      </trkpt>
      <trkpt lat="45.951737" lon="6.34211">
        <ele>1681.71</ele>
      </trkpt>
      <trkpt lat="45.95167" lon="6.342059">
        <ele>1682.1</ele>
      </trkpt>
      <trkpt lat="45.951645" lon="6.34205">
        <ele>1682.22</ele>
      </trkpt>
      <trkpt lat="45.951621" lon="6.342055">
        <ele>1682.33</ele>
      </trkpt>
      <trkpt lat="45.951327" lon="6.342327">
        <ele>1685.42</ele>
      </trkpt>
      <trkpt lat="45.951168" lon="6.342508">
        <ele>1688.75</ele>
      </trkpt>
      <trkpt lat="45.95112" lon="6.342543">
        <ele>1689.77</ele>
      </trkpt>
      <trkpt lat="45.951028" lon="6.342586">
        <ele>1691.63</ele>
      </trkpt>
      <trkpt lat="45.950949" lon="6.342594">
        <ele>1693.15</ele>
      </trkpt>
      <trkpt lat="45.95092" lon="6.342612">
        <ele>1693.99</ele>
      </trkpt>
      <trkpt lat="45.950898" lon="6.342663">
        <ele>1695.15</ele>
      </trkpt>
      <trkpt lat="45.950889" lon="6.342754">
        <ele>1696.5</ele>
      </trkpt>
      <trkpt lat="45.950853" lon="6.342878">
        <ele>1698.59</ele>
      </trkpt>
      <trkpt lat="45.950832" lon="6.342909">
        <ele>1699.5</ele>
      </trkpt>
      <trkpt lat="45.950771" lon="6.342929">
        <ele>1701.44</ele>
      </trkpt>
      <trkpt lat="45.950687" lon="6.34292">
        <ele>1703.64</ele>
      </trkpt>
      <trkpt lat="45.950673" lon="6.342928">
        <ele>1704.17</ele>
      </trkpt>
      <trkpt lat="45.950638" lon="6.342909">
        <ele>1704.83</ele>
      </trkpt>
      <trkpt lat="45.950616" lon="6.342913">
        <ele>1705.5</ele>
      </trkpt>
      <trkpt lat="45.950603" lon="6.342899">
        <ele>1705.62</ele>
      </trkpt>
      <trkpt lat="45.950514" lon="6.342889">
        <ele>1707.82</ele>
      </trkpt>
      <trkpt lat="45.950494" lon="6.342916">
        <ele>1708.94</ele>
      </trkpt>
      <trkpt lat="45.950437" lon="6.342913">
        <ele>1710.46</ele>
      </trkpt>
      <trkpt lat="45.950418" lon="6.342893">
        <ele>1710.5</ele>
      </trkpt>
      <trkpt lat="45.950397" lon="6.342894">
        <ele>1711.07</ele>
      </trkpt>
      <trkpt lat="45.950373" lon="6.342855">
        <ele>1710.72</ele>
      </trkpt>
      <trkpt lat="45.950321" lon="6.342856">
        <ele>1712.09</ele>
      </trkpt>
      <trkpt lat="45.950172" lon="6.342801">
        <ele>1714.2</ele>
      </trkpt>
      <trkpt lat="45.950066" lon="6.342795">
        <ele>1716.37</ele>
      </trkpt>
      <trkpt lat="45.950046" lon="6.342785">
        <ele>1716.44</ele>
      </trkpt>
      <trkpt lat="45.950017" lon="6.3428">
        <ele>1717.64</ele>
      </trkpt>
      <trkpt lat="45.949982" lon="6.342801">
        <ele>1718.46</ele>
      </trkpt>
      <trkpt lat="45.949855" lon="6.342758">
        <ele>1719.57</ele>
      </trkpt>
      <trkpt lat="45.949733" lon="6.342767">
        <ele>1722.59</ele>
      </trkpt>
      <trkpt lat="45.949708" lon="6.342759">
        <ele>1722.77</ele>
      </trkpt>
      <trkpt lat="45.949691" lon="6.342775">
        <ele>1723.85</ele>
      </trkpt>
      <trkpt lat="45.949666" lon="6.342781">
        <ele>1724.69</ele>
      </trkpt>
      <trkpt lat="45.94954" lon="6.342779">
        <ele>1727.35</ele>
      </trkpt>
      <trkpt lat="45.949514" lon="6.342794">
        <ele>1728.65</ele>
      </trkpt>
      <trkpt lat="45.949476" lon="6.342765">
        <ele>1728.04</ele>
      </trkpt>
      <trkpt lat="45.949353" lon="6.34273">
        <ele>1728.77</ele>
      </trkpt>
      <trkpt lat="45.949302" lon="6.342667">
        <ele>1726.66</ele>
      </trkpt>
      <trkpt lat="45.949206" lon="6.34264">
        <ele>1725.67</ele>
      </trkpt>
      <trkpt lat="45.949116" lon="6.342657">
        <ele>1726.5</ele>
      </trkpt>
      <trkpt lat="45.949024" lon="6.342734">
        <ele>1730.02</ele>
      </trkpt>
      <trkpt lat="45.948918" lon="6.342756">
        <ele>1731.76</ele>
      </trkpt>
      <trkpt lat="45.948844" lon="6.342794">
        <ele>1734.68</ele>
      </trkpt>
      <trkpt lat="45.948777" lon="6.342799">
        <ele>1735.27</ele>
      </trkpt>
      <trkpt lat="45.948641" lon="6.342835">
        <ele>1738.69</ele>
      </trkpt>
      <trkpt lat="45.948525" lon="6.3428">
        <ele>1736.36</ele>
      </trkpt>
      <trkpt lat="45.948457" lon="6.342767">
        <ele>1734.06</ele>
      </trkpt>
      <trkpt lat="45.948379" lon="6.342762">
        <ele>1734.63</ele>
      </trkpt>
      <trkpt lat="45.948332" lon="6.342748">
        <ele>1733.99</ele>
      </trkpt>
      <trkpt lat="45.948109" lon="6.342768">
        <ele>1738.51</ele>
      </trkpt>
      <trkpt lat="45.948092" lon="6.342748">
        <ele>1736.92</ele>
      </trkpt>
      <trkpt lat="45.948021" lon="6.342745">
        <ele>1737.56</ele>
      </trkpt>
      <trkpt lat="45.947998" lon="6.342731">
        <ele>1736.58</ele>
      </trkpt>
      <trkpt lat="45.947816" lon="6.342692">
        <ele>1736.63</ele>
      </trkpt>
      <trkpt lat="45.947672" lon="6.342625">
        <ele>1735.11</ele>
      </trkpt>
      <trkpt lat="45.947587" lon="6.342625">
        <ele>1736.6</ele>
      </trkpt>
      <trkpt lat="45.94752" lon="6.342655">
        <ele>1739.38</ele>
      </trkpt>
      <trkpt lat="45.947418" lon="6.342655">
        <ele>1741.34</ele>
      </trkpt>
      <trkpt lat="45.947359" lon="6.342665">
        <ele>1743.01</ele>
      </trkpt>
      <trkpt lat="45.947186" lon="6.342638">
        <ele>1744.95</ele>
      </trkpt>
      <trkpt lat="45.947117" lon="6.342618">
        <ele>1745.11</ele>
      </trkpt>
      <trkpt lat="45.947103" lon="6.342632">
        <ele>1746.21</ele>
      </trkpt>
      <trkpt lat="45.947073" lon="6.342621">
        <ele>1746.13</ele>
      </trkpt>
      <trkpt lat="45.946956" lon="6.342586">
        <ele>1746.33</ele>
      </trkpt>
      <trkpt lat="45.946837" lon="6.342527">
        <ele>1744.99</ele>
      </trkpt>
      <trkpt lat="45.946768" lon="6.342512">
        <ele>1745.65</ele>
      </trkpt>
      <trkpt lat="45.946693" lon="6.342477">
        <ele>1745.57</ele>
      </trkpt>
      <trkpt lat="45.946666" lon="6.342421">
        <ele>1743.22</ele>
      </trkpt>
      <trkpt lat="45.94661" lon="6.342388">
        <ele>1743</ele>
      </trkpt>
      <trkpt lat="45.946547" lon="6.342305">
        <ele>1740.58</ele>
      </trkpt>
      <trkpt lat="45.946474" lon="6.342248">
        <ele>1740.03</ele>
      </trkpt>
      <trkpt lat="45.946378" lon="6.342209">
        <ele>1741.45</ele>
      </trkpt>
      <trkpt lat="45.946365" lon="6.342181">
        <ele>1740.59</ele>
      </trkpt>
      <trkpt lat="45.946358" lon="6.342065">
        <ele>1735.61</ele>
      </trkpt>
      <trkpt lat="45.946341" lon="6.34203">
        <ele>1734.71</ele>
      </trkpt>
      <trkpt lat="45.946316" lon="6.342008">
        <ele>1734.73</ele>
      </trkpt>
      <trkpt lat="45.946281" lon="6.341998">
        <ele>1735.73</ele>
      </trkpt>
      <trkpt lat="45.946221" lon="6.341946">
        <ele>1736.06</ele>
      </trkpt>
      <trkpt lat="45.94618" lon="6.341959">
        <ele>1738.33</ele>
      </trkpt>
      <trkpt lat="45.946079" lon="6.341961">
        <ele>1742.66</ele>
      </trkpt>
      <trkpt lat="45.94595" lon="6.34193">
        <ele>1746.63</ele>
      </trkpt>
      <trkpt lat="45.945926" lon="6.341916">
        <ele>1746.95</ele>
      </trkpt>
      <trkpt lat="45.945907" lon="6.341924">
        <ele>1747.82</ele>
      </trkpt>
      <trkpt lat="45.945858" lon="6.34191">
        <ele>1748.98</ele>
      </trkpt>
      <trkpt lat="45.945845" lon="6.341934">
        <ele>1750.03</ele>
      </trkpt>
      <trkpt lat="45.945849" lon="6.341958">
        <ele>1750.53</ele>
      </trkpt>
      <trkpt lat="45.94588" lon="6.341993">
        <ele>1750.57</ele>
      </trkpt>
      <trkpt lat="45.945917" lon="6.342065">
        <ele>1751.66</ele>
      </trkpt>
      <trkpt lat="45.945985" lon="6.342157">
        <ele>1753.09</ele>
      </trkpt>
      <trkpt lat="45.946053" lon="6.342183">
        <ele>1751.65</ele>
      </trkpt>
      <trkpt lat="45.946127" lon="6.342281">
        <ele>1752.77</ele>
      </trkpt>
      <trkpt lat="45.946114" lon="6.342296">
        <ele>1753.78</ele>
      </trkpt>
      <trkpt lat="45.945962" lon="6.34231">
        <ele>1758.42</ele>
      </trkpt>
      <trkpt lat="45.945908" lon="6.342288">
        <ele>1758.48</ele>
      </trkpt>
      <trkpt lat="45.945962" lon="6.34231">
        <ele>1758.42</ele>
      </trkpt>
      <trkpt lat="45.946114" lon="6.342296">
        <ele>1753.78</ele>
      </trkpt>
      <trkpt lat="45.946127" lon="6.342281">
        <ele>1752.77</ele>
      </trkpt>
      <trkpt lat="45.946053" lon="6.342183">
        <ele>1751.65</ele>
      </trkpt>
      <trkpt lat="45.945985" lon="6.342157">
        <ele>1753.09</ele>
      </trkpt>
      <trkpt lat="45.945917" lon="6.342065">
        <ele>1751.66</ele>
      </trkpt>
      <trkpt lat="45.94588" lon="6.341993">
        <ele>1750.57</ele>
      </trkpt>
      <trkpt lat="45.945849" lon="6.341958">
        <ele>1750.53</ele>
      </trkpt>
      <trkpt lat="45.945845" lon="6.341934">
        <ele>1750.03</ele>
      </trkpt>
      <trkpt lat="45.945858" lon="6.34191">
        <ele>1748.98</ele>
      </trkpt>
      <trkpt lat="45.945907" lon="6.341924">
        <ele>1747.82</ele>
      </trkpt>
      <trkpt lat="45.945926" lon="6.341916">
        <ele>1746.95</ele>
      </trkpt>
      <trkpt lat="45.94595" lon="6.34193">
        <ele>1746.63</ele>
      </trkpt>
      <trkpt lat="45.946079" lon="6.341961">
        <ele>1742.66</ele>
      </trkpt>
      <trkpt lat="45.94618" lon="6.341959">
        <ele>1738.33</ele>
      </trkpt>
      <trkpt lat="45.946221" lon="6.341946">
        <ele>1736.06</ele>
      </trkpt>
      <trkpt lat="45.946281" lon="6.341998">
        <ele>1735.73</ele>
      </trkpt>
      <trkpt lat="45.946316" lon="6.342008">
        <ele>1734.73</ele>
      </trkpt>
      <trkpt lat="45.946341" lon="6.34203">
        <ele>1734.71</ele>
      </trkpt>
      <trkpt lat="45.946358" lon="6.342065">
        <ele>1735.61</ele>
      </trkpt>
      <trkpt lat="45.946365" lon="6.342181">
        <ele>1740.59</ele>
      </trkpt>
      <trkpt lat="45.946378" lon="6.342209">
        <ele>1741.45</ele>
      </trkpt>
      <trkpt lat="45.946474" lon="6.342248">
        <ele>1740.03</ele>
      </trkpt>
      <trkpt lat="45.946547" lon="6.342305">
        <ele>1740.58</ele>
      </trkpt>
      <trkpt lat="45.94661" lon="6.342388">
        <ele>1743</ele>
      </trkpt>
      <trkpt lat="45.946666" lon="6.342421">
        <ele>1743.22</ele>
      </trkpt>
      <trkpt lat="45.946693" lon="6.342477">
        <ele>1745.57</ele>
      </trkpt>
      <trkpt lat="45.946768" lon="6.342512">
        <ele>1745.65</ele>
      </trkpt>
      <trkpt lat="45.946837" lon="6.342527">
        <ele>1744.99</ele>
      </trkpt>
      <trkpt lat="45.946956" lon="6.342586">
        <ele>1746.33</ele>
      </trkpt>
      <trkpt lat="45.947073" lon="6.342621">
        <ele>1746.13</ele>
      </trkpt>
      <trkpt lat="45.947103" lon="6.342632">
        <ele>1746.21</ele>
      </trkpt>
      <trkpt lat="45.947117" lon="6.342618">
        <ele>1745.11</ele>
      </trkpt>
      <trkpt lat="45.947186" lon="6.342638">
        <ele>1744.95</ele>
      </trkpt>
      <trkpt lat="45.947359" lon="6.342665">
        <ele>1743.01</ele>
      </trkpt>
      <trkpt lat="45.947418" lon="6.342655">
        <ele>1741.34</ele>
      </trkpt>
      <trkpt lat="45.94752" lon="6.342655">
        <ele>1739.38</ele>
      </trkpt>
      <trkpt lat="45.947587" lon="6.342625">
        <ele>1736.6</ele>
      </trkpt>
      <trkpt lat="45.947672" lon="6.342625">
        <ele>1735.11</ele>
      </trkpt>
      <trkpt lat="45.947816" lon="6.342692">
        <ele>1736.63</ele>
      </trkpt>
      <trkpt lat="45.947998" lon="6.342731">
        <ele>1736.58</ele>
      </trkpt>
      <trkpt lat="45.948021" lon="6.342745">
        <ele>1737.56</ele>
      </trkpt>
      <trkpt lat="45.948092" lon="6.342748">
        <ele>1736.92</ele>
      </trkpt>
      <trkpt lat="45.948109" lon="6.342768">
        <ele>1738.51</ele>
      </trkpt>
      <trkpt lat="45.948332" lon="6.342748">
        <ele>1733.99</ele>
      </trkpt>
      <trkpt lat="45.948379" lon="6.342762">
        <ele>1734.63</ele>
      </trkpt>
      <trkpt lat="45.948457" lon="6.342767">
        <ele>1734.06</ele>
      </trkpt>
      <trkpt lat="45.948525" lon="6.3428">
        <ele>1736.36</ele>
      </trkpt>
      <trkpt lat="45.948641" lon="6.342835">
        <ele>1738.69</ele>
      </trkpt>
      <trkpt lat="45.948777" lon="6.342799">
        <ele>1735.27</ele>
      </trkpt>
      <trkpt lat="45.948844" lon="6.342794">
        <ele>1734.68</ele>
      </trkpt>
      <trkpt lat="45.948918" lon="6.342756">
        <ele>1731.76</ele>
      </trkpt>
      <trkpt lat="45.949024" lon="6.342734">
        <ele>1730.02</ele>
      </trkpt>
      <trkpt lat="45.949116" lon="6.342657">
        <ele>1726.5</ele>
      </trkpt>
      <trkpt lat="45.949206" lon="6.34264">
        <ele>1725.67</ele>
      </trkpt>
      <trkpt lat="45.949302" lon="6.342667">
        <ele>1726.66</ele>
      </trkpt>
      <trkpt lat="45.949353" lon="6.34273">
        <ele>1728.77</ele>
      </trkpt>
      <trkpt lat="45.949476" lon="6.342765">
        <ele>1728.04</ele>
      </trkpt>
      <trkpt lat="45.949514" lon="6.342794">
        <ele>1728.65</ele>
      </trkpt>
      <trkpt lat="45.94954" lon="6.342779">
        <ele>1727.35</ele>
      </trkpt>
      <trkpt lat="45.949666" lon="6.342781">
        <ele>1724.69</ele>
      </trkpt>
      <trkpt lat="45.949691" lon="6.342775">
        <ele>1723.85</ele>
      </trkpt>
      <trkpt lat="45.949708" lon="6.342759">
        <ele>1722.77</ele>
      </trkpt>
      <trkpt lat="45.949733" lon="6.342767">
        <ele>1722.59</ele>
      </trkpt>
      <trkpt lat="45.949855" lon="6.342758">
        <ele>1719.57</ele>
      </trkpt>
      <trkpt lat="45.949982" lon="6.342801">
        <ele>1718.46</ele>
      </trkpt>
      <trkpt lat="45.950017" lon="6.3428">
        <ele>1717.64</ele>
      </trkpt>
      <trkpt lat="45.950046" lon="6.342785">
        <ele>1716.44</ele>
      </trkpt>
      <trkpt lat="45.950066" lon="6.342795">
        <ele>1716.37</ele>
      </trkpt>
      <trkpt lat="45.950172" lon="6.342801">
        <ele>1714.2</ele>
      </trkpt>
      <trkpt lat="45.950321" lon="6.342856">
        <ele>1712.09</ele>
      </trkpt>
      <trkpt lat="45.950373" lon="6.342855">
        <ele>1710.72</ele>
      </trkpt>
      <trkpt lat="45.950397" lon="6.342894">
        <ele>1711.07</ele>
      </trkpt>
      <trkpt lat="45.950418" lon="6.342893">
        <ele>1710.5</ele>
      </trkpt>
      <trkpt lat="45.950437" lon="6.342913">
        <ele>1710.46</ele>
      </trkpt>
      <trkpt lat="45.950494" lon="6.342916">
        <ele>1708.94</ele>
      </trkpt>
      <trkpt lat="45.950514" lon="6.342889">
        <ele>1707.82</ele>
      </trkpt>
      <trkpt lat="45.950603" lon="6.342899">
        <ele>1705.62</ele>
      </trkpt>
      <trkpt lat="45.950616" lon="6.342913">
        <ele>1705.5</ele>
      </trkpt>
      <trkpt lat="45.950638" lon="6.342909">
        <ele>1704.83</ele>
      </trkpt>
      <trkpt lat="45.950673" lon="6.342928">
        <ele>1704.17</ele>
      </trkpt>
      <trkpt lat="45.950687" lon="6.34292">
        <ele>1703.64</ele>
      </trkpt>
      <trkpt lat="45.950771" lon="6.342929">
        <ele>1701.44</ele>
      </trkpt>
      <trkpt lat="45.950832" lon="6.342909">
        <ele>1699.5</ele>
      </trkpt>
      <trkpt lat="45.950853" lon="6.342878">
        <ele>1698.59</ele>
      </trkpt>
      <trkpt lat="45.950889" lon="6.342754">
        <ele>1696.5</ele>
      </trkpt>
      <trkpt lat="45.950898" lon="6.342663">
        <ele>1695.15</ele>
      </trkpt>
      <trkpt lat="45.95092" lon="6.342612">
        <ele>1693.99</ele>
      </trkpt>
      <trkpt lat="45.950949" lon="6.342594">
        <ele>1693.15</ele>
      </trkpt>
      <trkpt lat="45.951028" lon="6.342586">
        <ele>1691.63</ele>
      </trkpt>
      <trkpt lat="45.95112" lon="6.342543">
        <ele>1689.77</ele>
      </trkpt>
      <trkpt lat="45.951168" lon="6.342508">
        <ele>1688.75</ele>
      </trkpt>
      <trkpt lat="45.951327" lon="6.342327">
        <ele>1685.42</ele>
      </trkpt>
      <trkpt lat="45.951621" lon="6.342055">
        <ele>1682.33</ele>
      </trkpt>
      <trkpt lat="45.951645" lon="6.34205">
        <ele>1682.22</ele>
      </trkpt>
      <trkpt lat="45.95167" lon="6.342059">
        <ele>1682.1</ele>
      </trkpt>
      <trkpt lat="45.951737" lon="6.34211">
        <ele>1681.71</ele>
      </trkpt>
      <trkpt lat="45.951759" lon="6.342117">
        <ele>1681.57</ele>
      </trkpt>
      <trkpt lat="45.952" lon="6.342105">
        <ele>1680.71</ele>
      </trkpt>
      <trkpt lat="45.952078" lon="6.342122">
        <ele>1680.43</ele>
      </trkpt>
      <trkpt lat="45.952062" lon="6.342203">
        <ele>1680.24</ele>
      </trkpt>
      <trkpt lat="45.95207" lon="6.342256">
        <ele>1680.06</ele>
      </trkpt>
      <trkpt lat="45.952079" lon="6.342274">
        <ele>1679.99</ele>
      </trkpt>
      <trkpt lat="45.952191" lon="6.342372">
        <ele>1679.46</ele>
      </trkpt>
      <trkpt lat="45.952224" lon="6.342384">
        <ele>1679.35</ele>
      </trkpt>
      <trkpt lat="45.952352" lon="6.342392">
        <ele>1679.06</ele>
      </trkpt>
      <trkpt lat="45.952398" lon="6.34241">
        <ele>1678.92</ele>
      </trkpt>
      <trkpt lat="45.952843" lon="6.34269">
        <ele>1676.25</ele>
      </trkpt>
      <trkpt lat="45.952979" lon="6.342691">
        <ele>1674.93</ele>
      </trkpt>
      <trkpt lat="45.95313" lon="6.342899">
        <ele>1673.7</ele>
      </trkpt>
      <trkpt lat="45.95327" lon="6.343058">
        <ele>1673.63</ele>
      </trkpt>
      <trkpt lat="45.95337" lon="6.343832">
        <ele>1679.61</ele>
      </trkpt>
      <trkpt lat="45.953371" lon="6.3439">
        <ele>1680.29</ele>
      </trkpt>
      <trkpt lat="45.953345" lon="6.344124">
        <ele>1682.22</ele>
      </trkpt>
      <trkpt lat="45.953365" lon="6.34425">
        <ele>1683.75</ele>
      </trkpt>
      <trkpt lat="45.953385" lon="6.344302">
        <ele>1684.56</ele>
      </trkpt>
      <trkpt lat="45.953475" lon="6.344464">
        <ele>1688.16</ele>
      </trkpt>
      <trkpt lat="45.95352" lon="6.344574">
        <ele>1691.01</ele>
      </trkpt>
      <trkpt lat="45.953603" lon="6.34467">
        <ele>1694.41</ele>
      </trkpt>
      <trkpt lat="45.953625" lon="6.344754">
        <ele>1696.47</ele>
      </trkpt>
      <trkpt lat="45.95362" lon="6.344804">
        <ele>1697.37</ele>
      </trkpt>
      <trkpt lat="45.953573" lon="6.344937">
        <ele>1699.1</ele>
      </trkpt>
      <trkpt lat="45.953582" lon="6.345035">
        <ele>1701.21</ele>
      </trkpt>
      <trkpt lat="45.953566" lon="6.345135">
        <ele>1702.84</ele>
      </trkpt>
      <trkpt lat="45.953488" lon="6.345288">
        <ele>1704.6</ele>
      </trkpt>
      <trkpt lat="45.953469" lon="6.345336">
        <ele>1705.51</ele>
      </trkpt>
      <trkpt lat="45.953459" lon="6.345395">
        <ele>1706.89</ele>
      </trkpt>
      <trkpt lat="45.953466" lon="6.345435">
        <ele>1708.06</ele>
      </trkpt>
      <trkpt lat="45.95349" lon="6.345461">
        <ele>1709.21</ele>
      </trkpt>
      <trkpt lat="45.953551" lon="6.345501">
        <ele>1711.62</ele>
      </trkpt>
      <trkpt lat="45.953577" lon="6.345537">
        <ele>1713.16</ele>
      </trkpt>
      <trkpt lat="45.953583" lon="6.345575">
        <ele>1714.33</ele>
      </trkpt>
      <trkpt lat="45.953562" lon="6.345659">
        <ele>1716.07</ele>
      </trkpt>
      <trkpt lat="45.953561" lon="6.34571">
        <ele>1717.4</ele>
      </trkpt>
      <trkpt lat="45.953579" lon="6.345837">
        <ele>1721.21</ele>
      </trkpt>
      <trkpt lat="45.953583" lon="6.345919">
        <ele>1723.47</ele>
      </trkpt>
      <trkpt lat="45.953565" lon="6.345947">
        <ele>1723.8</ele>
      </trkpt>
      <trkpt lat="45.953486" lon="6.346014">
        <ele>1723.74</ele>
      </trkpt>
      <trkpt lat="45.953434" lon="6.346107">
        <ele>1725.4</ele>
      </trkpt>
      <trkpt lat="45.953407" lon="6.346131">
        <ele>1725.69</ele>
      </trkpt>
      <trkpt lat="45.95334" lon="6.346122">
        <ele>1724.35</ele>
      </trkpt>
      <trkpt lat="45.953278" lon="6.346172">
        <ele>1725.09</ele>
      </trkpt>
      <trkpt lat="45.953136" lon="6.346344">
        <ele>1729.87</ele>
      </trkpt>
      <trkpt lat="45.953122" lon="6.346436">
        <ele>1733.43</ele>
      </trkpt>
      <trkpt lat="45.953129" lon="6.34651">
        <ele>1736.36</ele>
      </trkpt>
      <trkpt lat="45.953143" lon="6.346535">
        <ele>1737.42</ele>
      </trkpt>
      <trkpt lat="45.953347" lon="6.346582">
        <ele>1739.38</ele>
      </trkpt>
      <trkpt lat="45.953383" lon="6.346602">
        <ele>1740.03</ele>
      </trkpt>
      <trkpt lat="45.953428" lon="6.346635">
        <ele>1740.99</ele>
      </trkpt>
      <trkpt lat="45.953516" lon="6.346752">
        <ele>1744.56</ele>
      </trkpt>
      <trkpt lat="45.953542" lon="6.346776">
        <ele>1745.65</ele>
      </trkpt>
      <trkpt lat="45.953609" lon="6.346807">
        <ele>1747.6</ele>
      </trkpt>
      <trkpt lat="45.953668" lon="6.346877">
        <ele>1750.36</ele>
      </trkpt>
      <trkpt lat="45.953701" lon="6.346904">
        <ele>1751.75</ele>
      </trkpt>
      <trkpt lat="45.953743" lon="6.346912">
        <ele>1752.68</ele>
      </trkpt>
      <trkpt lat="45.953792" lon="6.346907">
        <ele>1753.24</ele>
      </trkpt>
      <trkpt lat="45.953844" lon="6.346879">
        <ele>1753.18</ele>
      </trkpt>
      <trkpt lat="45.953884" lon="6.346843">
        <ele>1752.98</ele>
      </trkpt>
      <trkpt lat="45.953973" lon="6.346694">
        <ele>1751.01</ele>
      </trkpt>
      <trkpt lat="45.954148" lon="6.346539">
        <ele>1750.83</ele>
      </trkpt>
      <trkpt lat="45.954265" lon="6.346503">
        <ele>1752.36</ele>
      </trkpt>
      <trkpt lat="45.95463" lon="6.346678">
        <ele>1763.94</ele>
      </trkpt>
      <trkpt lat="45.954724" lon="6.346764">
        <ele>1767.51</ele>
      </trkpt>
      <trkpt lat="45.954802" lon="6.346857">
        <ele>1770.74</ele>
      </trkpt>
      <trkpt lat="45.954832" lon="6.346917">
        <ele>1772.33</ele>
      </trkpt>
      <trkpt lat="45.954882" lon="6.347058">
        <ele>1775.47</ele>
      </trkpt>
      <trkpt lat="45.95492" lon="6.347279">
        <ele>1779.23</ele>
      </trkpt>
      <trkpt lat="45.95496" lon="6.347693">
        <ele>1785.11</ele>
      </trkpt>
      <trkpt lat="45.955011" lon="6.347894">
        <ele>1786.06</ele>
      </trkpt>
      <trkpt lat="45.955043" lon="6.347963">
        <ele>1786.25</ele>
      </trkpt>
      <trkpt lat="45.955085" lon="6.348022">
        <ele>1786.37</ele>
      </trkpt>
      <trkpt lat="45.955247" lon="6.348141">
        <ele>1786.97</ele>
      </trkpt>
      <trkpt lat="45.95604" lon="6.348489">
        <ele>1793.09</ele>
      </trkpt>
      <trkpt lat="45.956104" lon="6.348528">
        <ele>1792.91</ele>
      </trkpt>
      <trkpt lat="45.956215" lon="6.348622">
        <ele>1791.88</ele>
      </trkpt>
      <trkpt lat="45.956331" lon="6.348794">
        <ele>1790.11</ele>
      </trkpt>
      <trkpt lat="45.956371" lon="6.348879">
        <ele>1789.53</ele>
      </trkpt>
      <trkpt lat="45.95642" lon="6.349022">
        <ele>1788.78</ele>
      </trkpt>
      <trkpt lat="45.956449" lon="6.349078">
        <ele>1788.58</ele>
      </trkpt>
      <trkpt lat="45.956726" lon="6.349536">
        <ele>1787.68</ele>
      </trkpt>
      <trkpt lat="45.95679" lon="6.34966">
        <ele>1786.82</ele>
      </trkpt>
      <trkpt lat="45.95687" lon="6.349889">
        <ele>1784.5</ele>
      </trkpt>
      <trkpt lat="45.956937" lon="6.35013">
        <ele>1782.51</ele>
      </trkpt>
      <trkpt lat="45.956996" lon="6.350453">
        <ele>1780.96</ele>
      </trkpt>
      <trkpt lat="45.957046" lon="6.350623">
        <ele>1780.45</ele>
      </trkpt>
      <trkpt lat="45.957082" lon="6.350696">
        <ele>1780.36</ele>
      </trkpt>
      <trkpt lat="45.957232" lon="6.350884">
        <ele>1780.74</ele>
      </trkpt>
      <trkpt lat="45.957268" lon="6.350942">
        <ele>1780.79</ele>
      </trkpt>
      <trkpt lat="45.957349" lon="6.35114">
        <ele>1780.63</ele>
      </trkpt>
      <trkpt lat="45.957382" lon="6.351203">
        <ele>1780.64</ele>
      </trkpt>
      <trkpt lat="45.957478" lon="6.351306">
        <ele>1780.97</ele>
      </trkpt>
      <trkpt lat="45.957513" lon="6.351359">
        <ele>1780.98</ele>
      </trkpt>
      <trkpt lat="45.957641" lon="6.351678">
        <ele>1780.16</ele>
      </trkpt>
      <trkpt lat="45.957687" lon="6.351834">
        <ele>1778.92</ele>
      </trkpt>
      <trkpt lat="45.957724" lon="6.352004">
        <ele>1777.86</ele>
      </trkpt>
      <trkpt lat="45.957731" lon="6.35207">
        <ele>1777.67</ele>
      </trkpt>
      <trkpt lat="45.95773" lon="6.352136">
        <ele>1777.6</ele>
      </trkpt>
      <trkpt lat="45.957685" lon="6.352409">
        <ele>1777.99</ele>
      </trkpt>
      <trkpt lat="45.95768" lon="6.352485">
        <ele>1777.97</ele>
      </trkpt>
      <trkpt lat="45.957698" lon="6.352849">
        <ele>1777.25</ele>
      </trkpt>
      <trkpt lat="45.957716" lon="6.352953">
        <ele>1776.87</ele>
      </trkpt>
      <trkpt lat="45.958035" lon="6.354386">
        <ele>1770.85</ele>
      </trkpt>
      <trkpt lat="45.95843" lon="6.355405">
        <ele>1771.63</ele>
      </trkpt>
      <trkpt lat="45.958478" lon="6.355571">
        <ele>1772.2</ele>
      </trkpt>
      <trkpt lat="45.958502" lon="6.355858">
        <ele>1772.74</ele>
      </trkpt>
      <trkpt lat="45.958577" lon="6.356489">
        <ele>1770.87</ele>
      </trkpt>
      <trkpt lat="45.958758" lon="6.357246">
        <ele>1768.03</ele>
      </trkpt>
      <trkpt lat="45.959857" lon="6.359136">
        <ele>1760.09</ele>
      </trkpt>
      <trkpt lat="45.959831" lon="6.359198">
        <ele>1760.04</ele>
      </trkpt>
      <trkpt lat="45.95957" lon="6.359098">
        <ele>1762.01</ele>
      </trkpt>
      <trkpt lat="45.959313" lon="6.359431">
        <ele>1758.5</ele>
      </trkpt>
      <trkpt lat="45.959305" lon="6.359425">
        <ele>1758.44</ele>
      </trkpt>
      <trkpt lat="45.959313" lon="6.359431">
        <ele>1758.5</ele>
      </trkpt>
      <trkpt lat="45.95957" lon="6.359098">
        <ele>1762.01</ele>
      </trkpt>
      <trkpt lat="45.959831" lon="6.359198">
        <ele>1760.04</ele>
      </trkpt>
      <trkpt lat="45.959857" lon="6.359136">
        <ele>1760.09</ele>
      </trkpt>
      <trkpt lat="45.958758" lon="6.357246">
        <ele>1768.03</ele>
      </trkpt>
      <trkpt lat="45.958577" lon="6.356489">
        <ele>1770.87</ele>
      </trkpt>
      <trkpt lat="45.958502" lon="6.355858">
        <ele>1772.74</ele>
      </trkpt>
      <trkpt lat="45.958478" lon="6.355571">
        <ele>1772.2</ele>
      </trkpt>
      <trkpt lat="45.95843" lon="6.355405">
        <ele>1771.63</ele>
      </trkpt>
      <trkpt lat="45.958035" lon="6.354386">
        <ele>1770.85</ele>
      </trkpt>
      <trkpt lat="45.957716" lon="6.352953">
        <ele>1776.87</ele>
      </trkpt>
      <trkpt lat="45.957698" lon="6.352849">
        <ele>1777.25</ele>
      </trkpt>
      <trkpt lat="45.95768" lon="6.352485">
        <ele>1777.97</ele>
      </trkpt>
      <trkpt lat="45.957685" lon="6.352409">
        <ele>1777.99</ele>
      </trkpt>
      <trkpt lat="45.95773" lon="6.352136">
        <ele>1777.6</ele>
      </trkpt>
      <trkpt lat="45.957731" lon="6.35207">
        <ele>1777.67</ele>
      </trkpt>
      <trkpt lat="45.957724" lon="6.352004">
        <ele>1777.86</ele>
      </trkpt>
      <trkpt lat="45.957687" lon="6.351834">
        <ele>1778.92</ele>
      </trkpt>
      <trkpt lat="45.957641" lon="6.351678">
        <ele>1780.16</ele>
      </trkpt>
      <trkpt lat="45.957513" lon="6.351359">
        <ele>1780.98</ele>
      </trkpt>
      <trkpt lat="45.957478" lon="6.351306">
        <ele>1780.97</ele>
      </trkpt>
      <trkpt lat="45.957382" lon="6.351203">
        <ele>1780.64</ele>
      </trkpt>
      <trkpt lat="45.957349" lon="6.35114">
        <ele>1780.63</ele>
      </trkpt>
      <trkpt lat="45.957268" lon="6.350942">
        <ele>1780.79</ele>
      </trkpt>
      <trkpt lat="45.957232" lon="6.350884">
        <ele>1780.74</ele>
      </trkpt>
      <trkpt lat="45.957082" lon="6.350696">
        <ele>1780.36</ele>
      </trkpt>
      <trkpt lat="45.957046" lon="6.350623">
        <ele>1780.45</ele>
      </trkpt>
      <trkpt lat="45.956996" lon="6.350453">
        <ele>1780.96</ele>
      </trkpt>
      <trkpt lat="45.956937" lon="6.35013">
        <ele>1782.51</ele>
      </trkpt>
      <trkpt lat="45.95687" lon="6.349889">
        <ele>1784.5</ele>
      </trkpt>
      <trkpt lat="45.95679" lon="6.34966">
        <ele>1786.82</ele>
      </trkpt>
      <trkpt lat="45.956726" lon="6.349536">
        <ele>1787.68</ele>
      </trkpt>
      <trkpt lat="45.956449" lon="6.349078">
        <ele>1788.58</ele>
      </trkpt>
      <trkpt lat="45.95642" lon="6.349022">
        <ele>1788.78</ele>
      </trkpt>
      <trkpt lat="45.956371" lon="6.348879">
        <ele>1789.53</ele>
      </trkpt>
      <trkpt lat="45.956331" lon="6.348794">
        <ele>1790.11</ele>
      </trkpt>
      <trkpt lat="45.956215" lon="6.348622">
        <ele>1791.88</ele>
      </trkpt>
      <trkpt lat="45.956104" lon="6.348528">
        <ele>1792.91</ele>
      </trkpt>
      <trkpt lat="45.95604" lon="6.348489">
        <ele>1793.09</ele>
      </trkpt>
      <trkpt lat="45.955247" lon="6.348141">
        <ele>1786.97</ele>
      </trkpt>
      <trkpt lat="45.955085" lon="6.348022">
        <ele>1786.37</ele>
      </trkpt>
      <trkpt lat="45.955043" lon="6.347963">
        <ele>1786.25</ele>
      </trkpt>
      <trkpt lat="45.955011" lon="6.347894">
        <ele>1786.06</ele>
      </trkpt>
      <trkpt lat="45.95496" lon="6.347693">
        <ele>1785.11</ele>
      </trkpt>
      <trkpt lat="45.95492" lon="6.347279">
        <ele>1779.23</ele>
      </trkpt>
      <trkpt lat="45.954882" lon="6.347058">
        <ele>1775.47</ele>
      </trkpt>
      <trkpt lat="45.954832" lon="6.346917">
        <ele>1772.33</ele>
      </trkpt>
      <trkpt lat="45.954802" lon="6.346857">
        <ele>1770.74</ele>
      </trkpt>
      <trkpt lat="45.954724" lon="6.346764">
        <ele>1767.51</ele>
      </trkpt>
      <trkpt lat="45.95463" lon="6.346678">
        <ele>1763.94</ele>
      </trkpt>
      <trkpt lat="45.954265" lon="6.346503">
        <ele>1752.36</ele>
      </trkpt>
      <trkpt lat="45.954148" lon="6.346539">
        <ele>1750.83</ele>
      </trkpt>
      <trkpt lat="45.953973" lon="6.346694">
        <ele>1751.01</ele>
      </trkpt>
      <trkpt lat="45.953884" lon="6.346843">
        <ele>1752.98</ele>
      </trkpt>
      <trkpt lat="45.953844" lon="6.346879">
        <ele>1753.18</ele>
      </trkpt>
      <trkpt lat="45.953792" lon="6.346907">
        <ele>1753.24</ele>
      </trkpt>
      <trkpt lat="45.953743" lon="6.346912">
        <ele>1752.68</ele>
      </trkpt>
      <trkpt lat="45.953701" lon="6.346904">
        <ele>1751.75</ele>
      </trkpt>
      <trkpt lat="45.953668" lon="6.346877">
        <ele>1750.36</ele>
      </trkpt>
      <trkpt lat="45.953609" lon="6.346807">
        <ele>1747.6</ele>
      </trkpt>
      <trkpt lat="45.953542" lon="6.346776">
        <ele>1745.65</ele>
      </trkpt>
      <trkpt lat="45.953516" lon="6.346752">
        <ele>1744.56</ele>
      </trkpt>
      <trkpt lat="45.953428" lon="6.346635">
        <ele>1740.99</ele>
      </trkpt>
      <trkpt lat="45.953383" lon="6.346602">
        <ele>1740.03</ele>
      </trkpt>
      <trkpt lat="45.953347" lon="6.346582">
        <ele>1739.38</ele>
      </trkpt>
      <trkpt lat="45.953175" lon="6.346548">
        <ele>1737.97</ele>
      </trkpt>
      <trkpt lat="45.953143" lon="6.346535">
        <ele>1737.42</ele>
      </trkpt>
      <trkpt lat="45.953129" lon="6.34651">
        <ele>1736.36</ele>
      </trkpt>
      <trkpt lat="45.953122" lon="6.346436">
        <ele>1733.43</ele>
      </trkpt>
      <trkpt lat="45.953136" lon="6.346344">
        <ele>1729.87</ele>
      </trkpt>
      <trkpt lat="45.953278" lon="6.346172">
        <ele>1725.09</ele>
      </trkpt>
      <trkpt lat="45.95334" lon="6.346122">
        <ele>1724.35</ele>
      </trkpt>
      <trkpt lat="45.953407" lon="6.346131">
        <ele>1725.69</ele>
      </trkpt>
      <trkpt lat="45.953434" lon="6.346107">
        <ele>1725.4</ele>
      </trkpt>
      <trkpt lat="45.953486" lon="6.346014">
        <ele>1723.74</ele>
      </trkpt>
      <trkpt lat="45.953565" lon="6.345947">
        <ele>1723.8</ele>
      </trkpt>
      <trkpt lat="45.953583" lon="6.345919">
        <ele>1723.47</ele>
      </trkpt>
      <trkpt lat="45.953585" lon="6.34588">
        <ele>1722.49</ele>
      </trkpt>
      <trkpt lat="45.953561" lon="6.34571">
        <ele>1717.4</ele>
      </trkpt>
      <trkpt lat="45.953562" lon="6.345659">
        <ele>1716.07</ele>
      </trkpt>
      <trkpt lat="45.953583" lon="6.345575">
        <ele>1714.33</ele>
      </trkpt>
      <trkpt lat="45.953577" lon="6.345537">
        <ele>1713.16</ele>
      </trkpt>
      <trkpt lat="45.953551" lon="6.345501">
        <ele>1711.62</ele>
      </trkpt>
      <trkpt lat="45.95349" lon="6.345461">
        <ele>1709.21</ele>
      </trkpt>
      <trkpt lat="45.953466" lon="6.345435">
        <ele>1708.06</ele>
      </trkpt>
      <trkpt lat="45.953459" lon="6.345395">
        <ele>1706.89</ele>
      </trkpt>
      <trkpt lat="45.953469" lon="6.345336">
        <ele>1705.51</ele>
      </trkpt>
      <trkpt lat="45.953488" lon="6.345288">
        <ele>1704.6</ele>
      </trkpt>
      <trkpt lat="45.953566" lon="6.345135">
        <ele>1702.84</ele>
      </trkpt>
      <trkpt lat="45.953582" lon="6.345035">
        <ele>1701.21</ele>
      </trkpt>
      <trkpt lat="45.953573" lon="6.344937">
        <ele>1699.1</ele>
      </trkpt>
      <trkpt lat="45.95362" lon="6.344804">
        <ele>1697.37</ele>
      </trkpt>
      <trkpt lat="45.953625" lon="6.344754">
        <ele>1696.47</ele>
      </trkpt>
      <trkpt lat="45.953603" lon="6.34467">
        <ele>1694.41</ele>
      </trkpt>
      <trkpt lat="45.95352" lon="6.344574">
        <ele>1691.01</ele>
      </trkpt>
      <trkpt lat="45.953475" lon="6.344464">
        <ele>1688.16</ele>
      </trkpt>
      <trkpt lat="45.953385" lon="6.344302">
        <ele>1684.56</ele>
      </trkpt>
      <trkpt lat="45.953365" lon="6.34425">
        <ele>1683.75</ele>
      </trkpt>
      <trkpt lat="45.953345" lon="6.344124">
        <ele>1682.22</ele>
      </trkpt>
      <trkpt lat="45.953371" lon="6.3439">
        <ele>1680.29</ele>
      </trkpt>
      <trkpt lat="45.95337" lon="6.343832">
        <ele>1679.61</ele>
      </trkpt>
      <trkpt lat="45.95327" lon="6.343058">
        <ele>1673.63</ele>
      </trkpt>
      <trkpt lat="45.95313" lon="6.342899">
        <ele>1673.7</ele>
      </trkpt>
      <trkpt lat="45.953253" lon="6.342604">
        <ele>1672.24</ele>
      </trkpt>
      <trkpt lat="45.953284" lon="6.342571">
        <ele>1671.9</ele>
      </trkpt>
      <trkpt lat="45.953404" lon="6.342549">
        <ele>1670.68</ele>
      </trkpt>
      <trkpt lat="45.953469" lon="6.342341">
        <ele>1669.79</ele>
      </trkpt>
      <trkpt lat="45.953662" lon="6.342105">
        <ele>1665.81</ele>
      </trkpt>
      <trkpt lat="45.953679" lon="6.34182">
        <ele>1664.26</ele>
      </trkpt>
      <trkpt lat="45.953748" lon="6.341453">
        <ele>1661.17</ele>
      </trkpt>
      <trkpt lat="45.953901" lon="6.341233">
        <ele>1656.07</ele>
      </trkpt>
      <trkpt lat="45.954171" lon="6.341033">
        <ele>1647.15</ele>
      </trkpt>
      <trkpt lat="45.954361" lon="6.340762">
        <ele>1637.67</ele>
      </trkpt>
      <trkpt lat="45.954451" lon="6.340453">
        <ele>1629.95</ele>
      </trkpt>
      <trkpt lat="45.95451" lon="6.34017">
        <ele>1623.17</ele>
      </trkpt>
      <trkpt lat="45.954634" lon="6.339768">
        <ele>1611.14</ele>
      </trkpt>
      <trkpt lat="45.954752" lon="6.339655">
        <ele>1604.55</ele>
      </trkpt>
      <trkpt lat="45.954798" lon="6.339689">
        <ele>1603.46</ele>
      </trkpt>
      <trkpt lat="45.955067" lon="6.339376">
        <ele>1587.19</ele>
      </trkpt>
      <trkpt lat="45.955044" lon="6.339255">
        <ele>1585.05</ele>
      </trkpt>
      <trkpt lat="45.955184" lon="6.339094">
        <ele>1575.67</ele>
      </trkpt>
      <trkpt lat="45.955173" lon="6.338951">
        <ele>1572.48</ele>
      </trkpt>
      <trkpt lat="45.955075" lon="6.338695">
        <ele>1569.81</ele>
      </trkpt>
      <trkpt lat="45.95506" lon="6.338498">
        <ele>1565.97</ele>
      </trkpt>
      <trkpt lat="45.955212" lon="6.338434">
        <ele>1559.68</ele>
      </trkpt>
      <trkpt lat="45.955281" lon="6.338333">
        <ele>1556.35</ele>
      </trkpt>
      <trkpt lat="45.955292" lon="6.338182">
        <ele>1553.86</ele>
      </trkpt>
      <trkpt lat="45.95533" lon="6.337992">
        <ele>1550.19</ele>
      </trkpt>
      <trkpt lat="45.955408" lon="6.337858">
        <ele>1546.49</ele>
      </trkpt>
      <trkpt lat="45.955484" lon="6.337723">
        <ele>1542.99</ele>
      </trkpt>
      <trkpt lat="45.95547" lon="6.337446">
        <ele>1539.46</ele>
      </trkpt>
      <trkpt lat="45.955521" lon="6.337138">
        <ele>1534.62</ele>
      </trkpt>
      <trkpt lat="45.955544" lon="6.33708">
        <ele>1533.62</ele>
      </trkpt>
      <trkpt lat="45.955608" lon="6.33683">
        <ele>1530.67</ele>
      </trkpt>
      <trkpt lat="45.955647" lon="6.336742">
        <ele>1530.24</ele>
      </trkpt>
      <trkpt lat="45.955786" lon="6.336559">
        <ele>1528.99</ele>
      </trkpt>
      <trkpt lat="45.955881" lon="6.336411">
        <ele>1528.15</ele>
      </trkpt>
      <trkpt lat="45.955958" lon="6.336211">
        <ele>1527.4</ele>
      </trkpt>
      <trkpt lat="45.955977" lon="6.336132">
        <ele>1527.19</ele>
      </trkpt>
      <trkpt lat="45.955985" lon="6.336056">
        <ele>1527.04</ele>
      </trkpt>
      <trkpt lat="45.955992" lon="6.335772">
        <ele>1526.32</ele>
      </trkpt>
      <trkpt lat="45.956344" lon="6.335512">
        <ele>1522.6</ele>
      </trkpt>
      <trkpt lat="45.956442" lon="6.335404">
        <ele>1521.54</ele>
      </trkpt>
      <trkpt lat="45.956688" lon="6.335092">
        <ele>1519.11</ele>
      </trkpt>
      <trkpt lat="45.957284" lon="6.334499">
        <ele>1513.28</ele>
      </trkpt>
      <trkpt lat="45.957738" lon="6.334108">
        <ele>1510.53</ele>
      </trkpt>
      <trkpt lat="45.957961" lon="6.333959">
        <ele>1507.07</ele>
      </trkpt>
      <trkpt lat="45.958062" lon="6.333934">
        <ele>1504.96</ele>
      </trkpt>
      <trkpt lat="45.958084" lon="6.333908">
        <ele>1504.56</ele>
      </trkpt>
      <trkpt lat="45.958097" lon="6.333867">
        <ele>1504.39</ele>
      </trkpt>
      <trkpt lat="45.958091" lon="6.333821">
        <ele>1504.7</ele>
      </trkpt>
      <trkpt lat="45.958068" lon="6.333773">
        <ele>1505.42</ele>
      </trkpt>
      <trkpt lat="45.958087" lon="6.333745">
        <ele>1505.04</ele>
      </trkpt>
      <trkpt lat="45.958114" lon="6.333725">
        <ele>1504.43</ele>
      </trkpt>
      <trkpt lat="45.958101" lon="6.3337">
        <ele>1504.84</ele>
      </trkpt>
      <trkpt lat="45.958121" lon="6.33366">
        <ele>1504.41</ele>
      </trkpt>
      <trkpt lat="45.958313" lon="6.333516">
        <ele>1499.12</ele>
      </trkpt>
      <trkpt lat="45.958624" lon="6.33324">
        <ele>1490.36</ele>
      </trkpt>
      <trkpt lat="45.958681" lon="6.333219">
        <ele>1488.92</ele>
      </trkpt>
      <trkpt lat="45.958726" lon="6.333216">
        <ele>1487.77</ele>
      </trkpt>
      <trkpt lat="45.958767" lon="6.333275">
        <ele>1486.88</ele>
      </trkpt>
      <trkpt lat="45.95884" lon="6.333275">
        <ele>1485.06</ele>
      </trkpt>
      <trkpt lat="45.958921" lon="6.333193">
        <ele>1482.86</ele>
      </trkpt>
      <trkpt lat="45.958945" lon="6.332832">
        <ele>1481.34</ele>
      </trkpt>
      <trkpt lat="45.95905" lon="6.33268">
        <ele>1478.16</ele>
      </trkpt>
      <trkpt lat="45.959123" lon="6.332517">
        <ele>1475.82</ele>
      </trkpt>
      <trkpt lat="45.959213" lon="6.332411">
        <ele>1473.38</ele>
      </trkpt>
      <trkpt lat="45.959657" lon="6.331974">
        <ele>1464.95</ele>
      </trkpt>
      <trkpt lat="45.959771" lon="6.331896">
        <ele>1463.07</ele>
      </trkpt>
      <trkpt lat="45.959907" lon="6.331822">
        <ele>1460.58</ele>
      </trkpt>
      <trkpt lat="45.960046" lon="6.331768">
        <ele>1458.07</ele>
      </trkpt>
      <trkpt lat="45.960348" lon="6.33168">
        <ele>1455.01</ele>
      </trkpt>
      <trkpt lat="45.960399" lon="6.331653">
        <ele>1454.57</ele>
      </trkpt>
      <trkpt lat="45.96045" lon="6.331609">
        <ele>1453.92</ele>
      </trkpt>
      <trkpt lat="45.960494" lon="6.331548">
        <ele>1453.09</ele>
      </trkpt>
      <trkpt lat="45.96052" lon="6.331491">
        <ele>1452.33</ele>
      </trkpt>
      <trkpt lat="45.960612" lon="6.331118">
        <ele>1447.32</ele>
      </trkpt>
      <trkpt lat="45.960641" lon="6.331054">
        <ele>1446.22</ele>
      </trkpt>
      <trkpt lat="45.960684" lon="6.33099">
        <ele>1445.27</ele>
      </trkpt>
      <trkpt lat="45.960818" lon="6.330877">
        <ele>1442.67</ele>
      </trkpt>
      <trkpt lat="45.96087" lon="6.330843">
        <ele>1441.67</ele>
      </trkpt>
      <trkpt lat="45.961054" lon="6.330767">
        <ele>1439.04</ele>
      </trkpt>
      <trkpt lat="45.961117" lon="6.33069">
        <ele>1438.02</ele>
      </trkpt>
      <trkpt lat="45.961157" lon="6.3306">
        <ele>1436.9</ele>
      </trkpt>
      <trkpt lat="45.961286" lon="6.330557">
        <ele>1435.82</ele>
      </trkpt>
      <trkpt lat="45.961423" lon="6.33046">
        <ele>1433.94</ele>
      </trkpt>
      <trkpt lat="45.96149" lon="6.33029">
        <ele>1431.32</ele>
      </trkpt>
      <trkpt lat="45.962" lon="6.329973">
        <ele>1423.05</ele>
      </trkpt>
      <trkpt lat="45.962135" lon="6.330003">
        <ele>1422.94</ele>
      </trkpt>
      <trkpt lat="45.962286" lon="6.330116">
        <ele>1424.1</ele>
      </trkpt>
      <trkpt lat="45.962455" lon="6.33011">
        <ele>1423.21</ele>
      </trkpt>
      <trkpt lat="45.962647" lon="6.33015">
        <ele>1422.94</ele>
      </trkpt>
      <trkpt lat="45.962861" lon="6.330313">
        <ele>1424.32</ele>
      </trkpt>
      <trkpt lat="45.963021" lon="6.330534">
        <ele>1426.84</ele>
      </trkpt>
      <trkpt lat="45.963121" lon="6.330764">
        <ele>1429.52</ele>
      </trkpt>
      <trkpt lat="45.963262" lon="6.330987">
        <ele>1430.9</ele>
      </trkpt>
      <trkpt lat="45.963378" lon="6.331111">
        <ele>1431.1</ele>
      </trkpt>
      <trkpt lat="45.963496" lon="6.331411">
        <ele>1435.65</ele>
      </trkpt>
      <trkpt lat="45.963615" lon="6.331648">
        <ele>1438.1</ele>
      </trkpt>
      <trkpt lat="45.963687" lon="6.331815">
        <ele>1439.4</ele>
      </trkpt>
      <trkpt lat="45.963782" lon="6.331975">
        <ele>1439.1</ele>
      </trkpt>
      <trkpt lat="45.963943" lon="6.332045">
        <ele>1435.48</ele>
      </trkpt>
      <trkpt lat="45.963987" lon="6.332279">
        <ele>1437.07</ele>
      </trkpt>
      <trkpt lat="45.96401" lon="6.332364">
        <ele>1437.46</ele>
      </trkpt>
      <trkpt lat="45.96415" lon="6.332763">
        <ele>1438.04</ele>
      </trkpt>
      <trkpt lat="45.964168" lon="6.332828">
        <ele>1437.78</ele>
      </trkpt>
      <trkpt lat="45.964176" lon="6.332894">
        <ele>1437.82</ele>
      </trkpt>
      <trkpt lat="45.964164" lon="6.33302">
        <ele>1438.58</ele>
      </trkpt>
      <trkpt lat="45.964148" lon="6.333083">
        <ele>1439.22</ele>
      </trkpt>
      <trkpt lat="45.963916" lon="6.333634">
        <ele>1445.61</ele>
      </trkpt>
      <trkpt lat="45.963878" lon="6.33381">
        <ele>1445.7</ele>
      </trkpt>
      <trkpt lat="45.963869" lon="6.334318">
        <ele>1443.8</ele>
      </trkpt>
      <trkpt lat="45.96388" lon="6.334513">
        <ele>1443.29</ele>
      </trkpt>
      <trkpt lat="45.963901" lon="6.334643">
        <ele>1442.96</ele>
      </trkpt>
      <trkpt lat="45.963999" lon="6.334652">
        <ele>1441.81</ele>
      </trkpt>
      <trkpt lat="45.964157" lon="6.334741">
        <ele>1439.96</ele>
      </trkpt>
      <trkpt lat="45.964439" lon="6.33502">
        <ele>1437.19</ele>
      </trkpt>
      <trkpt lat="45.964671" lon="6.335303">
        <ele>1435.43</ele>
      </trkpt>
      <trkpt lat="45.964826" lon="6.335555">
        <ele>1434.01</ele>
      </trkpt>
      <trkpt lat="45.965104" lon="6.335962">
        <ele>1431.52</ele>
      </trkpt>
      <trkpt lat="45.965281" lon="6.336192">
        <ele>1429.36</ele>
      </trkpt>
      <trkpt lat="45.965399" lon="6.336369">
        <ele>1427.59</ele>
      </trkpt>
      <trkpt lat="45.965645" lon="6.336786">
        <ele>1423.73</ele>
      </trkpt>
      <trkpt lat="45.965865" lon="6.337081">
        <ele>1420.82</ele>
      </trkpt>
      <trkpt lat="45.965955" lon="6.337239">
        <ele>1419.56</ele>
      </trkpt>
      <trkpt lat="45.96638" lon="6.337802">
        <ele>1416.57</ele>
      </trkpt>
      <trkpt lat="45.966513" lon="6.337958">
        <ele>1415.96</ele>
      </trkpt>
      <trkpt lat="45.966784" lon="6.338354">
        <ele>1414.44</ele>
      </trkpt>
      <trkpt lat="45.967084" lon="6.338881">
        <ele>1412.04</ele>
      </trkpt>
      <trkpt lat="45.967209" lon="6.339165">
        <ele>1411.25</ele>
      </trkpt>
      <trkpt lat="45.967267" lon="6.339264">
        <ele>1411.01</ele>
      </trkpt>
      <trkpt lat="45.967318" lon="6.339345">
        <ele>1410.84</ele>
      </trkpt>
      <trkpt lat="45.967374" lon="6.339395">
        <ele>1410.68</ele>
      </trkpt>
      <trkpt lat="45.967627" lon="6.339485">
        <ele>1410.06</ele>
      </trkpt>
      <trkpt lat="45.967667" lon="6.339507">
        <ele>1409.95</ele>
      </trkpt>
      <trkpt lat="45.967798" lon="6.339639">
        <ele>1408.91</ele>
      </trkpt>
      <trkpt lat="45.96784" lon="6.339697">
        <ele>1408.58</ele>
      </trkpt>
      <trkpt lat="45.967886" lon="6.339791">
        <ele>1408.24</ele>
      </trkpt>
      <trkpt lat="45.967908" lon="6.339859">
        <ele>1408.09</ele>
      </trkpt>
      <trkpt lat="45.96796" lon="6.340141">
        <ele>1407.82</ele>
      </trkpt>
      <trkpt lat="45.967985" lon="6.340224">
        <ele>1407.67</ele>
      </trkpt>
      <trkpt lat="45.968227" lon="6.3407">
        <ele>1403.85</ele>
      </trkpt>
      <trkpt lat="45.968365" lon="6.340558">
        <ele>1403.6</ele>
      </trkpt>
      <trkpt lat="45.968603" lon="6.34034">
        <ele>1403.73</ele>
      </trkpt>
      <trkpt lat="45.968671" lon="6.340267">
        <ele>1404.06</ele>
      </trkpt>
      <trkpt lat="45.969135" lon="6.339811">
        <ele>1404.65</ele>
      </trkpt>
      <trkpt lat="45.969144" lon="6.339813">
        <ele>1404.67</ele>
      </trkpt>
      <trkpt lat="45.969174" lon="6.339866">
        <ele>1404.74</ele>
      </trkpt>
      <trkpt lat="45.969294" lon="6.340128">
        <ele>1404.96</ele>
      </trkpt>
      <trkpt lat="45.969384" lon="6.340276">
        <ele>1404.82</ele>
      </trkpt>
      <trkpt lat="45.969609" lon="6.340708">
        <ele>1403.89</ele>
      </trkpt>
      <trkpt lat="45.970033" lon="6.341461">
        <ele>1402.39</ele>
      </trkpt>
      <trkpt lat="45.970201" lon="6.341752">
        <ele>1401.46</ele>
      </trkpt>
      <trkpt lat="45.970341" lon="6.341975">
        <ele>1400.89</ele>
      </trkpt>
      <trkpt lat="45.970534" lon="6.342258">
        <ele>1400.91</ele>
      </trkpt>
      <trkpt lat="45.970559" lon="6.342273">
        <ele>1400.96</ele>
      </trkpt>
      <trkpt lat="45.970592" lon="6.342254">
        <ele>1401.03</ele>
      </trkpt>
      <trkpt lat="45.970622" lon="6.342253">
        <ele>1401.09</ele>
      </trkpt>
      <trkpt lat="45.9707" lon="6.342192">
        <ele>1401.21</ele>
      </trkpt>
      <trkpt lat="45.970763" lon="6.342162">
        <ele>1401.29</ele>
      </trkpt>
      <trkpt lat="45.970795" lon="6.342133">
        <ele>1401.3</ele>
      </trkpt>
      <trkpt lat="45.97082" lon="6.342073">
        <ele>1401.25</ele>
      </trkpt>
      <trkpt lat="45.970867" lon="6.342035">
        <ele>1401.24</ele>
      </trkpt>
      <trkpt lat="45.971047" lon="6.341937">
        <ele>1400.92</ele>
      </trkpt>
      <trkpt lat="45.971128" lon="6.341897">
        <ele>1400.54</ele>
      </trkpt>
      <trkpt lat="45.971274" lon="6.342384">
        <ele>1400.59</ele>
      </trkpt>
      <trkpt lat="45.971509" lon="6.34301">
        <ele>1398.01</ele>
      </trkpt>
      <trkpt lat="45.97154" lon="6.343141">
        <ele>1397.23</ele>
      </trkpt>
      <trkpt lat="45.971575" lon="6.343373">
        <ele>1396.02</ele>
      </trkpt>
      <trkpt lat="45.971609" lon="6.343499">
        <ele>1395.3</ele>
      </trkpt>
      <trkpt lat="45.971721" lon="6.343762">
        <ele>1393.99</ele>
      </trkpt>
      <trkpt lat="45.971896" lon="6.344113">
        <ele>1392.61</ele>
      </trkpt>
      <trkpt lat="45.971918" lon="6.344199">
        <ele>1392.41</ele>
      </trkpt>
      <trkpt lat="45.971925" lon="6.344275">
        <ele>1392.25</ele>
      </trkpt>
      <trkpt lat="45.97192" lon="6.344359">
        <ele>1392.07</ele>
      </trkpt>
      <trkpt lat="45.971836" lon="6.344863">
        <ele>1390.86</ele>
      </trkpt>
      <trkpt lat="45.971822" lon="6.34502">
        <ele>1390.53</ele>
      </trkpt>
      <trkpt lat="45.971825" lon="6.345185">
        <ele>1390.12</ele>
      </trkpt>
      <trkpt lat="45.971853" lon="6.345287">
        <ele>1390.08</ele>
      </trkpt>
      <trkpt lat="45.972103" lon="6.345849">
        <ele>1390.1</ele>
      </trkpt>
      <trkpt lat="45.972148" lon="6.345987">
        <ele>1390.01</ele>
      </trkpt>
      <trkpt lat="45.972174" lon="6.346118">
        <ele>1389.97</ele>
      </trkpt>
      <trkpt lat="45.972198" lon="6.3464">
        <ele>1390.01</ele>
      </trkpt>
      <trkpt lat="45.972213" lon="6.346497">
        <ele>1389.98</ele>
      </trkpt>
      <trkpt lat="45.972331" lon="6.346899">
        <ele>1389.4</ele>
      </trkpt>
      <trkpt lat="45.972369" lon="6.347005">
        <ele>1389.21</ele>
      </trkpt>
      <trkpt lat="45.972552" lon="6.347385">
        <ele>1387.95</ele>
      </trkpt>
      <trkpt lat="45.972612" lon="6.347493">
        <ele>1387.45</ele>
      </trkpt>
      <trkpt lat="45.972825" lon="6.347832">
        <ele>1387.5</ele>
      </trkpt>
      <trkpt lat="45.973238" lon="6.348369">
        <ele>1388.62</ele>
      </trkpt>
      <trkpt lat="45.973319" lon="6.348509">
        <ele>1388.77</ele>
      </trkpt>
      <trkpt lat="45.973358" lon="6.348616">
        <ele>1388.71</ele>
      </trkpt>
      <trkpt lat="45.973462" lon="6.349033">
        <ele>1387.84</ele>
      </trkpt>
      <trkpt lat="45.973524" lon="6.349211">
        <ele>1387.58</ele>
      </trkpt>
      <trkpt lat="45.973662" lon="6.349522">
        <ele>1388.44</ele>
      </trkpt>
      <trkpt lat="45.973935" lon="6.350031">
        <ele>1391.53</ele>
      </trkpt>
      <trkpt lat="45.973982" lon="6.349996">
        <ele>1391.67</ele>
      </trkpt>
      <trkpt lat="45.974045" lon="6.349982">
        <ele>1391.95</ele>
      </trkpt>
      <trkpt lat="45.97411" lon="6.349999">
        <ele>1392.33</ele>
      </trkpt>
      <trkpt lat="45.974171" lon="6.350051">
        <ele>1392.78</ele>
      </trkpt>
      <trkpt lat="45.974217" lon="6.350132">
        <ele>1393.23</ele>
      </trkpt>
      <trkpt lat="45.974314" lon="6.35038">
        <ele>1393.95</ele>
      </trkpt>
      <trkpt lat="45.974412" lon="6.350737">
        <ele>1394.28</ele>
      </trkpt>
      <trkpt lat="45.974444" lon="6.35078">
        <ele>1394.41</ele>
      </trkpt>
      <trkpt lat="45.974487" lon="6.350803">
        <ele>1394.58</ele>
      </trkpt>
      <trkpt lat="45.974557" lon="6.350792">
        <ele>1394.83</ele>
      </trkpt>
      <trkpt lat="45.974605" lon="6.350759">
        <ele>1394.97</ele>
      </trkpt>
      <trkpt lat="45.974643" lon="6.350709">
        <ele>1395.03</ele>
      </trkpt>
      <trkpt lat="45.974827" lon="6.350407">
        <ele>1394.99</ele>
      </trkpt>
      <trkpt lat="45.975061" lon="6.350155">
        <ele>1394.71</ele>
      </trkpt>
      <trkpt lat="45.975242" lon="6.349907">
        <ele>1394.29</ele>
      </trkpt>
      <trkpt lat="45.975538" lon="6.349545">
        <ele>1394.39</ele>
      </trkpt>
      <trkpt lat="45.975743" lon="6.34931">
        <ele>1395.09</ele>
      </trkpt>
      <trkpt lat="45.975812" lon="6.349265">
        <ele>1395.34</ele>
      </trkpt>
      <trkpt lat="45.975849" lon="6.349268">
        <ele>1395.47</ele>
      </trkpt>
      <trkpt lat="45.975912" lon="6.349302">
        <ele>1395.7</ele>
      </trkpt>
      <trkpt lat="45.975967" lon="6.349364">
        <ele>1395.89</ele>
      </trkpt>
      <trkpt lat="45.976077" lon="6.349529">
        <ele>1395.93</ele>
      </trkpt>
      <trkpt lat="45.976155" lon="6.349688">
        <ele>1395.73</ele>
      </trkpt>
      <trkpt lat="45.976433" lon="6.350471">
        <ele>1394.48</ele>
      </trkpt>
      <trkpt lat="45.976658" lon="6.351008">
        <ele>1393.14</ele>
      </trkpt>
      <trkpt lat="45.976733" lon="6.351249">
        <ele>1394.04</ele>
      </trkpt>
      <trkpt lat="45.976824" lon="6.351399">
        <ele>1394.11</ele>
      </trkpt>
      <trkpt lat="45.976911" lon="6.351501">
        <ele>1393.98</ele>
      </trkpt>
      <trkpt lat="45.977121" lon="6.351704">
        <ele>1392.35</ele>
      </trkpt>
      <trkpt lat="45.977267" lon="6.351889">
        <ele>1390.19</ele>
      </trkpt>
      <trkpt lat="45.977423" lon="6.352031">
        <ele>1389.01</ele>
      </trkpt>
      <trkpt lat="45.977739" lon="6.352533">
        <ele>1386.13</ele>
      </trkpt>
      <trkpt lat="45.9786" lon="6.353723">
        <ele>1382.74</ele>
      </trkpt>
      <trkpt lat="45.979167" lon="6.354736">
        <ele>1379.32</ele>
      </trkpt>
      <trkpt lat="45.979343" lon="6.355072">
        <ele>1375.1</ele>
      </trkpt>
      <trkpt lat="45.979386" lon="6.355129">
        <ele>1375.29</ele>
      </trkpt>
      <trkpt lat="45.979422" lon="6.355151">
        <ele>1375.58</ele>
      </trkpt>
      <trkpt lat="45.97947" lon="6.355161">
        <ele>1376.07</ele>
      </trkpt>
      <trkpt lat="45.979607" lon="6.355153">
        <ele>1377.8</ele>
      </trkpt>
      <trkpt lat="45.979733" lon="6.355189">
        <ele>1378.84</ele>
      </trkpt>
      <trkpt lat="45.979815" lon="6.355242">
        <ele>1379.16</ele>
      </trkpt>
      <trkpt lat="45.980352" lon="6.3559">
        <ele>1380.73</ele>
      </trkpt>
      <trkpt lat="45.980804" lon="6.356722">
        <ele>1382.47</ele>
      </trkpt>
      <trkpt lat="45.981477" lon="6.358179">
        <ele>1378.91</ele>
      </trkpt>
      <trkpt lat="45.982033" lon="6.35923">
        <ele>1375.78</ele>
      </trkpt>
      <trkpt lat="45.982771" lon="6.36091">
        <ele>1373.21</ele>
      </trkpt>
      <trkpt lat="45.983248" lon="6.361812">
        <ele>1375.25</ele>
      </trkpt>
      <trkpt lat="45.983552" lon="6.362437">
        <ele>1371.05</ele>
      </trkpt>
      <trkpt lat="45.983689" lon="6.362835">
        <ele>1370.9</ele>
      </trkpt>
      <trkpt lat="45.983822" lon="6.363289">
        <ele>1370.9</ele>
      </trkpt>
      <trkpt lat="45.983883" lon="6.363525">
        <ele>1369.72</ele>
      </trkpt>
      <trkpt lat="45.983976" lon="6.363739">
        <ele>1370.64</ele>
      </trkpt>
      <trkpt lat="45.983994" lon="6.363821">
        <ele>1371.05</ele>
      </trkpt>
      <trkpt lat="45.984328" lon="6.364385">
        <ele>1369.06</ele>
      </trkpt>
      <trkpt lat="45.984403" lon="6.364527">
        <ele>1369.24</ele>
      </trkpt>
      <trkpt lat="45.984523" lon="6.364587">
        <ele>1369.32</ele>
      </trkpt>
      <trkpt lat="45.984652" lon="6.364638">
        <ele>1369.27</ele>
      </trkpt>
      <trkpt lat="45.984772" lon="6.364701">
        <ele>1369.06</ele>
      </trkpt>
      <trkpt lat="45.984886" lon="6.364774">
        <ele>1368.66</ele>
      </trkpt>
      <trkpt lat="45.985098" lon="6.364953">
        <ele>1367.19</ele>
      </trkpt>
      <trkpt lat="45.985152" lon="6.36496">
        <ele>1366.97</ele>
      </trkpt>
      <trkpt lat="45.985354" lon="6.364932">
        <ele>1370.35</ele>
      </trkpt>
      <trkpt lat="45.985414" lon="6.364915">
        <ele>1371.52</ele>
      </trkpt>
      <trkpt lat="45.985515" lon="6.364917">
        <ele>1373.23</ele>
      </trkpt>
      <trkpt lat="45.985607" lon="6.364961">
        <ele>1374.32</ele>
      </trkpt>
      <trkpt lat="45.985752" lon="6.365104">
        <ele>1374.97</ele>
      </trkpt>
      <trkpt lat="45.985997" lon="6.365386">
        <ele>1376.04</ele>
      </trkpt>
      <trkpt lat="45.986122" lon="6.365505">
        <ele>1378.72</ele>
      </trkpt>
      <trkpt lat="45.986249" lon="6.365657">
        <ele>1381.21</ele>
      </trkpt>
      <trkpt lat="45.986375" lon="6.365824">
        <ele>1383.5</ele>
      </trkpt>
      <trkpt lat="45.986558" lon="6.36615">
        <ele>1386.45</ele>
      </trkpt>
      <trkpt lat="45.986583" lon="6.366262">
        <ele>1386.67</ele>
      </trkpt>
      <trkpt lat="45.986591" lon="6.366357">
        <ele>1386.53</ele>
      </trkpt>
      <trkpt lat="45.986581" lon="6.366554">
        <ele>1385.5</ele>
      </trkpt>
      <trkpt lat="45.986591" lon="6.366647">
        <ele>1385.46</ele>
      </trkpt>
      <trkpt lat="45.986851" lon="6.367145">
        <ele>1389.35</ele>
      </trkpt>
      <trkpt lat="45.987179" lon="6.36761">
        <ele>1395.27</ele>
      </trkpt>
      <trkpt lat="45.987283" lon="6.367835">
        <ele>1396.45</ele>
      </trkpt>
      <trkpt lat="45.987394" lon="6.368049">
        <ele>1398.09</ele>
      </trkpt>
      <trkpt lat="45.987443" lon="6.368204">
        <ele>1398.14</ele>
      </trkpt>
      <trkpt lat="45.987508" lon="6.368629">
        <ele>1395.74</ele>
      </trkpt>
      <trkpt lat="45.987545" lon="6.368769">
        <ele>1395.53</ele>
      </trkpt>
      <trkpt lat="45.987648" lon="6.36904">
        <ele>1397.04</ele>
      </trkpt>
      <trkpt lat="45.987768" lon="6.369299">
        <ele>1399.75</ele>
      </trkpt>
      <trkpt lat="45.987827" lon="6.369462">
        <ele>1400.3</ele>
      </trkpt>
      <trkpt lat="45.987986" lon="6.370095">
        <ele>1397.07</ele>
      </trkpt>
      <trkpt lat="45.98818" lon="6.370721">
        <ele>1400.41</ele>
      </trkpt>
      <trkpt lat="45.988207" lon="6.370871">
        <ele>1400.45</ele>
      </trkpt>
      <trkpt lat="45.9883" lon="6.371221">
        <ele>1401.52</ele>
      </trkpt>
      <trkpt lat="45.988327" lon="6.371405">
        <ele>1401.5</ele>
      </trkpt>
      <trkpt lat="45.988338" lon="6.371571">
        <ele>1401.04</ele>
      </trkpt>
      <trkpt lat="45.988333" lon="6.371773">
        <ele>1400.12</ele>
      </trkpt>
      <trkpt lat="45.988286" lon="6.371942">
        <ele>1399.26</ele>
      </trkpt>
      <trkpt lat="45.988234" lon="6.37205">
        <ele>1398.96</ele>
      </trkpt>
      <trkpt lat="45.988101" lon="6.372242">
        <ele>1398.26</ele>
      </trkpt>
      <trkpt lat="45.987988" lon="6.372368">
        <ele>1397.76</ele>
      </trkpt>
      <trkpt lat="45.988029" lon="6.372527">
        <ele>1398.34</ele>
      </trkpt>
      <trkpt lat="45.988122" lon="6.372783">
        <ele>1399.19</ele>
      </trkpt>
      <trkpt lat="45.988253" lon="6.373071">
        <ele>1399.82</ele>
      </trkpt>
      <trkpt lat="45.988542" lon="6.373626">
        <ele>1401.4</ele>
      </trkpt>
      <trkpt lat="45.988708" lon="6.373874">
        <ele>1402.2</ele>
      </trkpt>
      <trkpt lat="45.988759" lon="6.373973">
        <ele>1402.1</ele>
      </trkpt>
      <trkpt lat="45.988791" lon="6.374015">
        <ele>1402.06</ele>
      </trkpt>
      <trkpt lat="45.988922" lon="6.374111">
        <ele>1402.08</ele>
      </trkpt>
      <trkpt lat="45.988997" lon="6.374154">
        <ele>1402.03</ele>
      </trkpt>
      <trkpt lat="45.989098" lon="6.374161">
        <ele>1402.3</ele>
      </trkpt>
      <trkpt lat="45.989192" lon="6.374132">
        <ele>1402.95</ele>
      </trkpt>
      <trkpt lat="45.989332" lon="6.37402">
        <ele>1404.96</ele>
      </trkpt>
      <trkpt lat="45.9894" lon="6.373989">
        <ele>1405.88</ele>
      </trkpt>
      <trkpt lat="45.989443" lon="6.373956">
        <ele>1406.72</ele>
      </trkpt>
      <trkpt lat="45.989484" lon="6.37369">
        <ele>1411.21</ele>
      </trkpt>
      <trkpt lat="45.989598" lon="6.373471">
        <ele>1415.81</ele>
      </trkpt>
      <trkpt lat="45.989751" lon="6.373382">
        <ele>1419.21</ele>
      </trkpt>
      <trkpt lat="45.989904" lon="6.373364">
        <ele>1421.88</ele>
      </trkpt>
      <trkpt lat="45.99012" lon="6.373428">
        <ele>1424.4</ele>
      </trkpt>
      <trkpt lat="45.990477" lon="6.373623">
        <ele>1426.29</ele>
      </trkpt>
      <trkpt lat="45.990617" lon="6.373683">
        <ele>1426.94</ele>
      </trkpt>
      <trkpt lat="45.9909" lon="6.373754">
        <ele>1429.61</ele>
      </trkpt>
      <trkpt lat="45.991091" lon="6.373641">
        <ele>1431.99</ele>
      </trkpt>
      <trkpt lat="45.991405" lon="6.373293">
        <ele>1437.05</ele>
      </trkpt>
      <trkpt lat="45.991406" lon="6.372827">
        <ele>1454.03</ele>
      </trkpt>
      <trkpt lat="45.991672" lon="6.372235">
        <ele>1475.15</ele>
      </trkpt>
      <trkpt lat="45.991884" lon="6.371959">
        <ele>1484.97</ele>
      </trkpt>
      <trkpt lat="45.992051" lon="6.371858">
        <ele>1484.55</ele>
      </trkpt>
      <trkpt lat="45.992599" lon="6.371788">
        <ele>1473.34</ele>
      </trkpt>
      <trkpt lat="45.992889" lon="6.372119">
        <ele>1462.41</ele>
      </trkpt>
      <trkpt lat="45.993063" lon="6.372084">
        <ele>1464.85</ele>
      </trkpt>
      <trkpt lat="45.9932" lon="6.371991">
        <ele>1468.24</ele>
      </trkpt>
      <trkpt lat="45.993628" lon="6.371294">
        <ele>1476.25</ele>
      </trkpt>
      <trkpt lat="45.993876" lon="6.371222">
        <ele>1476.27</ele>
      </trkpt>
      <trkpt lat="45.994045" lon="6.370915">
        <ele>1477.85</ele>
      </trkpt>
      <trkpt lat="45.994183" lon="6.3708">
        <ele>1478.88</ele>
      </trkpt>
      <trkpt lat="45.994479" lon="6.370734">
        <ele>1484.14</ele>
      </trkpt>
      <trkpt lat="45.994598" lon="6.370806">
        <ele>1487.39</ele>
      </trkpt>
      <trkpt lat="45.994728" lon="6.370992">
        <ele>1490.27</ele>
      </trkpt>
      <trkpt lat="45.994872" lon="6.370974">
        <ele>1495.61</ele>
      </trkpt>
      <trkpt lat="45.994881" lon="6.370743">
        <ele>1497.34</ele>
      </trkpt>
      <trkpt lat="45.994938" lon="6.370504">
        <ele>1500.51</ele>
      </trkpt>
      <trkpt lat="45.99477" lon="6.369876">
        <ele>1502.73</ele>
      </trkpt>
      <trkpt lat="45.994791" lon="6.36978">
        <ele>1504.53</ele>
      </trkpt>
      <trkpt lat="45.995022" lon="6.369542">
        <ele>1511.53</ele>
      </trkpt>
      <trkpt lat="45.995118" lon="6.369242">
        <ele>1517.32</ele>
      </trkpt>
      <trkpt lat="45.99528" lon="6.368916">
        <ele>1525.2</ele>
      </trkpt>
      <trkpt lat="45.99545" lon="6.368667">
        <ele>1529.98</ele>
      </trkpt>
      <trkpt lat="45.995504" lon="6.368381">
        <ele>1534.19</ele>
      </trkpt>
      <trkpt lat="45.995588" lon="6.368241">
        <ele>1536.5</ele>
      </trkpt>
      <trkpt lat="45.995604" lon="6.367911">
        <ele>1541.56</ele>
      </trkpt>
      <trkpt lat="45.995725" lon="6.367392">
        <ele>1550.08</ele>
      </trkpt>
      <trkpt lat="45.995969" lon="6.367077">
        <ele>1551.2</ele>
      </trkpt>
      <trkpt lat="45.996045" lon="6.366791">
        <ele>1556.02</ele>
      </trkpt>
      <trkpt lat="45.996319" lon="6.366656">
        <ele>1558.83</ele>
      </trkpt>
      <trkpt lat="45.996602" lon="6.36633">
        <ele>1564.05</ele>
      </trkpt>
      <trkpt lat="45.996829" lon="6.365683">
        <ele>1574.22</ele>
      </trkpt>
      <trkpt lat="45.996971" lon="6.365415">
        <ele>1580.29</ele>
      </trkpt>
      <trkpt lat="45.997096" lon="6.365281">
        <ele>1581</ele>
      </trkpt>
      <trkpt lat="45.997291" lon="6.365205">
        <ele>1579.62</ele>
      </trkpt>
      <trkpt lat="45.997343" lon="6.365114">
        <ele>1581.17</ele>
      </trkpt>
      <trkpt lat="45.997412" lon="6.364686">
        <ele>1589.87</ele>
      </trkpt>
      <trkpt lat="45.99755" lon="6.364418">
        <ele>1592.46</ele>
      </trkpt>
      <trkpt lat="45.997838" lon="6.364063">
        <ele>1604.11</ele>
      </trkpt>
      <trkpt lat="45.998052" lon="6.363992">
        <ele>1613.75</ele>
      </trkpt>
      <trkpt lat="45.998137" lon="6.363724">
        <ele>1615.89</ele>
      </trkpt>
      <trkpt lat="45.998367" lon="6.36374">
        <ele>1622.51</ele>
      </trkpt>
      <trkpt lat="45.998515" lon="6.36356">
        <ele>1623.28</ele>
      </trkpt>
      <trkpt lat="45.99863" lon="6.363303">
        <ele>1636.24</ele>
      </trkpt>
      <trkpt lat="45.998739" lon="6.36268">
        <ele>1648.55</ele>
      </trkpt>
      <trkpt lat="45.999134" lon="6.361883">
        <ele>1666.55</ele>
      </trkpt>
      <trkpt lat="45.998927" lon="6.361522">
        <ele>1669.12</ele>
      </trkpt>
      <trkpt lat="45.999074" lon="6.361467">
        <ele>1670.51</ele>
      </trkpt>
      <trkpt lat="45.999266" lon="6.361416">
        <ele>1671.04</ele>
      </trkpt>
      <trkpt lat="45.999351" lon="6.360863">
        <ele>1670.78</ele>
      </trkpt>
      <trkpt lat="45.999413" lon="6.360709">
        <ele>1667.83</ele>
      </trkpt>
      <trkpt lat="45.999968" lon="6.360891">
        <ele>1638.55</ele>
      </trkpt>
      <trkpt lat="46.000332" lon="6.360847">
        <ele>1620.06</ele>
      </trkpt>
      <trkpt lat="46.000209" lon="6.360623">
        <ele>1623.35</ele>
      </trkpt>
      <trkpt lat="46.000292" lon="6.360369">
        <ele>1616.91</ele>
      </trkpt>
      <trkpt lat="46.000661" lon="6.360046">
        <ele>1598.69</ele>
      </trkpt>
      <trkpt lat="46.000822" lon="6.360018">
        <ele>1591.54</ele>
      </trkpt>
      <trkpt lat="46.000895" lon="6.360082">
        <ele>1588.46</ele>
      </trkpt>
      <trkpt lat="46.001595" lon="6.361767">
        <ele>1582.5</ele>
      </trkpt>
      <trkpt lat="46.002055" lon="6.362577">
        <ele>1570.78</ele>
      </trkpt>
      <trkpt lat="46.002293" lon="6.362685">
        <ele>1564.41</ele>
      </trkpt>
      <trkpt lat="46.002849" lon="6.362512">
        <ele>1554.56</ele>
      </trkpt>
      <trkpt lat="46.002969" lon="6.362405">
        <ele>1554.59</ele>
      </trkpt>
      <trkpt lat="46.002921" lon="6.362832">
        <ele>1552.66</ele>
      </trkpt>
      <trkpt lat="46.00291" lon="6.363024">
        <ele>1552.48</ele>
      </trkpt>
      <trkpt lat="46.002928" lon="6.363264">
        <ele>1552.1</ele>
      </trkpt>
      <trkpt lat="46.002911" lon="6.363518">
        <ele>1551.88</ele>
      </trkpt>
      <trkpt lat="46.002908" lon="6.36373">
        <ele>1552.19</ele>
      </trkpt>
      <trkpt lat="46.002922" lon="6.363913">
        <ele>1552.49</ele>
      </trkpt>
      <trkpt lat="46.002949" lon="6.364049">
        <ele>1552.62</ele>
      </trkpt>
      <trkpt lat="46.003058" lon="6.364214">
        <ele>1552.33</ele>
      </trkpt>
      <trkpt lat="46.003138" lon="6.364432">
        <ele>1552.45</ele>
      </trkpt>
      <trkpt lat="46.003269" lon="6.364583">
        <ele>1552.06</ele>
      </trkpt>
      <trkpt lat="46.003697" lon="6.36519">
        <ele>1549.79</ele>
      </trkpt>
      <trkpt lat="46.003603" lon="6.365484">
        <ele>1550.25</ele>
      </trkpt>
      <trkpt lat="46.003552" lon="6.365767">
        <ele>1551.09</ele>
      </trkpt>
      <trkpt lat="46.003582" lon="6.366046">
        <ele>1552.14</ele>
      </trkpt>
      <trkpt lat="46.003208" lon="6.366285">
        <ele>1568.22</ele>
      </trkpt>
      <trkpt lat="46.002961" lon="6.366562">
        <ele>1583.42</ele>
      </trkpt>
      <trkpt lat="46.002798" lon="6.367031">
        <ele>1595.17</ele>
      </trkpt>
      <trkpt lat="46.002601" lon="6.367977">
        <ele>1599.34</ele>
      </trkpt>
      <trkpt lat="46.002469" lon="6.369066">
        <ele>1597.12</ele>
      </trkpt>
      <trkpt lat="46.002269" lon="6.370104">
        <ele>1590.29</ele>
      </trkpt>
      <trkpt lat="46.002742" lon="6.370887">
        <ele>1579.24</ele>
      </trkpt>
      <trkpt lat="46.003374" lon="6.371331">
        <ele>1561.17</ele>
      </trkpt>
      <trkpt lat="46.004671" lon="6.37162">
        <ele>1532.16</ele>
      </trkpt>
      <trkpt lat="46.00538" lon="6.371631">
        <ele>1527.45</ele>
      </trkpt>
      <trkpt lat="46.006231" lon="6.37209">
        <ele>1510.22</ele>
      </trkpt>
      <trkpt lat="46.006037" lon="6.372465">
        <ele>1507.47</ele>
      </trkpt>
      <trkpt lat="46.005445" lon="6.373251">
        <ele>1496.2</ele>
      </trkpt>
      <trkpt lat="46.005394" lon="6.373591">
        <ele>1495.3</ele>
      </trkpt>
      <trkpt lat="46.005266" lon="6.3738">
        <ele>1493.2</ele>
      </trkpt>
      <trkpt lat="46.005219" lon="6.37392">
        <ele>1490.29</ele>
      </trkpt>
      <trkpt lat="46.005266" lon="6.3738">
        <ele>1493.2</ele>
      </trkpt>
      <trkpt lat="46.005394" lon="6.373591">
        <ele>1495.3</ele>
      </trkpt>
      <trkpt lat="46.005445" lon="6.373251">
        <ele>1496.2</ele>
      </trkpt>
      <trkpt lat="46.006037" lon="6.372465">
        <ele>1507.47</ele>
      </trkpt>
      <trkpt lat="46.006393" lon="6.371775">
        <ele>1512.2</ele>
      </trkpt>
      <trkpt lat="46.007284" lon="6.370861">
        <ele>1516.2</ele>
      </trkpt>
      <trkpt lat="46.007334" lon="6.370635">
        <ele>1518.43</ele>
      </trkpt>
      <trkpt lat="46.00743" lon="6.370425">
        <ele>1519.82</ele>
      </trkpt>
      <trkpt lat="46.007556" lon="6.37026">
        <ele>1520.12</ele>
      </trkpt>
      <trkpt lat="46.007646" lon="6.370213">
        <ele>1519.47</ele>
      </trkpt>
      <trkpt lat="46.007667" lon="6.370634">
        <ele>1514.63</ele>
      </trkpt>
      <trkpt lat="46.007769" lon="6.370893">
        <ele>1514</ele>
      </trkpt>
      <trkpt lat="46.007996" lon="6.370961">
        <ele>1517.88</ele>
      </trkpt>
      <trkpt lat="46.008318" lon="6.371667">
        <ele>1506.98</ele>
      </trkpt>
      <trkpt lat="46.008538" lon="6.371511">
        <ele>1513.65</ele>
      </trkpt>
      <trkpt lat="46.009024" lon="6.371757">
        <ele>1510.58</ele>
      </trkpt>
      <trkpt lat="46.009548" lon="6.372385">
        <ele>1473.46</ele>
      </trkpt>
      <trkpt lat="46.009762" lon="6.37247">
        <ele>1467.92</ele>
      </trkpt>
      <trkpt lat="46.00993" lon="6.372401">
        <ele>1473.91</ele>
      </trkpt>
      <trkpt lat="46.010312" lon="6.371671">
        <ele>1515.59</ele>
      </trkpt>
      <trkpt lat="46.010677" lon="6.371253">
        <ele>1499.11</ele>
      </trkpt>
      <trkpt lat="46.01086" lon="6.371136">
        <ele>1485.08</ele>
      </trkpt>
      <trkpt lat="46.011009" lon="6.370874">
        <ele>1487</ele>
      </trkpt>
      <trkpt lat="46.011461" lon="6.370706">
        <ele>1482.79</ele>
      </trkpt>
      <trkpt lat="46.0117" lon="6.370757">
        <ele>1471.3</ele>
      </trkpt>
      <trkpt lat="46.011957" lon="6.371348">
        <ele>1442.26</ele>
      </trkpt>
      <trkpt lat="46.01205" lon="6.37142">
        <ele>1440.05</ele>
      </trkpt>
      <trkpt lat="46.012269" lon="6.37144">
        <ele>1440.95</ele>
      </trkpt>
      <trkpt lat="46.013076" lon="6.372312">
        <ele>1413.23</ele>
      </trkpt>
      <trkpt lat="46.013104" lon="6.372573">
        <ele>1404.74</ele>
      </trkpt>
      <trkpt lat="46.013266" lon="6.372969">
        <ele>1395.2</ele>
      </trkpt>
      <trkpt lat="46.013579" lon="6.373315">
        <ele>1387.51</ele>
      </trkpt>
      <trkpt lat="46.013628" lon="6.374039">
        <ele>1365.83</ele>
      </trkpt>
      <trkpt lat="46.013441" lon="6.374788">
        <ele>1344.25</ele>
      </trkpt>
      <trkpt lat="46.013861" lon="6.375225">
        <ele>1327.81</ele>
      </trkpt>
      <trkpt lat="46.014079" lon="6.374872">
        <ele>1333.73</ele>
      </trkpt>
      <trkpt lat="46.01411" lon="6.374959">
        <ele>1331.17</ele>
      </trkpt>
      <trkpt lat="46.014069" lon="6.375301">
        <ele>1323.45</ele>
      </trkpt>
      <trkpt lat="46.013666" lon="6.375564">
        <ele>1319.67</ele>
      </trkpt>
      <trkpt lat="46.013308" lon="6.375734">
        <ele>1310.97</ele>
      </trkpt>
      <trkpt lat="46.012869" lon="6.375712">
        <ele>1302.63</ele>
      </trkpt>
      <trkpt lat="46.012322" lon="6.375438">
        <ele>1293.15</ele>
      </trkpt>
      <trkpt lat="46.013047" lon="6.376531">
        <ele>1280.84</ele>
      </trkpt>
      <trkpt lat="46.01308" lon="6.376828">
        <ele>1273.68</ele>
      </trkpt>
      <trkpt lat="46.013004" lon="6.3768">
        <ele>1272.29</ele>
      </trkpt>
      <trkpt lat="46.012948" lon="6.376639">
        <ele>1275.25</ele>
      </trkpt>
      <trkpt lat="46.012363" lon="6.376387">
        <ele>1261.24</ele>
      </trkpt>
      <trkpt lat="46.012337" lon="6.376461">
        <ele>1258.07</ele>
      </trkpt>
      <trkpt lat="46.012534" lon="6.376721">
        <ele>1259.54</ele>
      </trkpt>
      <trkpt lat="46.012804" lon="6.377645">
        <ele>1246.07</ele>
      </trkpt>
      <trkpt lat="46.012974" lon="6.377859">
        <ele>1245.46</ele>
      </trkpt>
      <trkpt lat="46.01308" lon="6.378249">
        <ele>1237.4</ele>
      </trkpt>
      <trkpt lat="46.012255" lon="6.377821">
        <ele>1216.91</ele>
      </trkpt>
      <trkpt lat="46.012566" lon="6.378499">
        <ele>1214.16</ele>
      </trkpt>
      <trkpt lat="46.012246" lon="6.378337">
        <ele>1203.78</ele>
      </trkpt>
      <trkpt lat="46.012219" lon="6.378433">
        <ele>1200.21</ele>
      </trkpt>
      <trkpt lat="46.012377" lon="6.378991">
        <ele>1192.62</ele>
      </trkpt>
      <trkpt lat="46.012326" lon="6.379045">
        <ele>1188.96</ele>
      </trkpt>
      <trkpt lat="46.012452" lon="6.379227">
        <ele>1189.49</ele>
      </trkpt>
      <trkpt lat="46.012293" lon="6.379308">
        <ele>1180.57</ele>
      </trkpt>
      <trkpt lat="46.012396" lon="6.379551">
        <ele>1176.43</ele>
      </trkpt>
      <trkpt lat="46.01218" lon="6.379626">
        <ele>1165.45</ele>
      </trkpt>
      <trkpt lat="46.012037" lon="6.379555">
        <ele>1162.41</ele>
      </trkpt>
      <trkpt lat="46.011994" lon="6.379579">
        <ele>1160</ele>
      </trkpt>
      <trkpt lat="46.01206" lon="6.379845">
        <ele>1153.89</ele>
      </trkpt>
      <trkpt lat="46.011911" lon="6.37974">
        <ele>1152.14</ele>
      </trkpt>
      <trkpt lat="46.011586" lon="6.379211">
        <ele>1146.88</ele>
      </trkpt>
      <trkpt lat="46.01131" lon="6.378422">
        <ele>1151.52</ele>
      </trkpt>
      <trkpt lat="46.011273" lon="6.379207">
        <ele>1125.83</ele>
      </trkpt>
      <trkpt lat="46.011009" lon="6.3787">
        <ele>1125.7</ele>
      </trkpt>
      <trkpt lat="46.010957" lon="6.379141">
        <ele>1109.26</ele>
      </trkpt>
      <trkpt lat="46.010825" lon="6.378932">
        <ele>1114.21</ele>
      </trkpt>
      <trkpt lat="46.010662" lon="6.379528">
        <ele>1093.51</ele>
      </trkpt>
      <trkpt lat="46.01068" lon="6.379644">
        <ele>1090.36</ele>
      </trkpt>
      <trkpt lat="46.01057" lon="6.379569">
        <ele>1091.27</ele>
      </trkpt>
      <trkpt lat="46.010501" lon="6.378978">
        <ele>1107.44</ele>
      </trkpt>
      <trkpt lat="46.010355" lon="6.378839">
        <ele>1108.73</ele>
      </trkpt>
      <trkpt lat="46.010079" lon="6.37916">
        <ele>1104.67</ele>
      </trkpt>
      <trkpt lat="46.010244" lon="6.379195">
        <ele>1097.86</ele>
      </trkpt>
      <trkpt lat="46.010247" lon="6.379307">
        <ele>1095.08</ele>
      </trkpt>
      <trkpt lat="46.010058" lon="6.379375">
        <ele>1100.4</ele>
      </trkpt>
      <trkpt lat="46.009789" lon="6.379876">
        <ele>1089.49</ele>
      </trkpt>
      <trkpt lat="46.009666" lon="6.380682">
        <ele>1054.47</ele>
      </trkpt>
      <trkpt lat="46.009517" lon="6.381126">
        <ele>1046.11</ele>
      </trkpt>
      <trkpt lat="46.009866" lon="6.3809">
        <ele>1040.61</ele>
      </trkpt>
      <trkpt lat="46.009932" lon="6.380671">
        <ele>1048.16</ele>
      </trkpt>
      <trkpt lat="46.010092" lon="6.3806">
        <ele>1047.71</ele>
      </trkpt>
      <trkpt lat="46.010257" lon="6.380787">
        <ele>1038.7</ele>
      </trkpt>
      <trkpt lat="46.010288" lon="6.380942">
        <ele>1031.85</ele>
      </trkpt>
      <trkpt lat="46.010411" lon="6.381167">
        <ele>1024.64</ele>
      </trkpt>
      <trkpt lat="46.010357" lon="6.381437">
        <ele>1007.33</ele>
      </trkpt>
      <trkpt lat="46.010448" lon="6.381962">
        <ele>980.36</ele>
      </trkpt>
      <trkpt lat="46.010681" lon="6.382389">
        <ele>964.89</ele>
      </trkpt>
      <trkpt lat="46.011594" lon="6.383224">
        <ele>931.33</ele>
      </trkpt>
      <trkpt lat="46.01221" lon="6.383428">
        <ele>923.21</ele>
      </trkpt>
      <trkpt lat="46.012751" lon="6.383496">
        <ele>921.57</ele>
      </trkpt>
      <trkpt lat="46.013269" lon="6.383708">
        <ele>910.19</ele>
      </trkpt>
      <trkpt lat="46.013356" lon="6.383937">
        <ele>900.9</ele>
      </trkpt>
      <trkpt lat="46.013501" lon="6.384051">
        <ele>896.9</ele>
      </trkpt>
      <trkpt lat="46.013521" lon="6.384138">
        <ele>893.53</ele>
      </trkpt>
      <trkpt lat="46.013419" lon="6.384349">
        <ele>885.08</ele>
      </trkpt>
      <trkpt lat="46.013482" lon="6.384449">
        <ele>881.71</ele>
      </trkpt>
      <trkpt lat="46.013833" lon="6.384482">
        <ele>877.81</ele>
      </trkpt>
      <trkpt lat="46.014096" lon="6.384436">
        <ele>877.1</ele>
      </trkpt>
      <trkpt lat="46.014354" lon="6.384937">
        <ele>861.11</ele>
      </trkpt>
      <trkpt lat="46.015239" lon="6.385154">
        <ele>855.91</ele>
      </trkpt>
      <trkpt lat="46.01586" lon="6.385391">
        <ele>842.41</ele>
      </trkpt>
      <trkpt lat="46.015978" lon="6.385386">
        <ele>841.41</ele>
      </trkpt>
      <trkpt lat="46.015888" lon="6.385485">
        <ele>839.15</ele>
      </trkpt>
      <trkpt lat="46.01581" lon="6.385514">
        <ele>838.95</ele>
      </trkpt>
      <trkpt lat="46.015687" lon="6.385721">
        <ele>833.24</ele>
      </trkpt>
      <trkpt lat="46.015838" lon="6.385711">
        <ele>832.33</ele>
      </trkpt>
      <trkpt lat="46.016683" lon="6.385555">
        <ele>828.85</ele>
      </trkpt>
      <trkpt lat="46.017047" lon="6.385521">
        <ele>825.26</ele>
      </trkpt>
      <trkpt lat="46.017218" lon="6.385633">
        <ele>819.24</ele>
      </trkpt>
      <trkpt lat="46.017394" lon="6.385635">
        <ele>816.54</ele>
      </trkpt>
      <trkpt lat="46.01753" lon="6.385538">
        <ele>817.71</ele>
      </trkpt>
      <trkpt lat="46.017842" lon="6.38525">
        <ele>823.9</ele>
      </trkpt>
      <trkpt lat="46.017964" lon="6.385249">
        <ele>822.92</ele>
      </trkpt>
      <trkpt lat="46.018166" lon="6.385295">
        <ele>819.59</ele>
      </trkpt>
      <trkpt lat="46.0182" lon="6.385369">
        <ele>816.7</ele>
      </trkpt>
      <trkpt lat="46.018278" lon="6.38543">
        <ele>813.84</ele>
      </trkpt>
      <trkpt lat="46.018405" lon="6.385401">
        <ele>813.76</ele>
      </trkpt>
      <trkpt lat="46.018472" lon="6.385311">
        <ele>816.38</ele>
      </trkpt>
      <trkpt lat="46.018751" lon="6.385326">
        <ele>804.98</ele>
      </trkpt>
      <trkpt lat="46.019082" lon="6.38494">
        <ele>794.22</ele>
      </trkpt>
      <trkpt lat="46.019202" lon="6.384761">
        <ele>788.52</ele>
      </trkpt>
      <trkpt lat="46.019219" lon="6.384578">
        <ele>788.01</ele>
      </trkpt>
      <trkpt lat="46.019284" lon="6.384433">
        <ele>784.28</ele>
      </trkpt>
      <trkpt lat="46.01927" lon="6.384272">
        <ele>786.87</ele>
      </trkpt>
      <trkpt lat="46.019194" lon="6.384018">
        <ele>794.59</ele>
      </trkpt>
      <trkpt lat="46.019222" lon="6.383936">
        <ele>793.99</ele>
      </trkpt>
      <trkpt lat="46.019245" lon="6.383826">
        <ele>794.13</ele>
      </trkpt>
      <trkpt lat="46.019314" lon="6.383805">
        <ele>790.73</ele>
      </trkpt>
      <trkpt lat="46.01939" lon="6.383714">
        <ele>790.69</ele>
      </trkpt>
      <trkpt lat="46.019431" lon="6.383614">
        <ele>792.2</ele>
      </trkpt>
      <trkpt lat="46.01948" lon="6.383717">
        <ele>790.39</ele>
      </trkpt>
      <trkpt lat="46.019531" lon="6.383892">
        <ele>787.08</ele>
      </trkpt>
      <trkpt lat="46.019617" lon="6.384068">
        <ele>783.1</ele>
      </trkpt>
      <trkpt lat="46.019681" lon="6.384044">
        <ele>783</ele>
      </trkpt>
      <trkpt lat="46.019737" lon="6.384106">
        <ele>781.15</ele>
      </trkpt>
      <trkpt lat="46.019815" lon="6.384247">
        <ele>777.05</ele>
      </trkpt>
      <trkpt lat="46.019974" lon="6.3844">
        <ele>771.03</ele>
      </trkpt>
      <trkpt lat="46.020141" lon="6.384825">
        <ele>762.52</ele>
      </trkpt>
      <trkpt lat="46.020267" lon="6.385106">
        <ele>758.09</ele>
      </trkpt>
      <trkpt lat="46.020409" lon="6.385323">
        <ele>754.96</ele>
      </trkpt>
      <trkpt lat="46.020553" lon="6.38551">
        <ele>751.41</ele>
      </trkpt>
      <trkpt lat="46.020693" lon="6.385625">
        <ele>749.13</ele>
      </trkpt>
      <trkpt lat="46.020833" lon="6.385677">
        <ele>748.11</ele>
      </trkpt>
      <trkpt lat="46.020912" lon="6.385647">
        <ele>748.91</ele>
      </trkpt>
      <trkpt lat="46.021035" lon="6.385158">
        <ele>758.64</ele>
      </trkpt>
      <trkpt lat="46.021035" lon="6.384937">
        <ele>761.07</ele>
      </trkpt>
      <trkpt lat="46.021225" lon="6.384634">
        <ele>758.18</ele>
      </trkpt>
      <trkpt lat="46.021268" lon="6.384356">
        <ele>760.53</ele>
      </trkpt>
      <trkpt lat="46.021393" lon="6.384308">
        <ele>757.46</ele>
      </trkpt>
      <trkpt lat="46.021509" lon="6.384387">
        <ele>752.41</ele>
      </trkpt>
      <trkpt lat="46.021561" lon="6.38449">
        <ele>749.24</ele>
      </trkpt>
      <trkpt lat="46.021571" lon="6.384409">
        <ele>750.12</ele>
      </trkpt>
      <trkpt lat="46.021638" lon="6.384387">
        <ele>748.4</ele>
      </trkpt>
      <trkpt lat="46.021729" lon="6.384487">
        <ele>743.93</ele>
      </trkpt>
      <trkpt lat="46.021793" lon="6.384497">
        <ele>741.72</ele>
      </trkpt>
      <trkpt lat="46.021745" lon="6.384253">
        <ele>747.19</ele>
      </trkpt>
      <trkpt lat="46.02174" lon="6.383841">
        <ele>754.01</ele>
      </trkpt>
      <trkpt lat="46.021675" lon="6.383637">
        <ele>759.63</ele>
      </trkpt>
      <trkpt lat="46.021676" lon="6.383369">
        <ele>765.49</ele>
      </trkpt>
      <trkpt lat="46.021704" lon="6.383171">
        <ele>769.39</ele>
      </trkpt>
      <trkpt lat="46.021748" lon="6.383127">
        <ele>769.18</ele>
      </trkpt>
      <trkpt lat="46.021771" lon="6.383144">
        <ele>768.07</ele>
      </trkpt>
      <trkpt lat="46.021856" lon="6.383147">
        <ele>766.49</ele>
      </trkpt>
      <trkpt lat="46.021798" lon="6.383004">
        <ele>770.87</ele>
      </trkpt>
      <trkpt lat="46.021785" lon="6.382492">
        <ele>782.78</ele>
      </trkpt>
      <trkpt lat="46.021796" lon="6.382426">
        <ele>783.79</ele>
      </trkpt>
      <trkpt lat="46.021642" lon="6.382125">
        <ele>792.97</ele>
      </trkpt>
      <trkpt lat="46.021603" lon="6.381955">
        <ele>796.98</ele>
      </trkpt>
      <trkpt lat="46.021622" lon="6.381873">
        <ele>798.15</ele>
      </trkpt>
      <trkpt lat="46.0217" lon="6.381841">
        <ele>797.21</ele>
      </trkpt>
    </trkseg>
  </trk>
</gpx>
