<?xml version="1.0" encoding="UTF-8"?>
<gpx version="1.1" creator="gpx.studio" xmlns="http://www.topografix.com/GPX/1/1" xmlns:xsi="http://www.w3.org/2001/XMLSchema-instance" xsi:schemaLocation="http://www.topografix.com/GPX/1/1 http://www.topografix.com/GPX/1/1/gpx.xsd http://www.garmin.com/xmlschemas/GpxExtensions/v3 http://www.garmin.com/xmlschemas/GpxExtensionsv3.xsd http://www.garmin.com/xmlschemas/TrackPointExtension/v1 http://www.garmin.com/xmlschemas/TrackPointExtensionv1.xsd http://www.garmin.com/xmlschemas/PowerExtension/v1 http://www.garmin.com/xmlschemas/PowerExtensionv1.xsd http://www.topografix.com/GPX/gpx_style/0/2 http://www.topografix.com/GPX/gpx_style/0/2/gpx_style.xsd" xmlns:gpxtpx="http://www.garmin.com/xmlschemas/TrackPointExtension/v1" xmlns:gpxx="http://www.garmin.com/xmlschemas/GpxExtensions/v3" xmlns:gpxpx="http://www.garmin.com/xmlschemas/PowerExtension/v1" xmlns:gpx_style="http://www.topografix.com/GPX/gpx_style/0/2">
  <metadata>
    <name>Trek Emosson</name>
    <author>
      <name>gpx.studio</name>
      <link href="https://gpx.studio"/>
    </author>
  </metadata>
  <trk>
    <name>Trek Emosson</name>
    <trkseg>
      <trkpt lat="46.07736" lon="6.83684">
        <ele>940.6</ele>
      </trkpt>
      <trkpt lat="46.07826" lon="6.83759">
        <ele>950.1</ele>
      </trkpt>
      <trkpt lat="46.07853" lon="6.83811">
        <ele>958</ele>
      </trkpt>
      <trkpt lat="46.07986" lon="6.83863">
        <ele>969.6</ele>
      </trkpt>
      <trkpt lat="46.08056" lon="6.83931">
        <ele>980.8</ele>
      </trkpt>
      <trkpt lat="46.08198" lon="6.83931">
        <ele>990.8</ele>
      </trkpt>
      <trkpt lat="46.08297" lon="6.83983">
        <ele>992.7</ele>
      </trkpt>
      <trkpt lat="46.08329" lon="6.84032">
        <ele>991.1</ele>
      </trkpt>
      <trkpt lat="46.08399" lon="6.84058">
        <ele>996.7</ele>
      </trkpt>
      <trkpt lat="46.08433" lon="6.84113">
        <ele>1006.8</ele>
      </trkpt>
      <trkpt lat="46.08712" lon="6.84143">
        <ele>1021.9</ele>
      </trkpt>
      <trkpt lat="46.08913" lon="6.84169">
        <ele>1018.2</ele>
      </trkpt>
      <trkpt lat="46.09026" lon="6.8426">
        <ele>1021.8</ele>
      </trkpt>
      <trkpt lat="46.09121" lon="6.84354">
        <ele>1021.9</ele>
      </trkpt>
      <trkpt lat="46.09206" lon="6.84513">
        <ele>1026.8</ele>
      </trkpt>
      <trkpt lat="46.09351" lon="6.84683">
        <ele>1022.9</ele>
      </trkpt>
      <trkpt lat="46.09477" lon="6.84748">
        <ele>1026.2</ele>
      </trkpt>
      <trkpt lat="46.09518" lon="6.84855">
        <ele>1031.4</ele>
      </trkpt>
      <trkpt lat="46.09619" lon="6.84952">
        <ele>1035.2</ele>
      </trkpt>
      <trkpt lat="46.09669" lon="6.85047">
        <ele>1047.9</ele>
      </trkpt>
      <trkpt lat="46.09712" lon="6.85031">
        <ele>1044.3</ele>
      </trkpt>
      <trkpt lat="46.0977" lon="6.85076">
        <ele>1039</ele>
      </trkpt>
      <trkpt lat="46.09849" lon="6.85216">
        <ele>1041.5</ele>
      </trkpt>
      <trkpt lat="46.09885" lon="6.85255">
        <ele>1045.9</ele>
      </trkpt>
      <trkpt lat="46.09935" lon="6.85326">
        <ele>1045.8</ele>
      </trkpt>
      <trkpt lat="46.10025" lon="6.8533">
        <ele>1037.6</ele>
      </trkpt>
      <trkpt lat="46.10151" lon="6.8544">
        <ele>1049.4</ele>
      </trkpt>
      <trkpt lat="46.10221" lon="6.85531">
        <ele>1053.7</ele>
      </trkpt>
      <trkpt lat="46.10273" lon="6.85717">
        <ele>1052.7</ele>
      </trkpt>
      <trkpt lat="46.10318" lon="6.85736">
        <ele>1052.2</ele>
      </trkpt>
      <trkpt lat="46.10469" lon="6.85743">
        <ele>1059.3</ele>
      </trkpt>
      <trkpt lat="46.10489" lon="6.85756">
        <ele>1060.4</ele>
      </trkpt>
      <trkpt lat="46.10504" lon="6.85756">
        <ele>1063.3</ele>
      </trkpt>
      <trkpt lat="46.1053" lon="6.85775">
        <ele>1071.3</ele>
      </trkpt>
      <trkpt lat="46.10555" lon="6.85842">
        <ele>1080.1</ele>
      </trkpt>
      <trkpt lat="46.10621" lon="6.85895">
        <ele>1095.7</ele>
      </trkpt>
      <trkpt lat="46.10651" lon="6.85903">
        <ele>1098.2</ele>
      </trkpt>
      <trkpt lat="46.10685" lon="6.85909">
        <ele>1100.4</ele>
      </trkpt>
      <trkpt lat="46.1072" lon="6.85909">
        <ele>1097.8</ele>
      </trkpt>
      <trkpt lat="46.10722" lon="6.85945">
        <ele>1092.4</ele>
      </trkpt>
      <trkpt lat="46.10748" lon="6.8596">
        <ele>1090.4</ele>
      </trkpt>
      <trkpt lat="46.10787" lon="6.86012">
        <ele>1100.4</ele>
      </trkpt>
      <trkpt lat="46.10831" lon="6.86048">
        <ele>1109.5</ele>
      </trkpt>
      <trkpt lat="46.10831" lon="6.86085">
        <ele>1127.5</ele>
      </trkpt>
      <trkpt lat="46.10845" lon="6.86105">
        <ele>1131.6</ele>
      </trkpt>
      <trkpt lat="46.10859" lon="6.86132">
        <ele>1136.4</ele>
      </trkpt>
      <trkpt lat="46.10879" lon="6.86153">
        <ele>1139.2</ele>
      </trkpt>
      <trkpt lat="46.10896" lon="6.86171">
        <ele>1152.4</ele>
      </trkpt>
      <trkpt lat="46.10907" lon="6.86193">
        <ele>1153.3</ele>
      </trkpt>
      <trkpt lat="46.1092" lon="6.86193">
        <ele>1154.5</ele>
      </trkpt>
      <trkpt lat="46.1093" lon="6.86224">
        <ele>1157</ele>
      </trkpt>
      <trkpt lat="46.10954" lon="6.8625">
        <ele>1165.8</ele>
      </trkpt>
      <trkpt lat="46.10971" lon="6.86296">
        <ele>1170.3</ele>
      </trkpt>
      <trkpt lat="46.10979" lon="6.86288">
        <ele>1169.2</ele>
      </trkpt>
      <trkpt lat="46.11" lon="6.86284">
        <ele>1168.1</ele>
      </trkpt>
      <trkpt lat="46.11012" lon="6.86302">
        <ele>1168.5</ele>
      </trkpt>
      <trkpt lat="46.11042" lon="6.8634">
        <ele>1182.5</ele>
      </trkpt>
      <trkpt lat="46.11044" lon="6.86376">
        <ele>1186.8</ele>
      </trkpt>
      <trkpt lat="46.11054" lon="6.86419">
        <ele>1202.7</ele>
      </trkpt>
      <trkpt lat="46.11069" lon="6.86363">
        <ele>1182.9</ele>
      </trkpt>
      <trkpt lat="46.11062" lon="6.86306">
        <ele>1166.2</ele>
      </trkpt>
      <trkpt lat="46.11084" lon="6.86265">
        <ele>1156.2</ele>
      </trkpt>
      <trkpt lat="46.11083" lon="6.86243">
        <ele>1154.4</ele>
      </trkpt>
      <trkpt lat="46.11061" lon="6.8622">
        <ele>1155</ele>
      </trkpt>
      <trkpt lat="46.11069" lon="6.86155">
        <ele>1151.8</ele>
      </trkpt>
      <trkpt lat="46.11081" lon="6.86146">
        <ele>1151.7</ele>
      </trkpt>
      <trkpt lat="46.11129" lon="6.86114">
        <ele>1167.6</ele>
      </trkpt>
      <trkpt lat="46.1113" lon="6.86091">
        <ele>1170.9</ele>
      </trkpt>
      <trkpt lat="46.11121" lon="6.86073">
        <ele>1182.2</ele>
      </trkpt>
      <trkpt lat="46.11063" lon="6.85906">
        <ele>1161.1</ele>
      </trkpt>
      <trkpt lat="46.11051" lon="6.85889">
        <ele>1156.5</ele>
      </trkpt>
      <trkpt lat="46.11055" lon="6.85859">
        <ele>1159.7</ele>
      </trkpt>
      <trkpt lat="46.11037" lon="6.8586">
        <ele>1154.2</ele>
      </trkpt>
      <trkpt lat="46.1103" lon="6.85841">
        <ele>1152.2</ele>
      </trkpt>
      <trkpt lat="46.11016" lon="6.85836">
        <ele>1147</ele>
      </trkpt>
      <trkpt lat="46.11009" lon="6.85801">
        <ele>1159.6</ele>
      </trkpt>
      <trkpt lat="46.10969" lon="6.85774">
        <ele>1137.3</ele>
      </trkpt>
      <trkpt lat="46.10935" lon="6.85643">
        <ele>1156.9</ele>
      </trkpt>
      <trkpt lat="46.10927" lon="6.8564">
        <ele>1156.2</ele>
      </trkpt>
      <trkpt lat="46.10922" lon="6.85614">
        <ele>1159.7</ele>
      </trkpt>
      <trkpt lat="46.10778" lon="6.85355">
        <ele>1189.1</ele>
      </trkpt>
      <trkpt lat="46.10765" lon="6.85347">
        <ele>1188.2</ele>
      </trkpt>
      <trkpt lat="46.10734" lon="6.85375">
        <ele>1152.4</ele>
      </trkpt>
      <trkpt lat="46.10689" lon="6.85357">
        <ele>1143.1</ele>
      </trkpt>
      <trkpt lat="46.10624" lon="6.85253">
        <ele>1127.9</ele>
      </trkpt>
      <trkpt lat="46.10574" lon="6.85152">
        <ele>1149.3</ele>
      </trkpt>
      <trkpt lat="46.10461" lon="6.848">
        <ele>1170.9</ele>
      </trkpt>
      <trkpt lat="46.10432" lon="6.8478">
        <ele>1162.3</ele>
      </trkpt>
      <trkpt lat="46.1043" lon="6.84744">
        <ele>1163.8</ele>
      </trkpt>
      <trkpt lat="46.10394" lon="6.84734">
        <ele>1133.3</ele>
      </trkpt>
      <trkpt lat="46.10339" lon="6.84533">
        <ele>1152.1</ele>
      </trkpt>
      <trkpt lat="46.10342" lon="6.84472">
        <ele>1163.7</ele>
      </trkpt>
      <trkpt lat="46.10282" lon="6.84504">
        <ele>1125.8</ele>
      </trkpt>
      <trkpt lat="46.10265" lon="6.84543">
        <ele>1121.6</ele>
      </trkpt>
      <trkpt lat="46.1024" lon="6.84517">
        <ele>1116</ele>
      </trkpt>
      <trkpt lat="46.1021" lon="6.8453">
        <ele>1112.2</ele>
      </trkpt>
      <trkpt lat="46.10184" lon="6.84517">
        <ele>1112</ele>
      </trkpt>
      <trkpt lat="46.1019" lon="6.84501">
        <ele>1112.7</ele>
      </trkpt>
      <trkpt lat="46.1021" lon="6.84498">
        <ele>1121.7</ele>
      </trkpt>
      <trkpt lat="46.10206" lon="6.84464">
        <ele>1123.4</ele>
      </trkpt>
      <trkpt lat="46.10228" lon="6.8444">
        <ele>1127.6</ele>
      </trkpt>
      <trkpt lat="46.10243" lon="6.84369">
        <ele>1140.7</ele>
      </trkpt>
      <trkpt lat="46.10268" lon="6.84361">
        <ele>1152.6</ele>
      </trkpt>
      <trkpt lat="46.10278" lon="6.84373">
        <ele>1152.9</ele>
      </trkpt>
      <trkpt lat="46.10304" lon="6.8431">
        <ele>1171.1</ele>
      </trkpt>
      <trkpt lat="46.10316" lon="6.84244">
        <ele>1194.2</ele>
      </trkpt>
      <trkpt lat="46.10296" lon="6.84184">
        <ele>1196.5</ele>
      </trkpt>
      <trkpt lat="46.10323" lon="6.84188">
        <ele>1201.1</ele>
      </trkpt>
      <trkpt lat="46.10311" lon="6.84094">
        <ele>1221.9</ele>
      </trkpt>
      <trkpt lat="46.10323" lon="6.84094">
        <ele>1226.1</ele>
      </trkpt>
      <trkpt lat="46.10314" lon="6.84043">
        <ele>1242</ele>
      </trkpt>
      <trkpt lat="46.10293" lon="6.84014">
        <ele>1244.1</ele>
      </trkpt>
      <trkpt lat="46.10295" lon="6.84006">
        <ele>1245.3</ele>
      </trkpt>
      <trkpt lat="46.10288" lon="6.83974">
        <ele>1287.9</ele>
      </trkpt>
      <trkpt lat="46.10272" lon="6.83976">
        <ele>1281.7</ele>
      </trkpt>
      <trkpt lat="46.10264" lon="6.83962">
        <ele>1287.4</ele>
      </trkpt>
      <trkpt lat="46.10247" lon="6.83965">
        <ele>1261.9</ele>
      </trkpt>
      <trkpt lat="46.10242" lon="6.83944">
        <ele>1271.8</ele>
      </trkpt>
      <trkpt lat="46.10222" lon="6.83933">
        <ele>1270.3</ele>
      </trkpt>
      <trkpt lat="46.10223" lon="6.83906">
        <ele>1300.2</ele>
      </trkpt>
      <trkpt lat="46.1022" lon="6.83897">
        <ele>1301.1</ele>
      </trkpt>
      <trkpt lat="46.10202" lon="6.83912">
        <ele>1292.7</ele>
      </trkpt>
      <trkpt lat="46.10186" lon="6.83871">
        <ele>1299</ele>
      </trkpt>
      <trkpt lat="46.10191" lon="6.83845">
        <ele>1304.5</ele>
      </trkpt>
      <trkpt lat="46.10182" lon="6.8382">
        <ele>1326.1</ele>
      </trkpt>
      <trkpt lat="46.10203" lon="6.8381">
        <ele>1340.4</ele>
      </trkpt>
      <trkpt lat="46.10218" lon="6.83818">
        <ele>1345</ele>
      </trkpt>
      <trkpt lat="46.10235" lon="6.83783">
        <ele>1356.7</ele>
      </trkpt>
      <trkpt lat="46.10254" lon="6.83774">
        <ele>1392.5</ele>
      </trkpt>
      <trkpt lat="46.10275" lon="6.83788">
        <ele>1394.7</ele>
      </trkpt>
      <trkpt lat="46.10356" lon="6.83745">
        <ele>1444.9</ele>
      </trkpt>
      <trkpt lat="46.10412" lon="6.83747">
        <ele>1445.7</ele>
      </trkpt>
      <trkpt lat="46.10449" lon="6.83763">
        <ele>1451.3</ele>
      </trkpt>
      <trkpt lat="46.10453" lon="6.83789">
        <ele>1450.1</ele>
      </trkpt>
      <trkpt lat="46.10473" lon="6.83797">
        <ele>1451.3</ele>
      </trkpt>
      <trkpt lat="46.10515" lon="6.83776">
        <ele>1472.7</ele>
      </trkpt>
      <trkpt lat="46.10528" lon="6.83779">
        <ele>1473.9</ele>
      </trkpt>
      <trkpt lat="46.10604" lon="6.83812">
        <ele>1501.6</ele>
      </trkpt>
      <trkpt lat="46.10628" lon="6.83797">
        <ele>1511.8</ele>
      </trkpt>
      <trkpt lat="46.10626" lon="6.83785">
        <ele>1512.5</ele>
      </trkpt>
      <trkpt lat="46.10668" lon="6.83742">
        <ele>1546.9</ele>
      </trkpt>
      <trkpt lat="46.10675" lon="6.83748">
        <ele>1547.1</ele>
      </trkpt>
      <trkpt lat="46.10723" lon="6.83729">
        <ele>1568.7</ele>
      </trkpt>
      <trkpt lat="46.10723" lon="6.8371">
        <ele>1569.1</ele>
      </trkpt>
      <trkpt lat="46.10762" lon="6.83671">
        <ele>1593.8</ele>
      </trkpt>
      <trkpt lat="46.10765" lon="6.83659">
        <ele>1597.1</ele>
      </trkpt>
      <trkpt lat="46.10829" lon="6.83663">
        <ele>1604.4</ele>
      </trkpt>
      <trkpt lat="46.10862" lon="6.83675">
        <ele>1623.7</ele>
      </trkpt>
      <trkpt lat="46.10873" lon="6.83694">
        <ele>1629</ele>
      </trkpt>
      <trkpt lat="46.10899" lon="6.837">
        <ele>1635.7</ele>
      </trkpt>
      <trkpt lat="46.11067" lon="6.83724">
        <ele>1684.8</ele>
      </trkpt>
      <trkpt lat="46.11135" lon="6.83719">
        <ele>1687.6</ele>
      </trkpt>
      <trkpt lat="46.11151" lon="6.83739">
        <ele>1690.6</ele>
      </trkpt>
      <trkpt lat="46.11207" lon="6.83712">
        <ele>1709</ele>
      </trkpt>
      <trkpt lat="46.11231" lon="6.83637">
        <ele>1713.5</ele>
      </trkpt>
      <trkpt lat="46.11256" lon="6.8358">
        <ele>1732.8</ele>
      </trkpt>
      <trkpt lat="46.11312" lon="6.83545">
        <ele>1747.4</ele>
      </trkpt>
      <trkpt lat="46.11328" lon="6.83502">
        <ele>1749.4</ele>
      </trkpt>
      <trkpt lat="46.11355" lon="6.83478">
        <ele>1751.5</ele>
      </trkpt>
      <trkpt lat="46.11369" lon="6.83481">
        <ele>1752.7</ele>
      </trkpt>
      <trkpt lat="46.1139" lon="6.83446">
        <ele>1749.9</ele>
      </trkpt>
      <trkpt lat="46.11515" lon="6.83384">
        <ele>1853.3</ele>
      </trkpt>
      <trkpt lat="46.11613" lon="6.83395">
        <ele>1973.6</ele>
      </trkpt>
      <trkpt lat="46.11711" lon="6.83445">
        <ele>1987.4</ele>
      </trkpt>
      <trkpt lat="46.11728" lon="6.83483">
        <ele>1993.4</ele>
      </trkpt>
      <trkpt lat="46.11726" lon="6.83504">
        <ele>2004</ele>
      </trkpt>
      <trkpt lat="46.11758" lon="6.8351">
        <ele>2011.3</ele>
      </trkpt>
      <trkpt lat="46.11757" lon="6.83534">
        <ele>2016.9</ele>
      </trkpt>
      <trkpt lat="46.11763" lon="6.83598">
        <ele>2013.2</ele>
      </trkpt>
      <trkpt lat="46.11751" lon="6.8361">
        <ele>2009.3</ele>
      </trkpt>
      <trkpt lat="46.11738" lon="6.83606">
        <ele>2004.6</ele>
      </trkpt>
      <trkpt lat="46.11737" lon="6.83637">
        <ele>1991.2</ele>
      </trkpt>
      <trkpt lat="46.11731" lon="6.83654">
        <ele>1986.8</ele>
      </trkpt>
      <trkpt lat="46.11744" lon="6.83663">
        <ele>1985.4</ele>
      </trkpt>
      <trkpt lat="46.11727" lon="6.83703">
        <ele>1944.8</ele>
      </trkpt>
      <trkpt lat="46.11716" lon="6.83707">
        <ele>1940</ele>
      </trkpt>
      <trkpt lat="46.11722" lon="6.83721">
        <ele>1937.7</ele>
      </trkpt>
      <trkpt lat="46.11731" lon="6.83751">
        <ele>1923.5</ele>
      </trkpt>
      <trkpt lat="46.11719" lon="6.83912">
        <ele>1925</ele>
      </trkpt>
      <trkpt lat="46.11713" lon="6.83927">
        <ele>1928.4</ele>
      </trkpt>
      <trkpt lat="46.11723" lon="6.8398">
        <ele>1933.5</ele>
      </trkpt>
      <trkpt lat="46.1174" lon="6.84003">
        <ele>1946.3</ele>
      </trkpt>
      <trkpt lat="46.1175" lon="6.84021">
        <ele>1944.7</ele>
      </trkpt>
      <trkpt lat="46.11742" lon="6.84047">
        <ele>1944.1</ele>
      </trkpt>
      <trkpt lat="46.11742" lon="6.84073">
        <ele>1949.6</ele>
      </trkpt>
      <trkpt lat="46.11731" lon="6.84114">
        <ele>1957.5</ele>
      </trkpt>
      <trkpt lat="46.11732" lon="6.84194">
        <ele>1982.7</ele>
      </trkpt>
      <trkpt lat="46.11707" lon="6.8429">
        <ele>2009.7</ele>
      </trkpt>
      <trkpt lat="46.11715" lon="6.84304">
        <ele>2012.3</ele>
      </trkpt>
      <trkpt lat="46.11698" lon="6.84367">
        <ele>2029</ele>
      </trkpt>
      <trkpt lat="46.11711" lon="6.84417">
        <ele>2038.6</ele>
      </trkpt>
      <trkpt lat="46.11741" lon="6.84443">
        <ele>2041.3</ele>
      </trkpt>
      <trkpt lat="46.11738" lon="6.8447">
        <ele>2040.7</ele>
      </trkpt>
      <trkpt lat="46.11753" lon="6.8449">
        <ele>2051</ele>
      </trkpt>
      <trkpt lat="46.11756" lon="6.84522">
        <ele>2043</ele>
      </trkpt>
      <trkpt lat="46.11796" lon="6.84609">
        <ele>2014.6</ele>
      </trkpt>
      <trkpt lat="46.11825" lon="6.84642">
        <ele>2010.6</ele>
      </trkpt>
      <trkpt lat="46.11869" lon="6.84653">
        <ele>2042.3</ele>
      </trkpt>
      <trkpt lat="46.11892" lon="6.84697">
        <ele>2021.5</ele>
      </trkpt>
      <trkpt lat="46.11922" lon="6.84719">
        <ele>2046.3</ele>
      </trkpt>
      <trkpt lat="46.11981" lon="6.84803">
        <ele>2032.7</ele>
      </trkpt>
      <trkpt lat="46.12008" lon="6.84853">
        <ele>2043.4</ele>
      </trkpt>
      <trkpt lat="46.12072" lon="6.84906">
        <ele>2053.1</ele>
      </trkpt>
      <trkpt lat="46.12082" lon="6.84903">
        <ele>2054.2</ele>
      </trkpt>
      <trkpt lat="46.12099" lon="6.84927">
        <ele>2064.2</ele>
      </trkpt>
      <trkpt lat="46.12114" lon="6.84923">
        <ele>2069.4</ele>
      </trkpt>
      <trkpt lat="46.12116" lon="6.84953">
        <ele>2068.2</ele>
      </trkpt>
      <trkpt lat="46.12162" lon="6.85035">
        <ele>2066.4</ele>
      </trkpt>
      <trkpt lat="46.12175" lon="6.85041">
        <ele>2098.2</ele>
      </trkpt>
      <trkpt lat="46.12175" lon="6.85055">
        <ele>2095.6</ele>
      </trkpt>
      <trkpt lat="46.12199" lon="6.85086">
        <ele>2098</ele>
      </trkpt>
      <trkpt lat="46.1221" lon="6.85091">
        <ele>2103.8</ele>
      </trkpt>
      <trkpt lat="46.12208" lon="6.85111">
        <ele>2103.4</ele>
      </trkpt>
      <trkpt lat="46.1224" lon="6.8517">
        <ele>2124.4</ele>
      </trkpt>
      <trkpt lat="46.12251" lon="6.85179">
        <ele>2145</ele>
      </trkpt>
      <trkpt lat="46.1225" lon="6.85208">
        <ele>2153.8</ele>
      </trkpt>
      <trkpt lat="46.12255" lon="6.85229">
        <ele>2151.9</ele>
      </trkpt>
      <trkpt lat="46.12275" lon="6.85249">
        <ele>2156.9</ele>
      </trkpt>
      <trkpt lat="46.12289" lon="6.8544">
        <ele>2125.2</ele>
      </trkpt>
      <trkpt lat="46.12285" lon="6.85487">
        <ele>2117</ele>
      </trkpt>
      <trkpt lat="46.12304" lon="6.85578">
        <ele>2098.3</ele>
      </trkpt>
      <trkpt lat="46.1233" lon="6.85602">
        <ele>2095.6</ele>
      </trkpt>
      <trkpt lat="46.12373" lon="6.85637">
        <ele>2123.2</ele>
      </trkpt>
      <trkpt lat="46.12413" lon="6.85696">
        <ele>2120.1</ele>
      </trkpt>
      <trkpt lat="46.12438" lon="6.85701">
        <ele>2136.6</ele>
      </trkpt>
      <trkpt lat="46.12491" lon="6.85787">
        <ele>2185.5</ele>
      </trkpt>
      <trkpt lat="46.125" lon="6.85854">
        <ele>2304.6</ele>
      </trkpt>
      <trkpt lat="46.1252" lon="6.85882">
        <ele>2331.9</ele>
      </trkpt>
      <trkpt lat="46.12539" lon="6.85962">
        <ele>2369</ele>
      </trkpt>
      <trkpt lat="46.12559" lon="6.8598">
        <ele>2372.1</ele>
      </trkpt>
      <trkpt lat="46.12586" lon="6.8608">
        <ele>2384.6</ele>
      </trkpt>
      <trkpt lat="46.12597" lon="6.86144">
        <ele>2384.9</ele>
      </trkpt>
      <trkpt lat="46.12596" lon="6.86243">
        <ele>2380</ele>
      </trkpt>
      <trkpt lat="46.1259" lon="6.8632">
        <ele>2384.9</ele>
      </trkpt>
      <trkpt lat="46.12586" lon="6.86397">
        <ele>2394.3</ele>
      </trkpt>
      <trkpt lat="46.12569" lon="6.86419">
        <ele>2406.9</ele>
      </trkpt>
      <trkpt lat="46.1257" lon="6.86443">
        <ele>2407.5</ele>
      </trkpt>
      <trkpt lat="46.12575" lon="6.86451">
        <ele>2408.3</ele>
      </trkpt>
      <trkpt lat="46.12571" lon="6.86482">
        <ele>2412.3</ele>
      </trkpt>
      <trkpt lat="46.12559" lon="6.8659">
        <ele>2427</ele>
      </trkpt>
      <trkpt lat="46.12565" lon="6.86631">
        <ele>2430.8</ele>
      </trkpt>
      <trkpt lat="46.1255" lon="6.86684">
        <ele>2445.7</ele>
      </trkpt>
      <trkpt lat="46.12544" lon="6.86745">
        <ele>2452.1</ele>
      </trkpt>
      <trkpt lat="46.12534" lon="6.86789">
        <ele>2468.1</ele>
      </trkpt>
      <trkpt lat="46.12526" lon="6.86807">
        <ele>2472.4</ele>
      </trkpt>
      <trkpt lat="46.12521" lon="6.86821">
        <ele>2476.6</ele>
      </trkpt>
      <trkpt lat="46.12524" lon="6.86839">
        <ele>2485.2</ele>
      </trkpt>
      <trkpt lat="46.12511" lon="6.86884">
        <ele>2489.2</ele>
      </trkpt>
      <trkpt lat="46.12512" lon="6.86951">
        <ele>2496.6</ele>
      </trkpt>
      <trkpt lat="46.12544" lon="6.87092">
        <ele>2495.5</ele>
      </trkpt>
      <trkpt lat="46.12564" lon="6.87194">
        <ele>2499.9</ele>
      </trkpt>
      <trkpt lat="46.1257" lon="6.87305">
        <ele>2502.6</ele>
      </trkpt>
      <trkpt lat="46.12569" lon="6.87329">
        <ele>2507.3</ele>
      </trkpt>
      <trkpt lat="46.12573" lon="6.87372">
        <ele>2503.7</ele>
      </trkpt>
      <trkpt lat="46.12571" lon="6.87414">
        <ele>2509.3</ele>
      </trkpt>
      <trkpt lat="46.12568" lon="6.87494">
        <ele>2506.7</ele>
      </trkpt>
      <trkpt lat="46.1257" lon="6.87514">
        <ele>2503.9</ele>
      </trkpt>
      <trkpt lat="46.12545" lon="6.87699">
        <ele>2493.9</ele>
      </trkpt>
      <trkpt lat="46.12552" lon="6.87711">
        <ele>2494.4</ele>
      </trkpt>
      <trkpt lat="46.12577" lon="6.87707">
        <ele>2495.1</ele>
      </trkpt>
      <trkpt lat="46.12586" lon="6.87673">
        <ele>2497.4</ele>
      </trkpt>
      <trkpt lat="46.12605" lon="6.87664">
        <ele>2495.2</ele>
      </trkpt>
      <trkpt lat="46.1264" lon="6.87651">
        <ele>2492.5</ele>
      </trkpt>
      <trkpt lat="46.12652" lon="6.87648">
        <ele>2492</ele>
      </trkpt>
      <trkpt lat="46.12671" lon="6.87632">
        <ele>2485.5</ele>
      </trkpt>
      <trkpt lat="46.12686" lon="6.87637">
        <ele>2485.3</ele>
      </trkpt>
      <trkpt lat="46.12684" lon="6.87664">
        <ele>2487.6</ele>
      </trkpt>
      <trkpt lat="46.12707" lon="6.87678">
        <ele>2445.2</ele>
      </trkpt>
      <trkpt lat="46.12715" lon="6.8767">
        <ele>2446.1</ele>
      </trkpt>
      <trkpt lat="46.12732" lon="6.8769">
        <ele>2432.3</ele>
      </trkpt>
      <trkpt lat="46.12752" lon="6.87687">
        <ele>2366.4</ele>
      </trkpt>
      <trkpt lat="46.12769" lon="6.87707">
        <ele>2302.8</ele>
      </trkpt>
      <trkpt lat="46.1276" lon="6.87728">
        <ele>2272.9</ele>
      </trkpt>
      <trkpt lat="46.1274" lon="6.87733">
        <ele>2342.3</ele>
      </trkpt>
      <trkpt lat="46.12722" lon="6.87764">
        <ele>2309</ele>
      </trkpt>
      <trkpt lat="46.12729" lon="6.87778">
        <ele>2303.8</ele>
      </trkpt>
      <trkpt lat="46.12724" lon="6.87801">
        <ele>2306.1</ele>
      </trkpt>
      <trkpt lat="46.12723" lon="6.87833">
        <ele>2297.1</ele>
      </trkpt>
      <trkpt lat="46.12732" lon="6.8788">
        <ele>2285.4</ele>
      </trkpt>
      <trkpt lat="46.12737" lon="6.8793">
        <ele>2290.2</ele>
      </trkpt>
      <trkpt lat="46.12752" lon="6.87953">
        <ele>2267.8</ele>
      </trkpt>
      <trkpt lat="46.12786" lon="6.88036">
        <ele>2257.2</ele>
      </trkpt>
      <trkpt lat="46.12819" lon="6.88041">
        <ele>2249.7</ele>
      </trkpt>
      <trkpt lat="46.12826" lon="6.88027">
        <ele>2247.7</ele>
      </trkpt>
      <trkpt lat="46.12881" lon="6.88045">
        <ele>2217</ele>
      </trkpt>
      <trkpt lat="46.12899" lon="6.88074">
        <ele>2210.8</ele>
      </trkpt>
      <trkpt lat="46.12913" lon="6.88076">
        <ele>2206</ele>
      </trkpt>
      <trkpt lat="46.1292" lon="6.88098">
        <ele>2190.7</ele>
      </trkpt>
      <trkpt lat="46.12947" lon="6.88077">
        <ele>2191.9</ele>
      </trkpt>
      <trkpt lat="46.12975" lon="6.88112">
        <ele>2177.6</ele>
      </trkpt>
      <trkpt lat="46.12973" lon="6.88156">
        <ele>2170.8</ele>
      </trkpt>
      <trkpt lat="46.13015" lon="6.88288">
        <ele>2122.9</ele>
      </trkpt>
      <trkpt lat="46.13051" lon="6.88321">
        <ele>2113.3</ele>
      </trkpt>
      <trkpt lat="46.13071" lon="6.88293">
        <ele>2108.1</ele>
      </trkpt>
      <trkpt lat="46.1312" lon="6.88329">
        <ele>2076.4</ele>
      </trkpt>
      <trkpt lat="46.13163" lon="6.88315">
        <ele>2065.6</ele>
      </trkpt>
      <trkpt lat="46.13166" lon="6.88293">
        <ele>2065.6</ele>
      </trkpt>
      <trkpt lat="46.13227" lon="6.88273">
        <ele>2034.6</ele>
      </trkpt>
      <trkpt lat="46.1323" lon="6.88283">
        <ele>2034.6</ele>
      </trkpt>
      <trkpt lat="46.13254" lon="6.88349">
        <ele>2008.7</ele>
      </trkpt>
      <trkpt lat="46.13254" lon="6.88414">
        <ele>2006.9</ele>
      </trkpt>
      <trkpt lat="46.13276" lon="6.88494">
        <ele>1978.7</ele>
      </trkpt>
      <trkpt lat="46.13289" lon="6.88617">
        <ele>1974.8</ele>
      </trkpt>
      <trkpt lat="46.13316" lon="6.88675">
        <ele>1971.4</ele>
      </trkpt>
      <trkpt lat="46.13337" lon="6.88746">
        <ele>1964.5</ele>
      </trkpt>
      <trkpt lat="46.13353" lon="6.88758">
        <ele>1961.3</ele>
      </trkpt>
      <trkpt lat="46.13347" lon="6.88777">
        <ele>1961.4</ele>
      </trkpt>
      <trkpt lat="46.13388" lon="6.88789">
        <ele>1954.9</ele>
      </trkpt>
      <trkpt lat="46.13403" lon="6.88778">
        <ele>1951.5</ele>
      </trkpt>
      <trkpt lat="46.1341" lon="6.88787">
        <ele>1951.8</ele>
      </trkpt>
      <trkpt lat="46.13419" lon="6.88777">
        <ele>1936</ele>
      </trkpt>
      <trkpt lat="46.13422" lon="6.88792">
        <ele>1936.2</ele>
      </trkpt>
      <trkpt lat="46.13436" lon="6.88789">
        <ele>1935</ele>
      </trkpt>
      <trkpt lat="46.1345" lon="6.88808">
        <ele>1934.5</ele>
      </trkpt>
      <trkpt lat="46.13456" lon="6.88808">
        <ele>1933.7</ele>
      </trkpt>
      <trkpt lat="46.13459" lon="6.88817">
        <ele>1933.5</ele>
      </trkpt>
      <trkpt lat="46.13457" lon="6.88834">
        <ele>1939.8</ele>
      </trkpt>
      <trkpt lat="46.13475" lon="6.8884">
        <ele>1936.2</ele>
      </trkpt>
      <trkpt lat="46.13483" lon="6.88868">
        <ele>1938.1</ele>
      </trkpt>
      <trkpt lat="46.13497" lon="6.88868">
        <ele>1936.8</ele>
      </trkpt>
      <trkpt lat="46.13508" lon="6.88881">
        <ele>1935.3</ele>
      </trkpt>
      <trkpt lat="46.1352" lon="6.88883">
        <ele>1936</ele>
      </trkpt>
      <trkpt lat="46.13549" lon="6.88871">
        <ele>1937.7</ele>
      </trkpt>
      <trkpt lat="46.13569" lon="6.88875">
        <ele>1939.2</ele>
      </trkpt>
      <trkpt lat="46.13608" lon="6.88866">
        <ele>1953.1</ele>
      </trkpt>
      <trkpt lat="46.13642" lon="6.88839">
        <ele>1959.1</ele>
      </trkpt>
      <trkpt lat="46.13684" lon="6.88895">
        <ele>1979</ele>
      </trkpt>
      <trkpt lat="46.13691" lon="6.88949">
        <ele>1982.4</ele>
      </trkpt>
      <trkpt lat="46.13692" lon="6.88997">
        <ele>1981.4</ele>
      </trkpt>
      <trkpt lat="46.13703" lon="6.89075">
        <ele>1989</ele>
      </trkpt>
      <trkpt lat="46.13715" lon="6.89081">
        <ele>1991.9</ele>
      </trkpt>
      <trkpt lat="46.13725" lon="6.89106">
        <ele>1997.4</ele>
      </trkpt>
      <trkpt lat="46.13723" lon="6.89142">
        <ele>1998.3</ele>
      </trkpt>
      <trkpt lat="46.13739" lon="6.89185">
        <ele>2004.7</ele>
      </trkpt>
      <trkpt lat="46.13762" lon="6.89329">
        <ele>2026.3</ele>
      </trkpt>
      <trkpt lat="46.13776" lon="6.89318">
        <ele>2029.1</ele>
      </trkpt>
      <trkpt lat="46.13785" lon="6.8933">
        <ele>2030.8</ele>
      </trkpt>
      <trkpt lat="46.13804" lon="6.89421">
        <ele>2049.1</ele>
      </trkpt>
      <trkpt lat="46.13821" lon="6.8943">
        <ele>2051.2</ele>
      </trkpt>
      <trkpt lat="46.13835" lon="6.8943">
        <ele>2058.9</ele>
      </trkpt>
      <trkpt lat="46.13856" lon="6.8949">
        <ele>2066.8</ele>
      </trkpt>
      <trkpt lat="46.13853" lon="6.89532">
        <ele>2068.6</ele>
      </trkpt>
      <trkpt lat="46.13858" lon="6.8955">
        <ele>2068.5</ele>
      </trkpt>
      <trkpt lat="46.13875" lon="6.89555">
        <ele>2070.1</ele>
      </trkpt>
      <trkpt lat="46.13906" lon="6.89679">
        <ele>2080.8</ele>
      </trkpt>
      <trkpt lat="46.13941" lon="6.8976">
        <ele>2095.8</ele>
      </trkpt>
      <trkpt lat="46.13963" lon="6.89795">
        <ele>2099.6</ele>
      </trkpt>
      <trkpt lat="46.13975" lon="6.8983">
        <ele>2102.7</ele>
      </trkpt>
      <trkpt lat="46.13996" lon="6.89893">
        <ele>2105.3</ele>
      </trkpt>
      <trkpt lat="46.14097" lon="6.9003">
        <ele>2143.4</ele>
      </trkpt>
      <trkpt lat="46.14105" lon="6.90054">
        <ele>2143.6</ele>
      </trkpt>
      <trkpt lat="46.14141" lon="6.90101">
        <ele>2147.9</ele>
      </trkpt>
      <trkpt lat="46.14151" lon="6.90128">
        <ele>2149.1</ele>
      </trkpt>
      <trkpt lat="46.14161" lon="6.90138">
        <ele>2150.5</ele>
      </trkpt>
      <trkpt lat="46.14166" lon="6.90168">
        <ele>2157.4</ele>
      </trkpt>
      <trkpt lat="46.14182" lon="6.90204">
        <ele>2169.3</ele>
      </trkpt>
      <trkpt lat="46.14194" lon="6.90253">
        <ele>2172.8</ele>
      </trkpt>
      <trkpt lat="46.14214" lon="6.90304">
        <ele>2180.8</ele>
      </trkpt>
      <trkpt lat="46.14248" lon="6.90314">
        <ele>2190.5</ele>
      </trkpt>
      <trkpt lat="46.14278" lon="6.90341">
        <ele>2215.1</ele>
      </trkpt>
      <trkpt lat="46.14324" lon="6.90444">
        <ele>2220.5</ele>
      </trkpt>
      <trkpt lat="46.14344" lon="6.90482">
        <ele>2237.4</ele>
      </trkpt>
      <trkpt lat="46.14386" lon="6.9052">
        <ele>2247.5</ele>
      </trkpt>
      <trkpt lat="46.14393" lon="6.90555">
        <ele>2249.5</ele>
      </trkpt>
      <trkpt lat="46.14386" lon="6.90593">
        <ele>2250.6</ele>
      </trkpt>
      <trkpt lat="46.14398" lon="6.90631">
        <ele>2252.7</ele>
      </trkpt>
      <trkpt lat="46.14412" lon="6.90679">
        <ele>2259.4</ele>
      </trkpt>
      <trkpt lat="46.14408" lon="6.90699">
        <ele>2253.5</ele>
      </trkpt>
      <trkpt lat="46.14419" lon="6.90732">
        <ele>2269.2</ele>
      </trkpt>
      <trkpt lat="46.14437" lon="6.90779">
        <ele>2268.3</ele>
      </trkpt>
      <trkpt lat="46.14476" lon="6.90817">
        <ele>2274.5</ele>
      </trkpt>
      <trkpt lat="46.14498" lon="6.9086">
        <ele>2272.9</ele>
      </trkpt>
      <trkpt lat="46.14509" lon="6.90884">
        <ele>2288.8</ele>
      </trkpt>
      <trkpt lat="46.14529" lon="6.90913">
        <ele>2289.6</ele>
      </trkpt>
      <trkpt lat="46.14537" lon="6.90931">
        <ele>2287.9</ele>
      </trkpt>
      <trkpt lat="46.14561" lon="6.90983">
        <ele>2288.9</ele>
      </trkpt>
      <trkpt lat="46.14569" lon="6.9101">
        <ele>2287.9</ele>
      </trkpt>
      <trkpt lat="46.14619" lon="6.91122">
        <ele>2289.4</ele>
      </trkpt>
      <trkpt lat="46.14616" lon="6.91128">
        <ele>2289.4</ele>
      </trkpt>
      <trkpt lat="46.14623" lon="6.91142">
        <ele>2289.4</ele>
      </trkpt>
      <trkpt lat="46.14624" lon="6.9116">
        <ele>2289.3</ele>
      </trkpt>
      <trkpt lat="46.14624" lon="6.912">
        <ele>2295.1</ele>
      </trkpt>
      <trkpt lat="46.14633" lon="6.91221">
        <ele>2295.9</ele>
      </trkpt>
      <trkpt lat="46.14664" lon="6.91262">
        <ele>2306.9</ele>
      </trkpt>
      <trkpt lat="46.14695" lon="6.91342">
        <ele>2355.9</ele>
      </trkpt>
      <trkpt lat="46.14724" lon="6.91412">
        <ele>2385.7</ele>
      </trkpt>
      <trkpt lat="46.14739" lon="6.91461">
        <ele>2431.2</ele>
      </trkpt>
      <trkpt lat="46.14772" lon="6.91461">
        <ele>2445.2</ele>
      </trkpt>
      <trkpt lat="46.14796" lon="6.91462">
        <ele>2449.8</ele>
      </trkpt>
      <trkpt lat="46.14806" lon="6.91476">
        <ele>2452.5</ele>
      </trkpt>
      <trkpt lat="46.14817" lon="6.91509">
        <ele>2464.7</ele>
      </trkpt>
      <trkpt lat="46.14835" lon="6.91546">
        <ele>2458.7</ele>
      </trkpt>
      <trkpt lat="46.14842" lon="6.91568">
        <ele>2455.6</ele>
      </trkpt>
      <trkpt lat="46.14852" lon="6.91618">
        <ele>2452.1</ele>
      </trkpt>
      <trkpt lat="46.14866" lon="6.91644">
        <ele>2452</ele>
      </trkpt>
      <trkpt lat="46.14888" lon="6.91688">
        <ele>2450.5</ele>
      </trkpt>
      <trkpt lat="46.14904" lon="6.91722">
        <ele>2450.8</ele>
      </trkpt>
      <trkpt lat="46.14911" lon="6.91756">
        <ele>2446.4</ele>
      </trkpt>
      <trkpt lat="46.14902" lon="6.91773">
        <ele>2440.1</ele>
      </trkpt>
      <trkpt lat="46.14885" lon="6.91797">
        <ele>2432.9</ele>
      </trkpt>
      <trkpt lat="46.14849" lon="6.91817">
        <ele>2405.9</ele>
      </trkpt>
      <trkpt lat="46.14847" lon="6.91855">
        <ele>2368</ele>
      </trkpt>
      <trkpt lat="46.14833" lon="6.91849">
        <ele>2365</ele>
      </trkpt>
      <trkpt lat="46.14845" lon="6.91875">
        <ele>2355</ele>
      </trkpt>
      <trkpt lat="46.1484" lon="6.91885">
        <ele>2338.6</ele>
      </trkpt>
      <trkpt lat="46.14847" lon="6.91896">
        <ele>2328.3</ele>
      </trkpt>
      <trkpt lat="46.14843" lon="6.91913">
        <ele>2284.1</ele>
      </trkpt>
      <trkpt lat="46.14835" lon="6.91964">
        <ele>2301</ele>
      </trkpt>
      <trkpt lat="46.14841" lon="6.91989">
        <ele>2272.1</ele>
      </trkpt>
      <trkpt lat="46.14849" lon="6.92017">
        <ele>2297.1</ele>
      </trkpt>
      <trkpt lat="46.14851" lon="6.92037">
        <ele>2313.8</ele>
      </trkpt>
      <trkpt lat="46.14882" lon="6.92036">
        <ele>2361.5</ele>
      </trkpt>
      <trkpt lat="46.14909" lon="6.92057">
        <ele>2406.3</ele>
      </trkpt>
      <trkpt lat="46.14915" lon="6.92069">
        <ele>2434.2</ele>
      </trkpt>
      <trkpt lat="46.14908" lon="6.92093">
        <ele>2421.3</ele>
      </trkpt>
      <trkpt lat="46.14897" lon="6.92105">
        <ele>2370.3</ele>
      </trkpt>
      <trkpt lat="46.1488" lon="6.92128">
        <ele>2327.5</ele>
      </trkpt>
      <trkpt lat="46.14848" lon="6.92154">
        <ele>2262.4</ele>
      </trkpt>
      <trkpt lat="46.14823" lon="6.92169">
        <ele>2186.8</ele>
      </trkpt>
      <trkpt lat="46.14819" lon="6.92165">
        <ele>2193.3</ele>
      </trkpt>
      <trkpt lat="46.14807" lon="6.92175">
        <ele>2179.2</ele>
      </trkpt>
      <trkpt lat="46.14778" lon="6.92158">
        <ele>2186.2</ele>
      </trkpt>
      <trkpt lat="46.14763" lon="6.92163">
        <ele>2180.1</ele>
      </trkpt>
      <trkpt lat="46.14749" lon="6.92184">
        <ele>2161</ele>
      </trkpt>
      <trkpt lat="46.14726" lon="6.9219">
        <ele>2155.7</ele>
      </trkpt>
      <trkpt lat="46.14677" lon="6.92209">
        <ele>2148.5</ele>
      </trkpt>
      <trkpt lat="46.14696" lon="6.92225">
        <ele>2148.4</ele>
      </trkpt>
      <trkpt lat="46.14683" lon="6.92233">
        <ele>2145.7</ele>
      </trkpt>
      <trkpt lat="46.14697" lon="6.92239">
        <ele>2147.2</ele>
      </trkpt>
      <trkpt lat="46.14674" lon="6.92262">
        <ele>2146.8</ele>
      </trkpt>
      <trkpt lat="46.14681" lon="6.92273">
        <ele>2151.6</ele>
      </trkpt>
      <trkpt lat="46.14665" lon="6.92294">
        <ele>2172.9</ele>
      </trkpt>
      <trkpt lat="46.14679" lon="6.92299">
        <ele>2160.7</ele>
      </trkpt>
      <trkpt lat="46.1467" lon="6.92316">
        <ele>2171.4</ele>
      </trkpt>
      <trkpt lat="46.14657" lon="6.92313">
        <ele>2181.7</ele>
      </trkpt>
      <trkpt lat="46.14653" lon="6.92321">
        <ele>2184.3</ele>
      </trkpt>
      <trkpt lat="46.14668" lon="6.92337">
        <ele>2193.2</ele>
      </trkpt>
      <trkpt lat="46.14663" lon="6.92346">
        <ele>2215.6</ele>
      </trkpt>
      <trkpt lat="46.14644" lon="6.92349">
        <ele>2231.7</ele>
      </trkpt>
      <trkpt lat="46.14654" lon="6.92372">
        <ele>2244.3</ele>
      </trkpt>
      <trkpt lat="46.14618" lon="6.92392">
        <ele>2260.6</ele>
      </trkpt>
      <trkpt lat="46.14608" lon="6.92389">
        <ele>2261.9</ele>
      </trkpt>
      <trkpt lat="46.14613" lon="6.92407">
        <ele>2268.3</ele>
      </trkpt>
      <trkpt lat="46.14619" lon="6.92459">
        <ele>2294.4</ele>
      </trkpt>
      <trkpt lat="46.14552" lon="6.92464">
        <ele>2238.6</ele>
      </trkpt>
      <trkpt lat="46.14535" lon="6.92445">
        <ele>2241.3</ele>
      </trkpt>
      <trkpt lat="46.14525" lon="6.92444">
        <ele>2239.4</ele>
      </trkpt>
      <trkpt lat="46.14516" lon="6.92457">
        <ele>2218.6</ele>
      </trkpt>
      <trkpt lat="46.14513" lon="6.92518">
        <ele>2057.5</ele>
      </trkpt>
      <trkpt lat="46.14487" lon="6.92515">
        <ele>1984</ele>
      </trkpt>
      <trkpt lat="46.14477" lon="6.92521">
        <ele>1965.9</ele>
      </trkpt>
      <trkpt lat="46.1447" lon="6.92537">
        <ele>1948.9</ele>
      </trkpt>
      <trkpt lat="46.14452" lon="6.92706">
        <ele>1880</ele>
      </trkpt>
      <trkpt lat="46.14516" lon="6.92674">
        <ele>1882.6</ele>
      </trkpt>
      <trkpt lat="46.14493" lon="6.92709">
        <ele>1879.4</ele>
      </trkpt>
      <trkpt lat="46.14512" lon="6.92731">
        <ele>1876.1</ele>
      </trkpt>
      <trkpt lat="46.14499" lon="6.92769">
        <ele>1867.7</ele>
      </trkpt>
      <trkpt lat="46.14498" lon="6.92805">
        <ele>1862</ele>
      </trkpt>
      <trkpt lat="46.14398" lon="6.92944">
        <ele>1831.3</ele>
      </trkpt>
      <trkpt lat="46.14384" lon="6.92943">
        <ele>1831</ele>
      </trkpt>
      <trkpt lat="46.14383" lon="6.92966">
        <ele>1829.4</ele>
      </trkpt>
      <trkpt lat="46.14356" lon="6.92997">
        <ele>1826.1</ele>
      </trkpt>
      <trkpt lat="46.14345" lon="6.93075">
        <ele>1813.1</ele>
      </trkpt>
      <trkpt lat="46.14351" lon="6.93098">
        <ele>1807.7</ele>
      </trkpt>
      <trkpt lat="46.14351" lon="6.93106">
        <ele>1807.2</ele>
      </trkpt>
      <trkpt lat="46.14357" lon="6.93144">
        <ele>1804.8</ele>
      </trkpt>
      <trkpt lat="46.1435" lon="6.93159">
        <ele>1804.1</ele>
      </trkpt>
      <trkpt lat="46.14348" lon="6.93181">
        <ele>1799.3</ele>
      </trkpt>
      <trkpt lat="46.14342" lon="6.93198">
        <ele>1797.9</ele>
      </trkpt>
      <trkpt lat="46.14337" lon="6.93246">
        <ele>1793.7</ele>
      </trkpt>
      <trkpt lat="46.14291" lon="6.93286">
        <ele>1789.4</ele>
      </trkpt>
      <trkpt lat="46.14292" lon="6.93311">
        <ele>1786.1</ele>
      </trkpt>
      <trkpt lat="46.14289" lon="6.9333">
        <ele>1784.6</ele>
      </trkpt>
      <trkpt lat="46.14279" lon="6.93351">
        <ele>1778.5</ele>
      </trkpt>
      <trkpt lat="46.14276" lon="6.93371">
        <ele>1778.6</ele>
      </trkpt>
      <trkpt lat="46.14276" lon="6.93399">
        <ele>1779</ele>
      </trkpt>
      <trkpt lat="46.14267" lon="6.93418">
        <ele>1779.2</ele>
      </trkpt>
      <trkpt lat="46.14264" lon="6.93434">
        <ele>1778.8</ele>
      </trkpt>
      <trkpt lat="46.14267" lon="6.93456">
        <ele>1777.9</ele>
      </trkpt>
      <trkpt lat="46.14266" lon="6.93469">
        <ele>1777.4</ele>
      </trkpt>
      <trkpt lat="46.14274" lon="6.93585">
        <ele>1775.1</ele>
      </trkpt>
      <trkpt lat="46.14269" lon="6.93769">
        <ele>1776.5</ele>
      </trkpt>
      <trkpt lat="46.14269" lon="6.93784">
        <ele>1776.7</ele>
      </trkpt>
      <trkpt lat="46.14313" lon="6.93873">
        <ele>1777.7</ele>
      </trkpt>
      <trkpt lat="46.14322" lon="6.93894">
        <ele>1777.8</ele>
      </trkpt>
      <trkpt lat="46.14335" lon="6.9394">
        <ele>1777.9</ele>
      </trkpt>
      <trkpt lat="46.14323" lon="6.93949">
        <ele>1778</ele>
      </trkpt>
      <trkpt lat="46.14318" lon="6.93963">
        <ele>1778</ele>
      </trkpt>
      <trkpt lat="46.1431" lon="6.93967">
        <ele>1778</ele>
      </trkpt>
      <trkpt lat="46.1431" lon="6.93981">
        <ele>1778</ele>
      </trkpt>
      <trkpt lat="46.14307" lon="6.94027">
        <ele>1778</ele>
      </trkpt>
      <trkpt lat="46.14294" lon="6.94036">
        <ele>1778</ele>
      </trkpt>
      <trkpt lat="46.14289" lon="6.9405">
        <ele>1778</ele>
      </trkpt>
      <trkpt lat="46.14269" lon="6.94073">
        <ele>1778</ele>
      </trkpt>
      <trkpt lat="46.14247" lon="6.94096">
        <ele>1778</ele>
      </trkpt>
      <trkpt lat="46.14232" lon="6.94109">
        <ele>1778</ele>
      </trkpt>
      <trkpt lat="46.14192" lon="6.94125">
        <ele>1778</ele>
      </trkpt>
      <trkpt lat="46.1416" lon="6.9419">
        <ele>1777.7</ele>
      </trkpt>
      <trkpt lat="46.14133" lon="6.94204">
        <ele>1777.6</ele>
      </trkpt>
      <trkpt lat="46.14086" lon="6.94216">
        <ele>1777.2</ele>
      </trkpt>
      <trkpt lat="46.14067" lon="6.94208">
        <ele>1772.7</ele>
      </trkpt>
      <trkpt lat="46.14051" lon="6.94186">
        <ele>1772.8</ele>
      </trkpt>
      <trkpt lat="46.1403" lon="6.94133">
        <ele>1776.7</ele>
      </trkpt>
      <trkpt lat="46.13992" lon="6.94092">
        <ele>1774.4</ele>
      </trkpt>
      <trkpt lat="46.13984" lon="6.94098">
        <ele>1772.2</ele>
      </trkpt>
      <trkpt lat="46.13947" lon="6.94098">
        <ele>1767.7</ele>
      </trkpt>
      <trkpt lat="46.13945" lon="6.94114">
        <ele>1766.9</ele>
      </trkpt>
      <trkpt lat="46.1393" lon="6.94145">
        <ele>1762.2</ele>
      </trkpt>
      <trkpt lat="46.13897" lon="6.94137">
        <ele>1749</ele>
      </trkpt>
      <trkpt lat="46.13849" lon="6.94119">
        <ele>1744.3</ele>
      </trkpt>
      <trkpt lat="46.13855" lon="6.94172">
        <ele>1730.5</ele>
      </trkpt>
      <trkpt lat="46.13842" lon="6.9419">
        <ele>1728.9</ele>
      </trkpt>
      <trkpt lat="46.13831" lon="6.94216">
        <ele>1715.9</ele>
      </trkpt>
      <trkpt lat="46.13828" lon="6.94239">
        <ele>1714.3</ele>
      </trkpt>
      <trkpt lat="46.13834" lon="6.94262">
        <ele>1713.9</ele>
      </trkpt>
      <trkpt lat="46.1384" lon="6.94302">
        <ele>1710.5</ele>
      </trkpt>
      <trkpt lat="46.13852" lon="6.94328">
        <ele>1707.9</ele>
      </trkpt>
      <trkpt lat="46.13859" lon="6.94342">
        <ele>1703.9</ele>
      </trkpt>
      <trkpt lat="46.13858" lon="6.94371">
        <ele>1703.7</ele>
      </trkpt>
      <trkpt lat="46.13825" lon="6.94325">
        <ele>1702.4</ele>
      </trkpt>
      <trkpt lat="46.13813" lon="6.94272">
        <ele>1706.7</ele>
      </trkpt>
      <trkpt lat="46.13792" lon="6.94269">
        <ele>1705.1</ele>
      </trkpt>
      <trkpt lat="46.13761" lon="6.94231">
        <ele>1708.7</ele>
      </trkpt>
      <trkpt lat="46.13751" lon="6.94186">
        <ele>1713.6</ele>
      </trkpt>
      <trkpt lat="46.13722" lon="6.94187">
        <ele>1706.2</ele>
      </trkpt>
      <trkpt lat="46.13714" lon="6.94204">
        <ele>1704.7</ele>
      </trkpt>
      <trkpt lat="46.13708" lon="6.94249">
        <ele>1703</ele>
      </trkpt>
      <trkpt lat="46.13697" lon="6.94272">
        <ele>1702.6</ele>
      </trkpt>
      <trkpt lat="46.13673" lon="6.94315">
        <ele>1705.6</ele>
      </trkpt>
      <trkpt lat="46.13651" lon="6.94348">
        <ele>1713.5</ele>
      </trkpt>
      <trkpt lat="46.13635" lon="6.9438">
        <ele>1715.6</ele>
      </trkpt>
      <trkpt lat="46.1361" lon="6.94425">
        <ele>1714.6</ele>
      </trkpt>
      <trkpt lat="46.13567" lon="6.94495">
        <ele>1688.5</ele>
      </trkpt>
      <trkpt lat="46.13558" lon="6.94515">
        <ele>1694.5</ele>
      </trkpt>
      <trkpt lat="46.1354" lon="6.94554">
        <ele>1699.2</ele>
      </trkpt>
      <trkpt lat="46.13394" lon="6.94806">
        <ele>1725.6</ele>
      </trkpt>
      <trkpt lat="46.13364" lon="6.94855">
        <ele>1767.7</ele>
      </trkpt>
      <trkpt lat="46.13358" lon="6.94885">
        <ele>1785.4</ele>
      </trkpt>
      <trkpt lat="46.13349" lon="6.94917">
        <ele>1822.6</ele>
      </trkpt>
      <trkpt lat="46.13325" lon="6.94976">
        <ele>1822.2</ele>
      </trkpt>
      <trkpt lat="46.13279" lon="6.94993">
        <ele>1798</ele>
      </trkpt>
      <trkpt lat="46.13276" lon="6.95028">
        <ele>1853.3</ele>
      </trkpt>
      <trkpt lat="46.13271" lon="6.95061">
        <ele>1874.7</ele>
      </trkpt>
      <trkpt lat="46.1328" lon="6.95102">
        <ele>1904</ele>
      </trkpt>
      <trkpt lat="46.13276" lon="6.95137">
        <ele>1904</ele>
      </trkpt>
      <trkpt lat="46.13272" lon="6.95176">
        <ele>1904</ele>
      </trkpt>
      <trkpt lat="46.13276" lon="6.95217">
        <ele>1904</ele>
      </trkpt>
      <trkpt lat="46.13281" lon="6.95236">
        <ele>1904</ele>
      </trkpt>
      <trkpt lat="46.13261" lon="6.95269">
        <ele>1904</ele>
      </trkpt>
      <trkpt lat="46.1327" lon="6.95295">
        <ele>1904</ele>
      </trkpt>
      <trkpt lat="46.13291" lon="6.95321">
        <ele>1904</ele>
      </trkpt>
      <trkpt lat="46.13297" lon="6.95325">
        <ele>1904</ele>
      </trkpt>
      <trkpt lat="46.13305" lon="6.95354">
        <ele>1904</ele>
      </trkpt>
      <trkpt lat="46.13309" lon="6.9539">
        <ele>1904</ele>
      </trkpt>
      <trkpt lat="46.13316" lon="6.95406">
        <ele>1904</ele>
      </trkpt>
      <trkpt lat="46.13321" lon="6.95439">
        <ele>1904</ele>
      </trkpt>
      <trkpt lat="46.13325" lon="6.95459">
        <ele>1904</ele>
      </trkpt>
      <trkpt lat="46.13342" lon="6.95501">
        <ele>1904.2</ele>
      </trkpt>
      <trkpt lat="46.13356" lon="6.95545">
        <ele>1904.7</ele>
      </trkpt>
      <trkpt lat="46.13365" lon="6.95557">
        <ele>1904.8</ele>
      </trkpt>
      <trkpt lat="46.1337" lon="6.95574">
        <ele>1904.8</ele>
      </trkpt>
      <trkpt lat="46.13373" lon="6.95598">
        <ele>1905</ele>
      </trkpt>
      <trkpt lat="46.1338" lon="6.95636">
        <ele>1905</ele>
      </trkpt>
      <trkpt lat="46.13357" lon="6.956">
        <ele>1905</ele>
      </trkpt>
      <trkpt lat="46.13332" lon="6.95556">
        <ele>1904.5</ele>
      </trkpt>
      <trkpt lat="46.13313" lon="6.95535">
        <ele>1904.3</ele>
      </trkpt>
      <trkpt lat="46.13292" lon="6.95538">
        <ele>1904.2</ele>
      </trkpt>
      <trkpt lat="46.13252" lon="6.95545">
        <ele>1904.2</ele>
      </trkpt>
      <trkpt lat="46.13219" lon="6.95557">
        <ele>1904</ele>
      </trkpt>
      <trkpt lat="46.13207" lon="6.95545">
        <ele>1904</ele>
      </trkpt>
      <trkpt lat="46.132" lon="6.95527">
        <ele>1904</ele>
      </trkpt>
      <trkpt lat="46.132" lon="6.95516">
        <ele>1904</ele>
      </trkpt>
      <trkpt lat="46.13178" lon="6.95515">
        <ele>1904</ele>
      </trkpt>
      <trkpt lat="46.13137" lon="6.95503">
        <ele>1903.7</ele>
      </trkpt>
      <trkpt lat="46.13103" lon="6.95483">
        <ele>1902</ele>
      </trkpt>
      <trkpt lat="46.13075" lon="6.95486">
        <ele>1903.9</ele>
      </trkpt>
      <trkpt lat="46.13046" lon="6.95504">
        <ele>1913.3</ele>
      </trkpt>
      <trkpt lat="46.13015" lon="6.95501">
        <ele>1917.5</ele>
      </trkpt>
      <trkpt lat="46.13001" lon="6.95494">
        <ele>1915.6</ele>
      </trkpt>
      <trkpt lat="46.1299" lon="6.95506">
        <ele>1925.7</ele>
      </trkpt>
      <trkpt lat="46.12976" lon="6.95509">
        <ele>1930.9</ele>
      </trkpt>
      <trkpt lat="46.12964" lon="6.95522">
        <ele>1934.8</ele>
      </trkpt>
      <trkpt lat="46.12957" lon="6.95551">
        <ele>1939</ele>
      </trkpt>
      <trkpt lat="46.12935" lon="6.95586">
        <ele>1953.8</ele>
      </trkpt>
      <trkpt lat="46.12921" lon="6.95597">
        <ele>1955.3</ele>
      </trkpt>
      <trkpt lat="46.12903" lon="6.95592">
        <ele>1963</ele>
      </trkpt>
      <trkpt lat="46.12852" lon="6.95572">
        <ele>1962.6</ele>
      </trkpt>
      <trkpt lat="46.12773" lon="6.95556">
        <ele>1969.2</ele>
      </trkpt>
      <trkpt lat="46.12744" lon="6.95554">
        <ele>1975.5</ele>
      </trkpt>
      <trkpt lat="46.12708" lon="6.95553">
        <ele>1978.4</ele>
      </trkpt>
      <trkpt lat="46.12693" lon="6.95542">
        <ele>1978.6</ele>
      </trkpt>
      <trkpt lat="46.12656" lon="6.95556">
        <ele>1991.9</ele>
      </trkpt>
      <trkpt lat="46.12634" lon="6.95566">
        <ele>1994.2</ele>
      </trkpt>
      <trkpt lat="46.12627" lon="6.9556">
        <ele>1994.3</ele>
      </trkpt>
      <trkpt lat="46.12541" lon="6.95603">
        <ele>2009.8</ele>
      </trkpt>
      <trkpt lat="46.12535" lon="6.95619">
        <ele>2009.9</ele>
      </trkpt>
      <trkpt lat="46.12519" lon="6.95613">
        <ele>2009.8</ele>
      </trkpt>
      <trkpt lat="46.12497" lon="6.95618">
        <ele>2010.3</ele>
      </trkpt>
      <trkpt lat="46.12463" lon="6.95633">
        <ele>2010.9</ele>
      </trkpt>
      <trkpt lat="46.12449" lon="6.95653">
        <ele>2011.5</ele>
      </trkpt>
      <trkpt lat="46.12423" lon="6.95656">
        <ele>2012.7</ele>
      </trkpt>
      <trkpt lat="46.12405" lon="6.95648">
        <ele>2015.5</ele>
      </trkpt>
      <trkpt lat="46.12405" lon="6.95633">
        <ele>2015.3</ele>
      </trkpt>
      <trkpt lat="46.12399" lon="6.9561">
        <ele>2014.2</ele>
      </trkpt>
      <trkpt lat="46.12384" lon="6.95623">
        <ele>2015.9</ele>
      </trkpt>
      <trkpt lat="46.12365" lon="6.95632">
        <ele>2017.6</ele>
      </trkpt>
      <trkpt lat="46.12346" lon="6.95629">
        <ele>2018.5</ele>
      </trkpt>
      <trkpt lat="46.1232" lon="6.95621">
        <ele>2026.6</ele>
      </trkpt>
      <trkpt lat="46.12301" lon="6.95621">
        <ele>2028.3</ele>
      </trkpt>
      <trkpt lat="46.12285" lon="6.9561">
        <ele>2029</ele>
      </trkpt>
      <trkpt lat="46.12274" lon="6.9561">
        <ele>2030</ele>
      </trkpt>
      <trkpt lat="46.12265" lon="6.95616">
        <ele>2031</ele>
      </trkpt>
      <trkpt lat="46.12249" lon="6.95627">
        <ele>2048.1</ele>
      </trkpt>
      <trkpt lat="46.12225" lon="6.95633">
        <ele>2051.7</ele>
      </trkpt>
      <trkpt lat="46.12205" lon="6.95657">
        <ele>2057.9</ele>
      </trkpt>
      <trkpt lat="46.12194" lon="6.95691">
        <ele>2068.5</ele>
      </trkpt>
      <trkpt lat="46.12205" lon="6.95711">
        <ele>2067</ele>
      </trkpt>
      <trkpt lat="46.12189" lon="6.95712">
        <ele>2069.8</ele>
      </trkpt>
      <trkpt lat="46.1216" lon="6.95714">
        <ele>2100</ele>
      </trkpt>
      <trkpt lat="46.12145" lon="6.95718">
        <ele>2103.4</ele>
      </trkpt>
      <trkpt lat="46.1214" lon="6.95704">
        <ele>2104.7</ele>
      </trkpt>
      <trkpt lat="46.12117" lon="6.95727">
        <ele>2114.6</ele>
      </trkpt>
      <trkpt lat="46.12103" lon="6.95758">
        <ele>2150.8</ele>
      </trkpt>
      <trkpt lat="46.12078" lon="6.95782">
        <ele>2193.5</ele>
      </trkpt>
      <trkpt lat="46.12035" lon="6.95783">
        <ele>2206.2</ele>
      </trkpt>
      <trkpt lat="46.12012" lon="6.95764">
        <ele>2202.4</ele>
      </trkpt>
      <trkpt lat="46.11989" lon="6.95753">
        <ele>2215</ele>
      </trkpt>
      <trkpt lat="46.11967" lon="6.95733">
        <ele>2206.3</ele>
      </trkpt>
      <trkpt lat="46.11938" lon="6.95688">
        <ele>2208</ele>
      </trkpt>
      <trkpt lat="46.11921" lon="6.95651">
        <ele>2196.2</ele>
      </trkpt>
      <trkpt lat="46.11913" lon="6.95624">
        <ele>2201.3</ele>
      </trkpt>
      <trkpt lat="46.11908" lon="6.95594">
        <ele>2189.4</ele>
      </trkpt>
      <trkpt lat="46.11907" lon="6.95566">
        <ele>2181.2</ele>
      </trkpt>
      <trkpt lat="46.11898" lon="6.95553">
        <ele>2182</ele>
      </trkpt>
      <trkpt lat="46.11889" lon="6.95525">
        <ele>2180.1</ele>
      </trkpt>
      <trkpt lat="46.11886" lon="6.95491">
        <ele>2175.7</ele>
      </trkpt>
      <trkpt lat="46.11814" lon="6.95424">
        <ele>2186.3</ele>
      </trkpt>
      <trkpt lat="46.11809" lon="6.95404">
        <ele>2192.5</ele>
      </trkpt>
      <trkpt lat="46.11805" lon="6.95375">
        <ele>2196.5</ele>
      </trkpt>
      <trkpt lat="46.11821" lon="6.95325">
        <ele>2222.1</ele>
      </trkpt>
      <trkpt lat="46.11817" lon="6.95302">
        <ele>2221.6</ele>
      </trkpt>
      <trkpt lat="46.11835" lon="6.95213">
        <ele>2243.7</ele>
      </trkpt>
      <trkpt lat="46.11826" lon="6.95143">
        <ele>2241.5</ele>
      </trkpt>
      <trkpt lat="46.11826" lon="6.95111">
        <ele>2241.7</ele>
      </trkpt>
      <trkpt lat="46.11817" lon="6.95061">
        <ele>2244.7</ele>
      </trkpt>
      <trkpt lat="46.11828" lon="6.95023">
        <ele>2249.2</ele>
      </trkpt>
      <trkpt lat="46.11821" lon="6.94991">
        <ele>2256.7</ele>
      </trkpt>
      <trkpt lat="46.11825" lon="6.94928">
        <ele>2261.4</ele>
      </trkpt>
      <trkpt lat="46.11808" lon="6.94931">
        <ele>2258.3</ele>
      </trkpt>
      <trkpt lat="46.11806" lon="6.94911">
        <ele>2250</ele>
      </trkpt>
      <trkpt lat="46.11803" lon="6.9489">
        <ele>2245.6</ele>
      </trkpt>
      <trkpt lat="46.11803" lon="6.94867">
        <ele>2241.1</ele>
      </trkpt>
      <trkpt lat="46.11787" lon="6.94862">
        <ele>2238.9</ele>
      </trkpt>
      <trkpt lat="46.11787" lon="6.94846">
        <ele>2236.4</ele>
      </trkpt>
      <trkpt lat="46.11779" lon="6.9483">
        <ele>2217</ele>
      </trkpt>
      <trkpt lat="46.11751" lon="6.94694">
        <ele>2181.1</ele>
      </trkpt>
      <trkpt lat="46.11764" lon="6.94653">
        <ele>2164.7</ele>
      </trkpt>
      <trkpt lat="46.11766" lon="6.946">
        <ele>2151.9</ele>
      </trkpt>
      <trkpt lat="46.11747" lon="6.94577">
        <ele>2129.9</ele>
      </trkpt>
      <trkpt lat="46.11751" lon="6.94498">
        <ele>2110.7</ele>
      </trkpt>
      <trkpt lat="46.11747" lon="6.94451">
        <ele>2111.1</ele>
      </trkpt>
      <trkpt lat="46.11735" lon="6.94439">
        <ele>2111.6</ele>
      </trkpt>
      <trkpt lat="46.11737" lon="6.94398">
        <ele>2113.8</ele>
      </trkpt>
      <trkpt lat="46.11728" lon="6.94372">
        <ele>2111.9</ele>
      </trkpt>
      <trkpt lat="46.11685" lon="6.94336">
        <ele>2103.1</ele>
      </trkpt>
      <trkpt lat="46.11684" lon="6.94298">
        <ele>2107.3</ele>
      </trkpt>
      <trkpt lat="46.11614" lon="6.94254">
        <ele>2077.4</ele>
      </trkpt>
      <trkpt lat="46.11569" lon="6.94219">
        <ele>2062.7</ele>
      </trkpt>
      <trkpt lat="46.11555" lon="6.94227">
        <ele>2060.8</ele>
      </trkpt>
      <trkpt lat="46.11532" lon="6.94202">
        <ele>2058.3</ele>
      </trkpt>
      <trkpt lat="46.1144" lon="6.9407">
        <ele>2045.3</ele>
      </trkpt>
      <trkpt lat="46.11378" lon="6.94035">
        <ele>2025.7</ele>
      </trkpt>
      <trkpt lat="46.11327" lon="6.94054">
        <ele>2006.4</ele>
      </trkpt>
      <trkpt lat="46.11318" lon="6.94014">
        <ele>2011.7</ele>
      </trkpt>
      <trkpt lat="46.1128" lon="6.93969">
        <ele>2021.7</ele>
      </trkpt>
      <trkpt lat="46.11263" lon="6.93889">
        <ele>2038.4</ele>
      </trkpt>
      <trkpt lat="46.11224" lon="6.93878">
        <ele>2040.8</ele>
      </trkpt>
      <trkpt lat="46.11224" lon="6.9383">
        <ele>2048.3</ele>
      </trkpt>
      <trkpt lat="46.1113" lon="6.93749">
        <ele>2108.9</ele>
      </trkpt>
      <trkpt lat="46.11043" lon="6.93791">
        <ele>2154.4</ele>
      </trkpt>
      <trkpt lat="46.11002" lon="6.93844">
        <ele>2162.3</ele>
      </trkpt>
      <trkpt lat="46.11002" lon="6.93871">
        <ele>2153.9</ele>
      </trkpt>
      <trkpt lat="46.10968" lon="6.93889">
        <ele>2190.8</ele>
      </trkpt>
      <trkpt lat="46.10883" lon="6.93868">
        <ele>2208.3</ele>
      </trkpt>
      <trkpt lat="46.10881" lon="6.9383">
        <ele>2208.4</ele>
      </trkpt>
      <trkpt lat="46.10804" lon="6.93823">
        <ele>2229.2</ele>
      </trkpt>
      <trkpt lat="46.10729" lon="6.93774">
        <ele>2245.9</ele>
      </trkpt>
      <trkpt lat="46.10649" lon="6.93704">
        <ele>2261.3</ele>
      </trkpt>
      <trkpt lat="46.10591" lon="6.936">
        <ele>2284.9</ele>
      </trkpt>
      <trkpt lat="46.10548" lon="6.93589">
        <ele>2287.8</ele>
      </trkpt>
      <trkpt lat="46.10519" lon="6.93488">
        <ele>2314.7</ele>
      </trkpt>
      <trkpt lat="46.10453" lon="6.9345">
        <ele>2326.7</ele>
      </trkpt>
      <trkpt lat="46.10402" lon="6.93415">
        <ele>2340.8</ele>
      </trkpt>
      <trkpt lat="46.10381" lon="6.93342">
        <ele>2346.3</ele>
      </trkpt>
      <trkpt lat="46.10197" lon="6.93324">
        <ele>2457.1</ele>
      </trkpt>
      <trkpt lat="46.10187" lon="6.93244">
        <ele>2469.6</ele>
      </trkpt>
      <trkpt lat="46.10137" lon="6.93192">
        <ele>2474.3</ele>
      </trkpt>
      <trkpt lat="46.10103" lon="6.93167">
        <ele>2475.4</ele>
      </trkpt>
      <trkpt lat="46.10093" lon="6.93129">
        <ele>2424.7</ele>
      </trkpt>
      <trkpt lat="46.10081" lon="6.93094">
        <ele>2376</ele>
      </trkpt>
      <trkpt lat="46.10074" lon="6.93038">
        <ele>2350.5</ele>
      </trkpt>
      <trkpt lat="46.10074" lon="6.93">
        <ele>2357.2</ele>
      </trkpt>
      <trkpt lat="46.1005" lon="6.92958">
        <ele>2338.8</ele>
      </trkpt>
      <trkpt lat="46.10052" lon="6.92895">
        <ele>2332.3</ele>
      </trkpt>
      <trkpt lat="46.10023" lon="6.92888">
        <ele>2322.3</ele>
      </trkpt>
      <trkpt lat="46.09963" lon="6.92944">
        <ele>2297</ele>
      </trkpt>
      <trkpt lat="46.09924" lon="6.92927">
        <ele>2283.2</ele>
      </trkpt>
      <trkpt lat="46.09931" lon="6.92888">
        <ele>2280.9</ele>
      </trkpt>
      <trkpt lat="46.09943" lon="6.92808">
        <ele>2274.8</ele>
      </trkpt>
      <trkpt lat="46.09919" lon="6.92721">
        <ele>2267.6</ele>
      </trkpt>
      <trkpt lat="46.09866" lon="6.92707">
        <ele>2232.2</ele>
      </trkpt>
      <trkpt lat="46.09834" lon="6.92714">
        <ele>2227.3</ele>
      </trkpt>
      <trkpt lat="46.09827" lon="6.92658">
        <ele>2206.3</ele>
      </trkpt>
      <trkpt lat="46.0981" lon="6.92599">
        <ele>2195.6</ele>
      </trkpt>
      <trkpt lat="46.09743" lon="6.92502">
        <ele>2162.2</ele>
      </trkpt>
      <trkpt lat="46.09726" lon="6.92547">
        <ele>2160</ele>
      </trkpt>
      <trkpt lat="46.0966" lon="6.92529">
        <ele>2148.6</ele>
      </trkpt>
      <trkpt lat="46.09561" lon="6.92425">
        <ele>2132.1</ele>
      </trkpt>
      <trkpt lat="46.09491" lon="6.92387">
        <ele>2126.3</ele>
      </trkpt>
      <trkpt lat="46.09436" lon="6.92331">
        <ele>2115.1</ele>
      </trkpt>
      <trkpt lat="46.09366" lon="6.92278">
        <ele>2116.7</ele>
      </trkpt>
      <trkpt lat="46.09286" lon="6.92191">
        <ele>2105.3</ele>
      </trkpt>
      <trkpt lat="46.09223" lon="6.91975">
        <ele>2060</ele>
      </trkpt>
      <trkpt lat="46.09189" lon="6.91965">
        <ele>2062.5</ele>
      </trkpt>
      <trkpt lat="46.09177" lon="6.91902">
        <ele>2046.5</ele>
      </trkpt>
      <trkpt lat="46.09112" lon="6.91836">
        <ele>2039.5</ele>
      </trkpt>
      <trkpt lat="46.09066" lon="6.91839">
        <ele>2040.2</ele>
      </trkpt>
      <trkpt lat="46.09005" lon="6.91787">
        <ele>2016.2</ele>
      </trkpt>
      <trkpt lat="46.08901" lon="6.91696">
        <ele>1987</ele>
      </trkpt>
      <trkpt lat="46.08884" lon="6.91627">
        <ele>1957.7</ele>
      </trkpt>
      <trkpt lat="46.08776" lon="6.91651">
        <ele>1950.3</ele>
      </trkpt>
      <trkpt lat="46.08725" lon="6.91696">
        <ele>1957.1</ele>
      </trkpt>
      <trkpt lat="46.08669" lon="6.91756">
        <ele>1949.6</ele>
      </trkpt>
      <trkpt lat="46.08628" lon="6.9177">
        <ele>1943</ele>
      </trkpt>
      <trkpt lat="46.08597" lon="6.9178">
        <ele>1940.3</ele>
      </trkpt>
      <trkpt lat="46.0857" lon="6.91899">
        <ele>1957.7</ele>
      </trkpt>
      <trkpt lat="46.08517" lon="6.91937">
        <ele>1964</ele>
      </trkpt>
      <trkpt lat="46.08483" lon="6.91937">
        <ele>1956.2</ele>
      </trkpt>
      <trkpt lat="46.08454" lon="6.91989">
        <ele>1962.7</ele>
      </trkpt>
      <trkpt lat="46.08447" lon="6.92017">
        <ele>1979.1</ele>
      </trkpt>
      <trkpt lat="46.08423" lon="6.91972">
        <ele>1961.6</ele>
      </trkpt>
      <trkpt lat="46.08386" lon="6.91951">
        <ele>1954</ele>
      </trkpt>
      <trkpt lat="46.08331" lon="6.91982">
        <ele>1960.4</ele>
      </trkpt>
      <trkpt lat="46.0828" lon="6.92021">
        <ele>1986</ele>
      </trkpt>
      <trkpt lat="46.08227" lon="6.92045">
        <ele>1973.9</ele>
      </trkpt>
      <trkpt lat="46.08152" lon="6.92055">
        <ele>1951.2</ele>
      </trkpt>
      <trkpt lat="46.08162" lon="6.92139">
        <ele>1985.4</ele>
      </trkpt>
      <trkpt lat="46.08123" lon="6.92191">
        <ele>1997.4</ele>
      </trkpt>
      <trkpt lat="46.08075" lon="6.92167">
        <ele>1979.7</ele>
      </trkpt>
      <trkpt lat="46.08004" lon="6.92209">
        <ele>1978.3</ele>
      </trkpt>
      <trkpt lat="46.07975" lon="6.92247">
        <ele>1973.5</ele>
      </trkpt>
      <trkpt lat="46.07951" lon="6.92272">
        <ele>1992.9</ele>
      </trkpt>
      <trkpt lat="46.07927" lon="6.92285">
        <ele>1994.8</ele>
      </trkpt>
      <trkpt lat="46.07874" lon="6.92278">
        <ele>1999.5</ele>
      </trkpt>
      <trkpt lat="46.07755" lon="6.92219">
        <ele>1978.4</ele>
      </trkpt>
      <trkpt lat="46.07712" lon="6.92226">
        <ele>1982.8</ele>
      </trkpt>
      <trkpt lat="46.07676" lon="6.9224">
        <ele>1988</ele>
      </trkpt>
      <trkpt lat="46.07618" lon="6.9232">
        <ele>1986.8</ele>
      </trkpt>
      <trkpt lat="46.07651" lon="6.92376">
        <ele>1996.4</ele>
      </trkpt>
      <trkpt lat="46.07649" lon="6.92477">
        <ele>2012.1</ele>
      </trkpt>
      <trkpt lat="46.07569" lon="6.92498">
        <ele>1986.5</ele>
      </trkpt>
      <trkpt lat="46.07552" lon="6.92529">
        <ele>1996.4</ele>
      </trkpt>
      <trkpt lat="46.07533" lon="6.92561">
        <ele>1998.6</ele>
      </trkpt>
      <trkpt lat="46.07506" lon="6.92547">
        <ele>1992</ele>
      </trkpt>
      <trkpt lat="46.07489" lon="6.92557">
        <ele>1956.8</ele>
      </trkpt>
      <trkpt lat="46.07489" lon="6.92596">
        <ele>1970.5</ele>
      </trkpt>
      <trkpt lat="46.0748" lon="6.9261">
        <ele>1954.7</ele>
      </trkpt>
      <trkpt lat="46.0746" lon="6.92624">
        <ele>1940.3</ele>
      </trkpt>
      <trkpt lat="46.07356" lon="6.92753">
        <ele>1902</ele>
      </trkpt>
      <trkpt lat="46.07356" lon="6.92819">
        <ele>1901.1</ele>
      </trkpt>
      <trkpt lat="46.0733" lon="6.92902">
        <ele>1899.5</ele>
      </trkpt>
      <trkpt lat="46.07318" lon="6.92979">
        <ele>1896.1</ele>
      </trkpt>
      <trkpt lat="46.0732" lon="6.93038">
        <ele>1887.5</ele>
      </trkpt>
      <trkpt lat="46.07289" lon="6.93126">
        <ele>1875.9</ele>
      </trkpt>
      <trkpt lat="46.07269" lon="6.93261">
        <ele>1874</ele>
      </trkpt>
      <trkpt lat="46.07206" lon="6.93411">
        <ele>1923.5</ele>
      </trkpt>
      <trkpt lat="46.07107" lon="6.93495">
        <ele>2024.2</ele>
      </trkpt>
      <trkpt lat="46.0703" lon="6.93547">
        <ele>2043.6</ele>
      </trkpt>
      <trkpt lat="46.06977" lon="6.93666">
        <ele>2033.9</ele>
      </trkpt>
      <trkpt lat="46.06921" lon="6.93795">
        <ele>1992.1</ele>
      </trkpt>
      <trkpt lat="46.06841" lon="6.93722">
        <ele>1981.6</ele>
      </trkpt>
      <trkpt lat="46.06807" lon="6.93662">
        <ele>1969</ele>
      </trkpt>
      <trkpt lat="46.06783" lon="6.93551">
        <ele>1970.4</ele>
      </trkpt>
      <trkpt lat="46.06766" lon="6.93509">
        <ele>1969.9</ele>
      </trkpt>
      <trkpt lat="46.06778" lon="6.93443">
        <ele>1925.5</ele>
      </trkpt>
      <trkpt lat="46.0679" lon="6.93401">
        <ele>1880.8</ele>
      </trkpt>
      <trkpt lat="46.06778" lon="6.93268">
        <ele>1846.2</ele>
      </trkpt>
      <trkpt lat="46.06759" lon="6.93181">
        <ele>1864.8</ele>
      </trkpt>
      <trkpt lat="46.06696" lon="6.93112">
        <ele>1881.7</ele>
      </trkpt>
      <trkpt lat="46.06604" lon="6.93066">
        <ele>1900.9</ele>
      </trkpt>
      <trkpt lat="46.06582" lon="6.92983">
        <ele>1912.5</ele>
      </trkpt>
      <trkpt lat="46.06544" lon="6.92916">
        <ele>1916.5</ele>
      </trkpt>
      <trkpt lat="46.0652" lon="6.92882">
        <ele>1919.6</ele>
      </trkpt>
      <trkpt lat="46.06483" lon="6.92763">
        <ele>1929.3</ele>
      </trkpt>
      <trkpt lat="46.06488" lon="6.92683">
        <ele>1938.8</ele>
      </trkpt>
      <trkpt lat="46.06498" lon="6.92624">
        <ele>1959.9</ele>
      </trkpt>
      <trkpt lat="46.06505" lon="6.92592">
        <ele>1949</ele>
      </trkpt>
      <trkpt lat="46.06517" lon="6.92547">
        <ele>1945.6</ele>
      </trkpt>
      <trkpt lat="46.0652" lon="6.92467">
        <ele>1954.8</ele>
      </trkpt>
      <trkpt lat="46.06529" lon="6.92446">
        <ele>1951.2</ele>
      </trkpt>
      <trkpt lat="46.06529" lon="6.92432">
        <ele>1953.2</ele>
      </trkpt>
      <trkpt lat="46.06515" lon="6.92383">
        <ele>1954.5</ele>
      </trkpt>
      <trkpt lat="46.0651" lon="6.92327">
        <ele>1960.2</ele>
      </trkpt>
      <trkpt lat="46.06517" lon="6.92265">
        <ele>1958.8</ele>
      </trkpt>
      <trkpt lat="46.06534" lon="6.92219">
        <ele>1966.5</ele>
      </trkpt>
      <trkpt lat="46.06517" lon="6.92156">
        <ele>1979.7</ele>
      </trkpt>
      <trkpt lat="46.06486" lon="6.91993">
        <ele>2002.2</ele>
      </trkpt>
      <trkpt lat="46.06452" lon="6.91905">
        <ele>2011.1</ele>
      </trkpt>
      <trkpt lat="46.06428" lon="6.91829">
        <ele>2010.6</ele>
      </trkpt>
      <trkpt lat="46.06423" lon="6.91787">
        <ele>2006.4</ele>
      </trkpt>
      <trkpt lat="46.06411" lon="6.91752">
        <ele>2015.3</ele>
      </trkpt>
      <trkpt lat="46.06404" lon="6.91689">
        <ele>2017.2</ele>
      </trkpt>
      <trkpt lat="46.06367" lon="6.91581">
        <ele>2010</ele>
      </trkpt>
      <trkpt lat="46.06365" lon="6.91574">
        <ele>2010.5</ele>
      </trkpt>
      <trkpt lat="46.06263" lon="6.91431">
        <ele>2042.6</ele>
      </trkpt>
      <trkpt lat="46.06258" lon="6.91404">
        <ele>2034</ele>
      </trkpt>
      <trkpt lat="46.06237" lon="6.914">
        <ele>2053.6</ele>
      </trkpt>
      <trkpt lat="46.06212" lon="6.91417">
        <ele>2068.1</ele>
      </trkpt>
      <trkpt lat="46.062" lon="6.91369">
        <ele>2057.1</ele>
      </trkpt>
      <trkpt lat="46.06166" lon="6.91334">
        <ele>2069.3</ele>
      </trkpt>
      <trkpt lat="46.0614" lon="6.91264">
        <ele>2056.9</ele>
      </trkpt>
      <trkpt lat="46.06113" lon="6.91208">
        <ele>2047.2</ele>
      </trkpt>
      <trkpt lat="46.06087" lon="6.91163">
        <ele>2056.3</ele>
      </trkpt>
      <trkpt lat="46.06036" lon="6.91083">
        <ele>2074.9</ele>
      </trkpt>
      <trkpt lat="46.05987" lon="6.90971">
        <ele>2114.9</ele>
      </trkpt>
      <trkpt lat="46.05961" lon="6.90884">
        <ele>2119.8</ele>
      </trkpt>
      <trkpt lat="46.05951" lon="6.90818">
        <ele>2133.4</ele>
      </trkpt>
      <trkpt lat="46.0592" lon="6.90783">
        <ele>2139.1</ele>
      </trkpt>
      <trkpt lat="46.05896" lon="6.90727">
        <ele>2162.6</ele>
      </trkpt>
      <trkpt lat="46.05937" lon="6.90738">
        <ele>2157.6</ele>
      </trkpt>
      <trkpt lat="46.05937" lon="6.90703">
        <ele>2165.1</ele>
      </trkpt>
      <trkpt lat="46.05954" lon="6.90682">
        <ele>2169.3</ele>
      </trkpt>
      <trkpt lat="46.05954" lon="6.90661">
        <ele>2193.5</ele>
      </trkpt>
      <trkpt lat="46.05929" lon="6.90647">
        <ele>2190.7</ele>
      </trkpt>
      <trkpt lat="46.06048" lon="6.90637">
        <ele>2184.7</ele>
      </trkpt>
      <trkpt lat="46.06021" lon="6.90602">
        <ele>2199.9</ele>
      </trkpt>
      <trkpt lat="46.06031" lon="6.90581">
        <ele>2206.3</ele>
      </trkpt>
      <trkpt lat="46.06012" lon="6.90525">
        <ele>2213.2</ele>
      </trkpt>
      <trkpt lat="46.06002" lon="6.9033">
        <ele>2199</ele>
      </trkpt>
      <trkpt lat="46.06004" lon="6.90257">
        <ele>2189.4</ele>
      </trkpt>
      <trkpt lat="46.06004" lon="6.9019">
        <ele>2179.8</ele>
      </trkpt>
      <trkpt lat="46.0599" lon="6.90149">
        <ele>2193.3</ele>
      </trkpt>
      <trkpt lat="46.06029" lon="6.90121">
        <ele>2175.2</ele>
      </trkpt>
      <trkpt lat="46.06048" lon="6.90075">
        <ele>2174.2</ele>
      </trkpt>
      <trkpt lat="46.06053" lon="6.90055">
        <ele>2173.7</ele>
      </trkpt>
      <trkpt lat="46.06096" lon="6.90027">
        <ele>2163.8</ele>
      </trkpt>
      <trkpt lat="46.06135" lon="6.90009">
        <ele>2163.2</ele>
      </trkpt>
      <trkpt lat="46.06162" lon="6.89999">
        <ele>2167.4</ele>
      </trkpt>
      <trkpt lat="46.06191" lon="6.90006">
        <ele>2165.9</ele>
      </trkpt>
      <trkpt lat="46.06241" lon="6.9002">
        <ele>2170.7</ele>
      </trkpt>
      <trkpt lat="46.06278" lon="6.8995">
        <ele>2187.7</ele>
      </trkpt>
      <trkpt lat="46.06285" lon="6.90013">
        <ele>2191.9</ele>
      </trkpt>
      <trkpt lat="46.06302" lon="6.90023">
        <ele>2196.5</ele>
      </trkpt>
      <trkpt lat="46.06309" lon="6.90009">
        <ele>2200.4</ele>
      </trkpt>
      <trkpt lat="46.06309" lon="6.8996">
        <ele>2193.1</ele>
      </trkpt>
      <trkpt lat="46.06309" lon="6.89929">
        <ele>2190</ele>
      </trkpt>
      <trkpt lat="46.06319" lon="6.89894">
        <ele>2185.2</ele>
      </trkpt>
      <trkpt lat="46.06418" lon="6.89751">
        <ele>2235.1</ele>
      </trkpt>
      <trkpt lat="46.06488" lon="6.8957">
        <ele>2200.6</ele>
      </trkpt>
      <trkpt lat="46.06515" lon="6.89514">
        <ele>2220.2</ele>
      </trkpt>
      <trkpt lat="46.06527" lon="6.89427">
        <ele>2221.1</ele>
      </trkpt>
      <trkpt lat="46.06524" lon="6.89361">
        <ele>2217</ele>
      </trkpt>
      <trkpt lat="46.0651" lon="6.89305">
        <ele>2212.5</ele>
      </trkpt>
      <trkpt lat="46.06527" lon="6.89187">
        <ele>2210</ele>
      </trkpt>
      <trkpt lat="46.06524" lon="6.89099">
        <ele>2208.1</ele>
      </trkpt>
      <trkpt lat="46.06449" lon="6.88793">
        <ele>2205.8</ele>
      </trkpt>
      <trkpt lat="46.06428" lon="6.88768">
        <ele>2204.9</ele>
      </trkpt>
      <trkpt lat="46.0636" lon="6.88657">
        <ele>2209.9</ele>
      </trkpt>
      <trkpt lat="46.06326" lon="6.88604">
        <ele>2200.2</ele>
      </trkpt>
      <trkpt lat="46.06278" lon="6.8859">
        <ele>2194.3</ele>
      </trkpt>
      <trkpt lat="46.06208" lon="6.8857">
        <ele>2198.7</ele>
      </trkpt>
      <trkpt lat="46.06089" lon="6.88535">
        <ele>2197.4</ele>
      </trkpt>
      <trkpt lat="46.06077" lon="6.88496">
        <ele>2203.6</ele>
      </trkpt>
      <trkpt lat="46.06046" lon="6.88444">
        <ele>2210.4</ele>
      </trkpt>
      <trkpt lat="46.05983" lon="6.8842">
        <ele>2207.9</ele>
      </trkpt>
      <trkpt lat="46.05704" lon="6.88416">
        <ele>2213</ele>
      </trkpt>
      <trkpt lat="46.05598" lon="6.88388">
        <ele>2210.4</ele>
      </trkpt>
      <trkpt lat="46.05429" lon="6.88308">
        <ele>2232</ele>
      </trkpt>
      <trkpt lat="46.05388" lon="6.88308">
        <ele>2243</ele>
      </trkpt>
      <trkpt lat="46.05315" lon="6.88329">
        <ele>2257</ele>
      </trkpt>
      <trkpt lat="46.05235" lon="6.88291">
        <ele>2290</ele>
      </trkpt>
      <trkpt lat="46.05184" lon="6.88266">
        <ele>2310.8</ele>
      </trkpt>
      <trkpt lat="46.05059" lon="6.88238">
        <ele>2356.4</ele>
      </trkpt>
      <trkpt lat="46.05013" lon="6.88256">
        <ele>2354.8</ele>
      </trkpt>
      <trkpt lat="46.04957" lon="6.88326">
        <ele>2373.5</ele>
      </trkpt>
      <trkpt lat="46.04904" lon="6.8836">
        <ele>2396</ele>
      </trkpt>
      <trkpt lat="46.04865" lon="6.88413">
        <ele>2403.7</ele>
      </trkpt>
      <trkpt lat="46.04771" lon="6.88395">
        <ele>2436.1</ele>
      </trkpt>
      <trkpt lat="46.04715" lon="6.88078">
        <ele>2479.5</ele>
      </trkpt>
      <trkpt lat="46.04779" lon="6.87957">
        <ele>2495.8</ele>
      </trkpt>
      <trkpt lat="46.04843" lon="6.87808">
        <ele>2547.9</ele>
      </trkpt>
      <trkpt lat="46.04844" lon="6.87767">
        <ele>2553.5</ele>
      </trkpt>
      <trkpt lat="46.04878" lon="6.87727">
        <ele>2557</ele>
      </trkpt>
      <trkpt lat="46.04881" lon="6.87688">
        <ele>2557</ele>
      </trkpt>
      <trkpt lat="46.04905" lon="6.87672">
        <ele>2557</ele>
      </trkpt>
      <trkpt lat="46.04923" lon="6.8767">
        <ele>2574.1</ele>
      </trkpt>
      <trkpt lat="46.04937" lon="6.87665">
        <ele>2577.4</ele>
      </trkpt>
      <trkpt lat="46.05004" lon="6.87654">
        <ele>2590.3</ele>
      </trkpt>
      <trkpt lat="46.04985" lon="6.8758">
        <ele>2608.6</ele>
      </trkpt>
      <trkpt lat="46.05028" lon="6.87583">
        <ele>2620.2</ele>
      </trkpt>
      <trkpt lat="46.05018" lon="6.87534">
        <ele>2632.4</ele>
      </trkpt>
      <trkpt lat="46.05054" lon="6.87523">
        <ele>2650.1</ele>
      </trkpt>
      <trkpt lat="46.05087" lon="6.87541">
        <ele>2657.8</ele>
      </trkpt>
      <trkpt lat="46.05127" lon="6.87553">
        <ele>2666.5</ele>
      </trkpt>
      <trkpt lat="46.0518" lon="6.87514">
        <ele>2694.7</ele>
      </trkpt>
      <trkpt lat="46.05194" lon="6.87477">
        <ele>2717.2</ele>
      </trkpt>
      <trkpt lat="46.052" lon="6.8747">
        <ele>2720</ele>
      </trkpt>
      <trkpt lat="46.05191" lon="6.87431">
        <ele>2744.7</ele>
      </trkpt>
      <trkpt lat="46.05196" lon="6.87417">
        <ele>2753.5</ele>
      </trkpt>
      <trkpt lat="46.05205" lon="6.87399">
        <ele>2761.3</ele>
      </trkpt>
      <trkpt lat="46.05207" lon="6.87392">
        <ele>2764.3</ele>
      </trkpt>
      <trkpt lat="46.05199" lon="6.87357">
        <ele>2788</ele>
      </trkpt>
      <trkpt lat="46.052" lon="6.87325">
        <ele>2805.3</ele>
      </trkpt>
      <trkpt lat="46.052" lon="6.87313">
        <ele>2812</ele>
      </trkpt>
      <trkpt lat="46.05205" lon="6.87295">
        <ele>2818</ele>
      </trkpt>
      <trkpt lat="46.05199" lon="6.87288">
        <ele>2823.8</ele>
      </trkpt>
      <trkpt lat="46.05192" lon="6.87267">
        <ele>2828.4</ele>
      </trkpt>
      <trkpt lat="46.05108" lon="6.87155">
        <ele>2822.8</ele>
      </trkpt>
      <trkpt lat="46.05041" lon="6.87012">
        <ele>2807.4</ele>
      </trkpt>
      <trkpt lat="46.05028" lon="6.86955">
        <ele>2798.5</ele>
      </trkpt>
      <trkpt lat="46.05018" lon="6.86879">
        <ele>2784.4</ele>
      </trkpt>
      <trkpt lat="46.05014" lon="6.86821">
        <ele>2777.4</ele>
      </trkpt>
      <trkpt lat="46.04958" lon="6.86844">
        <ele>2756.1</ele>
      </trkpt>
      <trkpt lat="46.04931" lon="6.86773">
        <ele>2749.1</ele>
      </trkpt>
      <trkpt lat="46.04854" lon="6.86637">
        <ele>2732.7</ele>
      </trkpt>
      <trkpt lat="46.04821" lon="6.8661">
        <ele>2733.9</ele>
      </trkpt>
      <trkpt lat="46.04784" lon="6.86518">
        <ele>2745.9</ele>
      </trkpt>
      <trkpt lat="46.04744" lon="6.86504">
        <ele>2735.5</ele>
      </trkpt>
      <trkpt lat="46.04742" lon="6.86481">
        <ele>2739.1</ele>
      </trkpt>
      <trkpt lat="46.04702" lon="6.8646">
        <ele>2729.2</ele>
      </trkpt>
      <trkpt lat="46.04618" lon="6.86322">
        <ele>2717</ele>
      </trkpt>
      <trkpt lat="46.04583" lon="6.86244">
        <ele>2709.7</ele>
      </trkpt>
      <trkpt lat="46.04535" lon="6.86191">
        <ele>2706.2</ele>
      </trkpt>
      <trkpt lat="46.04431" lon="6.86196">
        <ele>2712.5</ele>
      </trkpt>
      <trkpt lat="46.04356" lon="6.86147">
        <ele>2711.9</ele>
      </trkpt>
      <trkpt lat="46.04297" lon="6.85777">
        <ele>2667.5</ele>
      </trkpt>
      <trkpt lat="46.04265" lon="6.85579">
        <ele>2631.9</ele>
      </trkpt>
      <trkpt lat="46.04238" lon="6.85504">
        <ele>2622.9</ele>
      </trkpt>
      <trkpt lat="46.04184" lon="6.85448">
        <ele>2621.4</ele>
      </trkpt>
      <trkpt lat="46.04121" lon="6.85336">
        <ele>2611.1</ele>
      </trkpt>
      <trkpt lat="46.04097" lon="6.85285">
        <ele>2612</ele>
      </trkpt>
      <trkpt lat="46.0407" lon="6.85094">
        <ele>2572.3</ele>
      </trkpt>
      <trkpt lat="46.03933" lon="6.84839">
        <ele>2554.2</ele>
      </trkpt>
      <trkpt lat="46.03954" lon="6.84795">
        <ele>2551.7</ele>
      </trkpt>
      <trkpt lat="46.03966" lon="6.84754">
        <ele>2550.8</ele>
      </trkpt>
      <trkpt lat="46.03982" lon="6.84722">
        <ele>2550</ele>
      </trkpt>
      <trkpt lat="46.03978" lon="6.84692">
        <ele>2550.5</ele>
      </trkpt>
      <trkpt lat="46.03966" lon="6.84666">
        <ele>2549.3</ele>
      </trkpt>
      <trkpt lat="46.03973" lon="6.84655">
        <ele>2549.6</ele>
      </trkpt>
      <trkpt lat="46.03962" lon="6.84634">
        <ele>2548.1</ele>
      </trkpt>
      <trkpt lat="46.03943" lon="6.84595">
        <ele>2545.7</ele>
      </trkpt>
      <trkpt lat="46.03959" lon="6.84512">
        <ele>2540.7</ele>
      </trkpt>
      <trkpt lat="46.03992" lon="6.84482">
        <ele>2541.4</ele>
      </trkpt>
      <trkpt lat="46.04029" lon="6.84432">
        <ele>2547.3</ele>
      </trkpt>
      <trkpt lat="46.04048" lon="6.84404">
        <ele>2546</ele>
      </trkpt>
      <trkpt lat="46.04053" lon="6.84372">
        <ele>2546.2</ele>
      </trkpt>
      <trkpt lat="46.04057" lon="6.84338">
        <ele>2547.5</ele>
      </trkpt>
      <trkpt lat="46.04018" lon="6.84218">
        <ele>2545.9</ele>
      </trkpt>
      <trkpt lat="46.03995" lon="6.84119">
        <ele>2534.6</ele>
      </trkpt>
      <trkpt lat="46.04005" lon="6.84082">
        <ele>2538.9</ele>
      </trkpt>
      <trkpt lat="46.04005" lon="6.84043">
        <ele>2538.2</ele>
      </trkpt>
      <trkpt lat="46.04002" lon="6.83942">
        <ele>2531.7</ele>
      </trkpt>
      <trkpt lat="46.03974" lon="6.83905">
        <ele>2526.8</ele>
      </trkpt>
      <trkpt lat="46.03954" lon="6.83845">
        <ele>2523.2</ele>
      </trkpt>
      <trkpt lat="46.03968" lon="6.83825">
        <ele>2518.2</ele>
      </trkpt>
      <trkpt lat="46.04002" lon="6.83825">
        <ele>2523.1</ele>
      </trkpt>
      <trkpt lat="46.0405" lon="6.83825">
        <ele>2524.4</ele>
      </trkpt>
      <trkpt lat="46.04027" lon="6.83703">
        <ele>2528.3</ele>
      </trkpt>
      <trkpt lat="46.04024" lon="6.83671">
        <ele>2527.4</ele>
      </trkpt>
      <trkpt lat="46.03997" lon="6.83574">
        <ele>2522.4</ele>
      </trkpt>
      <trkpt lat="46.04038" lon="6.83517">
        <ele>2537.8</ele>
      </trkpt>
      <trkpt lat="46.0403" lon="6.83406">
        <ele>2525.6</ele>
      </trkpt>
      <trkpt lat="46.04061" lon="6.83307">
        <ele>2526.1</ele>
      </trkpt>
      <trkpt lat="46.04094" lon="6.83252">
        <ele>2535.3</ele>
      </trkpt>
      <trkpt lat="46.04123" lon="6.8316">
        <ele>2532.5</ele>
      </trkpt>
      <trkpt lat="46.04152" lon="6.83077">
        <ele>2537.5</ele>
      </trkpt>
      <trkpt lat="46.04164" lon="6.83008">
        <ele>2540.7</ele>
      </trkpt>
      <trkpt lat="46.04158" lon="6.82928">
        <ele>2541.7</ele>
      </trkpt>
      <trkpt lat="46.04148" lon="6.82838">
        <ele>2523.9</ele>
      </trkpt>
      <trkpt lat="46.04153" lon="6.82758">
        <ele>2534.4</ele>
      </trkpt>
      <trkpt lat="46.04163" lon="6.82682">
        <ele>2552.6</ele>
      </trkpt>
      <trkpt lat="46.04161" lon="6.82652">
        <ele>2548.8</ele>
      </trkpt>
      <trkpt lat="46.04176" lon="6.82615">
        <ele>2540.7</ele>
      </trkpt>
      <trkpt lat="46.0418" lon="6.82532">
        <ele>2522.2</ele>
      </trkpt>
      <trkpt lat="46.04164" lon="6.82486">
        <ele>2522.5</ele>
      </trkpt>
      <trkpt lat="46.04137" lon="6.82417">
        <ele>2517.7</ele>
      </trkpt>
      <trkpt lat="46.04117" lon="6.82314">
        <ele>2485.3</ele>
      </trkpt>
      <trkpt lat="46.04089" lon="6.82265">
        <ele>2484.7</ele>
      </trkpt>
      <trkpt lat="46.04073" lon="6.82171">
        <ele>2484.2</ele>
      </trkpt>
      <trkpt lat="46.04072" lon="6.82121">
        <ele>2477.4</ele>
      </trkpt>
      <trkpt lat="46.04078" lon="6.8204">
        <ele>2467.3</ele>
      </trkpt>
      <trkpt lat="46.04062" lon="6.82008">
        <ele>2464.2</ele>
      </trkpt>
      <trkpt lat="46.04057" lon="6.81978">
        <ele>2452</ele>
      </trkpt>
      <trkpt lat="46.03981" lon="6.81693">
        <ele>2417.6</ele>
      </trkpt>
      <trkpt lat="46.03936" lon="6.81684">
        <ele>2418.3</ele>
      </trkpt>
      <trkpt lat="46.03895" lon="6.81589">
        <ele>2406.2</ele>
      </trkpt>
      <trkpt lat="46.03877" lon="6.81546">
        <ele>2403.3</ele>
      </trkpt>
      <trkpt lat="46.03874" lon="6.81516">
        <ele>2403.3</ele>
      </trkpt>
      <trkpt lat="46.0385" lon="6.81486">
        <ele>2402.9</ele>
      </trkpt>
      <trkpt lat="46.03828" lon="6.81463">
        <ele>2397.1</ele>
      </trkpt>
      <trkpt lat="46.03802" lon="6.81373">
        <ele>2399.4</ele>
      </trkpt>
      <trkpt lat="46.03777" lon="6.81336">
        <ele>2401.1</ele>
      </trkpt>
      <trkpt lat="46.03749" lon="6.81258">
        <ele>2410.8</ele>
      </trkpt>
      <trkpt lat="46.03721" lon="6.81237">
        <ele>2403.8</ele>
      </trkpt>
      <trkpt lat="46.03701" lon="6.81235">
        <ele>2401.8</ele>
      </trkpt>
      <trkpt lat="46.0366" lon="6.81203">
        <ele>2383.6</ele>
      </trkpt>
      <trkpt lat="46.03652" lon="6.81171">
        <ele>2388.4</ele>
      </trkpt>
      <trkpt lat="46.0365" lon="6.81148">
        <ele>2382</ele>
      </trkpt>
      <trkpt lat="46.03654" lon="6.81116">
        <ele>2374.4</ele>
      </trkpt>
      <trkpt lat="46.03633" lon="6.81024">
        <ele>2343.7</ele>
      </trkpt>
      <trkpt lat="46.03615" lon="6.81033">
        <ele>2345.7</ele>
      </trkpt>
      <trkpt lat="46.03607" lon="6.80991">
        <ele>2326.4</ele>
      </trkpt>
      <trkpt lat="46.03615" lon="6.80978">
        <ele>2324.9</ele>
      </trkpt>
      <trkpt lat="46.03615" lon="6.80961">
        <ele>2323.8</ele>
      </trkpt>
      <trkpt lat="46.03599" lon="6.80938">
        <ele>2324.8</ele>
      </trkpt>
      <trkpt lat="46.0359" lon="6.80899">
        <ele>2315.9</ele>
      </trkpt>
      <trkpt lat="46.03559" lon="6.80883">
        <ele>2313.6</ele>
      </trkpt>
      <trkpt lat="46.03529" lon="6.80819">
        <ele>2286.3</ele>
      </trkpt>
      <trkpt lat="46.03521" lon="6.80748">
        <ele>2252.1</ele>
      </trkpt>
      <trkpt lat="46.03502" lon="6.80727">
        <ele>2249.8</ele>
      </trkpt>
      <trkpt lat="46.03499" lon="6.80752">
        <ele>2251.4</ele>
      </trkpt>
      <trkpt lat="46.03486" lon="6.80713">
        <ele>2197.3</ele>
      </trkpt>
      <trkpt lat="46.0347" lon="6.80734">
        <ele>2190.7</ele>
      </trkpt>
      <trkpt lat="46.0344" lon="6.80743">
        <ele>2151.6</ele>
      </trkpt>
      <trkpt lat="46.03444" lon="6.80676">
        <ele>2161.6</ele>
      </trkpt>
      <trkpt lat="46.0344" lon="6.8063">
        <ele>2176.8</ele>
      </trkpt>
      <trkpt lat="46.03489" lon="6.80575">
        <ele>2197.1</ele>
      </trkpt>
      <trkpt lat="46.03492" lon="6.80554">
        <ele>2190.7</ele>
      </trkpt>
      <trkpt lat="46.03452" lon="6.80529">
        <ele>2183.5</ele>
      </trkpt>
      <trkpt lat="46.03436" lon="6.80541">
        <ele>2184.1</ele>
      </trkpt>
      <trkpt lat="46.03427" lon="6.80518">
        <ele>2179.7</ele>
      </trkpt>
      <trkpt lat="46.03433" lon="6.80479">
        <ele>2164.9</ele>
      </trkpt>
      <trkpt lat="46.03379" lon="6.80472">
        <ele>2147.2</ele>
      </trkpt>
      <trkpt lat="46.03357" lon="6.80423">
        <ele>2138.6</ele>
      </trkpt>
      <trkpt lat="46.03352" lon="6.80382">
        <ele>2124.4</ele>
      </trkpt>
      <trkpt lat="46.03291" lon="6.8038">
        <ele>2085.7</ele>
      </trkpt>
      <trkpt lat="46.03269" lon="6.80334">
        <ele>2070.7</ele>
      </trkpt>
      <trkpt lat="46.03256" lon="6.80354">
        <ele>2070.7</ele>
      </trkpt>
      <trkpt lat="46.03243" lon="6.80327">
        <ele>2043.4</ele>
      </trkpt>
      <trkpt lat="46.03262" lon="6.80313">
        <ele>2060.5</ele>
      </trkpt>
      <trkpt lat="46.03269" lon="6.80288">
        <ele>2059.4</ele>
      </trkpt>
      <trkpt lat="46.03315" lon="6.80163">
        <ele>2024.6</ele>
      </trkpt>
      <trkpt lat="46.03337" lon="6.80152">
        <ele>2036.4</ele>
      </trkpt>
      <trkpt lat="46.03328" lon="6.80124">
        <ele>2018.9</ele>
      </trkpt>
      <trkpt lat="46.03307" lon="6.8012">
        <ele>2015.9</ele>
      </trkpt>
      <trkpt lat="46.03309" lon="6.80101">
        <ele>2015</ele>
      </trkpt>
      <trkpt lat="46.03291" lon="6.8009">
        <ele>2010.7</ele>
      </trkpt>
      <trkpt lat="46.03325" lon="6.79998">
        <ele>1996.3</ele>
      </trkpt>
      <trkpt lat="46.03317" lon="6.79963">
        <ele>1987.1</ele>
      </trkpt>
      <trkpt lat="46.03325" lon="6.79943">
        <ele>1986.4</ele>
      </trkpt>
      <trkpt lat="46.0331" lon="6.79922">
        <ele>1984.7</ele>
      </trkpt>
      <trkpt lat="46.03272" lon="6.79915">
        <ele>1970.8</ele>
      </trkpt>
      <trkpt lat="46.03264" lon="6.79881">
        <ele>1969.6</ele>
      </trkpt>
      <trkpt lat="46.03274" lon="6.79855">
        <ele>1968.4</ele>
      </trkpt>
      <trkpt lat="46.03266" lon="6.79846">
        <ele>1966.3</ele>
      </trkpt>
      <trkpt lat="46.03259" lon="6.79825">
        <ele>1957</ele>
      </trkpt>
      <trkpt lat="46.03237" lon="6.79825">
        <ele>1950.5</ele>
      </trkpt>
      <trkpt lat="46.03231" lon="6.79807">
        <ele>1944.8</ele>
      </trkpt>
      <trkpt lat="46.03213" lon="6.79743">
        <ele>1926.8</ele>
      </trkpt>
      <trkpt lat="46.03226" lon="6.79731">
        <ele>1927.7</ele>
      </trkpt>
      <trkpt lat="46.03245" lon="6.79731">
        <ele>1931.2</ele>
      </trkpt>
      <trkpt lat="46.03282" lon="6.79766">
        <ele>1947.6</ele>
      </trkpt>
      <trkpt lat="46.03299" lon="6.79766">
        <ele>1946.6</ele>
      </trkpt>
      <trkpt lat="46.03314" lon="6.79754">
        <ele>1942.1</ele>
      </trkpt>
      <trkpt lat="46.03363" lon="6.79777">
        <ele>1936.9</ele>
      </trkpt>
      <trkpt lat="46.03377" lon="6.79761">
        <ele>1931.9</ele>
      </trkpt>
      <trkpt lat="46.03401" lon="6.79766">
        <ele>1925.7</ele>
      </trkpt>
      <trkpt lat="46.0343" lon="6.79789">
        <ele>1914.3</ele>
      </trkpt>
      <trkpt lat="46.03486" lon="6.79777">
        <ele>1902.2</ele>
      </trkpt>
      <trkpt lat="46.03494" lon="6.79745">
        <ele>1882.6</ele>
      </trkpt>
      <trkpt lat="46.03475" lon="6.79733">
        <ele>1882.9</ele>
      </trkpt>
      <trkpt lat="46.0346" lon="6.79704">
        <ele>1880.4</ele>
      </trkpt>
      <trkpt lat="46.03472" lon="6.79694">
        <ele>1876.9</ele>
      </trkpt>
      <trkpt lat="46.03486" lon="6.79727">
        <ele>1881.2</ele>
      </trkpt>
      <trkpt lat="46.03513" lon="6.79743">
        <ele>1866.8</ele>
      </trkpt>
      <trkpt lat="46.03508" lon="6.79715">
        <ele>1856.7</ele>
      </trkpt>
      <trkpt lat="46.03486" lon="6.79681">
        <ele>1869.9</ele>
      </trkpt>
      <trkpt lat="46.0348" lon="6.79655">
        <ele>1854.1</ele>
      </trkpt>
      <trkpt lat="46.03443" lon="6.79618">
        <ele>1851.8</ele>
      </trkpt>
      <trkpt lat="46.03441" lon="6.79584">
        <ele>1847</ele>
      </trkpt>
      <trkpt lat="46.03511" lon="6.79635">
        <ele>1830.7</ele>
      </trkpt>
      <trkpt lat="46.03511" lon="6.79609">
        <ele>1825.2</ele>
      </trkpt>
      <trkpt lat="46.03531" lon="6.79605">
        <ele>1821.3</ele>
      </trkpt>
      <trkpt lat="46.03519" lon="6.79586">
        <ele>1822.9</ele>
      </trkpt>
      <trkpt lat="46.03475" lon="6.79497">
        <ele>1792</ele>
      </trkpt>
      <trkpt lat="46.03539" lon="6.79533">
        <ele>1793.9</ele>
      </trkpt>
      <trkpt lat="46.03556" lon="6.79533">
        <ele>1790</ele>
      </trkpt>
      <trkpt lat="46.03523" lon="6.79487">
        <ele>1777.6</ele>
      </trkpt>
      <trkpt lat="46.03571" lon="6.79492">
        <ele>1766.1</ele>
      </trkpt>
      <trkpt lat="46.03535" lon="6.79453">
        <ele>1766.9</ele>
      </trkpt>
      <trkpt lat="46.03585" lon="6.79474">
        <ele>1739.9</ele>
      </trkpt>
      <trkpt lat="46.03575" lon="6.79444">
        <ele>1756.9</ele>
      </trkpt>
      <trkpt lat="46.03588" lon="6.79448">
        <ele>1732.2</ele>
      </trkpt>
      <trkpt lat="46.03558" lon="6.79395">
        <ele>1737.2</ele>
      </trkpt>
      <trkpt lat="46.03599" lon="6.79418">
        <ele>1730.3</ele>
      </trkpt>
      <trkpt lat="46.03599" lon="6.79398">
        <ele>1714.6</ele>
      </trkpt>
      <trkpt lat="46.03614" lon="6.79395">
        <ele>1708.4</ele>
      </trkpt>
      <trkpt lat="46.03628" lon="6.79416">
        <ele>1704.8</ele>
      </trkpt>
      <trkpt lat="46.03636" lon="6.79471">
        <ele>1722.4</ele>
      </trkpt>
      <trkpt lat="46.0367" lon="6.79508">
        <ele>1699.5</ele>
      </trkpt>
      <trkpt lat="46.03658" lon="6.79411">
        <ele>1693.4</ele>
      </trkpt>
      <trkpt lat="46.03695" lon="6.79453">
        <ele>1670.5</ele>
      </trkpt>
      <trkpt lat="46.037" lon="6.79499">
        <ele>1674.2</ele>
      </trkpt>
      <trkpt lat="46.03708" lon="6.79457">
        <ele>1666.1</ele>
      </trkpt>
      <trkpt lat="46.03701" lon="6.79421">
        <ele>1666.9</ele>
      </trkpt>
      <trkpt lat="46.03701" lon="6.79395">
        <ele>1654.2</ele>
      </trkpt>
      <trkpt lat="46.03714" lon="6.79379">
        <ele>1647.3</ele>
      </trkpt>
      <trkpt lat="46.03733" lon="6.79391">
        <ele>1641.3</ele>
      </trkpt>
      <trkpt lat="46.03743" lon="6.79437">
        <ele>1648.2</ele>
      </trkpt>
      <trkpt lat="46.03761" lon="6.79497">
        <ele>1625.5</ele>
      </trkpt>
      <trkpt lat="46.03772" lon="6.79416">
        <ele>1601.4</ele>
      </trkpt>
      <trkpt lat="46.03753" lon="6.79382">
        <ele>1598.3</ele>
      </trkpt>
      <trkpt lat="46.03738" lon="6.79329">
        <ele>1617.3</ele>
      </trkpt>
      <trkpt lat="46.03788" lon="6.79407">
        <ele>1589.4</ele>
      </trkpt>
      <trkpt lat="46.0381" lon="6.79462">
        <ele>1591</ele>
      </trkpt>
      <trkpt lat="46.03812" lon="6.79515">
        <ele>1598.1</ele>
      </trkpt>
      <trkpt lat="46.03832" lon="6.7937">
        <ele>1571.1</ele>
      </trkpt>
      <trkpt lat="46.03826" lon="6.79262">
        <ele>1544.7</ele>
      </trkpt>
      <trkpt lat="46.03868" lon="6.79329">
        <ele>1514.9</ele>
      </trkpt>
      <trkpt lat="46.03877" lon="6.79407">
        <ele>1523</ele>
      </trkpt>
      <trkpt lat="46.03888" lon="6.79347">
        <ele>1513</ele>
      </trkpt>
      <trkpt lat="46.03907" lon="6.79308">
        <ele>1498.8</ele>
      </trkpt>
      <trkpt lat="46.03891" lon="6.79225">
        <ele>1488.7</ele>
      </trkpt>
      <trkpt lat="46.03907" lon="6.7925">
        <ele>1486.1</ele>
      </trkpt>
      <trkpt lat="46.03919" lon="6.79186">
        <ele>1451.7</ele>
      </trkpt>
      <trkpt lat="46.03931" lon="6.79232">
        <ele>1454.9</ele>
      </trkpt>
      <trkpt lat="46.03939" lon="6.79241">
        <ele>1453.4</ele>
      </trkpt>
      <trkpt lat="46.03947" lon="6.7926">
        <ele>1460.6</ele>
      </trkpt>
      <trkpt lat="46.03952" lon="6.79283">
        <ele>1460.1</ele>
      </trkpt>
      <trkpt lat="46.03959" lon="6.7928">
        <ele>1458.1</ele>
      </trkpt>
      <trkpt lat="46.03963" lon="6.7925">
        <ele>1453.1</ele>
      </trkpt>
      <trkpt lat="46.03965" lon="6.79269">
        <ele>1454.3</ele>
      </trkpt>
      <trkpt lat="46.03974" lon="6.79294">
        <ele>1456</ele>
      </trkpt>
      <trkpt lat="46.03984" lon="6.7931">
        <ele>1456.6</ele>
      </trkpt>
      <trkpt lat="46.04083" lon="6.79269">
        <ele>1431.1</ele>
      </trkpt>
      <trkpt lat="46.04061" lon="6.79237">
        <ele>1412.1</ele>
      </trkpt>
      <trkpt lat="46.04099" lon="6.79232">
        <ele>1407.4</ele>
      </trkpt>
      <trkpt lat="46.04136" lon="6.79299">
        <ele>1433.7</ele>
      </trkpt>
      <trkpt lat="46.04163" lon="6.79237">
        <ele>1405.1</ele>
      </trkpt>
      <trkpt lat="46.04279" lon="6.79177">
        <ele>1408.3</ele>
      </trkpt>
      <trkpt lat="46.04343" lon="6.79147">
        <ele>1393</ele>
      </trkpt>
      <trkpt lat="46.04402" lon="6.79158">
        <ele>1394.7</ele>
      </trkpt>
      <trkpt lat="46.04433" lon="6.79122">
        <ele>1380.7</ele>
      </trkpt>
      <trkpt lat="46.04498" lon="6.79131">
        <ele>1378.8</ele>
      </trkpt>
      <trkpt lat="46.04586" lon="6.79152">
        <ele>1347.7</ele>
      </trkpt>
      <trkpt lat="46.04632" lon="6.79147">
        <ele>1339.9</ele>
      </trkpt>
      <trkpt lat="46.04656" lon="6.79133">
        <ele>1337</ele>
      </trkpt>
      <trkpt lat="46.04694" lon="6.79161">
        <ele>1334.8</ele>
      </trkpt>
      <trkpt lat="46.04707" lon="6.79191">
        <ele>1351.8</ele>
      </trkpt>
      <trkpt lat="46.04758" lon="6.79175">
        <ele>1341.3</ele>
      </trkpt>
      <trkpt lat="46.0483" lon="6.79202">
        <ele>1346.2</ele>
      </trkpt>
      <trkpt lat="46.04884" lon="6.79262">
        <ele>1360</ele>
      </trkpt>
      <trkpt lat="46.04979" lon="6.79354">
        <ele>1358.3</ele>
      </trkpt>
      <trkpt lat="46.04983" lon="6.79398">
        <ele>1359.9</ele>
      </trkpt>
      <trkpt lat="46.04963" lon="6.79467">
        <ele>1371.9</ele>
      </trkpt>
      <trkpt lat="46.04956" lon="6.79506">
        <ele>1377.5</ele>
      </trkpt>
      <trkpt lat="46.04959" lon="6.79522">
        <ele>1376.2</ele>
      </trkpt>
      <trkpt lat="46.04961" lon="6.79545">
        <ele>1376.3</ele>
      </trkpt>
      <trkpt lat="46.04959" lon="6.79579">
        <ele>1377.7</ele>
      </trkpt>
      <trkpt lat="46.04963" lon="6.79621">
        <ele>1378</ele>
      </trkpt>
      <trkpt lat="46.04951" lon="6.79692">
        <ele>1382.7</ele>
      </trkpt>
      <trkpt lat="46.04931" lon="6.79791">
        <ele>1390.9</ele>
      </trkpt>
      <trkpt lat="46.04961" lon="6.79807">
        <ele>1386.4</ele>
      </trkpt>
      <trkpt lat="46.05015" lon="6.79844">
        <ele>1392.9</ele>
      </trkpt>
      <trkpt lat="46.05074" lon="6.79867">
        <ele>1399.7</ele>
      </trkpt>
      <trkpt lat="46.05095" lon="6.79876">
        <ele>1401.9</ele>
      </trkpt>
      <trkpt lat="46.05105" lon="6.7991">
        <ele>1409.5</ele>
      </trkpt>
      <trkpt lat="46.05216" lon="6.79956">
        <ele>1430.8</ele>
      </trkpt>
      <trkpt lat="46.05242" lon="6.79943">
        <ele>1427</ele>
      </trkpt>
      <trkpt lat="46.05263" lon="6.79966">
        <ele>1425.9</ele>
      </trkpt>
      <trkpt lat="46.05277" lon="6.80009">
        <ele>1441</ele>
      </trkpt>
      <trkpt lat="46.05315" lon="6.80044">
        <ele>1439.4</ele>
      </trkpt>
      <trkpt lat="46.05349" lon="6.80138">
        <ele>1442.1</ele>
      </trkpt>
      <trkpt lat="46.05349" lon="6.80205">
        <ele>1460</ele>
      </trkpt>
      <trkpt lat="46.05365" lon="6.80299">
        <ele>1479.4</ele>
      </trkpt>
      <trkpt lat="46.05382" lon="6.80357">
        <ele>1493.3</ele>
      </trkpt>
      <trkpt lat="46.05424" lon="6.8046">
        <ele>1501.3</ele>
      </trkpt>
      <trkpt lat="46.05461" lon="6.80488">
        <ele>1501.1</ele>
      </trkpt>
      <trkpt lat="46.05475" lon="6.8052">
        <ele>1509.7</ele>
      </trkpt>
      <trkpt lat="46.05464" lon="6.80559">
        <ele>1514.1</ele>
      </trkpt>
      <trkpt lat="46.05448" lon="6.80575">
        <ele>1519.7</ele>
      </trkpt>
      <trkpt lat="46.05454" lon="6.80594">
        <ele>1522.8</ele>
      </trkpt>
      <trkpt lat="46.05433" lon="6.80619">
        <ele>1527.7</ele>
      </trkpt>
      <trkpt lat="46.05419" lon="6.806">
        <ele>1531.7</ele>
      </trkpt>
      <trkpt lat="46.05386" lon="6.80587">
        <ele>1555.2</ele>
      </trkpt>
      <trkpt lat="46.0537" lon="6.80561">
        <ele>1548.9</ele>
      </trkpt>
      <trkpt lat="46.05357" lon="6.80575">
        <ele>1554.9</ele>
      </trkpt>
      <trkpt lat="46.05352" lon="6.80623">
        <ele>1564.4</ele>
      </trkpt>
      <trkpt lat="46.05346" lon="6.80683">
        <ele>1572.8</ele>
      </trkpt>
      <trkpt lat="46.05336" lon="6.80732">
        <ele>1576</ele>
      </trkpt>
      <trkpt lat="46.05323" lon="6.80798">
        <ele>1596.5</ele>
      </trkpt>
      <trkpt lat="46.05258" lon="6.80941">
        <ele>1620.5</ele>
      </trkpt>
      <trkpt lat="46.05263" lon="6.80973">
        <ele>1620.7</ele>
      </trkpt>
      <trkpt lat="46.05277" lon="6.80982">
        <ele>1618.3</ele>
      </trkpt>
      <trkpt lat="46.05275" lon="6.81001">
        <ele>1623.8</ele>
      </trkpt>
      <trkpt lat="46.05269" lon="6.8103">
        <ele>1624.2</ele>
      </trkpt>
      <trkpt lat="46.05255" lon="6.81076">
        <ele>1633.8</ele>
      </trkpt>
      <trkpt lat="46.05253" lon="6.81113">
        <ele>1635.1</ele>
      </trkpt>
      <trkpt lat="46.05243" lon="6.81143">
        <ele>1652.2</ele>
      </trkpt>
      <trkpt lat="46.05264" lon="6.8121">
        <ele>1646.7</ele>
      </trkpt>
      <trkpt lat="46.05274" lon="6.81267">
        <ele>1654.5</ele>
      </trkpt>
      <trkpt lat="46.0529" lon="6.81313">
        <ele>1654.5</ele>
      </trkpt>
      <trkpt lat="46.0532" lon="6.81484">
        <ele>1659.4</ele>
      </trkpt>
      <trkpt lat="46.05306" lon="6.81685">
        <ele>1676.6</ele>
      </trkpt>
      <trkpt lat="46.05335" lon="6.81749">
        <ele>1663.4</ele>
      </trkpt>
      <trkpt lat="46.05438" lon="6.82013">
        <ele>1681.8</ele>
      </trkpt>
      <trkpt lat="46.055" lon="6.8206">
        <ele>1681.1</ele>
      </trkpt>
      <trkpt lat="46.05603" lon="6.82102">
        <ele>1677.7</ele>
      </trkpt>
      <trkpt lat="46.05632" lon="6.82113">
        <ele>1677.8</ele>
      </trkpt>
      <trkpt lat="46.05661" lon="6.82076">
        <ele>1663.8</ele>
      </trkpt>
      <trkpt lat="46.05721" lon="6.82121">
        <ele>1678.2</ele>
      </trkpt>
      <trkpt lat="46.05784" lon="6.82135">
        <ele>1677.8</ele>
      </trkpt>
      <trkpt lat="46.05804" lon="6.82107">
        <ele>1672.9</ele>
      </trkpt>
      <trkpt lat="46.05804" lon="6.82065">
        <ele>1653.4</ele>
      </trkpt>
      <trkpt lat="46.05792" lon="6.82034">
        <ele>1648.8</ele>
      </trkpt>
      <trkpt lat="46.05816" lon="6.81974">
        <ele>1621.5</ele>
      </trkpt>
      <trkpt lat="46.05854" lon="6.81954">
        <ele>1608.8</ele>
      </trkpt>
      <trkpt lat="46.05792" lon="6.81929">
        <ele>1614.1</ele>
      </trkpt>
      <trkpt lat="46.0584" lon="6.81873">
        <ele>1581.4</ele>
      </trkpt>
      <trkpt lat="46.05908" lon="6.81919">
        <ele>1592.8</ele>
      </trkpt>
      <trkpt lat="46.06024" lon="6.81814">
        <ele>1535.2</ele>
      </trkpt>
      <trkpt lat="46.05925" lon="6.81797">
        <ele>1542.5</ele>
      </trkpt>
      <trkpt lat="46.05985" lon="6.81734">
        <ele>1507.1</ele>
      </trkpt>
      <trkpt lat="46.06062" lon="6.8171">
        <ele>1485.9</ele>
      </trkpt>
      <trkpt lat="46.06096" lon="6.81769">
        <ele>1502.5</ele>
      </trkpt>
      <trkpt lat="46.06157" lon="6.81758">
        <ele>1485.2</ele>
      </trkpt>
      <trkpt lat="46.06241" lon="6.81769">
        <ele>1466.2</ele>
      </trkpt>
      <trkpt lat="46.06227" lon="6.81734">
        <ele>1445.7</ele>
      </trkpt>
      <trkpt lat="46.06331" lon="6.81772">
        <ele>1424.1</ele>
      </trkpt>
      <trkpt lat="46.06563" lon="6.82182">
        <ele>1387.9</ele>
      </trkpt>
      <trkpt lat="46.06644" lon="6.8225">
        <ele>1354.1</ele>
      </trkpt>
      <trkpt lat="46.06651" lon="6.82393">
        <ele>1360.3</ele>
      </trkpt>
      <trkpt lat="46.06695" lon="6.82515">
        <ele>1317.2</ele>
      </trkpt>
      <trkpt lat="46.06622" lon="6.82731">
        <ele>1334.7</ele>
      </trkpt>
      <trkpt lat="46.06607" lon="6.82953">
        <ele>1286.7</ele>
      </trkpt>
      <trkpt lat="46.06633" lon="6.82948">
        <ele>1280.7</ele>
      </trkpt>
      <trkpt lat="46.06567" lon="6.83096">
        <ele>1271.2</ele>
      </trkpt>
      <trkpt lat="46.06596" lon="6.83339">
        <ele>1189.5</ele>
      </trkpt>
      <trkpt lat="46.06651" lon="6.83212">
        <ele>1190.9</ele>
      </trkpt>
      <trkpt lat="46.06669" lon="6.83238">
        <ele>1157.7</ele>
      </trkpt>
      <trkpt lat="46.06754" lon="6.83212">
        <ele>1107.1</ele>
      </trkpt>
      <trkpt lat="46.06768" lon="6.83265">
        <ele>1097.8</ele>
      </trkpt>
      <trkpt lat="46.0679" lon="6.83212">
        <ele>1099.1</ele>
      </trkpt>
      <trkpt lat="46.06827" lon="6.83249">
        <ele>1079.6</ele>
      </trkpt>
      <trkpt lat="46.06871" lon="6.83249">
        <ele>1061</ele>
      </trkpt>
      <trkpt lat="46.06838" lon="6.83318">
        <ele>1063.1</ele>
      </trkpt>
      <trkpt lat="46.06937" lon="6.83302">
        <ele>1026.1</ele>
      </trkpt>
      <trkpt lat="46.06933" lon="6.83344">
        <ele>1027.7</ele>
      </trkpt>
      <trkpt lat="46.06992" lon="6.83371">
        <ele>1014.9</ele>
      </trkpt>
      <trkpt lat="46.07018" lon="6.8345">
        <ele>997.1</ele>
      </trkpt>
      <trkpt lat="46.0708" lon="6.8345">
        <ele>990.3</ele>
      </trkpt>
      <trkpt lat="46.07208" lon="6.83413">
        <ele>968.3</ele>
      </trkpt>
      <trkpt lat="46.07322" lon="6.83408">
        <ele>951.9</ele>
      </trkpt>
      <trkpt lat="46.07388" lon="6.83418">
        <ele>942.9</ele>
      </trkpt>
      <trkpt lat="46.07465" lon="6.83434">
        <ele>937.4</ele>
      </trkpt>
      <trkpt lat="46.07505" lon="6.83265">
        <ele>925.7</ele>
      </trkpt>
      <trkpt lat="46.07538" lon="6.83365">
        <ele>927.6</ele>
      </trkpt>
      <trkpt lat="46.0756" lon="6.83328">
        <ele>923.8</ele>
      </trkpt>
      <trkpt lat="46.07586" lon="6.8345">
        <ele>925.8</ele>
      </trkpt>
      <trkpt lat="46.07597" lon="6.8355">
        <ele>932.4</ele>
      </trkpt>
      <trkpt lat="46.07604" lon="6.83656">
        <ele>936.8</ele>
      </trkpt>
      <trkpt lat="46.076" lon="6.83735">
        <ele>938.7</ele>
      </trkpt>
      <trkpt lat="46.07652" lon="6.83719">
        <ele>938.6</ele>
      </trkpt>
      <trkpt lat="46.07688" lon="6.83666">
        <ele>938.1</ele>
      </trkpt>
      <trkpt lat="46.07721" lon="6.83677">
        <ele>940.3</ele>
      </trkpt>
    </trkseg>
  </trk>
</gpx>
