<?xml version="1.0" encoding="UTF-8"?>
<gpx version="1.1" creator="gpx.studio" xmlns="http://www.topografix.com/GPX/1/1" xmlns:xsi="http://www.w3.org/2001/XMLSchema-instance" xsi:schemaLocation="http://www.topografix.com/GPX/1/1 http://www.topografix.com/GPX/1/1/gpx.xsd http://www.garmin.com/xmlschemas/GpxExtensions/v3 http://www.garmin.com/xmlschemas/GpxExtensionsv3.xsd http://www.garmin.com/xmlschemas/TrackPointExtension/v1 http://www.garmin.com/xmlschemas/TrackPointExtensionv1.xsd http://www.garmin.com/xmlschemas/PowerExtension/v1 http://www.garmin.com/xmlschemas/PowerExtensionv1.xsd http://www.topografix.com/GPX/gpx_style/0/2 http://www.topografix.com/GPX/gpx_style/0/2/gpx_style.xsd" xmlns:gpxtpx="http://www.garmin.com/xmlschemas/TrackPointExtension/v1" xmlns:gpxx="http://www.garmin.com/xmlschemas/GpxExtensions/v3" xmlns:gpxpx="http://www.garmin.com/xmlschemas/PowerExtension/v1" xmlns:gpx_style="http://www.topografix.com/GPX/gpx_style/0/2">
  <metadata>
    <name>Balcon du Leman</name>
    <author>
      <name>gpx.studio</name>
      <link href="https://gpx.studio"/>
    </author>
  </metadata>
  <trk>
    <name>Balcon du Leman</name>
    <trkseg>
      <trkpt lat="46.22094" lon="6.42373">
        <ele>853.79998779297</ele>
      </trkpt>
      <trkpt lat="46.22094" lon="6.42365">
        <ele>853.79998779297</ele>
      </trkpt>
      <trkpt lat="46.22093" lon="6.4236">
        <ele>853.79998779297</ele>
      </trkpt>
      <trkpt lat="46.22094" lon="6.42356">
        <ele>854</ele>
      </trkpt>
      <trkpt lat="46.22093" lon="6.42333">
        <ele>854.20001220703</ele>
      </trkpt>
      <trkpt lat="46.22097" lon="6.42322">
        <ele>854.59997558594</ele>
      </trkpt>
      <trkpt lat="46.22111" lon="6.42319">
        <ele>856.40002441406</ele>
      </trkpt>
      <trkpt lat="46.22118" lon="6.42321">
        <ele>857.20001220703</ele>
      </trkpt>
      <trkpt lat="46.22121" lon="6.42321">
        <ele>857.59997558594</ele>
      </trkpt>
      <trkpt lat="46.22127" lon="6.42321">
        <ele>858.40002441406</ele>
      </trkpt>
      <trkpt lat="46.22138" lon="6.42322">
        <ele>860</ele>
      </trkpt>
      <trkpt lat="46.22146" lon="6.42323">
        <ele>861</ele>
      </trkpt>
      <trkpt lat="46.22152" lon="6.42323">
        <ele>861.79998779297</ele>
      </trkpt>
      <trkpt lat="46.2216" lon="6.42323">
        <ele>862.79998779297</ele>
      </trkpt>
      <trkpt lat="46.2217" lon="6.42321">
        <ele>864.20001220703</ele>
      </trkpt>
      <trkpt lat="46.22178" lon="6.4232">
        <ele>865.40002441406</ele>
      </trkpt>
      <trkpt lat="46.22184" lon="6.42318">
        <ele>866.20001220703</ele>
      </trkpt>
      <trkpt lat="46.22187" lon="6.42314">
        <ele>866.59997558594</ele>
      </trkpt>
      <trkpt lat="46.22193" lon="6.42311">
        <ele>867.40002441406</ele>
      </trkpt>
      <trkpt lat="46.22196" lon="6.4231">
        <ele>867.79998779297</ele>
      </trkpt>
      <trkpt lat="46.22201" lon="6.42308">
        <ele>868.40002441406</ele>
      </trkpt>
      <trkpt lat="46.22205" lon="6.42304">
        <ele>868.79998779297</ele>
      </trkpt>
      <trkpt lat="46.2221" lon="6.423">
        <ele>869.40002441406</ele>
      </trkpt>
      <trkpt lat="46.22215" lon="6.42298">
        <ele>870</ele>
      </trkpt>
      <trkpt lat="46.22221" lon="6.42297">
        <ele>870.79998779297</ele>
      </trkpt>
      <trkpt lat="46.22226" lon="6.42297">
        <ele>871.40002441406</ele>
      </trkpt>
      <trkpt lat="46.22232" lon="6.42294">
        <ele>872.20001220703</ele>
      </trkpt>
      <trkpt lat="46.22238" lon="6.4229">
        <ele>872.59997558594</ele>
      </trkpt>
      <trkpt lat="46.22243" lon="6.42287">
        <ele>873.20001220703</ele>
      </trkpt>
      <trkpt lat="46.2225" lon="6.42284">
        <ele>874</ele>
      </trkpt>
      <trkpt lat="46.22254" lon="6.42285">
        <ele>874.59997558594</ele>
      </trkpt>
      <trkpt lat="46.22253" lon="6.42286">
        <ele>874.59997558594</ele>
      </trkpt>
      <trkpt lat="46.22254" lon="6.42288">
        <ele>874.79998779297</ele>
      </trkpt>
      <trkpt lat="46.22257" lon="6.42289">
        <ele>875.40002441406</ele>
      </trkpt>
      <trkpt lat="46.2226" lon="6.42294">
        <ele>876.20001220703</ele>
      </trkpt>
      <trkpt lat="46.2226" lon="6.423">
        <ele>876.59997558594</ele>
      </trkpt>
      <trkpt lat="46.2226" lon="6.42318">
        <ele>877.79998779297</ele>
      </trkpt>
      <trkpt lat="46.2226" lon="6.42329">
        <ele>878.40002441406</ele>
      </trkpt>
      <trkpt lat="46.2226" lon="6.42338">
        <ele>878.79998779297</ele>
      </trkpt>
      <trkpt lat="46.22258" lon="6.42349">
        <ele>878.40002441406</ele>
      </trkpt>
      <trkpt lat="46.2226" lon="6.42356">
        <ele>878.79998779297</ele>
      </trkpt>
      <trkpt lat="46.22262" lon="6.42366">
        <ele>879.40002441406</ele>
      </trkpt>
      <trkpt lat="46.22265" lon="6.42376">
        <ele>880.20001220703</ele>
      </trkpt>
      <trkpt lat="46.22267" lon="6.42381">
        <ele>880.59997558594</ele>
      </trkpt>
      <trkpt lat="46.22267" lon="6.42382">
        <ele>880.59997558594</ele>
      </trkpt>
      <trkpt lat="46.22267" lon="6.42381">
        <ele>880.59997558594</ele>
      </trkpt>
      <trkpt lat="46.22267" lon="6.42381">
        <ele>880.79998779297</ele>
      </trkpt>
      <trkpt lat="46.22266" lon="6.42379">
        <ele>880.59997558594</ele>
      </trkpt>
      <trkpt lat="46.22265" lon="6.42373">
        <ele>880</ele>
      </trkpt>
      <trkpt lat="46.22264" lon="6.42371">
        <ele>879.79998779297</ele>
      </trkpt>
      <trkpt lat="46.2226" lon="6.42359">
        <ele>879</ele>
      </trkpt>
      <trkpt lat="46.22256" lon="6.42355">
        <ele>878.20001220703</ele>
      </trkpt>
      <trkpt lat="46.22249" lon="6.4236">
        <ele>876.59997558594</ele>
      </trkpt>
      <trkpt lat="46.22246" lon="6.42367">
        <ele>876.20001220703</ele>
      </trkpt>
      <trkpt lat="46.22245" lon="6.4237">
        <ele>876.20001220703</ele>
      </trkpt>
      <trkpt lat="46.22245" lon="6.42379">
        <ele>876</ele>
      </trkpt>
      <trkpt lat="46.22244" lon="6.42391">
        <ele>876</ele>
      </trkpt>
      <trkpt lat="46.22245" lon="6.42395">
        <ele>876</ele>
      </trkpt>
      <trkpt lat="46.22246" lon="6.42403">
        <ele>876.20001220703</ele>
      </trkpt>
      <trkpt lat="46.22247" lon="6.42416">
        <ele>876.40002441406</ele>
      </trkpt>
      <trkpt lat="46.22252" lon="6.42424">
        <ele>877</ele>
      </trkpt>
      <trkpt lat="46.22261" lon="6.42434">
        <ele>878.40002441406</ele>
      </trkpt>
      <trkpt lat="46.22265" lon="6.42445">
        <ele>878.79998779297</ele>
      </trkpt>
      <trkpt lat="46.22267" lon="6.4245">
        <ele>878.79998779297</ele>
      </trkpt>
      <trkpt lat="46.22269" lon="6.42449">
        <ele>879.40002441406</ele>
      </trkpt>
      <trkpt lat="46.22271" lon="6.42447">
        <ele>880</ele>
      </trkpt>
      <trkpt lat="46.22273" lon="6.42444">
        <ele>880.79998779297</ele>
      </trkpt>
      <trkpt lat="46.22278" lon="6.42441">
        <ele>882.20001220703</ele>
      </trkpt>
      <trkpt lat="46.22284" lon="6.42439">
        <ele>883.79998779297</ele>
      </trkpt>
      <trkpt lat="46.2229" lon="6.42438">
        <ele>885.40002441406</ele>
      </trkpt>
      <trkpt lat="46.22294" lon="6.42434">
        <ele>886.59997558594</ele>
      </trkpt>
      <trkpt lat="46.22296" lon="6.42432">
        <ele>887.40002441406</ele>
      </trkpt>
      <trkpt lat="46.22301" lon="6.42432">
        <ele>888.40002441406</ele>
      </trkpt>
      <trkpt lat="46.22305" lon="6.42433">
        <ele>889.40002441406</ele>
      </trkpt>
      <trkpt lat="46.22307" lon="6.42432">
        <ele>890</ele>
      </trkpt>
      <trkpt lat="46.22311" lon="6.42432">
        <ele>891</ele>
      </trkpt>
      <trkpt lat="46.22317" lon="6.42431">
        <ele>892.40002441406</ele>
      </trkpt>
      <trkpt lat="46.22322" lon="6.42429">
        <ele>894</ele>
      </trkpt>
      <trkpt lat="46.22325" lon="6.42428">
        <ele>894.79998779297</ele>
      </trkpt>
      <trkpt lat="46.22331" lon="6.42429">
        <ele>896.20001220703</ele>
      </trkpt>
      <trkpt lat="46.22337" lon="6.42428">
        <ele>897.59997558594</ele>
      </trkpt>
      <trkpt lat="46.22341" lon="6.42426">
        <ele>898.40002441406</ele>
      </trkpt>
      <trkpt lat="46.22345" lon="6.42428">
        <ele>899</ele>
      </trkpt>
      <trkpt lat="46.22347" lon="6.42428">
        <ele>899.40002441406</ele>
      </trkpt>
      <trkpt lat="46.22352" lon="6.42429">
        <ele>900.20001220703</ele>
      </trkpt>
      <trkpt lat="46.22358" lon="6.42424">
        <ele>901.79998779297</ele>
      </trkpt>
      <trkpt lat="46.22361" lon="6.42418">
        <ele>902.79998779297</ele>
      </trkpt>
      <trkpt lat="46.22365" lon="6.42417">
        <ele>903.59997558594</ele>
      </trkpt>
      <trkpt lat="46.22371" lon="6.42414">
        <ele>904.40002441406</ele>
      </trkpt>
      <trkpt lat="46.22374" lon="6.42415">
        <ele>905.20001220703</ele>
      </trkpt>
      <trkpt lat="46.2238" lon="6.42415">
        <ele>906.20001220703</ele>
      </trkpt>
      <trkpt lat="46.22384" lon="6.42417">
        <ele>907</ele>
      </trkpt>
      <trkpt lat="46.22387" lon="6.42419">
        <ele>907.59997558594</ele>
      </trkpt>
      <trkpt lat="46.2239" lon="6.42423">
        <ele>907.79998779297</ele>
      </trkpt>
      <trkpt lat="46.2239" lon="6.42428">
        <ele>907.79998779297</ele>
      </trkpt>
      <trkpt lat="46.22392" lon="6.42431">
        <ele>908</ele>
      </trkpt>
      <trkpt lat="46.22399" lon="6.42429">
        <ele>909.40002441406</ele>
      </trkpt>
      <trkpt lat="46.22404" lon="6.42428">
        <ele>910.40002441406</ele>
      </trkpt>
      <trkpt lat="46.22412" lon="6.42423">
        <ele>912</ele>
      </trkpt>
      <trkpt lat="46.22414" lon="6.42421">
        <ele>912.40002441406</ele>
      </trkpt>
      <trkpt lat="46.22424" lon="6.42416">
        <ele>914.20001220703</ele>
      </trkpt>
      <trkpt lat="46.2243" lon="6.42411">
        <ele>915.20001220703</ele>
      </trkpt>
      <trkpt lat="46.22435" lon="6.42406">
        <ele>915.79998779297</ele>
      </trkpt>
      <trkpt lat="46.22434" lon="6.42402">
        <ele>915.59997558594</ele>
      </trkpt>
      <trkpt lat="46.22436" lon="6.42396">
        <ele>915.59997558594</ele>
      </trkpt>
      <trkpt lat="46.22443" lon="6.4239">
        <ele>916.59997558594</ele>
      </trkpt>
      <trkpt lat="46.22443" lon="6.42388">
        <ele>916.79998779297</ele>
      </trkpt>
      <trkpt lat="46.22447" lon="6.42381">
        <ele>917.40002441406</ele>
      </trkpt>
      <trkpt lat="46.22453" lon="6.42372">
        <ele>918.40002441406</ele>
      </trkpt>
      <trkpt lat="46.22457" lon="6.42368">
        <ele>919.20001220703</ele>
      </trkpt>
      <trkpt lat="46.22462" lon="6.4236">
        <ele>920</ele>
      </trkpt>
      <trkpt lat="46.2247" lon="6.42351">
        <ele>921.79998779297</ele>
      </trkpt>
      <trkpt lat="46.22479" lon="6.42346">
        <ele>924.20001220703</ele>
      </trkpt>
      <trkpt lat="46.22488" lon="6.42343">
        <ele>926.59997558594</ele>
      </trkpt>
      <trkpt lat="46.22494" lon="6.42341">
        <ele>928.20001220703</ele>
      </trkpt>
      <trkpt lat="46.22497" lon="6.42341">
        <ele>929</ele>
      </trkpt>
      <trkpt lat="46.22498" lon="6.42341">
        <ele>929.20001220703</ele>
      </trkpt>
      <trkpt lat="46.22501" lon="6.42342">
        <ele>930</ele>
      </trkpt>
      <trkpt lat="46.22506" lon="6.42342">
        <ele>931.20001220703</ele>
      </trkpt>
      <trkpt lat="46.22511" lon="6.42342">
        <ele>932.40002441406</ele>
      </trkpt>
      <trkpt lat="46.22514" lon="6.42341">
        <ele>933.20001220703</ele>
      </trkpt>
      <trkpt lat="46.22519" lon="6.42341">
        <ele>934.20001220703</ele>
      </trkpt>
      <trkpt lat="46.22523" lon="6.42341">
        <ele>935.20001220703</ele>
      </trkpt>
      <trkpt lat="46.22528" lon="6.4234">
        <ele>936.40002441406</ele>
      </trkpt>
      <trkpt lat="46.22532" lon="6.42339">
        <ele>937.40002441406</ele>
      </trkpt>
      <trkpt lat="46.22536" lon="6.42339">
        <ele>938.40002441406</ele>
      </trkpt>
      <trkpt lat="46.22541" lon="6.42336">
        <ele>939.79998779297</ele>
      </trkpt>
      <trkpt lat="46.22545" lon="6.42336">
        <ele>940.59997558594</ele>
      </trkpt>
      <trkpt lat="46.22549" lon="6.42335">
        <ele>941.40002441406</ele>
      </trkpt>
      <trkpt lat="46.22551" lon="6.42332">
        <ele>942.40002441406</ele>
      </trkpt>
      <trkpt lat="46.22554" lon="6.42327">
        <ele>943.59997558594</ele>
      </trkpt>
      <trkpt lat="46.22556" lon="6.42322">
        <ele>944.59997558594</ele>
      </trkpt>
      <trkpt lat="46.22559" lon="6.42315">
        <ele>946</ele>
      </trkpt>
      <trkpt lat="46.22561" lon="6.42312">
        <ele>946.79998779297</ele>
      </trkpt>
      <trkpt lat="46.22565" lon="6.42305">
        <ele>948.59997558594</ele>
      </trkpt>
      <trkpt lat="46.2257" lon="6.42298">
        <ele>950.59997558594</ele>
      </trkpt>
      <trkpt lat="46.22572" lon="6.42296">
        <ele>951.40002441406</ele>
      </trkpt>
      <trkpt lat="46.22574" lon="6.42296">
        <ele>952.20001220703</ele>
      </trkpt>
      <trkpt lat="46.22575" lon="6.42296">
        <ele>952.20001220703</ele>
      </trkpt>
      <trkpt lat="46.22576" lon="6.42297">
        <ele>952.40002441406</ele>
      </trkpt>
      <trkpt lat="46.22576" lon="6.42297">
        <ele>952.40002441406</ele>
      </trkpt>
      <trkpt lat="46.22575" lon="6.42297">
        <ele>952.20001220703</ele>
      </trkpt>
      <trkpt lat="46.22576" lon="6.42297">
        <ele>952.40002441406</ele>
      </trkpt>
      <trkpt lat="46.22575" lon="6.42296">
        <ele>952.20001220703</ele>
      </trkpt>
      <trkpt lat="46.22576" lon="6.42297">
        <ele>952.59997558594</ele>
      </trkpt>
      <trkpt lat="46.22576" lon="6.42297">
        <ele>952.59997558594</ele>
      </trkpt>
      <trkpt lat="46.22578" lon="6.42297">
        <ele>952.79998779297</ele>
      </trkpt>
      <trkpt lat="46.22578" lon="6.42297">
        <ele>953</ele>
      </trkpt>
      <trkpt lat="46.22577" lon="6.42298">
        <ele>952.59997558594</ele>
      </trkpt>
      <trkpt lat="46.22578" lon="6.42297">
        <ele>952.79998779297</ele>
      </trkpt>
      <trkpt lat="46.22579" lon="6.42296">
        <ele>953.20001220703</ele>
      </trkpt>
      <trkpt lat="46.22578" lon="6.42296">
        <ele>953</ele>
      </trkpt>
      <trkpt lat="46.22581" lon="6.42297">
        <ele>953.59997558594</ele>
      </trkpt>
      <trkpt lat="46.22581" lon="6.42297">
        <ele>953.59997558594</ele>
      </trkpt>
      <trkpt lat="46.2258" lon="6.42297">
        <ele>953.40002441406</ele>
      </trkpt>
      <trkpt lat="46.22581" lon="6.42298">
        <ele>953.40002441406</ele>
      </trkpt>
      <trkpt lat="46.22579" lon="6.42298">
        <ele>953.20001220703</ele>
      </trkpt>
      <trkpt lat="46.22576" lon="6.42297">
        <ele>952.40002441406</ele>
      </trkpt>
      <trkpt lat="46.22576" lon="6.42296">
        <ele>952.40002441406</ele>
      </trkpt>
      <trkpt lat="46.22576" lon="6.42295">
        <ele>952.59997558594</ele>
      </trkpt>
      <trkpt lat="46.22576" lon="6.42289">
        <ele>953.20001220703</ele>
      </trkpt>
      <trkpt lat="46.22576" lon="6.42288">
        <ele>953.59997558594</ele>
      </trkpt>
      <trkpt lat="46.2258" lon="6.42276">
        <ele>955.79998779297</ele>
      </trkpt>
      <trkpt lat="46.22581" lon="6.4227">
        <ele>957</ele>
      </trkpt>
      <trkpt lat="46.22584" lon="6.42263">
        <ele>958.40002441406</ele>
      </trkpt>
      <trkpt lat="46.22585" lon="6.42258">
        <ele>959.40002441406</ele>
      </trkpt>
      <trkpt lat="46.22585" lon="6.42247">
        <ele>960.59997558594</ele>
      </trkpt>
      <trkpt lat="46.22585" lon="6.42244">
        <ele>960.79998779297</ele>
      </trkpt>
      <trkpt lat="46.22585" lon="6.42237">
        <ele>961.20001220703</ele>
      </trkpt>
      <trkpt lat="46.22586" lon="6.42233">
        <ele>961.59997558594</ele>
      </trkpt>
      <trkpt lat="46.22586" lon="6.42225">
        <ele>962.40002441406</ele>
      </trkpt>
      <trkpt lat="46.22586" lon="6.42223">
        <ele>962.59997558594</ele>
      </trkpt>
      <trkpt lat="46.22589" lon="6.42213">
        <ele>963.79998779297</ele>
      </trkpt>
      <trkpt lat="46.22593" lon="6.422">
        <ele>965.79998779297</ele>
      </trkpt>
      <trkpt lat="46.22596" lon="6.42194">
        <ele>967</ele>
      </trkpt>
      <trkpt lat="46.22605" lon="6.42181">
        <ele>969.79998779297</ele>
      </trkpt>
      <trkpt lat="46.2261" lon="6.42167">
        <ele>971.59997558594</ele>
      </trkpt>
      <trkpt lat="46.22618" lon="6.42158">
        <ele>973.79998779297</ele>
      </trkpt>
      <trkpt lat="46.22619" lon="6.42154">
        <ele>974</ele>
      </trkpt>
      <trkpt lat="46.22623" lon="6.42142">
        <ele>975.20001220703</ele>
      </trkpt>
      <trkpt lat="46.22627" lon="6.42129">
        <ele>976.40002441406</ele>
      </trkpt>
      <trkpt lat="46.22628" lon="6.42126">
        <ele>976.79998779297</ele>
      </trkpt>
      <trkpt lat="46.2263" lon="6.4212">
        <ele>977.40002441406</ele>
      </trkpt>
      <trkpt lat="46.22631" lon="6.42108">
        <ele>977.59997558594</ele>
      </trkpt>
      <trkpt lat="46.2263" lon="6.42107">
        <ele>977.59997558594</ele>
      </trkpt>
      <trkpt lat="46.22625" lon="6.42093">
        <ele>976.20001220703</ele>
      </trkpt>
      <trkpt lat="46.22622" lon="6.42086">
        <ele>975.59997558594</ele>
      </trkpt>
      <trkpt lat="46.22624" lon="6.4208">
        <ele>976.20001220703</ele>
      </trkpt>
      <trkpt lat="46.22624" lon="6.42064">
        <ele>976.59997558594</ele>
      </trkpt>
      <trkpt lat="46.22625" lon="6.42061">
        <ele>976.79998779297</ele>
      </trkpt>
      <trkpt lat="46.22629" lon="6.42046">
        <ele>978.59997558594</ele>
      </trkpt>
      <trkpt lat="46.22631" lon="6.42035">
        <ele>979.59997558594</ele>
      </trkpt>
      <trkpt lat="46.22632" lon="6.42033">
        <ele>979.79998779297</ele>
      </trkpt>
      <trkpt lat="46.22634" lon="6.42019">
        <ele>980.79998779297</ele>
      </trkpt>
      <trkpt lat="46.22636" lon="6.42008">
        <ele>981.59997558594</ele>
      </trkpt>
      <trkpt lat="46.22635" lon="6.41996">
        <ele>981.59997558594</ele>
      </trkpt>
      <trkpt lat="46.22634" lon="6.41991">
        <ele>981.79998779297</ele>
      </trkpt>
      <trkpt lat="46.22635" lon="6.41981">
        <ele>982.20001220703</ele>
      </trkpt>
      <trkpt lat="46.22639" lon="6.41968">
        <ele>984.20001220703</ele>
      </trkpt>
      <trkpt lat="46.22643" lon="6.41963">
        <ele>985.59997558594</ele>
      </trkpt>
      <trkpt lat="46.22644" lon="6.41962">
        <ele>986.20001220703</ele>
      </trkpt>
      <trkpt lat="46.22645" lon="6.41963">
        <ele>986.20001220703</ele>
      </trkpt>
      <trkpt lat="46.2265" lon="6.4197">
        <ele>987.79998779297</ele>
      </trkpt>
      <trkpt lat="46.22653" lon="6.4198">
        <ele>988.40002441406</ele>
      </trkpt>
      <trkpt lat="46.22656" lon="6.41988">
        <ele>989</ele>
      </trkpt>
      <trkpt lat="46.22656" lon="6.41991">
        <ele>988.79998779297</ele>
      </trkpt>
      <trkpt lat="46.22654" lon="6.41999">
        <ele>988</ele>
      </trkpt>
      <trkpt lat="46.22657" lon="6.4201">
        <ele>988.40002441406</ele>
      </trkpt>
      <trkpt lat="46.22656" lon="6.42014">
        <ele>988</ele>
      </trkpt>
      <trkpt lat="46.22656" lon="6.42017">
        <ele>988</ele>
      </trkpt>
      <trkpt lat="46.22656" lon="6.42025">
        <ele>987.79998779297</ele>
      </trkpt>
      <trkpt lat="46.22656" lon="6.4204">
        <ele>987.20001220703</ele>
      </trkpt>
      <trkpt lat="46.2266" lon="6.42054">
        <ele>987.79998779297</ele>
      </trkpt>
      <trkpt lat="46.2266" lon="6.42058">
        <ele>987.79998779297</ele>
      </trkpt>
      <trkpt lat="46.22659" lon="6.42075">
        <ele>986.79998779297</ele>
      </trkpt>
      <trkpt lat="46.22663" lon="6.42081">
        <ele>987.79998779297</ele>
      </trkpt>
      <trkpt lat="46.22668" lon="6.42093">
        <ele>989</ele>
      </trkpt>
      <trkpt lat="46.22668" lon="6.42096">
        <ele>989.20001220703</ele>
      </trkpt>
      <trkpt lat="46.2267" lon="6.42103">
        <ele>989.59997558594</ele>
      </trkpt>
      <trkpt lat="46.22672" lon="6.42116">
        <ele>989.79998779297</ele>
      </trkpt>
      <trkpt lat="46.22672" lon="6.42119">
        <ele>990</ele>
      </trkpt>
      <trkpt lat="46.22674" lon="6.42122">
        <ele>990.40002441406</ele>
      </trkpt>
      <trkpt lat="46.22676" lon="6.42132">
        <ele>991.20001220703</ele>
      </trkpt>
      <trkpt lat="46.22677" lon="6.42136">
        <ele>991.40002441406</ele>
      </trkpt>
      <trkpt lat="46.22682" lon="6.42145">
        <ele>993.20001220703</ele>
      </trkpt>
      <trkpt lat="46.22686" lon="6.4215">
        <ele>994.40002441406</ele>
      </trkpt>
      <trkpt lat="46.22689" lon="6.42157">
        <ele>995.59997558594</ele>
      </trkpt>
      <trkpt lat="46.2269" lon="6.42162">
        <ele>995.79998779297</ele>
      </trkpt>
      <trkpt lat="46.22694" lon="6.42169">
        <ele>997.40002441406</ele>
      </trkpt>
      <trkpt lat="46.22697" lon="6.42177">
        <ele>999</ele>
      </trkpt>
      <trkpt lat="46.22699" lon="6.42184">
        <ele>1000.200012207</ele>
      </trkpt>
      <trkpt lat="46.22697" lon="6.42193">
        <ele>999.79998779297</ele>
      </trkpt>
      <trkpt lat="46.22697" lon="6.42195">
        <ele>999.79998779297</ele>
      </trkpt>
      <trkpt lat="46.22696" lon="6.42205">
        <ele>999.59997558594</ele>
      </trkpt>
      <trkpt lat="46.22694" lon="6.42206">
        <ele>999</ele>
      </trkpt>
      <trkpt lat="46.22691" lon="6.4222">
        <ele>998</ele>
      </trkpt>
      <trkpt lat="46.22688" lon="6.4223">
        <ele>997.59997558594</ele>
      </trkpt>
      <trkpt lat="46.22687" lon="6.42237">
        <ele>997.20001220703</ele>
      </trkpt>
      <trkpt lat="46.2269" lon="6.4225">
        <ele>998.79998779297</ele>
      </trkpt>
      <trkpt lat="46.22693" lon="6.42259">
        <ele>999.59997558594</ele>
      </trkpt>
      <trkpt lat="46.22696" lon="6.42263">
        <ele>1000.5999755859</ele>
      </trkpt>
      <trkpt lat="46.22701" lon="6.42273">
        <ele>1001.799987793</ele>
      </trkpt>
      <trkpt lat="46.22706" lon="6.42281">
        <ele>1003.200012207</ele>
      </trkpt>
      <trkpt lat="46.22711" lon="6.42289">
        <ele>1005</ele>
      </trkpt>
      <trkpt lat="46.22715" lon="6.42296">
        <ele>1006.200012207</ele>
      </trkpt>
      <trkpt lat="46.22719" lon="6.42305">
        <ele>1007.5999755859</ele>
      </trkpt>
      <trkpt lat="46.22725" lon="6.42316">
        <ele>1009.4000244141</ele>
      </trkpt>
      <trkpt lat="46.22726" lon="6.42318">
        <ele>1009.799987793</ele>
      </trkpt>
      <trkpt lat="46.22734" lon="6.42329">
        <ele>1012.799987793</ele>
      </trkpt>
      <trkpt lat="46.22741" lon="6.42336">
        <ele>1015.200012207</ele>
      </trkpt>
      <trkpt lat="46.22742" lon="6.42337">
        <ele>1015.5999755859</ele>
      </trkpt>
      <trkpt lat="46.22748" lon="6.42344">
        <ele>1016.799987793</ele>
      </trkpt>
      <trkpt lat="46.2275" lon="6.42353">
        <ele>1016</ele>
      </trkpt>
      <trkpt lat="46.22751" lon="6.42361">
        <ele>1015.200012207</ele>
      </trkpt>
      <trkpt lat="46.22752" lon="6.4237">
        <ele>1013.4000244141</ele>
      </trkpt>
      <trkpt lat="46.22753" lon="6.4238">
        <ele>1012.200012207</ele>
      </trkpt>
      <trkpt lat="46.22753" lon="6.42388">
        <ele>1010.799987793</ele>
      </trkpt>
      <trkpt lat="46.22755" lon="6.42399">
        <ele>1009.4000244141</ele>
      </trkpt>
      <trkpt lat="46.22757" lon="6.42401">
        <ele>1009.799987793</ele>
      </trkpt>
      <trkpt lat="46.22762" lon="6.42411">
        <ele>1010.5999755859</ele>
      </trkpt>
      <trkpt lat="46.22771" lon="6.42421">
        <ele>1012.799987793</ele>
      </trkpt>
      <trkpt lat="46.22773" lon="6.42424">
        <ele>1013.200012207</ele>
      </trkpt>
      <trkpt lat="46.22781" lon="6.42437">
        <ele>1014.5999755859</ele>
      </trkpt>
      <trkpt lat="46.22787" lon="6.42448">
        <ele>1015.5999755859</ele>
      </trkpt>
      <trkpt lat="46.22793" lon="6.42458">
        <ele>1016.200012207</ele>
      </trkpt>
      <trkpt lat="46.22797" lon="6.42466">
        <ele>1016.4000244141</ele>
      </trkpt>
      <trkpt lat="46.22803" lon="6.42476">
        <ele>1017</ele>
      </trkpt>
      <trkpt lat="46.22808" lon="6.42484">
        <ele>1017.4000244141</ele>
      </trkpt>
      <trkpt lat="46.22814" lon="6.42497">
        <ele>1017.200012207</ele>
      </trkpt>
      <trkpt lat="46.22819" lon="6.42508">
        <ele>1016.5999755859</ele>
      </trkpt>
      <trkpt lat="46.22826" lon="6.42518">
        <ele>1016.200012207</ele>
      </trkpt>
      <trkpt lat="46.22831" lon="6.42527">
        <ele>1016</ele>
      </trkpt>
      <trkpt lat="46.22842" lon="6.42538">
        <ele>1016.5999755859</ele>
      </trkpt>
      <trkpt lat="46.22846" lon="6.42541">
        <ele>1017</ele>
      </trkpt>
      <trkpt lat="46.2285" lon="6.42545">
        <ele>1017.4000244141</ele>
      </trkpt>
      <trkpt lat="46.22854" lon="6.42549">
        <ele>1017.5999755859</ele>
      </trkpt>
      <trkpt lat="46.22857" lon="6.42551">
        <ele>1018.4000244141</ele>
      </trkpt>
      <trkpt lat="46.2286" lon="6.42555">
        <ele>1018.4000244141</ele>
      </trkpt>
      <trkpt lat="46.22867" lon="6.42562">
        <ele>1019.200012207</ele>
      </trkpt>
      <trkpt lat="46.22875" lon="6.42573">
        <ele>1019.200012207</ele>
      </trkpt>
      <trkpt lat="46.22876" lon="6.42574">
        <ele>1019.4000244141</ele>
      </trkpt>
      <trkpt lat="46.22888" lon="6.42585">
        <ele>1021</ele>
      </trkpt>
      <trkpt lat="46.22899" lon="6.42596">
        <ele>1022</ele>
      </trkpt>
      <trkpt lat="46.22905" lon="6.42604">
        <ele>1021.799987793</ele>
      </trkpt>
      <trkpt lat="46.22914" lon="6.42612">
        <ele>1022.4000244141</ele>
      </trkpt>
      <trkpt lat="46.22923" lon="6.42621">
        <ele>1023.200012207</ele>
      </trkpt>
      <trkpt lat="46.22931" lon="6.4263">
        <ele>1023.200012207</ele>
      </trkpt>
      <trkpt lat="46.22939" lon="6.42641">
        <ele>1023.4000244141</ele>
      </trkpt>
      <trkpt lat="46.22945" lon="6.42648">
        <ele>1024</ele>
      </trkpt>
      <trkpt lat="46.22954" lon="6.42656">
        <ele>1025.4000244141</ele>
      </trkpt>
      <trkpt lat="46.2296" lon="6.42662">
        <ele>1026.1999511719</ele>
      </trkpt>
      <trkpt lat="46.22963" lon="6.42665">
        <ele>1026.5999755859</ele>
      </trkpt>
      <trkpt lat="46.22967" lon="6.4267">
        <ele>1027.1999511719</ele>
      </trkpt>
      <trkpt lat="46.22974" lon="6.4267">
        <ele>1029.8000488281</ele>
      </trkpt>
      <trkpt lat="46.2298" lon="6.42675">
        <ele>1031.1999511719</ele>
      </trkpt>
      <trkpt lat="46.22985" lon="6.42678">
        <ele>1032.4000244141</ele>
      </trkpt>
      <trkpt lat="46.22986" lon="6.4268">
        <ele>1032.4000244141</ele>
      </trkpt>
      <trkpt lat="46.22993" lon="6.42685">
        <ele>1033.5999755859</ele>
      </trkpt>
      <trkpt lat="46.23001" lon="6.42689">
        <ele>1035.1999511719</ele>
      </trkpt>
      <trkpt lat="46.23005" lon="6.42693">
        <ele>1035.1999511719</ele>
      </trkpt>
      <trkpt lat="46.23008" lon="6.42695">
        <ele>1035.8000488281</ele>
      </trkpt>
      <trkpt lat="46.23013" lon="6.42699">
        <ele>1035.8000488281</ele>
      </trkpt>
      <trkpt lat="46.23017" lon="6.42701">
        <ele>1036.8000488281</ele>
      </trkpt>
      <trkpt lat="46.23021" lon="6.42703">
        <ele>1037.1999511719</ele>
      </trkpt>
      <trkpt lat="46.23027" lon="6.42709">
        <ele>1037.4000244141</ele>
      </trkpt>
      <trkpt lat="46.23035" lon="6.42715">
        <ele>1038</ele>
      </trkpt>
      <trkpt lat="46.23041" lon="6.4272">
        <ele>1038.4000244141</ele>
      </trkpt>
      <trkpt lat="46.23047" lon="6.42724">
        <ele>1039.1999511719</ele>
      </trkpt>
      <trkpt lat="46.2305" lon="6.42727">
        <ele>1039.1999511719</ele>
      </trkpt>
      <trkpt lat="46.23056" lon="6.42733">
        <ele>1039.1999511719</ele>
      </trkpt>
      <trkpt lat="46.23059" lon="6.4274">
        <ele>1038.1999511719</ele>
      </trkpt>
      <trkpt lat="46.23065" lon="6.42745">
        <ele>1038.4000244141</ele>
      </trkpt>
      <trkpt lat="46.2307" lon="6.42748">
        <ele>1039</ele>
      </trkpt>
      <trkpt lat="46.23076" lon="6.42752">
        <ele>1040.1999511719</ele>
      </trkpt>
      <trkpt lat="46.23085" lon="6.42756">
        <ele>1041.5999755859</ele>
      </trkpt>
      <trkpt lat="46.23089" lon="6.42761">
        <ele>1041.1999511719</ele>
      </trkpt>
      <trkpt lat="46.23095" lon="6.42765">
        <ele>1041.5999755859</ele>
      </trkpt>
      <trkpt lat="46.23101" lon="6.42767">
        <ele>1042.4000244141</ele>
      </trkpt>
      <trkpt lat="46.23105" lon="6.42771">
        <ele>1042.1999511719</ele>
      </trkpt>
      <trkpt lat="46.23107" lon="6.42773">
        <ele>1042.1999511719</ele>
      </trkpt>
      <trkpt lat="46.23112" lon="6.42772">
        <ele>1043.5999755859</ele>
      </trkpt>
      <trkpt lat="46.23119" lon="6.42773">
        <ele>1044.5999755859</ele>
      </trkpt>
      <trkpt lat="46.23122" lon="6.42774">
        <ele>1045</ele>
      </trkpt>
      <trkpt lat="46.23123" lon="6.42774">
        <ele>1045.1999511719</ele>
      </trkpt>
      <trkpt lat="46.2313" lon="6.42778">
        <ele>1045.8000488281</ele>
      </trkpt>
      <trkpt lat="46.23138" lon="6.42777">
        <ele>1047.8000488281</ele>
      </trkpt>
      <trkpt lat="46.23142" lon="6.42776">
        <ele>1048.5999755859</ele>
      </trkpt>
      <trkpt lat="46.23146" lon="6.42773">
        <ele>1050.1999511719</ele>
      </trkpt>
      <trkpt lat="46.23152" lon="6.42767">
        <ele>1053</ele>
      </trkpt>
      <trkpt lat="46.23159" lon="6.4276">
        <ele>1056</ele>
      </trkpt>
      <trkpt lat="46.23162" lon="6.42754">
        <ele>1058</ele>
      </trkpt>
      <trkpt lat="46.23168" lon="6.42751">
        <ele>1060</ele>
      </trkpt>
      <trkpt lat="46.23175" lon="6.42749">
        <ele>1061.1999511719</ele>
      </trkpt>
      <trkpt lat="46.2318" lon="6.42748">
        <ele>1062.1999511719</ele>
      </trkpt>
      <trkpt lat="46.23185" lon="6.42747">
        <ele>1063</ele>
      </trkpt>
      <trkpt lat="46.23186" lon="6.42747">
        <ele>1063.1999511719</ele>
      </trkpt>
      <trkpt lat="46.23192" lon="6.42745">
        <ele>1064.4000244141</ele>
      </trkpt>
      <trkpt lat="46.23199" lon="6.42745">
        <ele>1065.4000244141</ele>
      </trkpt>
      <trkpt lat="46.23203" lon="6.42745">
        <ele>1066</ele>
      </trkpt>
      <trkpt lat="46.23209" lon="6.42742">
        <ele>1067.4000244141</ele>
      </trkpt>
      <trkpt lat="46.23214" lon="6.42741">
        <ele>1068.1999511719</ele>
      </trkpt>
      <trkpt lat="46.23219" lon="6.42741">
        <ele>1069</ele>
      </trkpt>
      <trkpt lat="46.23225" lon="6.42742">
        <ele>1069.5999755859</ele>
      </trkpt>
      <trkpt lat="46.23229" lon="6.42741">
        <ele>1070.1999511719</ele>
      </trkpt>
      <trkpt lat="46.23236" lon="6.42741">
        <ele>1071</ele>
      </trkpt>
      <trkpt lat="46.2324" lon="6.42739">
        <ele>1072</ele>
      </trkpt>
      <trkpt lat="46.23245" lon="6.42741">
        <ele>1072.1999511719</ele>
      </trkpt>
      <trkpt lat="46.2325" lon="6.42741">
        <ele>1072.8000488281</ele>
      </trkpt>
      <trkpt lat="46.23257" lon="6.42741">
        <ele>1073.8000488281</ele>
      </trkpt>
      <trkpt lat="46.23262" lon="6.4274">
        <ele>1074.8000488281</ele>
      </trkpt>
      <trkpt lat="46.23268" lon="6.42737">
        <ele>1076.1999511719</ele>
      </trkpt>
      <trkpt lat="46.23273" lon="6.42737">
        <ele>1076.8000488281</ele>
      </trkpt>
      <trkpt lat="46.23279" lon="6.42738">
        <ele>1077.4000244141</ele>
      </trkpt>
      <trkpt lat="46.23284" lon="6.42738">
        <ele>1078.1999511719</ele>
      </trkpt>
      <trkpt lat="46.23286" lon="6.42738">
        <ele>1078.1999511719</ele>
      </trkpt>
      <trkpt lat="46.23293" lon="6.42737">
        <ele>1079.5999755859</ele>
      </trkpt>
      <trkpt lat="46.23302" lon="6.42735">
        <ele>1081.1999511719</ele>
      </trkpt>
      <trkpt lat="46.23304" lon="6.42733">
        <ele>1082</ele>
      </trkpt>
      <trkpt lat="46.23308" lon="6.42727">
        <ele>1083.8000488281</ele>
      </trkpt>
      <trkpt lat="46.23315" lon="6.42722">
        <ele>1086</ele>
      </trkpt>
      <trkpt lat="46.23322" lon="6.42717">
        <ele>1088.1999511719</ele>
      </trkpt>
      <trkpt lat="46.23328" lon="6.42715">
        <ele>1089.5999755859</ele>
      </trkpt>
      <trkpt lat="46.23336" lon="6.42716">
        <ele>1090</ele>
      </trkpt>
      <trkpt lat="46.23344" lon="6.42723">
        <ele>1089</ele>
      </trkpt>
      <trkpt lat="46.23346" lon="6.42725">
        <ele>1088.5999755859</ele>
      </trkpt>
      <trkpt lat="46.2336" lon="6.42733">
        <ele>1087.5999755859</ele>
      </trkpt>
      <trkpt lat="46.23368" lon="6.42735">
        <ele>1087.5999755859</ele>
      </trkpt>
      <trkpt lat="46.23372" lon="6.42734">
        <ele>1088</ele>
      </trkpt>
      <trkpt lat="46.23379" lon="6.42731">
        <ele>1089</ele>
      </trkpt>
      <trkpt lat="46.23384" lon="6.42733">
        <ele>1089</ele>
      </trkpt>
      <trkpt lat="46.2339" lon="6.42735">
        <ele>1089</ele>
      </trkpt>
      <trkpt lat="46.23396" lon="6.42736">
        <ele>1089</ele>
      </trkpt>
      <trkpt lat="46.23402" lon="6.42736">
        <ele>1089.4000244141</ele>
      </trkpt>
      <trkpt lat="46.2341" lon="6.42735">
        <ele>1090.1999511719</ele>
      </trkpt>
      <trkpt lat="46.23417" lon="6.42736">
        <ele>1090.4000244141</ele>
      </trkpt>
      <trkpt lat="46.23418" lon="6.42736">
        <ele>1090.5999755859</ele>
      </trkpt>
      <trkpt lat="46.2342" lon="6.42739">
        <ele>1090.1999511719</ele>
      </trkpt>
      <trkpt lat="46.23417" lon="6.42742">
        <ele>1089.4000244141</ele>
      </trkpt>
      <trkpt lat="46.23412" lon="6.42747">
        <ele>1088</ele>
      </trkpt>
      <trkpt lat="46.23413" lon="6.42747">
        <ele>1088.1999511719</ele>
      </trkpt>
      <trkpt lat="46.23415" lon="6.42745">
        <ele>1088.8000488281</ele>
      </trkpt>
      <trkpt lat="46.23417" lon="6.42744">
        <ele>1089</ele>
      </trkpt>
      <trkpt lat="46.23419" lon="6.42745">
        <ele>1089.1999511719</ele>
      </trkpt>
      <trkpt lat="46.23424" lon="6.42745">
        <ele>1089.5999755859</ele>
      </trkpt>
      <trkpt lat="46.2343" lon="6.42746">
        <ele>1090.4000244141</ele>
      </trkpt>
      <trkpt lat="46.23436" lon="6.42746">
        <ele>1091</ele>
      </trkpt>
      <trkpt lat="46.23442" lon="6.42746">
        <ele>1091.8000488281</ele>
      </trkpt>
      <trkpt lat="46.23447" lon="6.42747">
        <ele>1092.1999511719</ele>
      </trkpt>
      <trkpt lat="46.23456" lon="6.42748">
        <ele>1093.1999511719</ele>
      </trkpt>
      <trkpt lat="46.2346" lon="6.42748">
        <ele>1093.5999755859</ele>
      </trkpt>
      <trkpt lat="46.23466" lon="6.42746">
        <ele>1094.5999755859</ele>
      </trkpt>
      <trkpt lat="46.23471" lon="6.42747">
        <ele>1095</ele>
      </trkpt>
      <trkpt lat="46.23476" lon="6.4275">
        <ele>1095.1999511719</ele>
      </trkpt>
      <trkpt lat="46.23479" lon="6.42751">
        <ele>1095.1999511719</ele>
      </trkpt>
      <trkpt lat="46.23481" lon="6.42752">
        <ele>1095.5999755859</ele>
      </trkpt>
      <trkpt lat="46.23486" lon="6.42753">
        <ele>1096</ele>
      </trkpt>
      <trkpt lat="46.2349" lon="6.42755">
        <ele>1096.4000244141</ele>
      </trkpt>
      <trkpt lat="46.23497" lon="6.42756">
        <ele>1097.4000244141</ele>
      </trkpt>
      <trkpt lat="46.235" lon="6.42756">
        <ele>1097.5999755859</ele>
      </trkpt>
      <trkpt lat="46.2351" lon="6.42758">
        <ele>1099.5999755859</ele>
      </trkpt>
      <trkpt lat="46.23518" lon="6.42761">
        <ele>1101.4000244141</ele>
      </trkpt>
      <trkpt lat="46.23528" lon="6.42765">
        <ele>1103.1999511719</ele>
      </trkpt>
      <trkpt lat="46.23538" lon="6.42769">
        <ele>1104.8000488281</ele>
      </trkpt>
      <trkpt lat="46.2354" lon="6.42771">
        <ele>1105</ele>
      </trkpt>
      <trkpt lat="46.23547" lon="6.42779">
        <ele>1105.8000488281</ele>
      </trkpt>
      <trkpt lat="46.23551" lon="6.42784">
        <ele>1106.1999511719</ele>
      </trkpt>
      <trkpt lat="46.23558" lon="6.42793">
        <ele>1106.8000488281</ele>
      </trkpt>
      <trkpt lat="46.23563" lon="6.42799">
        <ele>1107</ele>
      </trkpt>
      <trkpt lat="46.23564" lon="6.42801">
        <ele>1107.1999511719</ele>
      </trkpt>
      <trkpt lat="46.2357" lon="6.42808">
        <ele>1107.4000244141</ele>
      </trkpt>
      <trkpt lat="46.23573" lon="6.42812">
        <ele>1107.5999755859</ele>
      </trkpt>
      <trkpt lat="46.23578" lon="6.42817">
        <ele>1107.8000488281</ele>
      </trkpt>
      <trkpt lat="46.23589" lon="6.42825">
        <ele>1108.5999755859</ele>
      </trkpt>
      <trkpt lat="46.23599" lon="6.42827">
        <ele>1110</ele>
      </trkpt>
      <trkpt lat="46.23598" lon="6.42821">
        <ele>1110.5999755859</ele>
      </trkpt>
      <trkpt lat="46.23598" lon="6.42814">
        <ele>1111.4000244141</ele>
      </trkpt>
      <trkpt lat="46.23598" lon="6.42808">
        <ele>1112.4000244141</ele>
      </trkpt>
      <trkpt lat="46.23599" lon="6.42801">
        <ele>1113.5999755859</ele>
      </trkpt>
      <trkpt lat="46.23598" lon="6.42793">
        <ele>1114.1999511719</ele>
      </trkpt>
      <trkpt lat="46.23593" lon="6.42787">
        <ele>1114</ele>
      </trkpt>
      <trkpt lat="46.23593" lon="6.42788">
        <ele>1114</ele>
      </trkpt>
      <trkpt lat="46.23595" lon="6.42787">
        <ele>1114.4000244141</ele>
      </trkpt>
      <trkpt lat="46.23595" lon="6.42788">
        <ele>1114.1999511719</ele>
      </trkpt>
      <trkpt lat="46.23593" lon="6.42789">
        <ele>1113.8000488281</ele>
      </trkpt>
      <trkpt lat="46.23594" lon="6.42789">
        <ele>1114</ele>
      </trkpt>
      <trkpt lat="46.23594" lon="6.4279">
        <ele>1113.8000488281</ele>
      </trkpt>
      <trkpt lat="46.23597" lon="6.42792">
        <ele>1114.1999511719</ele>
      </trkpt>
      <trkpt lat="46.23599" lon="6.42799">
        <ele>1113.8000488281</ele>
      </trkpt>
      <trkpt lat="46.236" lon="6.42803">
        <ele>1113.4000244141</ele>
      </trkpt>
      <trkpt lat="46.236" lon="6.42804">
        <ele>1113.1999511719</ele>
      </trkpt>
      <trkpt lat="46.23601" lon="6.4281">
        <ele>1112.5999755859</ele>
      </trkpt>
      <trkpt lat="46.23601" lon="6.42806">
        <ele>1113.1999511719</ele>
      </trkpt>
      <trkpt lat="46.23604" lon="6.42807">
        <ele>1113.5999755859</ele>
      </trkpt>
      <trkpt lat="46.236" lon="6.42801">
        <ele>1113.5999755859</ele>
      </trkpt>
      <trkpt lat="46.23597" lon="6.42791">
        <ele>1114.1999511719</ele>
      </trkpt>
      <trkpt lat="46.2359" lon="6.42783">
        <ele>1113.8000488281</ele>
      </trkpt>
      <trkpt lat="46.23587" lon="6.42781">
        <ele>1113.4000244141</ele>
      </trkpt>
      <trkpt lat="46.2358" lon="6.42775">
        <ele>1112.5999755859</ele>
      </trkpt>
      <trkpt lat="46.23572" lon="6.42768">
        <ele>1111.8000488281</ele>
      </trkpt>
      <trkpt lat="46.2357" lon="6.42765">
        <ele>1111.5999755859</ele>
      </trkpt>
      <trkpt lat="46.23565" lon="6.4276">
        <ele>1111.1999511719</ele>
      </trkpt>
      <trkpt lat="46.23561" lon="6.42752">
        <ele>1111</ele>
      </trkpt>
      <trkpt lat="46.23552" lon="6.42741">
        <ele>1111.5999755859</ele>
      </trkpt>
      <trkpt lat="46.23548" lon="6.42734">
        <ele>1112.8000488281</ele>
      </trkpt>
      <trkpt lat="46.2354" lon="6.42726">
        <ele>1113.1999511719</ele>
      </trkpt>
      <trkpt lat="46.23535" lon="6.4272">
        <ele>1113.8000488281</ele>
      </trkpt>
      <trkpt lat="46.2353" lon="6.42713">
        <ele>1114.4000244141</ele>
      </trkpt>
      <trkpt lat="46.23519" lon="6.427">
        <ele>1115.8000488281</ele>
      </trkpt>
      <trkpt lat="46.2351" lon="6.42687">
        <ele>1117.4000244141</ele>
      </trkpt>
      <trkpt lat="46.235" lon="6.42676">
        <ele>1118.4000244141</ele>
      </trkpt>
      <trkpt lat="46.23492" lon="6.42667">
        <ele>1119.1999511719</ele>
      </trkpt>
      <trkpt lat="46.23486" lon="6.42658">
        <ele>1119.5999755859</ele>
      </trkpt>
      <trkpt lat="46.23483" lon="6.42649">
        <ele>1120.5999755859</ele>
      </trkpt>
      <trkpt lat="46.23475" lon="6.42638">
        <ele>1121</ele>
      </trkpt>
      <trkpt lat="46.2347" lon="6.42624">
        <ele>1122.4000244141</ele>
      </trkpt>
      <trkpt lat="46.23466" lon="6.42612">
        <ele>1123.8000488281</ele>
      </trkpt>
      <trkpt lat="46.23462" lon="6.426">
        <ele>1125.1999511719</ele>
      </trkpt>
      <trkpt lat="46.23456" lon="6.42586">
        <ele>1126.4000244141</ele>
      </trkpt>
      <trkpt lat="46.23452" lon="6.42577">
        <ele>1126.5999755859</ele>
      </trkpt>
      <trkpt lat="46.23449" lon="6.42575">
        <ele>1126.4000244141</ele>
      </trkpt>
      <trkpt lat="46.23445" lon="6.4256">
        <ele>1127.1999511719</ele>
      </trkpt>
      <trkpt lat="46.23439" lon="6.42552">
        <ele>1127</ele>
      </trkpt>
      <trkpt lat="46.23429" lon="6.42545">
        <ele>1125.8000488281</ele>
      </trkpt>
      <trkpt lat="46.2342" lon="6.42543">
        <ele>1124</ele>
      </trkpt>
      <trkpt lat="46.23414" lon="6.42542">
        <ele>1123</ele>
      </trkpt>
      <trkpt lat="46.2341" lon="6.42541">
        <ele>1122.8000488281</ele>
      </trkpt>
      <trkpt lat="46.23408" lon="6.42541">
        <ele>1122.5999755859</ele>
      </trkpt>
      <trkpt lat="46.234" lon="6.42536">
        <ele>1122.4000244141</ele>
      </trkpt>
      <trkpt lat="46.23401" lon="6.42532">
        <ele>1123</ele>
      </trkpt>
      <trkpt lat="46.23402" lon="6.42531">
        <ele>1123.1999511719</ele>
      </trkpt>
      <trkpt lat="46.23399" lon="6.42531">
        <ele>1123</ele>
      </trkpt>
      <trkpt lat="46.23397" lon="6.42531">
        <ele>1122.8000488281</ele>
      </trkpt>
      <trkpt lat="46.23398" lon="6.42532">
        <ele>1122.8000488281</ele>
      </trkpt>
      <trkpt lat="46.2339" lon="6.4253">
        <ele>1122</ele>
      </trkpt>
      <trkpt lat="46.23383" lon="6.42528">
        <ele>1121.4000244141</ele>
      </trkpt>
      <trkpt lat="46.23381" lon="6.42527">
        <ele>1121.1999511719</ele>
      </trkpt>
      <trkpt lat="46.23373" lon="6.42524">
        <ele>1120.5999755859</ele>
      </trkpt>
      <trkpt lat="46.23362" lon="6.42522">
        <ele>1119.4000244141</ele>
      </trkpt>
      <trkpt lat="46.2335" lon="6.42518">
        <ele>1118</ele>
      </trkpt>
      <trkpt lat="46.23343" lon="6.42515">
        <ele>1117.1999511719</ele>
      </trkpt>
      <trkpt lat="46.23335" lon="6.42512">
        <ele>1116.4000244141</ele>
      </trkpt>
      <trkpt lat="46.23329" lon="6.42508">
        <ele>1116.1999511719</ele>
      </trkpt>
      <trkpt lat="46.23327" lon="6.42507">
        <ele>1116</ele>
      </trkpt>
      <trkpt lat="46.23321" lon="6.42506">
        <ele>1115.8000488281</ele>
      </trkpt>
      <trkpt lat="46.23318" lon="6.42504">
        <ele>1115.8000488281</ele>
      </trkpt>
      <trkpt lat="46.23312" lon="6.425">
        <ele>1115.5999755859</ele>
      </trkpt>
      <trkpt lat="46.23306" lon="6.42497">
        <ele>1115.5999755859</ele>
      </trkpt>
      <trkpt lat="46.23305" lon="6.42497">
        <ele>1115.5999755859</ele>
      </trkpt>
      <trkpt lat="46.23301" lon="6.42493">
        <ele>1115.5999755859</ele>
      </trkpt>
      <trkpt lat="46.23296" lon="6.42487">
        <ele>1116</ele>
      </trkpt>
      <trkpt lat="46.23294" lon="6.42481">
        <ele>1116.4000244141</ele>
      </trkpt>
      <trkpt lat="46.23286" lon="6.42475">
        <ele>1116.4000244141</ele>
      </trkpt>
      <trkpt lat="46.23277" lon="6.42469">
        <ele>1116.1999511719</ele>
      </trkpt>
      <trkpt lat="46.23274" lon="6.42467">
        <ele>1116.1999511719</ele>
      </trkpt>
      <trkpt lat="46.23267" lon="6.42463">
        <ele>1116</ele>
      </trkpt>
      <trkpt lat="46.23255" lon="6.42455">
        <ele>1115.5999755859</ele>
      </trkpt>
      <trkpt lat="46.23254" lon="6.42454">
        <ele>1115.5999755859</ele>
      </trkpt>
      <trkpt lat="46.23248" lon="6.42449">
        <ele>1115.4000244141</ele>
      </trkpt>
      <trkpt lat="46.23242" lon="6.4244">
        <ele>1115</ele>
      </trkpt>
      <trkpt lat="46.23234" lon="6.42432">
        <ele>1114.5999755859</ele>
      </trkpt>
      <trkpt lat="46.23232" lon="6.42426">
        <ele>1114.8000488281</ele>
      </trkpt>
      <trkpt lat="46.23226" lon="6.42418">
        <ele>1115</ele>
      </trkpt>
      <trkpt lat="46.23222" lon="6.42404">
        <ele>1115.8000488281</ele>
      </trkpt>
      <trkpt lat="46.23218" lon="6.42393">
        <ele>1116.4000244141</ele>
      </trkpt>
      <trkpt lat="46.23215" lon="6.42383">
        <ele>1117.1999511719</ele>
      </trkpt>
      <trkpt lat="46.23211" lon="6.4237">
        <ele>1118</ele>
      </trkpt>
      <trkpt lat="46.23207" lon="6.42358">
        <ele>1118.8000488281</ele>
      </trkpt>
      <trkpt lat="46.23198" lon="6.42344">
        <ele>1119</ele>
      </trkpt>
      <trkpt lat="46.23189" lon="6.42335">
        <ele>1118.5999755859</ele>
      </trkpt>
      <trkpt lat="46.23185" lon="6.42331">
        <ele>1118.8000488281</ele>
      </trkpt>
      <trkpt lat="46.23174" lon="6.42324">
        <ele>1118.8000488281</ele>
      </trkpt>
      <trkpt lat="46.2317" lon="6.4232">
        <ele>1119.1999511719</ele>
      </trkpt>
      <trkpt lat="46.23161" lon="6.4231">
        <ele>1119.8000488281</ele>
      </trkpt>
      <trkpt lat="46.23157" lon="6.42308">
        <ele>1119.4000244141</ele>
      </trkpt>
      <trkpt lat="46.23149" lon="6.42301">
        <ele>1119.4000244141</ele>
      </trkpt>
      <trkpt lat="46.23141" lon="6.42294">
        <ele>1119.1999511719</ele>
      </trkpt>
      <trkpt lat="46.23134" lon="6.42288">
        <ele>1119</ele>
      </trkpt>
      <trkpt lat="46.2313" lon="6.42285">
        <ele>1118.8000488281</ele>
      </trkpt>
      <trkpt lat="46.23123" lon="6.42278">
        <ele>1118.5999755859</ele>
      </trkpt>
      <trkpt lat="46.23116" lon="6.42271">
        <ele>1118.4000244141</ele>
      </trkpt>
      <trkpt lat="46.2311" lon="6.42264">
        <ele>1118.5999755859</ele>
      </trkpt>
      <trkpt lat="46.23106" lon="6.42254">
        <ele>1119.4000244141</ele>
      </trkpt>
      <trkpt lat="46.23103" lon="6.42242">
        <ele>1120.4000244141</ele>
      </trkpt>
      <trkpt lat="46.23102" lon="6.4223">
        <ele>1121.8000488281</ele>
      </trkpt>
      <trkpt lat="46.23101" lon="6.42229">
        <ele>1122</ele>
      </trkpt>
      <trkpt lat="46.231" lon="6.42225">
        <ele>1122.1999511719</ele>
      </trkpt>
      <trkpt lat="46.23098" lon="6.42214">
        <ele>1123.4000244141</ele>
      </trkpt>
      <trkpt lat="46.23096" lon="6.42212">
        <ele>1123.1999511719</ele>
      </trkpt>
      <trkpt lat="46.23097" lon="6.4221">
        <ele>1123.5999755859</ele>
      </trkpt>
      <trkpt lat="46.23102" lon="6.42202">
        <ele>1125.8000488281</ele>
      </trkpt>
      <trkpt lat="46.23103" lon="6.42201">
        <ele>1126.1999511719</ele>
      </trkpt>
      <trkpt lat="46.2311" lon="6.42197">
        <ele>1128.1999511719</ele>
      </trkpt>
      <trkpt lat="46.23111" lon="6.42196">
        <ele>1128.5999755859</ele>
      </trkpt>
      <trkpt lat="46.2311" lon="6.42194">
        <ele>1128.5999755859</ele>
      </trkpt>
      <trkpt lat="46.23114" lon="6.42191">
        <ele>1130</ele>
      </trkpt>
      <trkpt lat="46.23117" lon="6.42188">
        <ele>1131</ele>
      </trkpt>
      <trkpt lat="46.23122" lon="6.42182">
        <ele>1132.5999755859</ele>
      </trkpt>
      <trkpt lat="46.23127" lon="6.42175">
        <ele>1134.8000488281</ele>
      </trkpt>
      <trkpt lat="46.2313" lon="6.42163">
        <ele>1136.8000488281</ele>
      </trkpt>
      <trkpt lat="46.23135" lon="6.42151">
        <ele>1139</ele>
      </trkpt>
      <trkpt lat="46.23139" lon="6.42138">
        <ele>1141.1999511719</ele>
      </trkpt>
      <trkpt lat="46.23141" lon="6.42129">
        <ele>1142.5999755859</ele>
      </trkpt>
      <trkpt lat="46.23144" lon="6.42125">
        <ele>1143.5999755859</ele>
      </trkpt>
      <trkpt lat="46.23143" lon="6.42113">
        <ele>1144.8000488281</ele>
      </trkpt>
      <trkpt lat="46.23141" lon="6.42099">
        <ele>1145.8000488281</ele>
      </trkpt>
      <trkpt lat="46.2314" lon="6.42097">
        <ele>1145.8000488281</ele>
      </trkpt>
      <trkpt lat="46.23136" lon="6.42086">
        <ele>1146</ele>
      </trkpt>
      <trkpt lat="46.23133" lon="6.42075">
        <ele>1146.1999511719</ele>
      </trkpt>
      <trkpt lat="46.2313" lon="6.42063">
        <ele>1146.5999755859</ele>
      </trkpt>
      <trkpt lat="46.23128" lon="6.42053">
        <ele>1147.1999511719</ele>
      </trkpt>
      <trkpt lat="46.23125" lon="6.42044">
        <ele>1147.1999511719</ele>
      </trkpt>
      <trkpt lat="46.23121" lon="6.42035">
        <ele>1147.1999511719</ele>
      </trkpt>
      <trkpt lat="46.23117" lon="6.42026">
        <ele>1146.8000488281</ele>
      </trkpt>
      <trkpt lat="46.23113" lon="6.42015">
        <ele>1146.5999755859</ele>
      </trkpt>
      <trkpt lat="46.23109" lon="6.42003">
        <ele>1146.5999755859</ele>
      </trkpt>
      <trkpt lat="46.23106" lon="6.41991">
        <ele>1147</ele>
      </trkpt>
      <trkpt lat="46.23102" lon="6.41979">
        <ele>1147.5999755859</ele>
      </trkpt>
      <trkpt lat="46.23098" lon="6.41969">
        <ele>1147.8000488281</ele>
      </trkpt>
      <trkpt lat="46.23096" lon="6.41957">
        <ele>1148.8000488281</ele>
      </trkpt>
      <trkpt lat="46.23098" lon="6.41945">
        <ele>1150.5999755859</ele>
      </trkpt>
      <trkpt lat="46.231" lon="6.41938">
        <ele>1152</ele>
      </trkpt>
      <trkpt lat="46.23106" lon="6.41927">
        <ele>1154.8000488281</ele>
      </trkpt>
      <trkpt lat="46.23109" lon="6.4192">
        <ele>1156.4000244141</ele>
      </trkpt>
      <trkpt lat="46.23112" lon="6.4191">
        <ele>1157.1999511719</ele>
      </trkpt>
      <trkpt lat="46.23114" lon="6.41905">
        <ele>1157.4000244141</ele>
      </trkpt>
      <trkpt lat="46.23118" lon="6.41897">
        <ele>1157.8000488281</ele>
      </trkpt>
      <trkpt lat="46.23122" lon="6.4189">
        <ele>1158.1999511719</ele>
      </trkpt>
      <trkpt lat="46.23126" lon="6.41883">
        <ele>1158.8000488281</ele>
      </trkpt>
      <trkpt lat="46.23133" lon="6.41875">
        <ele>1159.5999755859</ele>
      </trkpt>
      <trkpt lat="46.23137" lon="6.41867">
        <ele>1160.1999511719</ele>
      </trkpt>
      <trkpt lat="46.23144" lon="6.41861">
        <ele>1161</ele>
      </trkpt>
      <trkpt lat="46.2315" lon="6.41856">
        <ele>1161.8000488281</ele>
      </trkpt>
      <trkpt lat="46.23157" lon="6.4185">
        <ele>1162.5999755859</ele>
      </trkpt>
      <trkpt lat="46.23164" lon="6.41844">
        <ele>1163.4000244141</ele>
      </trkpt>
      <trkpt lat="46.23171" lon="6.41839">
        <ele>1164.1999511719</ele>
      </trkpt>
      <trkpt lat="46.23177" lon="6.41832">
        <ele>1164.8000488281</ele>
      </trkpt>
      <trkpt lat="46.23183" lon="6.41824">
        <ele>1164.4000244141</ele>
      </trkpt>
      <trkpt lat="46.23189" lon="6.41818">
        <ele>1164.5999755859</ele>
      </trkpt>
      <trkpt lat="46.23195" lon="6.41811">
        <ele>1164.5999755859</ele>
      </trkpt>
      <trkpt lat="46.23201" lon="6.41805">
        <ele>1164.4000244141</ele>
      </trkpt>
      <trkpt lat="46.23208" lon="6.41801">
        <ele>1165</ele>
      </trkpt>
      <trkpt lat="46.23209" lon="6.41801">
        <ele>1165.1999511719</ele>
      </trkpt>
      <trkpt lat="46.23214" lon="6.41798">
        <ele>1165.4000244141</ele>
      </trkpt>
      <trkpt lat="46.23221" lon="6.41795">
        <ele>1166.1999511719</ele>
      </trkpt>
      <trkpt lat="46.23231" lon="6.41795">
        <ele>1168</ele>
      </trkpt>
      <trkpt lat="46.23238" lon="6.41795">
        <ele>1169</ele>
      </trkpt>
      <trkpt lat="46.23246" lon="6.41794">
        <ele>1170</ele>
      </trkpt>
      <trkpt lat="46.23253" lon="6.41793">
        <ele>1171.1999511719</ele>
      </trkpt>
      <trkpt lat="46.23259" lon="6.41791">
        <ele>1172.1999511719</ele>
      </trkpt>
      <trkpt lat="46.23263" lon="6.4179">
        <ele>1173</ele>
      </trkpt>
      <trkpt lat="46.2327" lon="6.41788">
        <ele>1174</ele>
      </trkpt>
      <trkpt lat="46.23274" lon="6.41785">
        <ele>1174.1999511719</ele>
      </trkpt>
      <trkpt lat="46.23278" lon="6.41781">
        <ele>1174.4000244141</ele>
      </trkpt>
      <trkpt lat="46.23284" lon="6.41777">
        <ele>1174.8000488281</ele>
      </trkpt>
      <trkpt lat="46.23289" lon="6.41775">
        <ele>1175.5999755859</ele>
      </trkpt>
      <trkpt lat="46.23297" lon="6.41771">
        <ele>1176.8000488281</ele>
      </trkpt>
      <trkpt lat="46.23305" lon="6.41768">
        <ele>1177.8000488281</ele>
      </trkpt>
      <trkpt lat="46.2331" lon="6.41766">
        <ele>1178.4000244141</ele>
      </trkpt>
      <trkpt lat="46.23315" lon="6.41762">
        <ele>1179</ele>
      </trkpt>
      <trkpt lat="46.23319" lon="6.4176">
        <ele>1179.4000244141</ele>
      </trkpt>
      <trkpt lat="46.23321" lon="6.41759">
        <ele>1179.5999755859</ele>
      </trkpt>
      <trkpt lat="46.23323" lon="6.41758">
        <ele>1180</ele>
      </trkpt>
      <trkpt lat="46.23324" lon="6.41758">
        <ele>1180.1999511719</ele>
      </trkpt>
      <trkpt lat="46.23329" lon="6.41756">
        <ele>1181</ele>
      </trkpt>
      <trkpt lat="46.23332" lon="6.4175">
        <ele>1180.5999755859</ele>
      </trkpt>
      <trkpt lat="46.23335" lon="6.41748">
        <ele>1181</ele>
      </trkpt>
      <trkpt lat="46.2334" lon="6.41742">
        <ele>1181.1999511719</ele>
      </trkpt>
      <trkpt lat="46.23349" lon="6.41735">
        <ele>1182.1999511719</ele>
      </trkpt>
      <trkpt lat="46.2335" lon="6.41734">
        <ele>1182.1999511719</ele>
      </trkpt>
      <trkpt lat="46.23358" lon="6.41728">
        <ele>1183</ele>
      </trkpt>
      <trkpt lat="46.23359" lon="6.41725">
        <ele>1183.1999511719</ele>
      </trkpt>
      <trkpt lat="46.23364" lon="6.4172">
        <ele>1183.5999755859</ele>
      </trkpt>
      <trkpt lat="46.23368" lon="6.41715">
        <ele>1184</ele>
      </trkpt>
      <trkpt lat="46.23374" lon="6.4171">
        <ele>1184.5999755859</ele>
      </trkpt>
      <trkpt lat="46.23387" lon="6.41697">
        <ele>1186</ele>
      </trkpt>
      <trkpt lat="46.23393" lon="6.41693">
        <ele>1186.8000488281</ele>
      </trkpt>
      <trkpt lat="46.23397" lon="6.41689">
        <ele>1187.1999511719</ele>
      </trkpt>
      <trkpt lat="46.23402" lon="6.41683">
        <ele>1187.8000488281</ele>
      </trkpt>
      <trkpt lat="46.23404" lon="6.4168">
        <ele>1188</ele>
      </trkpt>
      <trkpt lat="46.23408" lon="6.41675">
        <ele>1188.5999755859</ele>
      </trkpt>
      <trkpt lat="46.23413" lon="6.41671">
        <ele>1189.4000244141</ele>
      </trkpt>
      <trkpt lat="46.23418" lon="6.41667">
        <ele>1190.4000244141</ele>
      </trkpt>
      <trkpt lat="46.23423" lon="6.41664">
        <ele>1191.5999755859</ele>
      </trkpt>
      <trkpt lat="46.23429" lon="6.41665">
        <ele>1192.8000488281</ele>
      </trkpt>
      <trkpt lat="46.23433" lon="6.41669">
        <ele>1193.8000488281</ele>
      </trkpt>
      <trkpt lat="46.23436" lon="6.4168">
        <ele>1195</ele>
      </trkpt>
      <trkpt lat="46.23432" lon="6.41696">
        <ele>1194.5999755859</ele>
      </trkpt>
      <trkpt lat="46.23425" lon="6.41709">
        <ele>1193.4000244141</ele>
      </trkpt>
      <trkpt lat="46.23416" lon="6.41722">
        <ele>1191.8000488281</ele>
      </trkpt>
      <trkpt lat="46.23412" lon="6.41729">
        <ele>1191.4000244141</ele>
      </trkpt>
      <trkpt lat="46.23408" lon="6.41737">
        <ele>1191.1999511719</ele>
      </trkpt>
      <trkpt lat="46.23404" lon="6.41747">
        <ele>1191</ele>
      </trkpt>
      <trkpt lat="46.23404" lon="6.41761">
        <ele>1192.5999755859</ele>
      </trkpt>
      <trkpt lat="46.23408" lon="6.41766">
        <ele>1193.5999755859</ele>
      </trkpt>
      <trkpt lat="46.23408" lon="6.41778">
        <ele>1195.1999511719</ele>
      </trkpt>
      <trkpt lat="46.23411" lon="6.41793">
        <ele>1197.4000244141</ele>
      </trkpt>
      <trkpt lat="46.23411" lon="6.41804">
        <ele>1198.8000488281</ele>
      </trkpt>
      <trkpt lat="46.23409" lon="6.41816">
        <ele>1200</ele>
      </trkpt>
      <trkpt lat="46.23407" lon="6.4183">
        <ele>1201.5999755859</ele>
      </trkpt>
      <trkpt lat="46.23403" lon="6.41842">
        <ele>1202</ele>
      </trkpt>
      <trkpt lat="46.23402" lon="6.41846">
        <ele>1201.8000488281</ele>
      </trkpt>
      <trkpt lat="46.234" lon="6.41853">
        <ele>1201.8000488281</ele>
      </trkpt>
      <trkpt lat="46.23394" lon="6.41867">
        <ele>1201.5999755859</ele>
      </trkpt>
      <trkpt lat="46.2339" lon="6.41879">
        <ele>1201.4000244141</ele>
      </trkpt>
      <trkpt lat="46.23389" lon="6.4189">
        <ele>1201.4000244141</ele>
      </trkpt>
      <trkpt lat="46.23391" lon="6.41896">
        <ele>1201.8000488281</ele>
      </trkpt>
      <trkpt lat="46.23392" lon="6.41905">
        <ele>1202</ele>
      </trkpt>
      <trkpt lat="46.23393" lon="6.41912">
        <ele>1202.1999511719</ele>
      </trkpt>
      <trkpt lat="46.23395" lon="6.41918">
        <ele>1202.1999511719</ele>
      </trkpt>
      <trkpt lat="46.23399" lon="6.41924">
        <ele>1202.1999511719</ele>
      </trkpt>
      <trkpt lat="46.23404" lon="6.4193">
        <ele>1202.1999511719</ele>
      </trkpt>
      <trkpt lat="46.23409" lon="6.41942">
        <ele>1201.5999755859</ele>
      </trkpt>
      <trkpt lat="46.23409" lon="6.41944">
        <ele>1201.5999755859</ele>
      </trkpt>
      <trkpt lat="46.23412" lon="6.41954">
        <ele>1201.1999511719</ele>
      </trkpt>
      <trkpt lat="46.23415" lon="6.41961">
        <ele>1201</ele>
      </trkpt>
      <trkpt lat="46.23419" lon="6.41968">
        <ele>1201</ele>
      </trkpt>
      <trkpt lat="46.23422" lon="6.41971">
        <ele>1201</ele>
      </trkpt>
      <trkpt lat="46.23422" lon="6.4198">
        <ele>1200.5999755859</ele>
      </trkpt>
      <trkpt lat="46.23426" lon="6.41982">
        <ele>1200.8000488281</ele>
      </trkpt>
      <trkpt lat="46.23432" lon="6.41986">
        <ele>1201</ele>
      </trkpt>
      <trkpt lat="46.23434" lon="6.41986">
        <ele>1201.1999511719</ele>
      </trkpt>
      <trkpt lat="46.23445" lon="6.41989">
        <ele>1202</ele>
      </trkpt>
      <trkpt lat="46.23449" lon="6.41991">
        <ele>1202.1999511719</ele>
      </trkpt>
      <trkpt lat="46.23452" lon="6.41994">
        <ele>1202.1999511719</ele>
      </trkpt>
      <trkpt lat="46.23461" lon="6.42">
        <ele>1202.5999755859</ele>
      </trkpt>
      <trkpt lat="46.23471" lon="6.42003">
        <ele>1203.1999511719</ele>
      </trkpt>
      <trkpt lat="46.2348" lon="6.42004">
        <ele>1203.8000488281</ele>
      </trkpt>
      <trkpt lat="46.23484" lon="6.42006">
        <ele>1204</ele>
      </trkpt>
      <trkpt lat="46.23487" lon="6.42007">
        <ele>1204.1999511719</ele>
      </trkpt>
      <trkpt lat="46.23495" lon="6.4201">
        <ele>1204.8000488281</ele>
      </trkpt>
      <trkpt lat="46.23496" lon="6.42011">
        <ele>1204.8000488281</ele>
      </trkpt>
      <trkpt lat="46.23504" lon="6.42018">
        <ele>1205</ele>
      </trkpt>
      <trkpt lat="46.2351" lon="6.42022">
        <ele>1205</ele>
      </trkpt>
      <trkpt lat="46.23517" lon="6.42025">
        <ele>1205.1999511719</ele>
      </trkpt>
      <trkpt lat="46.23526" lon="6.42029">
        <ele>1205.4000244141</ele>
      </trkpt>
      <trkpt lat="46.23534" lon="6.42032">
        <ele>1205.8000488281</ele>
      </trkpt>
      <trkpt lat="46.23535" lon="6.42033">
        <ele>1205.5999755859</ele>
      </trkpt>
      <trkpt lat="46.23541" lon="6.42034">
        <ele>1206</ele>
      </trkpt>
      <trkpt lat="46.23551" lon="6.42036">
        <ele>1206.5999755859</ele>
      </trkpt>
      <trkpt lat="46.23553" lon="6.42036">
        <ele>1206.5999755859</ele>
      </trkpt>
      <trkpt lat="46.23561" lon="6.42035">
        <ele>1207.1999511719</ele>
      </trkpt>
      <trkpt lat="46.23572" lon="6.42035">
        <ele>1207.8000488281</ele>
      </trkpt>
      <trkpt lat="46.23581" lon="6.42037">
        <ele>1208.1999511719</ele>
      </trkpt>
      <trkpt lat="46.23582" lon="6.42038">
        <ele>1208.1999511719</ele>
      </trkpt>
      <trkpt lat="46.23585" lon="6.42041">
        <ele>1208</ele>
      </trkpt>
      <trkpt lat="46.2359" lon="6.4204">
        <ele>1208.4000244141</ele>
      </trkpt>
      <trkpt lat="46.23597" lon="6.4204">
        <ele>1209.1999511719</ele>
      </trkpt>
      <trkpt lat="46.236" lon="6.42039">
        <ele>1209.4000244141</ele>
      </trkpt>
      <trkpt lat="46.23606" lon="6.42037">
        <ele>1210</ele>
      </trkpt>
      <trkpt lat="46.23611" lon="6.42037">
        <ele>1210.4000244141</ele>
      </trkpt>
      <trkpt lat="46.23616" lon="6.42038">
        <ele>1210.5999755859</ele>
      </trkpt>
      <trkpt lat="46.23623" lon="6.4204">
        <ele>1211</ele>
      </trkpt>
      <trkpt lat="46.23632" lon="6.42036">
        <ele>1212</ele>
      </trkpt>
      <trkpt lat="46.23636" lon="6.42035">
        <ele>1212.4000244141</ele>
      </trkpt>
      <trkpt lat="46.23639" lon="6.42033">
        <ele>1212.5999755859</ele>
      </trkpt>
      <trkpt lat="46.2364" lon="6.42034">
        <ele>1212.5999755859</ele>
      </trkpt>
      <trkpt lat="46.23637" lon="6.42032">
        <ele>1212.5999755859</ele>
      </trkpt>
      <trkpt lat="46.23637" lon="6.4203">
        <ele>1212.5999755859</ele>
      </trkpt>
      <trkpt lat="46.23643" lon="6.42037">
        <ele>1212.5999755859</ele>
      </trkpt>
      <trkpt lat="46.2365" lon="6.42037">
        <ele>1213.1999511719</ele>
      </trkpt>
      <trkpt lat="46.23651" lon="6.42037">
        <ele>1213.4000244141</ele>
      </trkpt>
      <trkpt lat="46.23657" lon="6.42038">
        <ele>1213.8000488281</ele>
      </trkpt>
      <trkpt lat="46.23665" lon="6.42037">
        <ele>1214.4000244141</ele>
      </trkpt>
      <trkpt lat="46.23668" lon="6.42037">
        <ele>1214.5999755859</ele>
      </trkpt>
      <trkpt lat="46.23674" lon="6.42042">
        <ele>1215.1999511719</ele>
      </trkpt>
      <trkpt lat="46.23681" lon="6.42047">
        <ele>1216</ele>
      </trkpt>
      <trkpt lat="46.23691" lon="6.42062">
        <ele>1217.5999755859</ele>
      </trkpt>
      <trkpt lat="46.23695" lon="6.42075">
        <ele>1218.5999755859</ele>
      </trkpt>
      <trkpt lat="46.23699" lon="6.42082">
        <ele>1219.1999511719</ele>
      </trkpt>
      <trkpt lat="46.23704" lon="6.42095">
        <ele>1219.4000244141</ele>
      </trkpt>
      <trkpt lat="46.23708" lon="6.42109">
        <ele>1219.1999511719</ele>
      </trkpt>
      <trkpt lat="46.23713" lon="6.42123">
        <ele>1219</ele>
      </trkpt>
      <trkpt lat="46.23717" lon="6.42132">
        <ele>1219</ele>
      </trkpt>
      <trkpt lat="46.23724" lon="6.42138">
        <ele>1219.5999755859</ele>
      </trkpt>
      <trkpt lat="46.23732" lon="6.42145">
        <ele>1220.1999511719</ele>
      </trkpt>
      <trkpt lat="46.2374" lon="6.42153">
        <ele>1220.5999755859</ele>
      </trkpt>
      <trkpt lat="46.23745" lon="6.42159">
        <ele>1220.8000488281</ele>
      </trkpt>
      <trkpt lat="46.23752" lon="6.42166">
        <ele>1221.1999511719</ele>
      </trkpt>
      <trkpt lat="46.23761" lon="6.42178">
        <ele>1221.1999511719</ele>
      </trkpt>
      <trkpt lat="46.2377" lon="6.4219">
        <ele>1220.8000488281</ele>
      </trkpt>
      <trkpt lat="46.23778" lon="6.422">
        <ele>1220.4000244141</ele>
      </trkpt>
      <trkpt lat="46.23786" lon="6.4221">
        <ele>1220</ele>
      </trkpt>
      <trkpt lat="46.23794" lon="6.42222">
        <ele>1218.8000488281</ele>
      </trkpt>
      <trkpt lat="46.23802" lon="6.42231">
        <ele>1217.8000488281</ele>
      </trkpt>
      <trkpt lat="46.23808" lon="6.42241">
        <ele>1216.5999755859</ele>
      </trkpt>
      <trkpt lat="46.23815" lon="6.42252">
        <ele>1215.1999511719</ele>
      </trkpt>
      <trkpt lat="46.23822" lon="6.42264">
        <ele>1214.5999755859</ele>
      </trkpt>
      <trkpt lat="46.23828" lon="6.42274">
        <ele>1214.1999511719</ele>
      </trkpt>
      <trkpt lat="46.23832" lon="6.42279">
        <ele>1213.8000488281</ele>
      </trkpt>
      <trkpt lat="46.23835" lon="6.42285">
        <ele>1213.5999755859</ele>
      </trkpt>
      <trkpt lat="46.23845" lon="6.42297">
        <ele>1213.5999755859</ele>
      </trkpt>
      <trkpt lat="46.23852" lon="6.42303">
        <ele>1213.5999755859</ele>
      </trkpt>
      <trkpt lat="46.2386" lon="6.4231">
        <ele>1213.8000488281</ele>
      </trkpt>
      <trkpt lat="46.23862" lon="6.42311">
        <ele>1213.8000488281</ele>
      </trkpt>
      <trkpt lat="46.23866" lon="6.42314">
        <ele>1214</ele>
      </trkpt>
      <trkpt lat="46.23868" lon="6.42317">
        <ele>1213.8000488281</ele>
      </trkpt>
      <trkpt lat="46.23878" lon="6.42324">
        <ele>1214</ele>
      </trkpt>
      <trkpt lat="46.23885" lon="6.42331">
        <ele>1213.8000488281</ele>
      </trkpt>
      <trkpt lat="46.23892" lon="6.42337">
        <ele>1214</ele>
      </trkpt>
      <trkpt lat="46.23898" lon="6.42342">
        <ele>1214.4000244141</ele>
      </trkpt>
      <trkpt lat="46.23907" lon="6.42347">
        <ele>1214.8000488281</ele>
      </trkpt>
      <trkpt lat="46.23915" lon="6.4235">
        <ele>1215</ele>
      </trkpt>
      <trkpt lat="46.23918" lon="6.42349">
        <ele>1215.1999511719</ele>
      </trkpt>
      <trkpt lat="46.23929" lon="6.42349">
        <ele>1215.8000488281</ele>
      </trkpt>
      <trkpt lat="46.23939" lon="6.4235">
        <ele>1216.4000244141</ele>
      </trkpt>
      <trkpt lat="46.23949" lon="6.4235">
        <ele>1217</ele>
      </trkpt>
      <trkpt lat="46.23958" lon="6.42349">
        <ele>1217.5999755859</ele>
      </trkpt>
      <trkpt lat="46.23963" lon="6.4235">
        <ele>1217.8000488281</ele>
      </trkpt>
      <trkpt lat="46.23971" lon="6.42351">
        <ele>1218.1999511719</ele>
      </trkpt>
      <trkpt lat="46.23979" lon="6.4235">
        <ele>1218.5999755859</ele>
      </trkpt>
      <trkpt lat="46.23986" lon="6.4235">
        <ele>1219</ele>
      </trkpt>
      <trkpt lat="46.23987" lon="6.4235">
        <ele>1219.1999511719</ele>
      </trkpt>
      <trkpt lat="46.23995" lon="6.42352">
        <ele>1219.5999755859</ele>
      </trkpt>
      <trkpt lat="46.24005" lon="6.42351">
        <ele>1220.4000244141</ele>
      </trkpt>
      <trkpt lat="46.24017" lon="6.42352">
        <ele>1221.4000244141</ele>
      </trkpt>
      <trkpt lat="46.24025" lon="6.42355">
        <ele>1221.8000488281</ele>
      </trkpt>
      <trkpt lat="46.2403" lon="6.42359">
        <ele>1222</ele>
      </trkpt>
      <trkpt lat="46.2404" lon="6.42361">
        <ele>1222.8000488281</ele>
      </trkpt>
      <trkpt lat="46.24046" lon="6.42362">
        <ele>1223.1999511719</ele>
      </trkpt>
      <trkpt lat="46.24058" lon="6.42362">
        <ele>1224.1999511719</ele>
      </trkpt>
      <trkpt lat="46.24066" lon="6.42364">
        <ele>1224.8000488281</ele>
      </trkpt>
      <trkpt lat="46.24077" lon="6.42366">
        <ele>1225.4000244141</ele>
      </trkpt>
      <trkpt lat="46.24084" lon="6.42366">
        <ele>1226</ele>
      </trkpt>
      <trkpt lat="46.2409" lon="6.42367">
        <ele>1226.5999755859</ele>
      </trkpt>
      <trkpt lat="46.24101" lon="6.42376">
        <ele>1226.5999755859</ele>
      </trkpt>
      <trkpt lat="46.24102" lon="6.42377">
        <ele>1226.5999755859</ele>
      </trkpt>
      <trkpt lat="46.24107" lon="6.42382">
        <ele>1226.5999755859</ele>
      </trkpt>
      <trkpt lat="46.24109" lon="6.42383">
        <ele>1226.5999755859</ele>
      </trkpt>
      <trkpt lat="46.24117" lon="6.4239">
        <ele>1226.5999755859</ele>
      </trkpt>
      <trkpt lat="46.24126" lon="6.42393">
        <ele>1227.1999511719</ele>
      </trkpt>
      <trkpt lat="46.24136" lon="6.42399">
        <ele>1227.4000244141</ele>
      </trkpt>
      <trkpt lat="46.24141" lon="6.42401">
        <ele>1227.4000244141</ele>
      </trkpt>
      <trkpt lat="46.24143" lon="6.42406">
        <ele>1227.1999511719</ele>
      </trkpt>
      <trkpt lat="46.24149" lon="6.4241">
        <ele>1227.1999511719</ele>
      </trkpt>
      <trkpt lat="46.24155" lon="6.42409">
        <ele>1227.8000488281</ele>
      </trkpt>
      <trkpt lat="46.24156" lon="6.42411">
        <ele>1227.8000488281</ele>
      </trkpt>
      <trkpt lat="46.24148" lon="6.42409">
        <ele>1227.1999511719</ele>
      </trkpt>
      <trkpt lat="46.24153" lon="6.42418">
        <ele>1226.5999755859</ele>
      </trkpt>
      <trkpt lat="46.24156" lon="6.42421">
        <ele>1226.5999755859</ele>
      </trkpt>
      <trkpt lat="46.24159" lon="6.42424">
        <ele>1226.5999755859</ele>
      </trkpt>
      <trkpt lat="46.24162" lon="6.42426">
        <ele>1226.8000488281</ele>
      </trkpt>
      <trkpt lat="46.24169" lon="6.42432">
        <ele>1227</ele>
      </trkpt>
      <trkpt lat="46.24173" lon="6.42444">
        <ele>1226.5999755859</ele>
      </trkpt>
      <trkpt lat="46.24176" lon="6.42449">
        <ele>1226.4000244141</ele>
      </trkpt>
      <trkpt lat="46.24176" lon="6.42458">
        <ele>1225.5999755859</ele>
      </trkpt>
      <trkpt lat="46.24178" lon="6.42461">
        <ele>1225.4000244141</ele>
      </trkpt>
      <trkpt lat="46.24181" lon="6.42465">
        <ele>1225.4000244141</ele>
      </trkpt>
      <trkpt lat="46.24187" lon="6.42469">
        <ele>1225.5999755859</ele>
      </trkpt>
      <trkpt lat="46.24189" lon="6.42473">
        <ele>1225.4000244141</ele>
      </trkpt>
      <trkpt lat="46.2419" lon="6.42474">
        <ele>1225.4000244141</ele>
      </trkpt>
      <trkpt lat="46.24195" lon="6.42477">
        <ele>1225.4000244141</ele>
      </trkpt>
      <trkpt lat="46.242" lon="6.42484">
        <ele>1225</ele>
      </trkpt>
      <trkpt lat="46.24205" lon="6.42488">
        <ele>1224.8000488281</ele>
      </trkpt>
      <trkpt lat="46.24211" lon="6.42497">
        <ele>1224</ele>
      </trkpt>
      <trkpt lat="46.24215" lon="6.42502">
        <ele>1223.5999755859</ele>
      </trkpt>
      <trkpt lat="46.24218" lon="6.42503">
        <ele>1223.5999755859</ele>
      </trkpt>
      <trkpt lat="46.24221" lon="6.42502">
        <ele>1223.8000488281</ele>
      </trkpt>
      <trkpt lat="46.24225" lon="6.42504">
        <ele>1223.8000488281</ele>
      </trkpt>
      <trkpt lat="46.24226" lon="6.42508">
        <ele>1223.4000244141</ele>
      </trkpt>
      <trkpt lat="46.24228" lon="6.42516">
        <ele>1222.4000244141</ele>
      </trkpt>
      <trkpt lat="46.24229" lon="6.42517">
        <ele>1222.1999511719</ele>
      </trkpt>
      <trkpt lat="46.24233" lon="6.42528">
        <ele>1220.5999755859</ele>
      </trkpt>
      <trkpt lat="46.24234" lon="6.42533">
        <ele>1220</ele>
      </trkpt>
      <trkpt lat="46.24238" lon="6.42539">
        <ele>1219.1999511719</ele>
      </trkpt>
      <trkpt lat="46.24241" lon="6.4255">
        <ele>1217.4000244141</ele>
      </trkpt>
      <trkpt lat="46.2424" lon="6.42555">
        <ele>1216.8000488281</ele>
      </trkpt>
      <trkpt lat="46.24243" lon="6.42564">
        <ele>1215.4000244141</ele>
      </trkpt>
      <trkpt lat="46.24243" lon="6.42567">
        <ele>1214.8000488281</ele>
      </trkpt>
      <trkpt lat="46.24248" lon="6.42579">
        <ele>1212.5999755859</ele>
      </trkpt>
      <trkpt lat="46.2425" lon="6.42589">
        <ele>1211</ele>
      </trkpt>
      <trkpt lat="46.24251" lon="6.42599">
        <ele>1209.8000488281</ele>
      </trkpt>
      <trkpt lat="46.24252" lon="6.42606">
        <ele>1208.8000488281</ele>
      </trkpt>
      <trkpt lat="46.24257" lon="6.42613">
        <ele>1208.1999511719</ele>
      </trkpt>
      <trkpt lat="46.24261" lon="6.42623">
        <ele>1207.1999511719</ele>
      </trkpt>
      <trkpt lat="46.24266" lon="6.42629">
        <ele>1206.8000488281</ele>
      </trkpt>
      <trkpt lat="46.24269" lon="6.42635">
        <ele>1206.4000244141</ele>
      </trkpt>
      <trkpt lat="46.24277" lon="6.42639">
        <ele>1206.4000244141</ele>
      </trkpt>
      <trkpt lat="46.24279" lon="6.42642">
        <ele>1206.1999511719</ele>
      </trkpt>
      <trkpt lat="46.24285" lon="6.42652">
        <ele>1205.4000244141</ele>
      </trkpt>
      <trkpt lat="46.24286" lon="6.42655">
        <ele>1205.1999511719</ele>
      </trkpt>
      <trkpt lat="46.24287" lon="6.42664">
        <ele>1204.1999511719</ele>
      </trkpt>
      <trkpt lat="46.24288" lon="6.42668">
        <ele>1203.8000488281</ele>
      </trkpt>
      <trkpt lat="46.24287" lon="6.42671">
        <ele>1203.1999511719</ele>
      </trkpt>
      <trkpt lat="46.24288" lon="6.42678">
        <ele>1202.5999755859</ele>
      </trkpt>
      <trkpt lat="46.24289" lon="6.4268">
        <ele>1202.4000244141</ele>
      </trkpt>
      <trkpt lat="46.24294" lon="6.42689">
        <ele>1201.8000488281</ele>
      </trkpt>
      <trkpt lat="46.24297" lon="6.42695">
        <ele>1201.4000244141</ele>
      </trkpt>
      <trkpt lat="46.24302" lon="6.42704">
        <ele>1200.4000244141</ele>
      </trkpt>
      <trkpt lat="46.24303" lon="6.42715">
        <ele>1199.4000244141</ele>
      </trkpt>
      <trkpt lat="46.24307" lon="6.42722">
        <ele>1198.5999755859</ele>
      </trkpt>
      <trkpt lat="46.24309" lon="6.4273">
        <ele>1198</ele>
      </trkpt>
      <trkpt lat="46.24312" lon="6.42731">
        <ele>1198.1999511719</ele>
      </trkpt>
      <trkpt lat="46.24318" lon="6.42737">
        <ele>1198</ele>
      </trkpt>
      <trkpt lat="46.24324" lon="6.42748">
        <ele>1197.1999511719</ele>
      </trkpt>
      <trkpt lat="46.24327" lon="6.4275">
        <ele>1197.1999511719</ele>
      </trkpt>
      <trkpt lat="46.24331" lon="6.42755">
        <ele>1196.8000488281</ele>
      </trkpt>
      <trkpt lat="46.24338" lon="6.42763">
        <ele>1195.8000488281</ele>
      </trkpt>
      <trkpt lat="46.2434" lon="6.42765">
        <ele>1195.4000244141</ele>
      </trkpt>
      <trkpt lat="46.24344" lon="6.42772">
        <ele>1194.4000244141</ele>
      </trkpt>
      <trkpt lat="46.24349" lon="6.42778">
        <ele>1193.4000244141</ele>
      </trkpt>
      <trkpt lat="46.24353" lon="6.42778">
        <ele>1193.5999755859</ele>
      </trkpt>
      <trkpt lat="46.24358" lon="6.42782">
        <ele>1193</ele>
      </trkpt>
      <trkpt lat="46.24358" lon="6.42785">
        <ele>1192.5999755859</ele>
      </trkpt>
      <trkpt lat="46.24361" lon="6.42795">
        <ele>1190.5999755859</ele>
      </trkpt>
      <trkpt lat="46.24366" lon="6.42795">
        <ele>1190.8000488281</ele>
      </trkpt>
      <trkpt lat="46.24373" lon="6.42796">
        <ele>1190.8000488281</ele>
      </trkpt>
      <trkpt lat="46.24383" lon="6.42798">
        <ele>1190.4000244141</ele>
      </trkpt>
      <trkpt lat="46.24386" lon="6.42803">
        <ele>1189.5999755859</ele>
      </trkpt>
      <trkpt lat="46.24389" lon="6.42806">
        <ele>1189</ele>
      </trkpt>
      <trkpt lat="46.24396" lon="6.42817">
        <ele>1186.5999755859</ele>
      </trkpt>
      <trkpt lat="46.24401" lon="6.42824">
        <ele>1185</ele>
      </trkpt>
      <trkpt lat="46.24404" lon="6.42826">
        <ele>1184.5999755859</ele>
      </trkpt>
      <trkpt lat="46.24407" lon="6.42832">
        <ele>1183.1999511719</ele>
      </trkpt>
      <trkpt lat="46.24408" lon="6.42837">
        <ele>1181.8000488281</ele>
      </trkpt>
      <trkpt lat="46.24409" lon="6.42837">
        <ele>1181.5999755859</ele>
      </trkpt>
      <trkpt lat="46.24411" lon="6.42844">
        <ele>1179.5999755859</ele>
      </trkpt>
      <trkpt lat="46.24413" lon="6.42848">
        <ele>1178.1999511719</ele>
      </trkpt>
      <trkpt lat="46.24415" lon="6.4285">
        <ele>1177.8000488281</ele>
      </trkpt>
      <trkpt lat="46.2442" lon="6.42852">
        <ele>1176.8000488281</ele>
      </trkpt>
      <trkpt lat="46.24431" lon="6.42856">
        <ele>1175</ele>
      </trkpt>
      <trkpt lat="46.24434" lon="6.42856">
        <ele>1174.8000488281</ele>
      </trkpt>
      <trkpt lat="46.24441" lon="6.42857">
        <ele>1174.1999511719</ele>
      </trkpt>
      <trkpt lat="46.24442" lon="6.42858">
        <ele>1173.5999755859</ele>
      </trkpt>
      <trkpt lat="46.24447" lon="6.4286">
        <ele>1172.5999755859</ele>
      </trkpt>
      <trkpt lat="46.24449" lon="6.42866">
        <ele>1170.8000488281</ele>
      </trkpt>
      <trkpt lat="46.24454" lon="6.42867">
        <ele>1170</ele>
      </trkpt>
      <trkpt lat="46.2446" lon="6.42867">
        <ele>1169.8000488281</ele>
      </trkpt>
      <trkpt lat="46.24461" lon="6.42873">
        <ele>1167.5999755859</ele>
      </trkpt>
      <trkpt lat="46.24463" lon="6.42881">
        <ele>1164.5999755859</ele>
      </trkpt>
      <trkpt lat="46.24465" lon="6.42886">
        <ele>1163</ele>
      </trkpt>
      <trkpt lat="46.2447" lon="6.42892">
        <ele>1160.5999755859</ele>
      </trkpt>
      <trkpt lat="46.24471" lon="6.42893">
        <ele>1160.1999511719</ele>
      </trkpt>
      <trkpt lat="46.24475" lon="6.42895">
        <ele>1159.1999511719</ele>
      </trkpt>
      <trkpt lat="46.24482" lon="6.42902">
        <ele>1156.4000244141</ele>
      </trkpt>
      <trkpt lat="46.24485" lon="6.42908">
        <ele>1154.1999511719</ele>
      </trkpt>
      <trkpt lat="46.24492" lon="6.42913">
        <ele>1152</ele>
      </trkpt>
      <trkpt lat="46.24493" lon="6.42914">
        <ele>1151.4000244141</ele>
      </trkpt>
      <trkpt lat="46.24495" lon="6.42921">
        <ele>1149.4000244141</ele>
      </trkpt>
      <trkpt lat="46.24495" lon="6.42924">
        <ele>1148.8000488281</ele>
      </trkpt>
      <trkpt lat="46.245" lon="6.4293">
        <ele>1147.1999511719</ele>
      </trkpt>
      <trkpt lat="46.24504" lon="6.42943">
        <ele>1145.4000244141</ele>
      </trkpt>
      <trkpt lat="46.24505" lon="6.42944">
        <ele>1145.1999511719</ele>
      </trkpt>
      <trkpt lat="46.24507" lon="6.42949">
        <ele>1144.5999755859</ele>
      </trkpt>
      <trkpt lat="46.24511" lon="6.42959">
        <ele>1143.5999755859</ele>
      </trkpt>
      <trkpt lat="46.24518" lon="6.42968">
        <ele>1143</ele>
      </trkpt>
      <trkpt lat="46.24522" lon="6.42976">
        <ele>1142.4000244141</ele>
      </trkpt>
      <trkpt lat="46.24526" lon="6.42981">
        <ele>1142</ele>
      </trkpt>
      <trkpt lat="46.24527" lon="6.42982">
        <ele>1142</ele>
      </trkpt>
      <trkpt lat="46.24536" lon="6.4299">
        <ele>1142.1999511719</ele>
      </trkpt>
      <trkpt lat="46.24537" lon="6.42991">
        <ele>1142.4000244141</ele>
      </trkpt>
      <trkpt lat="46.24544" lon="6.42994">
        <ele>1143</ele>
      </trkpt>
      <trkpt lat="46.24551" lon="6.43">
        <ele>1143.4000244141</ele>
      </trkpt>
      <trkpt lat="46.24559" lon="6.43002">
        <ele>1144.4000244141</ele>
      </trkpt>
      <trkpt lat="46.24564" lon="6.43004">
        <ele>1145.1999511719</ele>
      </trkpt>
      <trkpt lat="46.24567" lon="6.43007">
        <ele>1145.1999511719</ele>
      </trkpt>
      <trkpt lat="46.24577" lon="6.43009">
        <ele>1146.5999755859</ele>
      </trkpt>
      <trkpt lat="46.2458" lon="6.43014">
        <ele>1146.4000244141</ele>
      </trkpt>
      <trkpt lat="46.24583" lon="6.43016">
        <ele>1146.4000244141</ele>
      </trkpt>
      <trkpt lat="46.24588" lon="6.43019">
        <ele>1146.5999755859</ele>
      </trkpt>
      <trkpt lat="46.24591" lon="6.43021">
        <ele>1146.5999755859</ele>
      </trkpt>
      <trkpt lat="46.24596" lon="6.43024">
        <ele>1146.5999755859</ele>
      </trkpt>
      <trkpt lat="46.246" lon="6.43027">
        <ele>1146.4000244141</ele>
      </trkpt>
      <trkpt lat="46.24603" lon="6.4303">
        <ele>1146.1999511719</ele>
      </trkpt>
      <trkpt lat="46.24603" lon="6.43043">
        <ele>1143.5999755859</ele>
      </trkpt>
      <trkpt lat="46.24605" lon="6.43047">
        <ele>1143</ele>
      </trkpt>
      <trkpt lat="46.24613" lon="6.43052">
        <ele>1143</ele>
      </trkpt>
      <trkpt lat="46.24617" lon="6.43053">
        <ele>1143.1999511719</ele>
      </trkpt>
      <trkpt lat="46.24625" lon="6.43052">
        <ele>1144.4000244141</ele>
      </trkpt>
      <trkpt lat="46.24625" lon="6.43052">
        <ele>1144.4000244141</ele>
      </trkpt>
      <trkpt lat="46.24627" lon="6.4306">
        <ele>1143</ele>
      </trkpt>
      <trkpt lat="46.24629" lon="6.43065">
        <ele>1142.1999511719</ele>
      </trkpt>
      <trkpt lat="46.24629" lon="6.43079">
        <ele>1139.4000244141</ele>
      </trkpt>
      <trkpt lat="46.2463" lon="6.43088">
        <ele>1137.4000244141</ele>
      </trkpt>
      <trkpt lat="46.24633" lon="6.43093">
        <ele>1136.4000244141</ele>
      </trkpt>
      <trkpt lat="46.24632" lon="6.43095">
        <ele>1135.5999755859</ele>
      </trkpt>
      <trkpt lat="46.24637" lon="6.43104">
        <ele>1134</ele>
      </trkpt>
      <trkpt lat="46.2464" lon="6.43109">
        <ele>1133</ele>
      </trkpt>
      <trkpt lat="46.2464" lon="6.43116">
        <ele>1131.1999511719</ele>
      </trkpt>
      <trkpt lat="46.24644" lon="6.4312">
        <ele>1130.4000244141</ele>
      </trkpt>
      <trkpt lat="46.24644" lon="6.43128">
        <ele>1128.1999511719</ele>
      </trkpt>
      <trkpt lat="46.24641" lon="6.43131">
        <ele>1127.1999511719</ele>
      </trkpt>
      <trkpt lat="46.2464" lon="6.43132">
        <ele>1127</ele>
      </trkpt>
      <trkpt lat="46.2464" lon="6.43126">
        <ele>1128.4000244141</ele>
      </trkpt>
      <trkpt lat="46.2464" lon="6.43137">
        <ele>1125.5999755859</ele>
      </trkpt>
      <trkpt lat="46.2465" lon="6.43139">
        <ele>1126</ele>
      </trkpt>
      <trkpt lat="46.24655" lon="6.43143">
        <ele>1125.1999511719</ele>
      </trkpt>
      <trkpt lat="46.24657" lon="6.43143">
        <ele>1125.4000244141</ele>
      </trkpt>
      <trkpt lat="46.24662" lon="6.4315">
        <ele>1124</ele>
      </trkpt>
      <trkpt lat="46.24667" lon="6.43159">
        <ele>1122</ele>
      </trkpt>
      <trkpt lat="46.24669" lon="6.43161">
        <ele>1121.8000488281</ele>
      </trkpt>
      <trkpt lat="46.24676" lon="6.43174">
        <ele>1119.4000244141</ele>
      </trkpt>
      <trkpt lat="46.2468" lon="6.43179">
        <ele>1119</ele>
      </trkpt>
      <trkpt lat="46.24685" lon="6.43188">
        <ele>1117.5999755859</ele>
      </trkpt>
      <trkpt lat="46.24686" lon="6.43191">
        <ele>1117.1999511719</ele>
      </trkpt>
      <trkpt lat="46.24691" lon="6.43196">
        <ele>1116.4000244141</ele>
      </trkpt>
      <trkpt lat="46.24693" lon="6.43204">
        <ele>1115</ele>
      </trkpt>
      <trkpt lat="46.24696" lon="6.43209">
        <ele>1114</ele>
      </trkpt>
      <trkpt lat="46.24703" lon="6.43214">
        <ele>1113.1999511719</ele>
      </trkpt>
      <trkpt lat="46.24707" lon="6.43223">
        <ele>1111.4000244141</ele>
      </trkpt>
      <trkpt lat="46.24711" lon="6.43228">
        <ele>1110.4000244141</ele>
      </trkpt>
      <trkpt lat="46.24718" lon="6.43233">
        <ele>1109.1999511719</ele>
      </trkpt>
      <trkpt lat="46.24722" lon="6.43237">
        <ele>1108.4000244141</ele>
      </trkpt>
      <trkpt lat="46.24722" lon="6.43239">
        <ele>1107.8000488281</ele>
      </trkpt>
      <trkpt lat="46.24727" lon="6.4324">
        <ele>1107.5999755859</ele>
      </trkpt>
      <trkpt lat="46.2473" lon="6.43242">
        <ele>1107.1999511719</ele>
      </trkpt>
      <trkpt lat="46.24738" lon="6.43243">
        <ele>1106.8000488281</ele>
      </trkpt>
      <trkpt lat="46.24741" lon="6.43242">
        <ele>1107</ele>
      </trkpt>
      <trkpt lat="46.24752" lon="6.43247">
        <ele>1105.8000488281</ele>
      </trkpt>
      <trkpt lat="46.24753" lon="6.43247">
        <ele>1106</ele>
      </trkpt>
      <trkpt lat="46.24758" lon="6.43247">
        <ele>1106.4000244141</ele>
      </trkpt>
      <trkpt lat="46.24762" lon="6.43249">
        <ele>1106</ele>
      </trkpt>
      <trkpt lat="46.24769" lon="6.43251">
        <ele>1106</ele>
      </trkpt>
      <trkpt lat="46.24773" lon="6.43255">
        <ele>1105.5999755859</ele>
      </trkpt>
      <trkpt lat="46.24775" lon="6.43257">
        <ele>1105.1999511719</ele>
      </trkpt>
      <trkpt lat="46.24778" lon="6.43262">
        <ele>1104.4000244141</ele>
      </trkpt>
      <trkpt lat="46.24783" lon="6.43261">
        <ele>1105.1999511719</ele>
      </trkpt>
      <trkpt lat="46.24785" lon="6.43263">
        <ele>1104.8000488281</ele>
      </trkpt>
      <trkpt lat="46.24789" lon="6.43269">
        <ele>1104</ele>
      </trkpt>
      <trkpt lat="46.24791" lon="6.43273">
        <ele>1103.4000244141</ele>
      </trkpt>
      <trkpt lat="46.24794" lon="6.43278">
        <ele>1102.5999755859</ele>
      </trkpt>
      <trkpt lat="46.24795" lon="6.43286">
        <ele>1101.1999511719</ele>
      </trkpt>
      <trkpt lat="46.24797" lon="6.43293">
        <ele>1100.1999511719</ele>
      </trkpt>
      <trkpt lat="46.24798" lon="6.43297">
        <ele>1099.5999755859</ele>
      </trkpt>
      <trkpt lat="46.24804" lon="6.43302">
        <ele>1099.4000244141</ele>
      </trkpt>
      <trkpt lat="46.24804" lon="6.43303">
        <ele>1099.1999511719</ele>
      </trkpt>
      <trkpt lat="46.24809" lon="6.43307">
        <ele>1099</ele>
      </trkpt>
      <trkpt lat="46.24812" lon="6.43312">
        <ele>1098.5999755859</ele>
      </trkpt>
      <trkpt lat="46.24815" lon="6.43318">
        <ele>1098</ele>
      </trkpt>
      <trkpt lat="46.24819" lon="6.43325">
        <ele>1097.1999511719</ele>
      </trkpt>
      <trkpt lat="46.2482" lon="6.4333">
        <ele>1096.5999755859</ele>
      </trkpt>
      <trkpt lat="46.2481" lon="6.43332">
        <ele>1094.5999755859</ele>
      </trkpt>
      <trkpt lat="46.2481" lon="6.4333">
        <ele>1095</ele>
      </trkpt>
      <trkpt lat="46.24812" lon="6.43328">
        <ele>1095.8000488281</ele>
      </trkpt>
      <trkpt lat="46.24814" lon="6.43326">
        <ele>1096.4000244141</ele>
      </trkpt>
      <trkpt lat="46.24813" lon="6.43328">
        <ele>1095.8000488281</ele>
      </trkpt>
      <trkpt lat="46.24814" lon="6.4333">
        <ele>1095.8000488281</ele>
      </trkpt>
      <trkpt lat="46.24816" lon="6.43331">
        <ele>1095.8000488281</ele>
      </trkpt>
      <trkpt lat="46.24824" lon="6.43331">
        <ele>1097</ele>
      </trkpt>
      <trkpt lat="46.24833" lon="6.43331">
        <ele>1098.1999511719</ele>
      </trkpt>
      <trkpt lat="46.24836" lon="6.43333">
        <ele>1098.1999511719</ele>
      </trkpt>
      <trkpt lat="46.24836" lon="6.43339">
        <ele>1097.5999755859</ele>
      </trkpt>
      <trkpt lat="46.24839" lon="6.43346">
        <ele>1097.1999511719</ele>
      </trkpt>
      <trkpt lat="46.24843" lon="6.43351">
        <ele>1097</ele>
      </trkpt>
      <trkpt lat="46.24842" lon="6.43359">
        <ele>1096.1999511719</ele>
      </trkpt>
      <trkpt lat="46.24842" lon="6.43365">
        <ele>1095.5999755859</ele>
      </trkpt>
      <trkpt lat="46.24846" lon="6.43374">
        <ele>1095</ele>
      </trkpt>
      <trkpt lat="46.24848" lon="6.4338">
        <ele>1094.8000488281</ele>
      </trkpt>
      <trkpt lat="46.24851" lon="6.43388">
        <ele>1094.1999511719</ele>
      </trkpt>
      <trkpt lat="46.24849" lon="6.43399">
        <ele>1092.8000488281</ele>
      </trkpt>
      <trkpt lat="46.24848" lon="6.43403">
        <ele>1092.4000244141</ele>
      </trkpt>
      <trkpt lat="46.24844" lon="6.43411">
        <ele>1091</ele>
      </trkpt>
      <trkpt lat="46.2484" lon="6.43414">
        <ele>1090.1999511719</ele>
      </trkpt>
      <trkpt lat="46.24839" lon="6.43416">
        <ele>1089.8000488281</ele>
      </trkpt>
      <trkpt lat="46.24841" lon="6.4342">
        <ele>1090</ele>
      </trkpt>
      <trkpt lat="46.24836" lon="6.43431">
        <ele>1089.4000244141</ele>
      </trkpt>
      <trkpt lat="46.2483" lon="6.43435">
        <ele>1088.5999755859</ele>
      </trkpt>
      <trkpt lat="46.24829" lon="6.43435">
        <ele>1088.4000244141</ele>
      </trkpt>
      <trkpt lat="46.24833" lon="6.43432">
        <ele>1088.8000488281</ele>
      </trkpt>
      <trkpt lat="46.24833" lon="6.43432">
        <ele>1088.8000488281</ele>
      </trkpt>
      <trkpt lat="46.2483" lon="6.43429">
        <ele>1088.4000244141</ele>
      </trkpt>
      <trkpt lat="46.24835" lon="6.43441">
        <ele>1089.1999511719</ele>
      </trkpt>
      <trkpt lat="46.24837" lon="6.43447">
        <ele>1089.4000244141</ele>
      </trkpt>
      <trkpt lat="46.24848" lon="6.43452">
        <ele>1090.8000488281</ele>
      </trkpt>
      <trkpt lat="46.24855" lon="6.43458">
        <ele>1091.5999755859</ele>
      </trkpt>
      <trkpt lat="46.2486" lon="6.43464">
        <ele>1092.1999511719</ele>
      </trkpt>
      <trkpt lat="46.24865" lon="6.43467">
        <ele>1092.8000488281</ele>
      </trkpt>
      <trkpt lat="46.24866" lon="6.43467">
        <ele>1093</ele>
      </trkpt>
      <trkpt lat="46.24871" lon="6.43475">
        <ele>1093.4000244141</ele>
      </trkpt>
      <trkpt lat="46.24878" lon="6.43482">
        <ele>1094</ele>
      </trkpt>
      <trkpt lat="46.24878" lon="6.43484">
        <ele>1094</ele>
      </trkpt>
      <trkpt lat="46.2488" lon="6.4349">
        <ele>1094.1999511719</ele>
      </trkpt>
      <trkpt lat="46.24883" lon="6.43498">
        <ele>1094.4000244141</ele>
      </trkpt>
      <trkpt lat="46.24881" lon="6.43502">
        <ele>1094</ele>
      </trkpt>
      <trkpt lat="46.24883" lon="6.435">
        <ele>1094.1999511719</ele>
      </trkpt>
      <trkpt lat="46.24878" lon="6.43503">
        <ele>1093.5999755859</ele>
      </trkpt>
      <trkpt lat="46.24876" lon="6.43503">
        <ele>1093.4000244141</ele>
      </trkpt>
      <trkpt lat="46.24873" lon="6.435">
        <ele>1093.1999511719</ele>
      </trkpt>
      <trkpt lat="46.24873" lon="6.435">
        <ele>1093.1999511719</ele>
      </trkpt>
      <trkpt lat="46.24876" lon="6.43502">
        <ele>1093.4000244141</ele>
      </trkpt>
      <trkpt lat="46.24876" lon="6.43511">
        <ele>1093</ele>
      </trkpt>
      <trkpt lat="46.24877" lon="6.43514">
        <ele>1093</ele>
      </trkpt>
      <trkpt lat="46.24879" lon="6.43518">
        <ele>1093</ele>
      </trkpt>
      <trkpt lat="46.24881" lon="6.43517">
        <ele>1093.4000244141</ele>
      </trkpt>
      <trkpt lat="46.24881" lon="6.43518">
        <ele>1093.4000244141</ele>
      </trkpt>
      <trkpt lat="46.24881" lon="6.43518">
        <ele>1093.1999511719</ele>
      </trkpt>
      <trkpt lat="46.24881" lon="6.43519">
        <ele>1093.1999511719</ele>
      </trkpt>
      <trkpt lat="46.24879" lon="6.43522">
        <ele>1092.8000488281</ele>
      </trkpt>
      <trkpt lat="46.24878" lon="6.43524">
        <ele>1092.8000488281</ele>
      </trkpt>
      <trkpt lat="46.2488" lon="6.43524">
        <ele>1093</ele>
      </trkpt>
      <trkpt lat="46.24882" lon="6.43518">
        <ele>1093.4000244141</ele>
      </trkpt>
      <trkpt lat="46.2488" lon="6.43518">
        <ele>1093.1999511719</ele>
      </trkpt>
      <trkpt lat="46.2488" lon="6.43518">
        <ele>1093.1999511719</ele>
      </trkpt>
      <trkpt lat="46.24879" lon="6.43519">
        <ele>1093</ele>
      </trkpt>
      <trkpt lat="46.24879" lon="6.43521">
        <ele>1093</ele>
      </trkpt>
      <trkpt lat="46.24879" lon="6.43523">
        <ele>1093</ele>
      </trkpt>
      <trkpt lat="46.24878" lon="6.43525">
        <ele>1092.8000488281</ele>
      </trkpt>
      <trkpt lat="46.24879" lon="6.43525">
        <ele>1092.8000488281</ele>
      </trkpt>
      <trkpt lat="46.24879" lon="6.43525">
        <ele>1092.8000488281</ele>
      </trkpt>
      <trkpt lat="46.24878" lon="6.43524">
        <ele>1092.8000488281</ele>
      </trkpt>
      <trkpt lat="46.24876" lon="6.43524">
        <ele>1092.5999755859</ele>
      </trkpt>
      <trkpt lat="46.24878" lon="6.43522">
        <ele>1092.8000488281</ele>
      </trkpt>
      <trkpt lat="46.24878" lon="6.43522">
        <ele>1092.8000488281</ele>
      </trkpt>
      <trkpt lat="46.24879" lon="6.43522">
        <ele>1093</ele>
      </trkpt>
      <trkpt lat="46.24882" lon="6.43523">
        <ele>1093.4000244141</ele>
      </trkpt>
      <trkpt lat="46.24883" lon="6.43525">
        <ele>1093.1999511719</ele>
      </trkpt>
      <trkpt lat="46.24883" lon="6.43526">
        <ele>1093.4000244141</ele>
      </trkpt>
      <trkpt lat="46.24883" lon="6.43526">
        <ele>1093.1999511719</ele>
      </trkpt>
      <trkpt lat="46.24881" lon="6.43524">
        <ele>1093.1999511719</ele>
      </trkpt>
      <trkpt lat="46.24879" lon="6.43523">
        <ele>1093</ele>
      </trkpt>
      <trkpt lat="46.24878" lon="6.43523">
        <ele>1092.8000488281</ele>
      </trkpt>
      <trkpt lat="46.24877" lon="6.43525">
        <ele>1092.5999755859</ele>
      </trkpt>
      <trkpt lat="46.24879" lon="6.43521">
        <ele>1093</ele>
      </trkpt>
      <trkpt lat="46.24882" lon="6.43518">
        <ele>1093.4000244141</ele>
      </trkpt>
      <trkpt lat="46.24883" lon="6.43517">
        <ele>1093.5999755859</ele>
      </trkpt>
      <trkpt lat="46.24882" lon="6.43516">
        <ele>1093.5999755859</ele>
      </trkpt>
      <trkpt lat="46.24881" lon="6.43517">
        <ele>1093.4000244141</ele>
      </trkpt>
      <trkpt lat="46.2488" lon="6.4352">
        <ele>1093</ele>
      </trkpt>
      <trkpt lat="46.24878" lon="6.43522">
        <ele>1092.8000488281</ele>
      </trkpt>
      <trkpt lat="46.24876" lon="6.43524">
        <ele>1092.5999755859</ele>
      </trkpt>
      <trkpt lat="46.24877" lon="6.43523">
        <ele>1092.5999755859</ele>
      </trkpt>
      <trkpt lat="46.24876" lon="6.43525">
        <ele>1092.5999755859</ele>
      </trkpt>
      <trkpt lat="46.24878" lon="6.43527">
        <ele>1092.5999755859</ele>
      </trkpt>
      <trkpt lat="46.24877" lon="6.43527">
        <ele>1092.4000244141</ele>
      </trkpt>
      <trkpt lat="46.24875" lon="6.43528">
        <ele>1092.1999511719</ele>
      </trkpt>
      <trkpt lat="46.24877" lon="6.43527">
        <ele>1092.5999755859</ele>
      </trkpt>
      <trkpt lat="46.24874" lon="6.43528">
        <ele>1092</ele>
      </trkpt>
      <trkpt lat="46.24874" lon="6.43526">
        <ele>1092.1999511719</ele>
      </trkpt>
      <trkpt lat="46.24877" lon="6.43524">
        <ele>1092.5999755859</ele>
      </trkpt>
      <trkpt lat="46.24877" lon="6.43527">
        <ele>1092.4000244141</ele>
      </trkpt>
      <trkpt lat="46.24878" lon="6.43525">
        <ele>1092.5999755859</ele>
      </trkpt>
      <trkpt lat="46.24878" lon="6.43523">
        <ele>1092.8000488281</ele>
      </trkpt>
      <trkpt lat="46.24876" lon="6.43524">
        <ele>1092.5999755859</ele>
      </trkpt>
      <trkpt lat="46.24876" lon="6.43527">
        <ele>1092.4000244141</ele>
      </trkpt>
      <trkpt lat="46.24875" lon="6.43526">
        <ele>1092.4000244141</ele>
      </trkpt>
      <trkpt lat="46.24876" lon="6.43518">
        <ele>1092.8000488281</ele>
      </trkpt>
      <trkpt lat="46.24876" lon="6.43512">
        <ele>1093</ele>
      </trkpt>
      <trkpt lat="46.24876" lon="6.43517">
        <ele>1092.8000488281</ele>
      </trkpt>
      <trkpt lat="46.24877" lon="6.43522">
        <ele>1092.8000488281</ele>
      </trkpt>
      <trkpt lat="46.24877" lon="6.43522">
        <ele>1092.8000488281</ele>
      </trkpt>
      <trkpt lat="46.24877" lon="6.43523">
        <ele>1092.5999755859</ele>
      </trkpt>
      <trkpt lat="46.24876" lon="6.43518">
        <ele>1092.8000488281</ele>
      </trkpt>
      <trkpt lat="46.24879" lon="6.43518">
        <ele>1093</ele>
      </trkpt>
      <trkpt lat="46.24877" lon="6.43517">
        <ele>1093</ele>
      </trkpt>
      <trkpt lat="46.24877" lon="6.4352">
        <ele>1092.8000488281</ele>
      </trkpt>
      <trkpt lat="46.24877" lon="6.43525">
        <ele>1092.5999755859</ele>
      </trkpt>
      <trkpt lat="46.24875" lon="6.43529">
        <ele>1092.1999511719</ele>
      </trkpt>
      <trkpt lat="46.24876" lon="6.43534">
        <ele>1092.1999511719</ele>
      </trkpt>
      <trkpt lat="46.24877" lon="6.43532">
        <ele>1092.1999511719</ele>
      </trkpt>
      <trkpt lat="46.24878" lon="6.43529">
        <ele>1092.5999755859</ele>
      </trkpt>
      <trkpt lat="46.24878" lon="6.43528">
        <ele>1092.5999755859</ele>
      </trkpt>
      <trkpt lat="46.24879" lon="6.43524">
        <ele>1092.8000488281</ele>
      </trkpt>
      <trkpt lat="46.2488" lon="6.43524">
        <ele>1093</ele>
      </trkpt>
      <trkpt lat="46.24879" lon="6.43521">
        <ele>1093</ele>
      </trkpt>
      <trkpt lat="46.24879" lon="6.43518">
        <ele>1093</ele>
      </trkpt>
      <trkpt lat="46.24882" lon="6.43516">
        <ele>1093.5999755859</ele>
      </trkpt>
      <trkpt lat="46.24881" lon="6.43514">
        <ele>1093.5999755859</ele>
      </trkpt>
      <trkpt lat="46.24881" lon="6.43515">
        <ele>1093.4000244141</ele>
      </trkpt>
      <trkpt lat="46.24881" lon="6.43516">
        <ele>1093.4000244141</ele>
      </trkpt>
      <trkpt lat="46.24882" lon="6.43518">
        <ele>1093.4000244141</ele>
      </trkpt>
      <trkpt lat="46.24881" lon="6.43515">
        <ele>1093.4000244141</ele>
      </trkpt>
      <trkpt lat="46.2488" lon="6.43517">
        <ele>1093.1999511719</ele>
      </trkpt>
      <trkpt lat="46.2488" lon="6.43518">
        <ele>1093.1999511719</ele>
      </trkpt>
      <trkpt lat="46.2488" lon="6.4352">
        <ele>1093.1999511719</ele>
      </trkpt>
      <trkpt lat="46.24878" lon="6.43516">
        <ele>1093</ele>
      </trkpt>
      <trkpt lat="46.24878" lon="6.43518">
        <ele>1093</ele>
      </trkpt>
      <trkpt lat="46.24879" lon="6.43517">
        <ele>1093.1999511719</ele>
      </trkpt>
      <trkpt lat="46.24879" lon="6.43511">
        <ele>1093.4000244141</ele>
      </trkpt>
      <trkpt lat="46.24879" lon="6.43513">
        <ele>1093.4000244141</ele>
      </trkpt>
      <trkpt lat="46.24877" lon="6.43516">
        <ele>1093</ele>
      </trkpt>
      <trkpt lat="46.24877" lon="6.43518">
        <ele>1093</ele>
      </trkpt>
      <trkpt lat="46.24877" lon="6.43522">
        <ele>1092.5999755859</ele>
      </trkpt>
      <trkpt lat="46.24877" lon="6.43523">
        <ele>1092.8000488281</ele>
      </trkpt>
      <trkpt lat="46.24877" lon="6.43524">
        <ele>1092.5999755859</ele>
      </trkpt>
      <trkpt lat="46.24874" lon="6.43524">
        <ele>1092.4000244141</ele>
      </trkpt>
      <trkpt lat="46.24874" lon="6.43518">
        <ele>1092.4000244141</ele>
      </trkpt>
      <trkpt lat="46.24873" lon="6.43517">
        <ele>1092.4000244141</ele>
      </trkpt>
      <trkpt lat="46.24873" lon="6.43517">
        <ele>1092.4000244141</ele>
      </trkpt>
      <trkpt lat="46.24873" lon="6.43517">
        <ele>1092.4000244141</ele>
      </trkpt>
      <trkpt lat="46.24875" lon="6.43518">
        <ele>1092.5999755859</ele>
      </trkpt>
      <trkpt lat="46.24877" lon="6.4352">
        <ele>1092.8000488281</ele>
      </trkpt>
      <trkpt lat="46.24878" lon="6.43519">
        <ele>1093</ele>
      </trkpt>
      <trkpt lat="46.24878" lon="6.4352">
        <ele>1093</ele>
      </trkpt>
      <trkpt lat="46.24877" lon="6.43522">
        <ele>1092.5999755859</ele>
      </trkpt>
      <trkpt lat="46.24876" lon="6.43523">
        <ele>1092.5999755859</ele>
      </trkpt>
      <trkpt lat="46.24876" lon="6.43522">
        <ele>1092.5999755859</ele>
      </trkpt>
      <trkpt lat="46.24874" lon="6.43518">
        <ele>1092.5999755859</ele>
      </trkpt>
      <trkpt lat="46.24875" lon="6.43512">
        <ele>1092.8000488281</ele>
      </trkpt>
      <trkpt lat="46.24871" lon="6.43509">
        <ele>1092.5999755859</ele>
      </trkpt>
      <trkpt lat="46.24868" lon="6.43504">
        <ele>1092.4000244141</ele>
      </trkpt>
      <trkpt lat="46.24868" lon="6.43504">
        <ele>1092.4000244141</ele>
      </trkpt>
      <trkpt lat="46.24865" lon="6.43498">
        <ele>1092.4000244141</ele>
      </trkpt>
      <trkpt lat="46.24857" lon="6.43489">
        <ele>1091.5999755859</ele>
      </trkpt>
      <trkpt lat="46.24849" lon="6.43478">
        <ele>1090.8000488281</ele>
      </trkpt>
      <trkpt lat="46.24844" lon="6.43467">
        <ele>1090.1999511719</ele>
      </trkpt>
      <trkpt lat="46.24842" lon="6.43455">
        <ele>1090</ele>
      </trkpt>
      <trkpt lat="46.24841" lon="6.43451">
        <ele>1090</ele>
      </trkpt>
      <trkpt lat="46.24841" lon="6.43445">
        <ele>1090</ele>
      </trkpt>
      <trkpt lat="46.24842" lon="6.4344">
        <ele>1090</ele>
      </trkpt>
      <trkpt lat="46.24843" lon="6.43437">
        <ele>1090.1999511719</ele>
      </trkpt>
      <trkpt lat="46.24845" lon="6.43435">
        <ele>1090.5999755859</ele>
      </trkpt>
      <trkpt lat="46.2485" lon="6.43434">
        <ele>1091.1999511719</ele>
      </trkpt>
      <trkpt lat="46.24856" lon="6.43442">
        <ele>1092</ele>
      </trkpt>
      <trkpt lat="46.24862" lon="6.43442">
        <ele>1092.8000488281</ele>
      </trkpt>
      <trkpt lat="46.24868" lon="6.4344">
        <ele>1093.5999755859</ele>
      </trkpt>
      <trkpt lat="46.24871" lon="6.43437">
        <ele>1094</ele>
      </trkpt>
      <trkpt lat="46.24873" lon="6.43431">
        <ele>1094.4000244141</ele>
      </trkpt>
      <trkpt lat="46.24875" lon="6.43426">
        <ele>1094.8000488281</ele>
      </trkpt>
      <trkpt lat="46.24878" lon="6.4342">
        <ele>1095.1999511719</ele>
      </trkpt>
      <trkpt lat="46.24881" lon="6.43415">
        <ele>1095.8000488281</ele>
      </trkpt>
      <trkpt lat="46.24883" lon="6.43416">
        <ele>1096.1999511719</ele>
      </trkpt>
      <trkpt lat="46.24874" lon="6.43429">
        <ele>1094.5999755859</ele>
      </trkpt>
      <trkpt lat="46.24869" lon="6.43441">
        <ele>1093.5999755859</ele>
      </trkpt>
      <trkpt lat="46.24865" lon="6.43445">
        <ele>1093</ele>
      </trkpt>
      <trkpt lat="46.24861" lon="6.43445">
        <ele>1092.5999755859</ele>
      </trkpt>
      <trkpt lat="46.2486" lon="6.43445">
        <ele>1092.4000244141</ele>
      </trkpt>
      <trkpt lat="46.24853" lon="6.43449">
        <ele>1091.5999755859</ele>
      </trkpt>
      <trkpt lat="46.24853" lon="6.43455">
        <ele>1091.4000244141</ele>
      </trkpt>
      <trkpt lat="46.24854" lon="6.43466">
        <ele>1091.4000244141</ele>
      </trkpt>
      <trkpt lat="46.24858" lon="6.43476">
        <ele>1091.8000488281</ele>
      </trkpt>
      <trkpt lat="46.24861" lon="6.4348">
        <ele>1092.1999511719</ele>
      </trkpt>
      <trkpt lat="46.24871" lon="6.43495">
        <ele>1093.1999511719</ele>
      </trkpt>
      <trkpt lat="46.24877" lon="6.43501">
        <ele>1093.5999755859</ele>
      </trkpt>
      <trkpt lat="46.24885" lon="6.43507">
        <ele>1094.1999511719</ele>
      </trkpt>
      <trkpt lat="46.24892" lon="6.43515">
        <ele>1094.5999755859</ele>
      </trkpt>
      <trkpt lat="46.24894" lon="6.43518">
        <ele>1094.8000488281</ele>
      </trkpt>
      <trkpt lat="46.24896" lon="6.43521">
        <ele>1095</ele>
      </trkpt>
      <trkpt lat="46.24897" lon="6.43525">
        <ele>1095</ele>
      </trkpt>
      <trkpt lat="46.24903" lon="6.4353">
        <ele>1095.5999755859</ele>
      </trkpt>
      <trkpt lat="46.24907" lon="6.43533">
        <ele>1095.8000488281</ele>
      </trkpt>
      <trkpt lat="46.24909" lon="6.43533">
        <ele>1096.1999511719</ele>
      </trkpt>
      <trkpt lat="46.24914" lon="6.43534">
        <ele>1096.8000488281</ele>
      </trkpt>
      <trkpt lat="46.24926" lon="6.43534">
        <ele>1098.5999755859</ele>
      </trkpt>
      <trkpt lat="46.24935" lon="6.43538">
        <ele>1100</ele>
      </trkpt>
      <trkpt lat="46.24937" lon="6.43539">
        <ele>1100.1999511719</ele>
      </trkpt>
      <trkpt lat="46.24945" lon="6.43534">
        <ele>1101.5999755859</ele>
      </trkpt>
      <trkpt lat="46.24953" lon="6.43527">
        <ele>1103</ele>
      </trkpt>
      <trkpt lat="46.24958" lon="6.43525">
        <ele>1104</ele>
      </trkpt>
      <trkpt lat="46.24964" lon="6.43518">
        <ele>1105.1999511719</ele>
      </trkpt>
      <trkpt lat="46.24968" lon="6.43515">
        <ele>1106</ele>
      </trkpt>
      <trkpt lat="46.24974" lon="6.4351">
        <ele>1107.1999511719</ele>
      </trkpt>
      <trkpt lat="46.2498" lon="6.43505">
        <ele>1108.4000244141</ele>
      </trkpt>
      <trkpt lat="46.24984" lon="6.43502">
        <ele>1109.1999511719</ele>
      </trkpt>
      <trkpt lat="46.24987" lon="6.43499">
        <ele>1109.8000488281</ele>
      </trkpt>
      <trkpt lat="46.24989" lon="6.43498">
        <ele>1110.1999511719</ele>
      </trkpt>
      <trkpt lat="46.24992" lon="6.43497">
        <ele>1110.8000488281</ele>
      </trkpt>
      <trkpt lat="46.24998" lon="6.43494">
        <ele>1112</ele>
      </trkpt>
      <trkpt lat="46.25003" lon="6.43493">
        <ele>1112.5999755859</ele>
      </trkpt>
      <trkpt lat="46.25005" lon="6.43493">
        <ele>1112.5999755859</ele>
      </trkpt>
      <trkpt lat="46.25013" lon="6.4349">
        <ele>1113.4000244141</ele>
      </trkpt>
      <trkpt lat="46.25021" lon="6.43487">
        <ele>1114.1999511719</ele>
      </trkpt>
      <trkpt lat="46.25028" lon="6.43486">
        <ele>1114.8000488281</ele>
      </trkpt>
      <trkpt lat="46.25034" lon="6.43485">
        <ele>1115.1999511719</ele>
      </trkpt>
      <trkpt lat="46.25036" lon="6.43485">
        <ele>1115.4000244141</ele>
      </trkpt>
      <trkpt lat="46.25044" lon="6.43485">
        <ele>1116</ele>
      </trkpt>
      <trkpt lat="46.25045" lon="6.43484">
        <ele>1116</ele>
      </trkpt>
      <trkpt lat="46.25054" lon="6.43486">
        <ele>1116.5999755859</ele>
      </trkpt>
      <trkpt lat="46.25061" lon="6.43492">
        <ele>1116.8000488281</ele>
      </trkpt>
      <trkpt lat="46.25061" lon="6.43494">
        <ele>1116.5999755859</ele>
      </trkpt>
      <trkpt lat="46.25066" lon="6.43497">
        <ele>1116.8000488281</ele>
      </trkpt>
      <trkpt lat="46.25071" lon="6.43498">
        <ele>1117</ele>
      </trkpt>
      <trkpt lat="46.25083" lon="6.43492">
        <ele>1118.4000244141</ele>
      </trkpt>
      <trkpt lat="46.25093" lon="6.43481">
        <ele>1119.1999511719</ele>
      </trkpt>
      <trkpt lat="46.25094" lon="6.4348">
        <ele>1119.1999511719</ele>
      </trkpt>
      <trkpt lat="46.25097" lon="6.43477">
        <ele>1119.4000244141</ele>
      </trkpt>
      <trkpt lat="46.25103" lon="6.43467">
        <ele>1120.1999511719</ele>
      </trkpt>
      <trkpt lat="46.25104" lon="6.43464">
        <ele>1120.4000244141</ele>
      </trkpt>
      <trkpt lat="46.25105" lon="6.43461">
        <ele>1120.5999755859</ele>
      </trkpt>
      <trkpt lat="46.25107" lon="6.43459">
        <ele>1120.8000488281</ele>
      </trkpt>
      <trkpt lat="46.25114" lon="6.43454">
        <ele>1121.1999511719</ele>
      </trkpt>
      <trkpt lat="46.2512" lon="6.43445">
        <ele>1122</ele>
      </trkpt>
      <trkpt lat="46.25124" lon="6.43435">
        <ele>1123</ele>
      </trkpt>
      <trkpt lat="46.25128" lon="6.43426">
        <ele>1123.8000488281</ele>
      </trkpt>
      <trkpt lat="46.25132" lon="6.43419">
        <ele>1124.4000244141</ele>
      </trkpt>
      <trkpt lat="46.25135" lon="6.43414">
        <ele>1124.8000488281</ele>
      </trkpt>
      <trkpt lat="46.2514" lon="6.43402">
        <ele>1125.4000244141</ele>
      </trkpt>
      <trkpt lat="46.2514" lon="6.43394">
        <ele>1125.5999755859</ele>
      </trkpt>
      <trkpt lat="46.25144" lon="6.43381">
        <ele>1126.1999511719</ele>
      </trkpt>
      <trkpt lat="46.25146" lon="6.43373">
        <ele>1126.4000244141</ele>
      </trkpt>
      <trkpt lat="46.25149" lon="6.43361">
        <ele>1126.8000488281</ele>
      </trkpt>
      <trkpt lat="46.25154" lon="6.43348">
        <ele>1127.4000244141</ele>
      </trkpt>
      <trkpt lat="46.25159" lon="6.43336">
        <ele>1127.8000488281</ele>
      </trkpt>
      <trkpt lat="46.25165" lon="6.43322">
        <ele>1128.5999755859</ele>
      </trkpt>
      <trkpt lat="46.25166" lon="6.43317">
        <ele>1129</ele>
      </trkpt>
      <trkpt lat="46.25171" lon="6.43307">
        <ele>1130.1999511719</ele>
      </trkpt>
      <trkpt lat="46.25176" lon="6.43302">
        <ele>1130.8000488281</ele>
      </trkpt>
      <trkpt lat="46.25177" lon="6.43301">
        <ele>1131</ele>
      </trkpt>
      <trkpt lat="46.25183" lon="6.43298">
        <ele>1131.8000488281</ele>
      </trkpt>
      <trkpt lat="46.25191" lon="6.43294">
        <ele>1132.5999755859</ele>
      </trkpt>
      <trkpt lat="46.25198" lon="6.43297">
        <ele>1133</ele>
      </trkpt>
      <trkpt lat="46.25204" lon="6.43298">
        <ele>1133.4000244141</ele>
      </trkpt>
      <trkpt lat="46.25213" lon="6.43298">
        <ele>1134</ele>
      </trkpt>
      <trkpt lat="46.2522" lon="6.43301">
        <ele>1134.4000244141</ele>
      </trkpt>
      <trkpt lat="46.25223" lon="6.43302">
        <ele>1134.4000244141</ele>
      </trkpt>
      <trkpt lat="46.2523" lon="6.43298">
        <ele>1135.4000244141</ele>
      </trkpt>
      <trkpt lat="46.25239" lon="6.43298">
        <ele>1136</ele>
      </trkpt>
      <trkpt lat="46.25246" lon="6.43304">
        <ele>1136</ele>
      </trkpt>
      <trkpt lat="46.25254" lon="6.43309">
        <ele>1136.4000244141</ele>
      </trkpt>
      <trkpt lat="46.25262" lon="6.43316">
        <ele>1136.5999755859</ele>
      </trkpt>
      <trkpt lat="46.25265" lon="6.43319">
        <ele>1136.8000488281</ele>
      </trkpt>
      <trkpt lat="46.25269" lon="6.43326">
        <ele>1136.5999755859</ele>
      </trkpt>
      <trkpt lat="46.25275" lon="6.4334">
        <ele>1136.8000488281</ele>
      </trkpt>
      <trkpt lat="46.25279" lon="6.43353">
        <ele>1137.1999511719</ele>
      </trkpt>
      <trkpt lat="46.25279" lon="6.43354">
        <ele>1137.1999511719</ele>
      </trkpt>
      <trkpt lat="46.25281" lon="6.43363">
        <ele>1137.5999755859</ele>
      </trkpt>
      <trkpt lat="46.25283" lon="6.43364">
        <ele>1137.8000488281</ele>
      </trkpt>
      <trkpt lat="46.25286" lon="6.43365">
        <ele>1138</ele>
      </trkpt>
      <trkpt lat="46.25293" lon="6.43366">
        <ele>1138.8000488281</ele>
      </trkpt>
      <trkpt lat="46.25296" lon="6.43368">
        <ele>1139</ele>
      </trkpt>
      <trkpt lat="46.25306" lon="6.43372">
        <ele>1140</ele>
      </trkpt>
      <trkpt lat="46.25313" lon="6.43382">
        <ele>1140.5999755859</ele>
      </trkpt>
      <trkpt lat="46.25318" lon="6.43393">
        <ele>1141</ele>
      </trkpt>
      <trkpt lat="46.25319" lon="6.43402">
        <ele>1141</ele>
      </trkpt>
      <trkpt lat="46.25321" lon="6.43408">
        <ele>1141</ele>
      </trkpt>
      <trkpt lat="46.25324" lon="6.43416">
        <ele>1141.1999511719</ele>
      </trkpt>
      <trkpt lat="46.25333" lon="6.43426">
        <ele>1141.4000244141</ele>
      </trkpt>
      <trkpt lat="46.25335" lon="6.43428">
        <ele>1141.4000244141</ele>
      </trkpt>
      <trkpt lat="46.25343" lon="6.43435">
        <ele>1141.4000244141</ele>
      </trkpt>
      <trkpt lat="46.2535" lon="6.43436">
        <ele>1141.5999755859</ele>
      </trkpt>
      <trkpt lat="46.25353" lon="6.43437">
        <ele>1141.8000488281</ele>
      </trkpt>
      <trkpt lat="46.25359" lon="6.43437">
        <ele>1142</ele>
      </trkpt>
      <trkpt lat="46.2537" lon="6.43436">
        <ele>1142.4000244141</ele>
      </trkpt>
      <trkpt lat="46.25371" lon="6.43435">
        <ele>1142.5999755859</ele>
      </trkpt>
      <trkpt lat="46.25374" lon="6.43436">
        <ele>1142.5999755859</ele>
      </trkpt>
      <trkpt lat="46.25382" lon="6.43433">
        <ele>1143</ele>
      </trkpt>
      <trkpt lat="46.25388" lon="6.43434">
        <ele>1143.1999511719</ele>
      </trkpt>
      <trkpt lat="46.25396" lon="6.43437">
        <ele>1143.5999755859</ele>
      </trkpt>
      <trkpt lat="46.25404" lon="6.43443">
        <ele>1144</ele>
      </trkpt>
      <trkpt lat="46.25411" lon="6.4345">
        <ele>1144.4000244141</ele>
      </trkpt>
      <trkpt lat="46.25421" lon="6.43453">
        <ele>1145.1999511719</ele>
      </trkpt>
      <trkpt lat="46.25429" lon="6.43456">
        <ele>1146.4000244141</ele>
      </trkpt>
      <trkpt lat="46.2544" lon="6.43454">
        <ele>1147.5999755859</ele>
      </trkpt>
      <trkpt lat="46.25447" lon="6.43451">
        <ele>1148.5999755859</ele>
      </trkpt>
      <trkpt lat="46.25453" lon="6.43452">
        <ele>1149.1999511719</ele>
      </trkpt>
      <trkpt lat="46.25455" lon="6.43449">
        <ele>1149.5999755859</ele>
      </trkpt>
      <trkpt lat="46.25452" lon="6.43453">
        <ele>1149.1999511719</ele>
      </trkpt>
      <trkpt lat="46.25452" lon="6.43447">
        <ele>1149.1999511719</ele>
      </trkpt>
      <trkpt lat="46.25442" lon="6.43435">
        <ele>1147.8000488281</ele>
      </trkpt>
      <trkpt lat="46.25438" lon="6.43431">
        <ele>1147.4000244141</ele>
      </trkpt>
      <trkpt lat="46.25434" lon="6.43422">
        <ele>1146.5999755859</ele>
      </trkpt>
      <trkpt lat="46.25428" lon="6.43416">
        <ele>1145.5999755859</ele>
      </trkpt>
      <trkpt lat="46.25428" lon="6.43402">
        <ele>1146.5999755859</ele>
      </trkpt>
      <trkpt lat="46.25426" lon="6.43397">
        <ele>1146.4000244141</ele>
      </trkpt>
      <trkpt lat="46.25417" lon="6.4339">
        <ele>1145.5999755859</ele>
      </trkpt>
      <trkpt lat="46.25414" lon="6.43375">
        <ele>1146.1999511719</ele>
      </trkpt>
      <trkpt lat="46.25405" lon="6.43364">
        <ele>1146.4000244141</ele>
      </trkpt>
      <trkpt lat="46.25402" lon="6.43354">
        <ele>1146.8000488281</ele>
      </trkpt>
      <trkpt lat="46.25399" lon="6.43349">
        <ele>1146.8000488281</ele>
      </trkpt>
      <trkpt lat="46.25399" lon="6.43343">
        <ele>1147.1999511719</ele>
      </trkpt>
      <trkpt lat="46.25398" lon="6.43335">
        <ele>1147.4000244141</ele>
      </trkpt>
      <trkpt lat="46.25396" lon="6.43326">
        <ele>1148</ele>
      </trkpt>
      <trkpt lat="46.25391" lon="6.43316">
        <ele>1148.4000244141</ele>
      </trkpt>
      <trkpt lat="46.25391" lon="6.43311">
        <ele>1148.8000488281</ele>
      </trkpt>
      <trkpt lat="46.25388" lon="6.43306">
        <ele>1149</ele>
      </trkpt>
      <trkpt lat="46.25383" lon="6.43296">
        <ele>1149.4000244141</ele>
      </trkpt>
      <trkpt lat="46.25383" lon="6.43294">
        <ele>1149.5999755859</ele>
      </trkpt>
      <trkpt lat="46.2538" lon="6.43287">
        <ele>1149.8000488281</ele>
      </trkpt>
      <trkpt lat="46.25381" lon="6.43274">
        <ele>1151</ele>
      </trkpt>
      <trkpt lat="46.2538" lon="6.43262">
        <ele>1151.8000488281</ele>
      </trkpt>
      <trkpt lat="46.25378" lon="6.4325">
        <ele>1152.5999755859</ele>
      </trkpt>
      <trkpt lat="46.25375" lon="6.43236">
        <ele>1154.8000488281</ele>
      </trkpt>
      <trkpt lat="46.25373" lon="6.4323">
        <ele>1155.8000488281</ele>
      </trkpt>
      <trkpt lat="46.2537" lon="6.43225">
        <ele>1156.4000244141</ele>
      </trkpt>
      <trkpt lat="46.25363" lon="6.4322">
        <ele>1157</ele>
      </trkpt>
      <trkpt lat="46.25354" lon="6.43213">
        <ele>1157.5999755859</ele>
      </trkpt>
      <trkpt lat="46.2535" lon="6.43205">
        <ele>1159</ele>
      </trkpt>
      <trkpt lat="46.25349" lon="6.43204">
        <ele>1159.1999511719</ele>
      </trkpt>
      <trkpt lat="46.25342" lon="6.43199">
        <ele>1159.8000488281</ele>
      </trkpt>
      <trkpt lat="46.2534" lon="6.43198">
        <ele>1159.8000488281</ele>
      </trkpt>
      <trkpt lat="46.25333" lon="6.4319">
        <ele>1161</ele>
      </trkpt>
      <trkpt lat="46.25329" lon="6.43184">
        <ele>1161.8000488281</ele>
      </trkpt>
      <trkpt lat="46.25327" lon="6.43183">
        <ele>1162</ele>
      </trkpt>
      <trkpt lat="46.25323" lon="6.43176">
        <ele>1163</ele>
      </trkpt>
      <trkpt lat="46.25318" lon="6.43168">
        <ele>1164.1999511719</ele>
      </trkpt>
      <trkpt lat="46.2531" lon="6.43162">
        <ele>1164.4000244141</ele>
      </trkpt>
      <trkpt lat="46.25304" lon="6.43155">
        <ele>1164.5999755859</ele>
      </trkpt>
      <trkpt lat="46.25299" lon="6.43151">
        <ele>1164.5999755859</ele>
      </trkpt>
      <trkpt lat="46.25291" lon="6.43145">
        <ele>1164.8000488281</ele>
      </trkpt>
      <trkpt lat="46.25284" lon="6.43138">
        <ele>1165.1999511719</ele>
      </trkpt>
      <trkpt lat="46.25278" lon="6.43129">
        <ele>1166</ele>
      </trkpt>
      <trkpt lat="46.25273" lon="6.43121">
        <ele>1166.8000488281</ele>
      </trkpt>
      <trkpt lat="46.25267" lon="6.43111">
        <ele>1167.8000488281</ele>
      </trkpt>
      <trkpt lat="46.2526" lon="6.43102">
        <ele>1168.5999755859</ele>
      </trkpt>
      <trkpt lat="46.25258" lon="6.431">
        <ele>1168.8000488281</ele>
      </trkpt>
      <trkpt lat="46.25251" lon="6.43092">
        <ele>1169.5999755859</ele>
      </trkpt>
      <trkpt lat="46.25244" lon="6.43082">
        <ele>1170.8000488281</ele>
      </trkpt>
      <trkpt lat="46.25236" lon="6.43074">
        <ele>1172.1999511719</ele>
      </trkpt>
      <trkpt lat="46.25229" lon="6.43067">
        <ele>1173.4000244141</ele>
      </trkpt>
      <trkpt lat="46.25225" lon="6.43058">
        <ele>1175.1999511719</ele>
      </trkpt>
      <trkpt lat="46.25224" lon="6.43057">
        <ele>1175.4000244141</ele>
      </trkpt>
      <trkpt lat="46.25218" lon="6.43052">
        <ele>1175.8000488281</ele>
      </trkpt>
      <trkpt lat="46.25212" lon="6.43047">
        <ele>1176.4000244141</ele>
      </trkpt>
      <trkpt lat="46.25209" lon="6.43044">
        <ele>1176.8000488281</ele>
      </trkpt>
      <trkpt lat="46.25204" lon="6.43039">
        <ele>1177.1999511719</ele>
      </trkpt>
      <trkpt lat="46.25196" lon="6.43047">
        <ele>1174.8000488281</ele>
      </trkpt>
      <trkpt lat="46.25195" lon="6.43047">
        <ele>1174.8000488281</ele>
      </trkpt>
      <trkpt lat="46.2519" lon="6.43049">
        <ele>1173.8000488281</ele>
      </trkpt>
      <trkpt lat="46.25181" lon="6.43048">
        <ele>1173.1999511719</ele>
      </trkpt>
      <trkpt lat="46.25174" lon="6.4304">
        <ele>1173.8000488281</ele>
      </trkpt>
      <trkpt lat="46.25166" lon="6.43034">
        <ele>1174.1999511719</ele>
      </trkpt>
      <trkpt lat="46.25163" lon="6.43027">
        <ele>1175.4000244141</ele>
      </trkpt>
      <trkpt lat="46.25162" lon="6.43025">
        <ele>1175.8000488281</ele>
      </trkpt>
      <trkpt lat="46.25161" lon="6.43022">
        <ele>1176.1999511719</ele>
      </trkpt>
      <trkpt lat="46.25157" lon="6.43017">
        <ele>1177</ele>
      </trkpt>
      <trkpt lat="46.25146" lon="6.43014">
        <ele>1177.5999755859</ele>
      </trkpt>
      <trkpt lat="46.2514" lon="6.43008">
        <ele>1178.8000488281</ele>
      </trkpt>
      <trkpt lat="46.25134" lon="6.43">
        <ele>1180.4000244141</ele>
      </trkpt>
      <trkpt lat="46.25123" lon="6.42999">
        <ele>1180.5999755859</ele>
      </trkpt>
      <trkpt lat="46.25121" lon="6.42999">
        <ele>1180.5999755859</ele>
      </trkpt>
      <trkpt lat="46.25118" lon="6.42993">
        <ele>1182</ele>
      </trkpt>
      <trkpt lat="46.25108" lon="6.42997">
        <ele>1181.1999511719</ele>
      </trkpt>
      <trkpt lat="46.25098" lon="6.43001">
        <ele>1180.4000244141</ele>
      </trkpt>
      <trkpt lat="46.25095" lon="6.43002">
        <ele>1180.4000244141</ele>
      </trkpt>
      <trkpt lat="46.25096" lon="6.42997">
        <ele>1181.4000244141</ele>
      </trkpt>
      <trkpt lat="46.25098" lon="6.42995">
        <ele>1181.5999755859</ele>
      </trkpt>
      <trkpt lat="46.251" lon="6.42995">
        <ele>1181.5999755859</ele>
      </trkpt>
      <trkpt lat="46.25101" lon="6.42996">
        <ele>1181.5999755859</ele>
      </trkpt>
      <trkpt lat="46.251" lon="6.42995">
        <ele>1181.8000488281</ele>
      </trkpt>
      <trkpt lat="46.25099" lon="6.42992">
        <ele>1182.4000244141</ele>
      </trkpt>
      <trkpt lat="46.25098" lon="6.42992">
        <ele>1182.4000244141</ele>
      </trkpt>
      <trkpt lat="46.25097" lon="6.42992">
        <ele>1182.4000244141</ele>
      </trkpt>
      <trkpt lat="46.25097" lon="6.4299">
        <ele>1182.8000488281</ele>
      </trkpt>
      <trkpt lat="46.25097" lon="6.42991">
        <ele>1182.4000244141</ele>
      </trkpt>
      <trkpt lat="46.25099" lon="6.42989">
        <ele>1182.8000488281</ele>
      </trkpt>
      <trkpt lat="46.25098" lon="6.4299">
        <ele>1182.8000488281</ele>
      </trkpt>
      <trkpt lat="46.25095" lon="6.42994">
        <ele>1182</ele>
      </trkpt>
      <trkpt lat="46.25089" lon="6.42998">
        <ele>1181.1999511719</ele>
      </trkpt>
      <trkpt lat="46.2508" lon="6.43002">
        <ele>1180.1999511719</ele>
      </trkpt>
      <trkpt lat="46.25075" lon="6.43004">
        <ele>1179.1999511719</ele>
      </trkpt>
      <trkpt lat="46.25063" lon="6.4301">
        <ele>1176.8000488281</ele>
      </trkpt>
      <trkpt lat="46.25053" lon="6.43006">
        <ele>1176.5999755859</ele>
      </trkpt>
      <trkpt lat="46.25052" lon="6.43006">
        <ele>1176.5999755859</ele>
      </trkpt>
      <trkpt lat="46.25048" lon="6.42997">
        <ele>1178.1999511719</ele>
      </trkpt>
      <trkpt lat="46.25042" lon="6.42984">
        <ele>1181.4000244141</ele>
      </trkpt>
      <trkpt lat="46.25041" lon="6.42973">
        <ele>1184.1999511719</ele>
      </trkpt>
      <trkpt lat="46.2504" lon="6.42971">
        <ele>1184.5999755859</ele>
      </trkpt>
      <trkpt lat="46.25039" lon="6.42958">
        <ele>1188.1999511719</ele>
      </trkpt>
      <trkpt lat="46.2504" lon="6.42954">
        <ele>1189.4000244141</ele>
      </trkpt>
      <trkpt lat="46.25046" lon="6.42952">
        <ele>1190</ele>
      </trkpt>
      <trkpt lat="46.25044" lon="6.42945">
        <ele>1191.5999755859</ele>
      </trkpt>
      <trkpt lat="46.25041" lon="6.42943">
        <ele>1192.4000244141</ele>
      </trkpt>
      <trkpt lat="46.25041" lon="6.42944">
        <ele>1192</ele>
      </trkpt>
      <trkpt lat="46.25043" lon="6.42948">
        <ele>1190.8000488281</ele>
      </trkpt>
      <trkpt lat="46.25047" lon="6.42955">
        <ele>1189.1999511719</ele>
      </trkpt>
      <trkpt lat="46.25054" lon="6.42961">
        <ele>1187.5999755859</ele>
      </trkpt>
      <trkpt lat="46.25057" lon="6.42966">
        <ele>1186.5999755859</ele>
      </trkpt>
      <trkpt lat="46.25058" lon="6.42965">
        <ele>1186.8000488281</ele>
      </trkpt>
      <trkpt lat="46.25062" lon="6.42959">
        <ele>1188.4000244141</ele>
      </trkpt>
      <trkpt lat="46.25066" lon="6.42952">
        <ele>1190</ele>
      </trkpt>
      <trkpt lat="46.25072" lon="6.42947">
        <ele>1191.1999511719</ele>
      </trkpt>
      <trkpt lat="46.25073" lon="6.42943">
        <ele>1192</ele>
      </trkpt>
      <trkpt lat="46.25081" lon="6.42936">
        <ele>1193.4000244141</ele>
      </trkpt>
      <trkpt lat="46.25083" lon="6.42932">
        <ele>1193.8000488281</ele>
      </trkpt>
      <trkpt lat="46.25088" lon="6.42923">
        <ele>1195.8000488281</ele>
      </trkpt>
      <trkpt lat="46.25088" lon="6.42922">
        <ele>1196.1999511719</ele>
      </trkpt>
      <trkpt lat="46.25088" lon="6.42914">
        <ele>1197.5999755859</ele>
      </trkpt>
      <trkpt lat="46.25091" lon="6.4291">
        <ele>1198.8000488281</ele>
      </trkpt>
      <trkpt lat="46.25093" lon="6.42904">
        <ele>1200.1999511719</ele>
      </trkpt>
      <trkpt lat="46.25097" lon="6.42899">
        <ele>1201.5999755859</ele>
      </trkpt>
      <trkpt lat="46.25101" lon="6.42897">
        <ele>1202.1999511719</ele>
      </trkpt>
      <trkpt lat="46.25103" lon="6.42902">
        <ele>1201.1999511719</ele>
      </trkpt>
      <trkpt lat="46.25099" lon="6.42902">
        <ele>1201</ele>
      </trkpt>
      <trkpt lat="46.25096" lon="6.42906">
        <ele>1200</ele>
      </trkpt>
      <trkpt lat="46.25092" lon="6.42911">
        <ele>1198.4000244141</ele>
      </trkpt>
      <trkpt lat="46.25086" lon="6.42925">
        <ele>1195.1999511719</ele>
      </trkpt>
      <trkpt lat="46.25084" lon="6.42938">
        <ele>1193</ele>
      </trkpt>
      <trkpt lat="46.25079" lon="6.42945">
        <ele>1191.4000244141</ele>
      </trkpt>
      <trkpt lat="46.25071" lon="6.42951">
        <ele>1190.1999511719</ele>
      </trkpt>
      <trkpt lat="46.25063" lon="6.42959">
        <ele>1188.4000244141</ele>
      </trkpt>
      <trkpt lat="46.25056" lon="6.42965">
        <ele>1187</ele>
      </trkpt>
      <trkpt lat="46.25053" lon="6.42969">
        <ele>1185.5999755859</ele>
      </trkpt>
      <trkpt lat="46.25046" lon="6.42966">
        <ele>1186.1999511719</ele>
      </trkpt>
      <trkpt lat="46.2504" lon="6.42956">
        <ele>1188.5999755859</ele>
      </trkpt>
      <trkpt lat="46.25037" lon="6.42957">
        <ele>1188.5999755859</ele>
      </trkpt>
      <trkpt lat="46.25039" lon="6.42964">
        <ele>1186.4000244141</ele>
      </trkpt>
      <trkpt lat="46.25046" lon="6.42981">
        <ele>1182.1999511719</ele>
      </trkpt>
      <trkpt lat="46.2505" lon="6.42992">
        <ele>1179.8000488281</ele>
      </trkpt>
      <trkpt lat="46.2505" lon="6.42993">
        <ele>1179.4000244141</ele>
      </trkpt>
      <trkpt lat="46.25055" lon="6.42998">
        <ele>1178.5999755859</ele>
      </trkpt>
      <trkpt lat="46.2506" lon="6.43005">
        <ele>1177.5999755859</ele>
      </trkpt>
      <trkpt lat="46.25068" lon="6.43008">
        <ele>1177.5999755859</ele>
      </trkpt>
      <trkpt lat="46.25077" lon="6.43006">
        <ele>1178.8000488281</ele>
      </trkpt>
      <trkpt lat="46.25084" lon="6.43003">
        <ele>1180.1999511719</ele>
      </trkpt>
      <trkpt lat="46.25088" lon="6.43">
        <ele>1180.8000488281</ele>
      </trkpt>
      <trkpt lat="46.25095" lon="6.42994">
        <ele>1182</ele>
      </trkpt>
      <trkpt lat="46.25098" lon="6.42991">
        <ele>1182.4000244141</ele>
      </trkpt>
      <trkpt lat="46.25104" lon="6.42991">
        <ele>1182.5999755859</ele>
      </trkpt>
      <trkpt lat="46.25113" lon="6.42991">
        <ele>1182.4000244141</ele>
      </trkpt>
      <trkpt lat="46.2512" lon="6.42992">
        <ele>1182.1999511719</ele>
      </trkpt>
      <trkpt lat="46.25124" lon="6.42989">
        <ele>1182.5999755859</ele>
      </trkpt>
      <trkpt lat="46.25132" lon="6.42993">
        <ele>1181.8000488281</ele>
      </trkpt>
      <trkpt lat="46.25133" lon="6.42994">
        <ele>1181.5999755859</ele>
      </trkpt>
      <trkpt lat="46.25139" lon="6.42998">
        <ele>1180.5999755859</ele>
      </trkpt>
      <trkpt lat="46.2515" lon="6.43005">
        <ele>1179.1999511719</ele>
      </trkpt>
      <trkpt lat="46.25151" lon="6.43006">
        <ele>1179</ele>
      </trkpt>
      <trkpt lat="46.25156" lon="6.43015">
        <ele>1177.4000244141</ele>
      </trkpt>
      <trkpt lat="46.25159" lon="6.43016">
        <ele>1177.1999511719</ele>
      </trkpt>
      <trkpt lat="46.25163" lon="6.43018">
        <ele>1176.8000488281</ele>
      </trkpt>
      <trkpt lat="46.25168" lon="6.43021">
        <ele>1176.4000244141</ele>
      </trkpt>
      <trkpt lat="46.25176" lon="6.43027">
        <ele>1176.5999755859</ele>
      </trkpt>
      <trkpt lat="46.25185" lon="6.43034">
        <ele>1176.1999511719</ele>
      </trkpt>
      <trkpt lat="46.25188" lon="6.43036">
        <ele>1176.1999511719</ele>
      </trkpt>
      <trkpt lat="46.25196" lon="6.43041">
        <ele>1176.1999511719</ele>
      </trkpt>
      <trkpt lat="46.252" lon="6.43042">
        <ele>1176.1999511719</ele>
      </trkpt>
      <trkpt lat="46.25202" lon="6.43035">
        <ele>1177.8000488281</ele>
      </trkpt>
      <trkpt lat="46.25204" lon="6.43029">
        <ele>1179.4000244141</ele>
      </trkpt>
      <trkpt lat="46.25203" lon="6.43021">
        <ele>1180.5999755859</ele>
      </trkpt>
      <trkpt lat="46.25204" lon="6.43018">
        <ele>1181.4000244141</ele>
      </trkpt>
      <trkpt lat="46.25203" lon="6.43013">
        <ele>1182.5999755859</ele>
      </trkpt>
      <trkpt lat="46.25205" lon="6.43011">
        <ele>1183.1999511719</ele>
      </trkpt>
      <trkpt lat="46.25209" lon="6.43007">
        <ele>1184.4000244141</ele>
      </trkpt>
      <trkpt lat="46.25212" lon="6.43002">
        <ele>1186</ele>
      </trkpt>
      <trkpt lat="46.25218" lon="6.42995">
        <ele>1188.4000244141</ele>
      </trkpt>
      <trkpt lat="46.25221" lon="6.42992">
        <ele>1189.5999755859</ele>
      </trkpt>
      <trkpt lat="46.25225" lon="6.42989">
        <ele>1190.8000488281</ele>
      </trkpt>
      <trkpt lat="46.25229" lon="6.42989">
        <ele>1191.1999511719</ele>
      </trkpt>
      <trkpt lat="46.25232" lon="6.42984">
        <ele>1192.8000488281</ele>
      </trkpt>
      <trkpt lat="46.25235" lon="6.42979">
        <ele>1194.1999511719</ele>
      </trkpt>
      <trkpt lat="46.25236" lon="6.42975">
        <ele>1195.4000244141</ele>
      </trkpt>
      <trkpt lat="46.25242" lon="6.42971">
        <ele>1197.1999511719</ele>
      </trkpt>
      <trkpt lat="46.25243" lon="6.42962">
        <ele>1199.1999511719</ele>
      </trkpt>
      <trkpt lat="46.25245" lon="6.42957">
        <ele>1200.5999755859</ele>
      </trkpt>
      <trkpt lat="46.25246" lon="6.42955">
        <ele>1201.1999511719</ele>
      </trkpt>
      <trkpt lat="46.25248" lon="6.42952">
        <ele>1202</ele>
      </trkpt>
      <trkpt lat="46.25251" lon="6.42952">
        <ele>1202.1999511719</ele>
      </trkpt>
      <trkpt lat="46.25253" lon="6.42951">
        <ele>1202.5999755859</ele>
      </trkpt>
      <trkpt lat="46.25256" lon="6.4295">
        <ele>1202.8000488281</ele>
      </trkpt>
      <trkpt lat="46.25257" lon="6.42945">
        <ele>1203.8000488281</ele>
      </trkpt>
      <trkpt lat="46.25259" lon="6.42942">
        <ele>1204.5999755859</ele>
      </trkpt>
      <trkpt lat="46.2526" lon="6.42937">
        <ele>1205.8000488281</ele>
      </trkpt>
      <trkpt lat="46.25261" lon="6.4293">
        <ele>1207.1999511719</ele>
      </trkpt>
      <trkpt lat="46.25265" lon="6.42927">
        <ele>1207.5999755859</ele>
      </trkpt>
      <trkpt lat="46.2527" lon="6.42927">
        <ele>1207.8000488281</ele>
      </trkpt>
      <trkpt lat="46.25275" lon="6.42924">
        <ele>1208.4000244141</ele>
      </trkpt>
      <trkpt lat="46.25278" lon="6.42923">
        <ele>1208.8000488281</ele>
      </trkpt>
      <trkpt lat="46.25281" lon="6.42923">
        <ele>1208.5999755859</ele>
      </trkpt>
      <trkpt lat="46.25283" lon="6.42917">
        <ele>1209.8000488281</ele>
      </trkpt>
      <trkpt lat="46.25286" lon="6.42914">
        <ele>1210.4000244141</ele>
      </trkpt>
      <trkpt lat="46.25288" lon="6.42911">
        <ele>1210.8000488281</ele>
      </trkpt>
      <trkpt lat="46.25291" lon="6.42908">
        <ele>1211.4000244141</ele>
      </trkpt>
      <trkpt lat="46.25296" lon="6.42905">
        <ele>1211.8000488281</ele>
      </trkpt>
      <trkpt lat="46.25299" lon="6.42902">
        <ele>1212.1999511719</ele>
      </trkpt>
      <trkpt lat="46.25302" lon="6.42899">
        <ele>1212.5999755859</ele>
      </trkpt>
      <trkpt lat="46.25308" lon="6.42897">
        <ele>1213</ele>
      </trkpt>
      <trkpt lat="46.2531" lon="6.42891">
        <ele>1213.8000488281</ele>
      </trkpt>
      <trkpt lat="46.25313" lon="6.42888">
        <ele>1214.1999511719</ele>
      </trkpt>
      <trkpt lat="46.25316" lon="6.42887">
        <ele>1214.4000244141</ele>
      </trkpt>
      <trkpt lat="46.2532" lon="6.42885">
        <ele>1214.5999755859</ele>
      </trkpt>
      <trkpt lat="46.25324" lon="6.42879">
        <ele>1215.5999755859</ele>
      </trkpt>
      <trkpt lat="46.25325" lon="6.42873">
        <ele>1216.1999511719</ele>
      </trkpt>
      <trkpt lat="46.25328" lon="6.42869">
        <ele>1217</ele>
      </trkpt>
      <trkpt lat="46.25331" lon="6.42859">
        <ele>1218.1999511719</ele>
      </trkpt>
      <trkpt lat="46.25334" lon="6.42857">
        <ele>1218.5999755859</ele>
      </trkpt>
      <trkpt lat="46.25335" lon="6.42851">
        <ele>1219.4000244141</ele>
      </trkpt>
      <trkpt lat="46.25336" lon="6.42849">
        <ele>1219.8000488281</ele>
      </trkpt>
      <trkpt lat="46.25336" lon="6.42845">
        <ele>1220.4000244141</ele>
      </trkpt>
      <trkpt lat="46.25337" lon="6.42842">
        <ele>1221</ele>
      </trkpt>
      <trkpt lat="46.25339" lon="6.42838">
        <ele>1221.8000488281</ele>
      </trkpt>
      <trkpt lat="46.25337" lon="6.42834">
        <ele>1222</ele>
      </trkpt>
      <trkpt lat="46.25334" lon="6.4283">
        <ele>1222.5999755859</ele>
      </trkpt>
      <trkpt lat="46.25333" lon="6.42826">
        <ele>1223.4000244141</ele>
      </trkpt>
      <trkpt lat="46.25332" lon="6.42824">
        <ele>1223.8000488281</ele>
      </trkpt>
      <trkpt lat="46.2533" lon="6.42818">
        <ele>1225</ele>
      </trkpt>
      <trkpt lat="46.25327" lon="6.42814">
        <ele>1226</ele>
      </trkpt>
      <trkpt lat="46.25328" lon="6.42802">
        <ele>1228</ele>
      </trkpt>
      <trkpt lat="46.25328" lon="6.428">
        <ele>1228.5999755859</ele>
      </trkpt>
      <trkpt lat="46.25331" lon="6.42796">
        <ele>1229.1999511719</ele>
      </trkpt>
      <trkpt lat="46.25332" lon="6.42793">
        <ele>1229.8000488281</ele>
      </trkpt>
      <trkpt lat="46.25331" lon="6.42786">
        <ele>1231.1999511719</ele>
      </trkpt>
      <trkpt lat="46.25332" lon="6.42781">
        <ele>1232</ele>
      </trkpt>
      <trkpt lat="46.25333" lon="6.42775">
        <ele>1233.1999511719</ele>
      </trkpt>
      <trkpt lat="46.25335" lon="6.42772">
        <ele>1233.8000488281</ele>
      </trkpt>
      <trkpt lat="46.25334" lon="6.42765">
        <ele>1235</ele>
      </trkpt>
      <trkpt lat="46.25337" lon="6.42757">
        <ele>1236.5999755859</ele>
      </trkpt>
      <trkpt lat="46.25337" lon="6.42746">
        <ele>1238.4000244141</ele>
      </trkpt>
      <trkpt lat="46.25338" lon="6.42741">
        <ele>1239.4000244141</ele>
      </trkpt>
      <trkpt lat="46.25339" lon="6.42738">
        <ele>1239.8000488281</ele>
      </trkpt>
      <trkpt lat="46.2534" lon="6.42731">
        <ele>1240.8000488281</ele>
      </trkpt>
      <trkpt lat="46.25342" lon="6.42728">
        <ele>1241</ele>
      </trkpt>
      <trkpt lat="46.25343" lon="6.42728">
        <ele>1241</ele>
      </trkpt>
      <trkpt lat="46.25345" lon="6.42722">
        <ele>1241.5999755859</ele>
      </trkpt>
      <trkpt lat="46.25346" lon="6.42718">
        <ele>1242.1999511719</ele>
      </trkpt>
      <trkpt lat="46.25349" lon="6.42713">
        <ele>1242.4000244141</ele>
      </trkpt>
      <trkpt lat="46.25353" lon="6.42713">
        <ele>1242</ele>
      </trkpt>
      <trkpt lat="46.25357" lon="6.42711">
        <ele>1241.5999755859</ele>
      </trkpt>
      <trkpt lat="46.25363" lon="6.42708">
        <ele>1241.1999511719</ele>
      </trkpt>
      <trkpt lat="46.25368" lon="6.42707">
        <ele>1240.5999755859</ele>
      </trkpt>
      <trkpt lat="46.25369" lon="6.42703">
        <ele>1240.8000488281</ele>
      </trkpt>
      <trkpt lat="46.2537" lon="6.42699">
        <ele>1240.8000488281</ele>
      </trkpt>
      <trkpt lat="46.25375" lon="6.42692">
        <ele>1240.1999511719</ele>
      </trkpt>
      <trkpt lat="46.25377" lon="6.42689">
        <ele>1239.8000488281</ele>
      </trkpt>
      <trkpt lat="46.25378" lon="6.42686">
        <ele>1239.8000488281</ele>
      </trkpt>
      <trkpt lat="46.25376" lon="6.42684">
        <ele>1240.1999511719</ele>
      </trkpt>
      <trkpt lat="46.25375" lon="6.42679">
        <ele>1240.4000244141</ele>
      </trkpt>
      <trkpt lat="46.25376" lon="6.42674">
        <ele>1240.4000244141</ele>
      </trkpt>
      <trkpt lat="46.25377" lon="6.4267">
        <ele>1240.4000244141</ele>
      </trkpt>
      <trkpt lat="46.25374" lon="6.42662">
        <ele>1240.8000488281</ele>
      </trkpt>
      <trkpt lat="46.25372" lon="6.42659">
        <ele>1241</ele>
      </trkpt>
      <trkpt lat="46.25366" lon="6.42651">
        <ele>1241.8000488281</ele>
      </trkpt>
      <trkpt lat="46.25365" lon="6.42645">
        <ele>1241.8000488281</ele>
      </trkpt>
      <trkpt lat="46.25362" lon="6.42637">
        <ele>1242.1999511719</ele>
      </trkpt>
      <trkpt lat="46.25367" lon="6.4264">
        <ele>1240.8000488281</ele>
      </trkpt>
      <trkpt lat="46.25366" lon="6.42639">
        <ele>1240.8000488281</ele>
      </trkpt>
      <trkpt lat="46.25366" lon="6.42631">
        <ele>1240.4000244141</ele>
      </trkpt>
      <trkpt lat="46.25365" lon="6.42623">
        <ele>1239.8000488281</ele>
      </trkpt>
      <trkpt lat="46.25364" lon="6.42618">
        <ele>1239.8000488281</ele>
      </trkpt>
      <trkpt lat="46.2536" lon="6.42612">
        <ele>1241.1999511719</ele>
      </trkpt>
      <trkpt lat="46.25356" lon="6.4261">
        <ele>1242.5999755859</ele>
      </trkpt>
      <trkpt lat="46.25351" lon="6.42607">
        <ele>1244.8000488281</ele>
      </trkpt>
      <trkpt lat="46.25347" lon="6.42604">
        <ele>1246.5999755859</ele>
      </trkpt>
      <trkpt lat="46.25341" lon="6.42595">
        <ele>1249</ele>
      </trkpt>
      <trkpt lat="46.25341" lon="6.42594">
        <ele>1249</ele>
      </trkpt>
      <trkpt lat="46.25339" lon="6.42591">
        <ele>1250</ele>
      </trkpt>
      <trkpt lat="46.25334" lon="6.42583">
        <ele>1252.4000244141</ele>
      </trkpt>
      <trkpt lat="46.25329" lon="6.42575">
        <ele>1252</ele>
      </trkpt>
      <trkpt lat="46.25326" lon="6.42571">
        <ele>1252</ele>
      </trkpt>
      <trkpt lat="46.25322" lon="6.42562">
        <ele>1251</ele>
      </trkpt>
      <trkpt lat="46.25317" lon="6.42554">
        <ele>1250.5999755859</ele>
      </trkpt>
      <trkpt lat="46.25313" lon="6.42547">
        <ele>1250.4000244141</ele>
      </trkpt>
      <trkpt lat="46.25307" lon="6.42537">
        <ele>1250</ele>
      </trkpt>
      <trkpt lat="46.25304" lon="6.42528">
        <ele>1249.1999511719</ele>
      </trkpt>
      <trkpt lat="46.25304" lon="6.42526">
        <ele>1248.5999755859</ele>
      </trkpt>
      <trkpt lat="46.253" lon="6.42516">
        <ele>1248</ele>
      </trkpt>
      <trkpt lat="46.25296" lon="6.42509">
        <ele>1248.1999511719</ele>
      </trkpt>
      <trkpt lat="46.25295" lon="6.42506">
        <ele>1248</ele>
      </trkpt>
      <trkpt lat="46.25293" lon="6.42502">
        <ele>1247.8000488281</ele>
      </trkpt>
      <trkpt lat="46.25288" lon="6.42495">
        <ele>1247.4000244141</ele>
      </trkpt>
      <trkpt lat="46.25283" lon="6.42488">
        <ele>1247.4000244141</ele>
      </trkpt>
      <trkpt lat="46.25281" lon="6.42488">
        <ele>1247.8000488281</ele>
      </trkpt>
      <trkpt lat="46.25278" lon="6.42482">
        <ele>1247.1999511719</ele>
      </trkpt>
      <trkpt lat="46.25274" lon="6.42474">
        <ele>1246</ele>
      </trkpt>
      <trkpt lat="46.25272" lon="6.42469">
        <ele>1245</ele>
      </trkpt>
      <trkpt lat="46.2527" lon="6.42465">
        <ele>1244.5999755859</ele>
      </trkpt>
      <trkpt lat="46.25268" lon="6.42458">
        <ele>1243.4000244141</ele>
      </trkpt>
      <trkpt lat="46.25263" lon="6.4245">
        <ele>1242.8000488281</ele>
      </trkpt>
      <trkpt lat="46.2526" lon="6.4244">
        <ele>1240.5999755859</ele>
      </trkpt>
      <trkpt lat="46.25256" lon="6.4243">
        <ele>1239</ele>
      </trkpt>
      <trkpt lat="46.25255" lon="6.42429">
        <ele>1239</ele>
      </trkpt>
      <trkpt lat="46.25253" lon="6.42427">
        <ele>1239</ele>
      </trkpt>
      <trkpt lat="46.25245" lon="6.4242">
        <ele>1238.8000488281</ele>
      </trkpt>
      <trkpt lat="46.25237" lon="6.42414">
        <ele>1238.5999755859</ele>
      </trkpt>
      <trkpt lat="46.2523" lon="6.42406">
        <ele>1237.4000244141</ele>
      </trkpt>
      <trkpt lat="46.25224" lon="6.424">
        <ele>1236.8000488281</ele>
      </trkpt>
      <trkpt lat="46.25221" lon="6.42397">
        <ele>1236.5999755859</ele>
      </trkpt>
      <trkpt lat="46.25216" lon="6.42394">
        <ele>1236.8000488281</ele>
      </trkpt>
      <trkpt lat="46.25212" lon="6.42388">
        <ele>1235.8000488281</ele>
      </trkpt>
      <trkpt lat="46.2521" lon="6.42385">
        <ele>1235.4000244141</ele>
      </trkpt>
      <trkpt lat="46.25205" lon="6.42382">
        <ele>1235.5999755859</ele>
      </trkpt>
      <trkpt lat="46.25202" lon="6.42377">
        <ele>1235</ele>
      </trkpt>
      <trkpt lat="46.25198" lon="6.42375">
        <ele>1235</ele>
      </trkpt>
      <trkpt lat="46.25193" lon="6.42369">
        <ele>1234.5999755859</ele>
      </trkpt>
      <trkpt lat="46.25193" lon="6.42371">
        <ele>1235.1999511719</ele>
      </trkpt>
      <trkpt lat="46.25189" lon="6.42367">
        <ele>1235</ele>
      </trkpt>
      <trkpt lat="46.25183" lon="6.42364">
        <ele>1235.1999511719</ele>
      </trkpt>
      <trkpt lat="46.25183" lon="6.42365">
        <ele>1235.5999755859</ele>
      </trkpt>
      <trkpt lat="46.25182" lon="6.42366">
        <ele>1236</ele>
      </trkpt>
      <trkpt lat="46.25181" lon="6.42368">
        <ele>1237</ele>
      </trkpt>
      <trkpt lat="46.25186" lon="6.42369">
        <ele>1236.1999511719</ele>
      </trkpt>
      <trkpt lat="46.25189" lon="6.42368">
        <ele>1235.1999511719</ele>
      </trkpt>
      <trkpt lat="46.25193" lon="6.42371">
        <ele>1235</ele>
      </trkpt>
      <trkpt lat="46.25195" lon="6.42371">
        <ele>1234.5999755859</ele>
      </trkpt>
      <trkpt lat="46.25198" lon="6.42372">
        <ele>1234.1999511719</ele>
      </trkpt>
      <trkpt lat="46.25202" lon="6.42373">
        <ele>1233.8000488281</ele>
      </trkpt>
      <trkpt lat="46.25205" lon="6.42376">
        <ele>1234</ele>
      </trkpt>
      <trkpt lat="46.25207" lon="6.42378">
        <ele>1233.8000488281</ele>
      </trkpt>
      <trkpt lat="46.2521" lon="6.4238">
        <ele>1233.8000488281</ele>
      </trkpt>
      <trkpt lat="46.25215" lon="6.42384">
        <ele>1234</ele>
      </trkpt>
      <trkpt lat="46.25218" lon="6.42388">
        <ele>1234.5999755859</ele>
      </trkpt>
      <trkpt lat="46.25225" lon="6.42394">
        <ele>1235</ele>
      </trkpt>
      <trkpt lat="46.25232" lon="6.42397">
        <ele>1234.4000244141</ele>
      </trkpt>
      <trkpt lat="46.25236" lon="6.42401">
        <ele>1234.8000488281</ele>
      </trkpt>
      <trkpt lat="46.25237" lon="6.42402">
        <ele>1235.1999511719</ele>
      </trkpt>
      <trkpt lat="46.2524" lon="6.42407">
        <ele>1236</ele>
      </trkpt>
      <trkpt lat="46.25241" lon="6.42413">
        <ele>1237.5999755859</ele>
      </trkpt>
      <trkpt lat="46.25242" lon="6.42417">
        <ele>1238.5999755859</ele>
      </trkpt>
      <trkpt lat="46.25245" lon="6.42423">
        <ele>1239.8000488281</ele>
      </trkpt>
      <trkpt lat="46.25247" lon="6.42427">
        <ele>1240.8000488281</ele>
      </trkpt>
      <trkpt lat="46.2525" lon="6.42431">
        <ele>1241.8000488281</ele>
      </trkpt>
      <trkpt lat="46.25253" lon="6.42435">
        <ele>1241.8000488281</ele>
      </trkpt>
      <trkpt lat="46.25257" lon="6.4244">
        <ele>1241.5999755859</ele>
      </trkpt>
      <trkpt lat="46.25265" lon="6.42448">
        <ele>1241.1999511719</ele>
      </trkpt>
      <trkpt lat="46.25273" lon="6.42455">
        <ele>1240.1999511719</ele>
      </trkpt>
      <trkpt lat="46.2528" lon="6.42463">
        <ele>1240</ele>
      </trkpt>
      <trkpt lat="46.2528" lon="6.42464">
        <ele>1240.1999511719</ele>
      </trkpt>
      <trkpt lat="46.25284" lon="6.42471">
        <ele>1241.1999511719</ele>
      </trkpt>
      <trkpt lat="46.25287" lon="6.42479">
        <ele>1242.4000244141</ele>
      </trkpt>
      <trkpt lat="46.25291" lon="6.42487">
        <ele>1243.5999755859</ele>
      </trkpt>
      <trkpt lat="46.25295" lon="6.42497">
        <ele>1245.8000488281</ele>
      </trkpt>
      <trkpt lat="46.25296" lon="6.425">
        <ele>1246.1999511719</ele>
      </trkpt>
      <trkpt lat="46.25298" lon="6.42506">
        <ele>1246.8000488281</ele>
      </trkpt>
      <trkpt lat="46.25299" lon="6.42513">
        <ele>1247.5999755859</ele>
      </trkpt>
      <trkpt lat="46.25301" lon="6.42517">
        <ele>1248</ele>
      </trkpt>
      <trkpt lat="46.25308" lon="6.42524">
        <ele>1247</ele>
      </trkpt>
      <trkpt lat="46.25311" lon="6.42528">
        <ele>1246.4000244141</ele>
      </trkpt>
      <trkpt lat="46.25316" lon="6.42534">
        <ele>1246.1999511719</ele>
      </trkpt>
      <trkpt lat="46.25317" lon="6.42539">
        <ele>1247</ele>
      </trkpt>
      <trkpt lat="46.25322" lon="6.42546">
        <ele>1247</ele>
      </trkpt>
      <trkpt lat="46.25322" lon="6.42549">
        <ele>1247.5999755859</ele>
      </trkpt>
      <trkpt lat="46.25326" lon="6.42555">
        <ele>1247.8000488281</ele>
      </trkpt>
      <trkpt lat="46.25329" lon="6.42562">
        <ele>1248.8000488281</ele>
      </trkpt>
      <trkpt lat="46.25331" lon="6.42569">
        <ele>1249.5999755859</ele>
      </trkpt>
      <trkpt lat="46.25332" lon="6.4257">
        <ele>1249.8000488281</ele>
      </trkpt>
      <trkpt lat="46.25336" lon="6.42576">
        <ele>1249.5999755859</ele>
      </trkpt>
      <trkpt lat="46.25339" lon="6.4258">
        <ele>1249.1999511719</ele>
      </trkpt>
      <trkpt lat="46.25339" lon="6.42583">
        <ele>1249.8000488281</ele>
      </trkpt>
      <trkpt lat="46.25343" lon="6.42588">
        <ele>1247.8000488281</ele>
      </trkpt>
      <trkpt lat="46.25347" lon="6.42594">
        <ele>1246.1999511719</ele>
      </trkpt>
      <trkpt lat="46.25352" lon="6.426">
        <ele>1244</ele>
      </trkpt>
      <trkpt lat="46.25354" lon="6.42602">
        <ele>1243.4000244141</ele>
      </trkpt>
      <trkpt lat="46.25359" lon="6.42609">
        <ele>1241.1999511719</ele>
      </trkpt>
      <trkpt lat="46.25363" lon="6.42616">
        <ele>1240</ele>
      </trkpt>
      <trkpt lat="46.25364" lon="6.42621">
        <ele>1240</ele>
      </trkpt>
      <trkpt lat="46.25364" lon="6.42624">
        <ele>1240.1999511719</ele>
      </trkpt>
      <trkpt lat="46.25364" lon="6.42634">
        <ele>1241.4000244141</ele>
      </trkpt>
      <trkpt lat="46.25358" lon="6.42634">
        <ele>1243.1999511719</ele>
      </trkpt>
      <trkpt lat="46.25353" lon="6.42637">
        <ele>1245.1999511719</ele>
      </trkpt>
      <trkpt lat="46.2535" lon="6.42633">
        <ele>1246.1999511719</ele>
      </trkpt>
      <trkpt lat="46.25348" lon="6.42629">
        <ele>1246.8000488281</ele>
      </trkpt>
      <trkpt lat="46.25346" lon="6.42625">
        <ele>1247.4000244141</ele>
      </trkpt>
      <trkpt lat="46.25342" lon="6.42619">
        <ele>1248.8000488281</ele>
      </trkpt>
      <trkpt lat="46.25341" lon="6.42616">
        <ele>1249.4000244141</ele>
      </trkpt>
      <trkpt lat="46.25338" lon="6.42613">
        <ele>1250.4000244141</ele>
      </trkpt>
      <trkpt lat="46.25334" lon="6.42607">
        <ele>1252.4000244141</ele>
      </trkpt>
      <trkpt lat="46.2533" lon="6.426">
        <ele>1253.5999755859</ele>
      </trkpt>
      <trkpt lat="46.2533" lon="6.42599">
        <ele>1253.8000488281</ele>
      </trkpt>
      <trkpt lat="46.25324" lon="6.42594">
        <ele>1255.4000244141</ele>
      </trkpt>
      <trkpt lat="46.25314" lon="6.42584">
        <ele>1258.5999755859</ele>
      </trkpt>
      <trkpt lat="46.25309" lon="6.42581">
        <ele>1259.5999755859</ele>
      </trkpt>
      <trkpt lat="46.25303" lon="6.42576">
        <ele>1260.4000244141</ele>
      </trkpt>
      <trkpt lat="46.25296" lon="6.4257">
        <ele>1261.4000244141</ele>
      </trkpt>
      <trkpt lat="46.2529" lon="6.42565">
        <ele>1262</ele>
      </trkpt>
      <trkpt lat="46.25286" lon="6.42562">
        <ele>1262.8000488281</ele>
      </trkpt>
      <trkpt lat="46.2528" lon="6.42559">
        <ele>1264.1999511719</ele>
      </trkpt>
      <trkpt lat="46.25274" lon="6.42555">
        <ele>1265.4000244141</ele>
      </trkpt>
      <trkpt lat="46.25269" lon="6.42552">
        <ele>1266.5999755859</ele>
      </trkpt>
      <trkpt lat="46.25266" lon="6.4255">
        <ele>1267.4000244141</ele>
      </trkpt>
      <trkpt lat="46.25261" lon="6.42547">
        <ele>1268.4000244141</ele>
      </trkpt>
      <trkpt lat="46.25255" lon="6.42542">
        <ele>1269.8000488281</ele>
      </trkpt>
      <trkpt lat="46.25246" lon="6.42537">
        <ele>1271</ele>
      </trkpt>
      <trkpt lat="46.25245" lon="6.42536">
        <ele>1271</ele>
      </trkpt>
      <trkpt lat="46.2524" lon="6.42533">
        <ele>1270.8000488281</ele>
      </trkpt>
      <trkpt lat="46.25239" lon="6.42532">
        <ele>1271</ele>
      </trkpt>
      <trkpt lat="46.25229" lon="6.42525">
        <ele>1271</ele>
      </trkpt>
      <trkpt lat="46.25219" lon="6.42519">
        <ele>1271</ele>
      </trkpt>
      <trkpt lat="46.25212" lon="6.42515">
        <ele>1271.4000244141</ele>
      </trkpt>
      <trkpt lat="46.25202" lon="6.42507">
        <ele>1271.5999755859</ele>
      </trkpt>
      <trkpt lat="46.25194" lon="6.42503">
        <ele>1272</ele>
      </trkpt>
      <trkpt lat="46.25179" lon="6.42495">
        <ele>1272</ele>
      </trkpt>
      <trkpt lat="46.25169" lon="6.42489">
        <ele>1271.8000488281</ele>
      </trkpt>
      <trkpt lat="46.25163" lon="6.42488">
        <ele>1272.4000244141</ele>
      </trkpt>
      <trkpt lat="46.25155" lon="6.42487">
        <ele>1273.5999755859</ele>
      </trkpt>
      <trkpt lat="46.25154" lon="6.42487">
        <ele>1273.8000488281</ele>
      </trkpt>
      <trkpt lat="46.25146" lon="6.42487">
        <ele>1275.4000244141</ele>
      </trkpt>
      <trkpt lat="46.25138" lon="6.42488">
        <ele>1277.1999511719</ele>
      </trkpt>
      <trkpt lat="46.25132" lon="6.42488">
        <ele>1278.1999511719</ele>
      </trkpt>
      <trkpt lat="46.25129" lon="6.42486">
        <ele>1278.5999755859</ele>
      </trkpt>
      <trkpt lat="46.25124" lon="6.42484">
        <ele>1279</ele>
      </trkpt>
      <trkpt lat="46.25117" lon="6.42483">
        <ele>1280.1999511719</ele>
      </trkpt>
      <trkpt lat="46.25115" lon="6.42482">
        <ele>1280.1999511719</ele>
      </trkpt>
      <trkpt lat="46.25107" lon="6.42477">
        <ele>1281</ele>
      </trkpt>
      <trkpt lat="46.251" lon="6.42474">
        <ele>1282</ele>
      </trkpt>
      <trkpt lat="46.25091" lon="6.42471">
        <ele>1283.4000244141</ele>
      </trkpt>
      <trkpt lat="46.25085" lon="6.42466">
        <ele>1284</ele>
      </trkpt>
      <trkpt lat="46.25076" lon="6.42464">
        <ele>1285.4000244141</ele>
      </trkpt>
      <trkpt lat="46.25067" lon="6.42463">
        <ele>1286.5999755859</ele>
      </trkpt>
      <trkpt lat="46.25059" lon="6.42463">
        <ele>1288</ele>
      </trkpt>
      <trkpt lat="46.2505" lon="6.42462">
        <ele>1289.1999511719</ele>
      </trkpt>
      <trkpt lat="46.25042" lon="6.42458">
        <ele>1290.4000244141</ele>
      </trkpt>
      <trkpt lat="46.25033" lon="6.42452">
        <ele>1291.5999755859</ele>
      </trkpt>
      <trkpt lat="46.25023" lon="6.42449">
        <ele>1293</ele>
      </trkpt>
      <trkpt lat="46.25017" lon="6.42444">
        <ele>1294</ele>
      </trkpt>
      <trkpt lat="46.25009" lon="6.42442">
        <ele>1295.4000244141</ele>
      </trkpt>
      <trkpt lat="46.25008" lon="6.42447">
        <ele>1295.8000488281</ele>
      </trkpt>
      <trkpt lat="46.25008" lon="6.42449">
        <ele>1295.8000488281</ele>
      </trkpt>
      <trkpt lat="46.25007" lon="6.42447">
        <ele>1296</ele>
      </trkpt>
      <trkpt lat="46.25006" lon="6.42446">
        <ele>1296.1999511719</ele>
      </trkpt>
      <trkpt lat="46.25005" lon="6.42444">
        <ele>1296.1999511719</ele>
      </trkpt>
      <trkpt lat="46.25005" lon="6.42445">
        <ele>1296.4000244141</ele>
      </trkpt>
      <trkpt lat="46.25005" lon="6.42444">
        <ele>1296.1999511719</ele>
      </trkpt>
      <trkpt lat="46.25006" lon="6.42445">
        <ele>1296.1999511719</ele>
      </trkpt>
      <trkpt lat="46.25006" lon="6.42445">
        <ele>1296.1999511719</ele>
      </trkpt>
      <trkpt lat="46.25005" lon="6.42443">
        <ele>1296.1999511719</ele>
      </trkpt>
      <trkpt lat="46.25005" lon="6.42444">
        <ele>1296.1999511719</ele>
      </trkpt>
      <trkpt lat="46.25004" lon="6.42445">
        <ele>1296.4000244141</ele>
      </trkpt>
      <trkpt lat="46.25004" lon="6.42446">
        <ele>1296.5999755859</ele>
      </trkpt>
      <trkpt lat="46.25003" lon="6.42444">
        <ele>1296.8000488281</ele>
      </trkpt>
      <trkpt lat="46.25005" lon="6.42443">
        <ele>1296.1999511719</ele>
      </trkpt>
      <trkpt lat="46.25005" lon="6.42444">
        <ele>1296.1999511719</ele>
      </trkpt>
      <trkpt lat="46.25005" lon="6.42444">
        <ele>1296.4000244141</ele>
      </trkpt>
      <trkpt lat="46.25002" lon="6.4244">
        <ele>1296.8000488281</ele>
      </trkpt>
      <trkpt lat="46.24996" lon="6.42436">
        <ele>1297</ele>
      </trkpt>
      <trkpt lat="46.24991" lon="6.42436">
        <ele>1296.8000488281</ele>
      </trkpt>
      <trkpt lat="46.24989" lon="6.42436">
        <ele>1296.8000488281</ele>
      </trkpt>
      <trkpt lat="46.24985" lon="6.42434">
        <ele>1296.5999755859</ele>
      </trkpt>
      <trkpt lat="46.24979" lon="6.42435">
        <ele>1296.4000244141</ele>
      </trkpt>
      <trkpt lat="46.24977" lon="6.42435">
        <ele>1296.4000244141</ele>
      </trkpt>
      <trkpt lat="46.2497" lon="6.42437">
        <ele>1296</ele>
      </trkpt>
      <trkpt lat="46.24965" lon="6.4244">
        <ele>1295.8000488281</ele>
      </trkpt>
      <trkpt lat="46.24958" lon="6.42437">
        <ele>1295.5999755859</ele>
      </trkpt>
      <trkpt lat="46.24954" lon="6.42438">
        <ele>1295.4000244141</ele>
      </trkpt>
      <trkpt lat="46.2495" lon="6.42438">
        <ele>1295.4000244141</ele>
      </trkpt>
      <trkpt lat="46.24944" lon="6.42439">
        <ele>1295</ele>
      </trkpt>
      <trkpt lat="46.24935" lon="6.42436">
        <ele>1294.8000488281</ele>
      </trkpt>
      <trkpt lat="46.24933" lon="6.42434">
        <ele>1294.8000488281</ele>
      </trkpt>
      <trkpt lat="46.24929" lon="6.42432">
        <ele>1294.8000488281</ele>
      </trkpt>
      <trkpt lat="46.24926" lon="6.42431">
        <ele>1294.8000488281</ele>
      </trkpt>
      <trkpt lat="46.24926" lon="6.42428">
        <ele>1294.8000488281</ele>
      </trkpt>
      <trkpt lat="46.24923" lon="6.42426">
        <ele>1294.8000488281</ele>
      </trkpt>
      <trkpt lat="46.24922" lon="6.42425">
        <ele>1294.8000488281</ele>
      </trkpt>
      <trkpt lat="46.24916" lon="6.42415">
        <ele>1294.8000488281</ele>
      </trkpt>
      <trkpt lat="46.24914" lon="6.42414">
        <ele>1294.5999755859</ele>
      </trkpt>
      <trkpt lat="46.24907" lon="6.42406">
        <ele>1294</ele>
      </trkpt>
      <trkpt lat="46.24902" lon="6.42406">
        <ele>1294</ele>
      </trkpt>
      <trkpt lat="46.24897" lon="6.42405">
        <ele>1294.1999511719</ele>
      </trkpt>
      <trkpt lat="46.24893" lon="6.42404">
        <ele>1294.1999511719</ele>
      </trkpt>
      <trkpt lat="46.24882" lon="6.42403">
        <ele>1294.4000244141</ele>
      </trkpt>
      <trkpt lat="46.24875" lon="6.42401">
        <ele>1294.4000244141</ele>
      </trkpt>
      <trkpt lat="46.24872" lon="6.42402">
        <ele>1294.4000244141</ele>
      </trkpt>
      <trkpt lat="46.24865" lon="6.42396">
        <ele>1294.4000244141</ele>
      </trkpt>
      <trkpt lat="46.24863" lon="6.42395">
        <ele>1294.4000244141</ele>
      </trkpt>
      <trkpt lat="46.24859" lon="6.42393">
        <ele>1294.4000244141</ele>
      </trkpt>
      <trkpt lat="46.24853" lon="6.42392">
        <ele>1294.5999755859</ele>
      </trkpt>
      <trkpt lat="46.2485" lon="6.42391">
        <ele>1294.5999755859</ele>
      </trkpt>
      <trkpt lat="46.24845" lon="6.42391">
        <ele>1294.8000488281</ele>
      </trkpt>
      <trkpt lat="46.24834" lon="6.42387">
        <ele>1295.1999511719</ele>
      </trkpt>
      <trkpt lat="46.24824" lon="6.4239">
        <ele>1295.1999511719</ele>
      </trkpt>
      <trkpt lat="46.24822" lon="6.42389">
        <ele>1295</ele>
      </trkpt>
      <trkpt lat="46.24813" lon="6.42388">
        <ele>1295</ele>
      </trkpt>
      <trkpt lat="46.24808" lon="6.42389">
        <ele>1295</ele>
      </trkpt>
      <trkpt lat="46.24802" lon="6.42382">
        <ele>1294.8000488281</ele>
      </trkpt>
      <trkpt lat="46.248" lon="6.42378">
        <ele>1294.8000488281</ele>
      </trkpt>
      <trkpt lat="46.24792" lon="6.42377">
        <ele>1294.8000488281</ele>
      </trkpt>
      <trkpt lat="46.24785" lon="6.42375">
        <ele>1295</ele>
      </trkpt>
      <trkpt lat="46.24776" lon="6.42371">
        <ele>1295</ele>
      </trkpt>
      <trkpt lat="46.2477" lon="6.42367">
        <ele>1295.1999511719</ele>
      </trkpt>
      <trkpt lat="46.24765" lon="6.42368">
        <ele>1295.1999511719</ele>
      </trkpt>
      <trkpt lat="46.24756" lon="6.42364">
        <ele>1295.4000244141</ele>
      </trkpt>
      <trkpt lat="46.24749" lon="6.4236">
        <ele>1295.4000244141</ele>
      </trkpt>
      <trkpt lat="46.24741" lon="6.42354">
        <ele>1294.8000488281</ele>
      </trkpt>
      <trkpt lat="46.24738" lon="6.42347">
        <ele>1294.8000488281</ele>
      </trkpt>
      <trkpt lat="46.24735" lon="6.42345">
        <ele>1294.8000488281</ele>
      </trkpt>
      <trkpt lat="46.24734" lon="6.42345">
        <ele>1294.5999755859</ele>
      </trkpt>
      <trkpt lat="46.24723" lon="6.42342">
        <ele>1293.4000244141</ele>
      </trkpt>
      <trkpt lat="46.24714" lon="6.42347">
        <ele>1292.1999511719</ele>
      </trkpt>
      <trkpt lat="46.24702" lon="6.4235">
        <ele>1290.5999755859</ele>
      </trkpt>
      <trkpt lat="46.24692" lon="6.42349">
        <ele>1289.5999755859</ele>
      </trkpt>
      <trkpt lat="46.24689" lon="6.4235">
        <ele>1289</ele>
      </trkpt>
      <trkpt lat="46.24678" lon="6.42351">
        <ele>1287.8000488281</ele>
      </trkpt>
      <trkpt lat="46.2467" lon="6.42353">
        <ele>1286.8000488281</ele>
      </trkpt>
      <trkpt lat="46.24664" lon="6.42352">
        <ele>1286.1999511719</ele>
      </trkpt>
      <trkpt lat="46.24654" lon="6.4235">
        <ele>1285.5999755859</ele>
      </trkpt>
      <trkpt lat="46.2465" lon="6.42343">
        <ele>1285.8000488281</ele>
      </trkpt>
      <trkpt lat="46.24651" lon="6.42337">
        <ele>1286.4000244141</ele>
      </trkpt>
      <trkpt lat="46.24651" lon="6.42333">
        <ele>1286.8000488281</ele>
      </trkpt>
      <trkpt lat="46.24645" lon="6.4233">
        <ele>1286.1999511719</ele>
      </trkpt>
      <trkpt lat="46.24642" lon="6.42329">
        <ele>1285.8000488281</ele>
      </trkpt>
      <trkpt lat="46.24639" lon="6.4233">
        <ele>1285.8000488281</ele>
      </trkpt>
      <trkpt lat="46.24631" lon="6.42333">
        <ele>1285.4000244141</ele>
      </trkpt>
      <trkpt lat="46.2463" lon="6.42332">
        <ele>1285.1999511719</ele>
      </trkpt>
      <trkpt lat="46.24629" lon="6.42331">
        <ele>1285</ele>
      </trkpt>
      <trkpt lat="46.24623" lon="6.42327">
        <ele>1284.5999755859</ele>
      </trkpt>
      <trkpt lat="46.24618" lon="6.42318">
        <ele>1284</ele>
      </trkpt>
      <trkpt lat="46.24618" lon="6.4232">
        <ele>1284</ele>
      </trkpt>
      <trkpt lat="46.24622" lon="6.42321">
        <ele>1284.4000244141</ele>
      </trkpt>
      <trkpt lat="46.24624" lon="6.42324">
        <ele>1284.5999755859</ele>
      </trkpt>
      <trkpt lat="46.24621" lon="6.42328">
        <ele>1284.4000244141</ele>
      </trkpt>
      <trkpt lat="46.24616" lon="6.42335">
        <ele>1284.1999511719</ele>
      </trkpt>
      <trkpt lat="46.24621" lon="6.4234">
        <ele>1284</ele>
      </trkpt>
      <trkpt lat="46.24623" lon="6.42345">
        <ele>1283.5999755859</ele>
      </trkpt>
      <trkpt lat="46.24624" lon="6.42352">
        <ele>1283.1999511719</ele>
      </trkpt>
      <trkpt lat="46.24622" lon="6.42354">
        <ele>1282.8000488281</ele>
      </trkpt>
      <trkpt lat="46.24618" lon="6.4236">
        <ele>1282</ele>
      </trkpt>
      <trkpt lat="46.2461" lon="6.42361">
        <ele>1281.1999511719</ele>
      </trkpt>
      <trkpt lat="46.24605" lon="6.42365">
        <ele>1280.5999755859</ele>
      </trkpt>
      <trkpt lat="46.24602" lon="6.42367">
        <ele>1280.1999511719</ele>
      </trkpt>
      <trkpt lat="46.24596" lon="6.42377">
        <ele>1278.8000488281</ele>
      </trkpt>
      <trkpt lat="46.24593" lon="6.42385">
        <ele>1277.8000488281</ele>
      </trkpt>
      <trkpt lat="46.2459" lon="6.42394">
        <ele>1276.5999755859</ele>
      </trkpt>
      <trkpt lat="46.2459" lon="6.42401">
        <ele>1276</ele>
      </trkpt>
      <trkpt lat="46.2459" lon="6.42407">
        <ele>1275.4000244141</ele>
      </trkpt>
      <trkpt lat="46.24591" lon="6.42415">
        <ele>1274.8000488281</ele>
      </trkpt>
      <trkpt lat="46.24592" lon="6.42423">
        <ele>1273.8000488281</ele>
      </trkpt>
      <trkpt lat="46.24593" lon="6.4243">
        <ele>1273</ele>
      </trkpt>
      <trkpt lat="46.24594" lon="6.42437">
        <ele>1272</ele>
      </trkpt>
      <trkpt lat="46.24594" lon="6.42451">
        <ele>1270.4000244141</ele>
      </trkpt>
      <trkpt lat="46.24594" lon="6.42462">
        <ele>1268.8000488281</ele>
      </trkpt>
      <trkpt lat="46.24588" lon="6.42472">
        <ele>1267</ele>
      </trkpt>
      <trkpt lat="46.24587" lon="6.42473">
        <ele>1266.8000488281</ele>
      </trkpt>
      <trkpt lat="46.24583" lon="6.42478">
        <ele>1265.8000488281</ele>
      </trkpt>
      <trkpt lat="46.24579" lon="6.42485">
        <ele>1264.4000244141</ele>
      </trkpt>
      <trkpt lat="46.24571" lon="6.42492">
        <ele>1263</ele>
      </trkpt>
      <trkpt lat="46.24563" lon="6.42501">
        <ele>1261.4000244141</ele>
      </trkpt>
      <trkpt lat="46.24561" lon="6.42503">
        <ele>1261</ele>
      </trkpt>
      <trkpt lat="46.24554" lon="6.42508">
        <ele>1259.8000488281</ele>
      </trkpt>
      <trkpt lat="46.24545" lon="6.42511">
        <ele>1258.8000488281</ele>
      </trkpt>
      <trkpt lat="46.24538" lon="6.42517">
        <ele>1257.5999755859</ele>
      </trkpt>
      <trkpt lat="46.24532" lon="6.42519">
        <ele>1256.8000488281</ele>
      </trkpt>
      <trkpt lat="46.24529" lon="6.42528">
        <ele>1255.4000244141</ele>
      </trkpt>
      <trkpt lat="46.2452" lon="6.42539">
        <ele>1253.4000244141</ele>
      </trkpt>
      <trkpt lat="46.24517" lon="6.42543">
        <ele>1252.5999755859</ele>
      </trkpt>
      <trkpt lat="46.24514" lon="6.42546">
        <ele>1251.8000488281</ele>
      </trkpt>
      <trkpt lat="46.24508" lon="6.42552">
        <ele>1250.5999755859</ele>
      </trkpt>
      <trkpt lat="46.24505" lon="6.42552">
        <ele>1250.4000244141</ele>
      </trkpt>
      <trkpt lat="46.245" lon="6.42559">
        <ele>1249.1999511719</ele>
      </trkpt>
      <trkpt lat="46.24492" lon="6.42563">
        <ele>1247.1999511719</ele>
      </trkpt>
      <trkpt lat="46.24483" lon="6.42567">
        <ele>1245</ele>
      </trkpt>
      <trkpt lat="46.2448" lon="6.42568">
        <ele>1244.1999511719</ele>
      </trkpt>
      <trkpt lat="46.24472" lon="6.42572">
        <ele>1242.1999511719</ele>
      </trkpt>
      <trkpt lat="46.2447" lon="6.42573">
        <ele>1241.8000488281</ele>
      </trkpt>
      <trkpt lat="46.2447" lon="6.42571">
        <ele>1242.1999511719</ele>
      </trkpt>
      <trkpt lat="46.24466" lon="6.42575">
        <ele>1240.8000488281</ele>
      </trkpt>
      <trkpt lat="46.24461" lon="6.42577">
        <ele>1239.8000488281</ele>
      </trkpt>
      <trkpt lat="46.24454" lon="6.42581">
        <ele>1237.8000488281</ele>
      </trkpt>
      <trkpt lat="46.24449" lon="6.42583">
        <ele>1236.8000488281</ele>
      </trkpt>
      <trkpt lat="46.24439" lon="6.42584">
        <ele>1234.8000488281</ele>
      </trkpt>
      <trkpt lat="46.24437" lon="6.42584">
        <ele>1234.4000244141</ele>
      </trkpt>
      <trkpt lat="46.24435" lon="6.42584">
        <ele>1234</ele>
      </trkpt>
      <trkpt lat="46.24429" lon="6.42583">
        <ele>1233.1999511719</ele>
      </trkpt>
      <trkpt lat="46.24426" lon="6.42585">
        <ele>1232.4000244141</ele>
      </trkpt>
      <trkpt lat="46.24418" lon="6.42585">
        <ele>1231</ele>
      </trkpt>
      <trkpt lat="46.2441" lon="6.42584">
        <ele>1229.8000488281</ele>
      </trkpt>
      <trkpt lat="46.24407" lon="6.42582">
        <ele>1229.5999755859</ele>
      </trkpt>
      <trkpt lat="46.24403" lon="6.42582">
        <ele>1229</ele>
      </trkpt>
      <trkpt lat="46.24397" lon="6.42575">
        <ele>1228.8000488281</ele>
      </trkpt>
      <trkpt lat="46.24386" lon="6.42568">
        <ele>1228.1999511719</ele>
      </trkpt>
      <trkpt lat="46.24376" lon="6.42559">
        <ele>1227.8000488281</ele>
      </trkpt>
      <trkpt lat="46.24366" lon="6.42551">
        <ele>1227.5999755859</ele>
      </trkpt>
      <trkpt lat="46.24358" lon="6.42543">
        <ele>1227.5999755859</ele>
      </trkpt>
      <trkpt lat="46.24348" lon="6.42539">
        <ele>1226.8000488281</ele>
      </trkpt>
      <trkpt lat="46.24336" lon="6.42534">
        <ele>1226</ele>
      </trkpt>
      <trkpt lat="46.24328" lon="6.42531">
        <ele>1225.5999755859</ele>
      </trkpt>
      <trkpt lat="46.24317" lon="6.42529">
        <ele>1225.4000244141</ele>
      </trkpt>
      <trkpt lat="46.24305" lon="6.42525">
        <ele>1225.1999511719</ele>
      </trkpt>
      <trkpt lat="46.24295" lon="6.42521">
        <ele>1225.1999511719</ele>
      </trkpt>
      <trkpt lat="46.24292" lon="6.42521">
        <ele>1225</ele>
      </trkpt>
      <trkpt lat="46.24291" lon="6.4252">
        <ele>1225</ele>
      </trkpt>
      <trkpt lat="46.24291" lon="6.4252">
        <ele>1225.1999511719</ele>
      </trkpt>
      <trkpt lat="46.24285" lon="6.42517">
        <ele>1225.4000244141</ele>
      </trkpt>
      <trkpt lat="46.24284" lon="6.42516">
        <ele>1225.1999511719</ele>
      </trkpt>
      <trkpt lat="46.24284" lon="6.42516">
        <ele>1225.4000244141</ele>
      </trkpt>
      <trkpt lat="46.24278" lon="6.42512">
        <ele>1225.8000488281</ele>
      </trkpt>
      <trkpt lat="46.2427" lon="6.42508">
        <ele>1225.8000488281</ele>
      </trkpt>
      <trkpt lat="46.24264" lon="6.42504">
        <ele>1226.1999511719</ele>
      </trkpt>
      <trkpt lat="46.24254" lon="6.42497">
        <ele>1226.8000488281</ele>
      </trkpt>
      <trkpt lat="46.24247" lon="6.42492">
        <ele>1227.1999511719</ele>
      </trkpt>
      <trkpt lat="46.24242" lon="6.4249">
        <ele>1227.4000244141</ele>
      </trkpt>
      <trkpt lat="46.24233" lon="6.42486">
        <ele>1227.4000244141</ele>
      </trkpt>
      <trkpt lat="46.2423" lon="6.42484">
        <ele>1227.4000244141</ele>
      </trkpt>
      <trkpt lat="46.2422" lon="6.42479">
        <ele>1227.4000244141</ele>
      </trkpt>
      <trkpt lat="46.2421" lon="6.42472">
        <ele>1227.5999755859</ele>
      </trkpt>
      <trkpt lat="46.24202" lon="6.42467">
        <ele>1227.4000244141</ele>
      </trkpt>
      <trkpt lat="46.24194" lon="6.42461">
        <ele>1227.1999511719</ele>
      </trkpt>
      <trkpt lat="46.24183" lon="6.42449">
        <ele>1227.1999511719</ele>
      </trkpt>
      <trkpt lat="46.24175" lon="6.42439">
        <ele>1227.1999511719</ele>
      </trkpt>
      <trkpt lat="46.24168" lon="6.42429">
        <ele>1227.1999511719</ele>
      </trkpt>
      <trkpt lat="46.24161" lon="6.42421">
        <ele>1227</ele>
      </trkpt>
      <trkpt lat="46.24159" lon="6.42419">
        <ele>1227</ele>
      </trkpt>
      <trkpt lat="46.24154" lon="6.42416">
        <ele>1226.8000488281</ele>
      </trkpt>
      <trkpt lat="46.24141" lon="6.42407">
        <ele>1226.8000488281</ele>
      </trkpt>
      <trkpt lat="46.24127" lon="6.424">
        <ele>1226.4000244141</ele>
      </trkpt>
      <trkpt lat="46.2412" lon="6.42397">
        <ele>1226</ele>
      </trkpt>
      <trkpt lat="46.2411" lon="6.42393">
        <ele>1225.4000244141</ele>
      </trkpt>
      <trkpt lat="46.24097" lon="6.42385">
        <ele>1225.1999511719</ele>
      </trkpt>
      <trkpt lat="46.24085" lon="6.42376">
        <ele>1225</ele>
      </trkpt>
      <trkpt lat="46.24074" lon="6.42374">
        <ele>1224.4000244141</ele>
      </trkpt>
      <trkpt lat="46.24062" lon="6.4237">
        <ele>1223.8000488281</ele>
      </trkpt>
      <trkpt lat="46.24052" lon="6.42367">
        <ele>1223.1999511719</ele>
      </trkpt>
      <trkpt lat="46.24042" lon="6.42365">
        <ele>1222.5999755859</ele>
      </trkpt>
      <trkpt lat="46.24029" lon="6.42362">
        <ele>1221.5999755859</ele>
      </trkpt>
      <trkpt lat="46.24018" lon="6.42359">
        <ele>1221</ele>
      </trkpt>
      <trkpt lat="46.24011" lon="6.42357">
        <ele>1220.4000244141</ele>
      </trkpt>
      <trkpt lat="46.23999" lon="6.42357">
        <ele>1219.4000244141</ele>
      </trkpt>
      <trkpt lat="46.2399" lon="6.42357">
        <ele>1218.8000488281</ele>
      </trkpt>
      <trkpt lat="46.23983" lon="6.42356">
        <ele>1218.5999755859</ele>
      </trkpt>
      <trkpt lat="46.23973" lon="6.42355">
        <ele>1218</ele>
      </trkpt>
      <trkpt lat="46.23961" lon="6.42355">
        <ele>1217.4000244141</ele>
      </trkpt>
      <trkpt lat="46.23954" lon="6.42355">
        <ele>1217</ele>
      </trkpt>
      <trkpt lat="46.23945" lon="6.42356">
        <ele>1216.4000244141</ele>
      </trkpt>
      <trkpt lat="46.23935" lon="6.42355">
        <ele>1216</ele>
      </trkpt>
      <trkpt lat="46.23928" lon="6.42354">
        <ele>1215.5999755859</ele>
      </trkpt>
      <trkpt lat="46.23925" lon="6.42354">
        <ele>1215.4000244141</ele>
      </trkpt>
      <trkpt lat="46.23921" lon="6.42353">
        <ele>1215.1999511719</ele>
      </trkpt>
      <trkpt lat="46.2391" lon="6.4235">
        <ele>1214.8000488281</ele>
      </trkpt>
      <trkpt lat="46.23898" lon="6.42346">
        <ele>1214.4000244141</ele>
      </trkpt>
      <trkpt lat="46.23889" lon="6.42341">
        <ele>1213.8000488281</ele>
      </trkpt>
      <trkpt lat="46.23883" lon="6.42337">
        <ele>1213.5999755859</ele>
      </trkpt>
      <trkpt lat="46.23882" lon="6.42336">
        <ele>1213.4000244141</ele>
      </trkpt>
      <trkpt lat="46.23877" lon="6.42335">
        <ele>1213</ele>
      </trkpt>
      <trkpt lat="46.23866" lon="6.42327">
        <ele>1212.8000488281</ele>
      </trkpt>
      <trkpt lat="46.23863" lon="6.42325">
        <ele>1212.8000488281</ele>
      </trkpt>
      <trkpt lat="46.23855" lon="6.42314">
        <ele>1213</ele>
      </trkpt>
      <trkpt lat="46.23849" lon="6.42303">
        <ele>1213.4000244141</ele>
      </trkpt>
      <trkpt lat="46.23847" lon="6.423">
        <ele>1213.4000244141</ele>
      </trkpt>
      <trkpt lat="46.2384" lon="6.42292">
        <ele>1213.5999755859</ele>
      </trkpt>
      <trkpt lat="46.23834" lon="6.42284">
        <ele>1213.4000244141</ele>
      </trkpt>
      <trkpt lat="46.23825" lon="6.42275">
        <ele>1214</ele>
      </trkpt>
      <trkpt lat="46.23816" lon="6.42264">
        <ele>1214.5999755859</ele>
      </trkpt>
      <trkpt lat="46.23809" lon="6.42251">
        <ele>1215</ele>
      </trkpt>
      <trkpt lat="46.23802" lon="6.4224">
        <ele>1216.4000244141</ele>
      </trkpt>
      <trkpt lat="46.23801" lon="6.42238">
        <ele>1216.5999755859</ele>
      </trkpt>
      <trkpt lat="46.23797" lon="6.42235">
        <ele>1217</ele>
      </trkpt>
      <trkpt lat="46.2379" lon="6.42233">
        <ele>1217</ele>
      </trkpt>
      <trkpt lat="46.23789" lon="6.42228">
        <ele>1217.4000244141</ele>
      </trkpt>
      <trkpt lat="46.23782" lon="6.42215">
        <ele>1219</ele>
      </trkpt>
      <trkpt lat="46.23774" lon="6.42205">
        <ele>1219.4000244141</ele>
      </trkpt>
      <trkpt lat="46.23764" lon="6.42194">
        <ele>1219.8000488281</ele>
      </trkpt>
      <trkpt lat="46.23752" lon="6.42181">
        <ele>1219.8000488281</ele>
      </trkpt>
      <trkpt lat="46.23743" lon="6.42172">
        <ele>1219.4000244141</ele>
      </trkpt>
      <trkpt lat="46.23732" lon="6.42162">
        <ele>1218.8000488281</ele>
      </trkpt>
      <trkpt lat="46.23723" lon="6.42154">
        <ele>1218.1999511719</ele>
      </trkpt>
      <trkpt lat="46.23713" lon="6.42145">
        <ele>1217.4000244141</ele>
      </trkpt>
      <trkpt lat="46.23707" lon="6.42136">
        <ele>1217.1999511719</ele>
      </trkpt>
      <trkpt lat="46.23699" lon="6.42122">
        <ele>1216.8000488281</ele>
      </trkpt>
      <trkpt lat="46.23694" lon="6.42108">
        <ele>1217</ele>
      </trkpt>
      <trkpt lat="46.2369" lon="6.42096">
        <ele>1217</ele>
      </trkpt>
      <trkpt lat="46.23687" lon="6.42086">
        <ele>1217.1999511719</ele>
      </trkpt>
      <trkpt lat="46.23684" lon="6.42079">
        <ele>1216.8000488281</ele>
      </trkpt>
      <trkpt lat="46.23678" lon="6.42067">
        <ele>1215.8000488281</ele>
      </trkpt>
      <trkpt lat="46.23672" lon="6.42058">
        <ele>1215</ele>
      </trkpt>
      <trkpt lat="46.23663" lon="6.42051">
        <ele>1214</ele>
      </trkpt>
      <trkpt lat="46.23653" lon="6.42048">
        <ele>1213.1999511719</ele>
      </trkpt>
      <trkpt lat="46.23642" lon="6.42048">
        <ele>1212.1999511719</ele>
      </trkpt>
      <trkpt lat="46.23638" lon="6.42048">
        <ele>1212</ele>
      </trkpt>
      <trkpt lat="46.23636" lon="6.42047">
        <ele>1211.8000488281</ele>
      </trkpt>
      <trkpt lat="46.23635" lon="6.42048">
        <ele>1211.5999755859</ele>
      </trkpt>
      <trkpt lat="46.23638" lon="6.4205">
        <ele>1211.8000488281</ele>
      </trkpt>
      <trkpt lat="46.23639" lon="6.42054">
        <ele>1211.8000488281</ele>
      </trkpt>
      <trkpt lat="46.23635" lon="6.42055">
        <ele>1211.4000244141</ele>
      </trkpt>
      <trkpt lat="46.23634" lon="6.42054">
        <ele>1211.4000244141</ele>
      </trkpt>
      <trkpt lat="46.23627" lon="6.42052">
        <ele>1210.8000488281</ele>
      </trkpt>
      <trkpt lat="46.23623" lon="6.42051">
        <ele>1210.4000244141</ele>
      </trkpt>
      <trkpt lat="46.23615" lon="6.42051">
        <ele>1209.8000488281</ele>
      </trkpt>
      <trkpt lat="46.23613" lon="6.42051">
        <ele>1209.5999755859</ele>
      </trkpt>
      <trkpt lat="46.23607" lon="6.42051">
        <ele>1209</ele>
      </trkpt>
      <trkpt lat="46.23603" lon="6.42049">
        <ele>1209</ele>
      </trkpt>
      <trkpt lat="46.23602" lon="6.42048">
        <ele>1208.8000488281</ele>
      </trkpt>
      <trkpt lat="46.23592" lon="6.42045">
        <ele>1208.1999511719</ele>
      </trkpt>
      <trkpt lat="46.23591" lon="6.42045">
        <ele>1208.1999511719</ele>
      </trkpt>
      <trkpt lat="46.23588" lon="6.42045">
        <ele>1208</ele>
      </trkpt>
      <trkpt lat="46.23587" lon="6.42046">
        <ele>1207.8000488281</ele>
      </trkpt>
      <trkpt lat="46.23589" lon="6.42046">
        <ele>1207.8000488281</ele>
      </trkpt>
      <trkpt lat="46.23589" lon="6.42046">
        <ele>1207.8000488281</ele>
      </trkpt>
      <trkpt lat="46.23588" lon="6.42046">
        <ele>1207.8000488281</ele>
      </trkpt>
      <trkpt lat="46.23586" lon="6.42048">
        <ele>1207.4000244141</ele>
      </trkpt>
      <trkpt lat="46.23585" lon="6.42049">
        <ele>1207.4000244141</ele>
      </trkpt>
      <trkpt lat="46.23585" lon="6.42049">
        <ele>1207.4000244141</ele>
      </trkpt>
      <trkpt lat="46.23584" lon="6.42049">
        <ele>1207.1999511719</ele>
      </trkpt>
      <trkpt lat="46.23581" lon="6.42046">
        <ele>1207.1999511719</ele>
      </trkpt>
      <trkpt lat="46.23575" lon="6.42047">
        <ele>1207</ele>
      </trkpt>
      <trkpt lat="46.23564" lon="6.42047">
        <ele>1206.1999511719</ele>
      </trkpt>
      <trkpt lat="46.23556" lon="6.42046">
        <ele>1206</ele>
      </trkpt>
      <trkpt lat="46.23547" lon="6.42044">
        <ele>1205.4000244141</ele>
      </trkpt>
      <trkpt lat="46.23536" lon="6.42043">
        <ele>1205</ele>
      </trkpt>
      <trkpt lat="46.23528" lon="6.42041">
        <ele>1204.5999755859</ele>
      </trkpt>
      <trkpt lat="46.23519" lon="6.42038">
        <ele>1204.1999511719</ele>
      </trkpt>
      <trkpt lat="46.23511" lon="6.42034">
        <ele>1204.1999511719</ele>
      </trkpt>
      <trkpt lat="46.23506" lon="6.42028">
        <ele>1204.1999511719</ele>
      </trkpt>
      <trkpt lat="46.23499" lon="6.42021">
        <ele>1204.4000244141</ele>
      </trkpt>
      <trkpt lat="46.23488" lon="6.42013">
        <ele>1203.8000488281</ele>
      </trkpt>
      <trkpt lat="46.23485" lon="6.42012">
        <ele>1203.5999755859</ele>
      </trkpt>
      <trkpt lat="46.23476" lon="6.42009">
        <ele>1203</ele>
      </trkpt>
      <trkpt lat="46.23467" lon="6.42006">
        <ele>1202.5999755859</ele>
      </trkpt>
      <trkpt lat="46.23464" lon="6.42004">
        <ele>1202.4000244141</ele>
      </trkpt>
      <trkpt lat="46.23457" lon="6.41999">
        <ele>1202.4000244141</ele>
      </trkpt>
      <trkpt lat="46.23447" lon="6.41993">
        <ele>1202</ele>
      </trkpt>
      <trkpt lat="46.23437" lon="6.41987">
        <ele>1201.4000244141</ele>
      </trkpt>
      <trkpt lat="46.23428" lon="6.41982">
        <ele>1201</ele>
      </trkpt>
      <trkpt lat="46.23415" lon="6.41971">
        <ele>1200.4000244141</ele>
      </trkpt>
      <trkpt lat="46.23407" lon="6.41962">
        <ele>1200.4000244141</ele>
      </trkpt>
      <trkpt lat="46.23401" lon="6.41951">
        <ele>1200.4000244141</ele>
      </trkpt>
      <trkpt lat="46.23397" lon="6.41942">
        <ele>1200.8000488281</ele>
      </trkpt>
      <trkpt lat="46.23392" lon="6.41928">
        <ele>1201.1999511719</ele>
      </trkpt>
      <trkpt lat="46.23388" lon="6.41917">
        <ele>1201.8000488281</ele>
      </trkpt>
      <trkpt lat="46.23387" lon="6.41902">
        <ele>1201.5999755859</ele>
      </trkpt>
      <trkpt lat="46.23387" lon="6.41898">
        <ele>1201.4000244141</ele>
      </trkpt>
      <trkpt lat="46.23387" lon="6.41889">
        <ele>1201.4000244141</ele>
      </trkpt>
      <trkpt lat="46.23386" lon="6.4188">
        <ele>1201.1999511719</ele>
      </trkpt>
      <trkpt lat="46.23386" lon="6.41878">
        <ele>1201</ele>
      </trkpt>
      <trkpt lat="46.23387" lon="6.4187">
        <ele>1201</ele>
      </trkpt>
      <trkpt lat="46.23391" lon="6.41853">
        <ele>1201</ele>
      </trkpt>
      <trkpt lat="46.23393" lon="6.41844">
        <ele>1201</ele>
      </trkpt>
      <trkpt lat="46.23398" lon="6.41829">
        <ele>1200.8000488281</ele>
      </trkpt>
      <trkpt lat="46.23401" lon="6.41811">
        <ele>1198.8000488281</ele>
      </trkpt>
      <trkpt lat="46.23402" lon="6.41793">
        <ele>1196.4000244141</ele>
      </trkpt>
      <trkpt lat="46.23402" lon="6.41777">
        <ele>1194.1999511719</ele>
      </trkpt>
      <trkpt lat="46.23402" lon="6.41765">
        <ele>1192.8000488281</ele>
      </trkpt>
      <trkpt lat="46.23404" lon="6.41754">
        <ele>1191.5999755859</ele>
      </trkpt>
      <trkpt lat="46.23404" lon="6.41748">
        <ele>1191</ele>
      </trkpt>
      <trkpt lat="46.23406" lon="6.41739">
        <ele>1191</ele>
      </trkpt>
      <trkpt lat="46.23411" lon="6.4173">
        <ele>1191.1999511719</ele>
      </trkpt>
      <trkpt lat="46.23414" lon="6.41725">
        <ele>1191.5999755859</ele>
      </trkpt>
      <trkpt lat="46.2342" lon="6.41714">
        <ele>1192.4000244141</ele>
      </trkpt>
      <trkpt lat="46.23424" lon="6.41711">
        <ele>1193.1999511719</ele>
      </trkpt>
      <trkpt lat="46.2343" lon="6.41708">
        <ele>1194.5999755859</ele>
      </trkpt>
      <trkpt lat="46.23433" lon="6.41703">
        <ele>1195.1999511719</ele>
      </trkpt>
      <trkpt lat="46.23436" lon="6.417">
        <ele>1195.8000488281</ele>
      </trkpt>
      <trkpt lat="46.23441" lon="6.41682">
        <ele>1196.4000244141</ele>
      </trkpt>
      <trkpt lat="46.23439" lon="6.41672">
        <ele>1195.4000244141</ele>
      </trkpt>
      <trkpt lat="46.23433" lon="6.41666">
        <ele>1193.8000488281</ele>
      </trkpt>
      <trkpt lat="46.23431" lon="6.41666">
        <ele>1193.4000244141</ele>
      </trkpt>
      <trkpt lat="46.23426" lon="6.41668">
        <ele>1192.4000244141</ele>
      </trkpt>
      <trkpt lat="46.23419" lon="6.41676">
        <ele>1190.5999755859</ele>
      </trkpt>
      <trkpt lat="46.23411" lon="6.41684">
        <ele>1189.5999755859</ele>
      </trkpt>
      <trkpt lat="46.23404" lon="6.41693">
        <ele>1188.8000488281</ele>
      </trkpt>
      <trkpt lat="46.23401" lon="6.41697">
        <ele>1188.4000244141</ele>
      </trkpt>
      <trkpt lat="46.23394" lon="6.41701">
        <ele>1187.4000244141</ele>
      </trkpt>
      <trkpt lat="46.23391" lon="6.41703">
        <ele>1187</ele>
      </trkpt>
      <trkpt lat="46.23381" lon="6.41711">
        <ele>1185.8000488281</ele>
      </trkpt>
      <trkpt lat="46.23373" lon="6.41714">
        <ele>1184.5999755859</ele>
      </trkpt>
      <trkpt lat="46.23365" lon="6.41718">
        <ele>1183.5999755859</ele>
      </trkpt>
      <trkpt lat="46.23359" lon="6.41727">
        <ele>1183.1999511719</ele>
      </trkpt>
      <trkpt lat="46.23355" lon="6.41732">
        <ele>1182.8000488281</ele>
      </trkpt>
      <trkpt lat="46.23351" lon="6.41737">
        <ele>1182.5999755859</ele>
      </trkpt>
      <trkpt lat="46.23342" lon="6.41748">
        <ele>1182</ele>
      </trkpt>
      <trkpt lat="46.23336" lon="6.41753">
        <ele>1181.8000488281</ele>
      </trkpt>
      <trkpt lat="46.23329" lon="6.41758">
        <ele>1181.4000244141</ele>
      </trkpt>
      <trkpt lat="46.23322" lon="6.41764">
        <ele>1180.8000488281</ele>
      </trkpt>
      <trkpt lat="46.23317" lon="6.4177">
        <ele>1180.8000488281</ele>
      </trkpt>
      <trkpt lat="46.23314" lon="6.41772">
        <ele>1180.5999755859</ele>
      </trkpt>
      <trkpt lat="46.23306" lon="6.41776">
        <ele>1179.5999755859</ele>
      </trkpt>
      <trkpt lat="46.23301" lon="6.41777">
        <ele>1178.8000488281</ele>
      </trkpt>
      <trkpt lat="46.2329" lon="6.41783">
        <ele>1177.1999511719</ele>
      </trkpt>
      <trkpt lat="46.23281" lon="6.41787">
        <ele>1176.1999511719</ele>
      </trkpt>
      <trkpt lat="46.23272" lon="6.4179">
        <ele>1174.8000488281</ele>
      </trkpt>
      <trkpt lat="46.23264" lon="6.41793">
        <ele>1173.8000488281</ele>
      </trkpt>
      <trkpt lat="46.23257" lon="6.41795">
        <ele>1172.5999755859</ele>
      </trkpt>
      <trkpt lat="46.23255" lon="6.41794">
        <ele>1172</ele>
      </trkpt>
      <trkpt lat="46.23247" lon="6.41795">
        <ele>1170.4000244141</ele>
      </trkpt>
      <trkpt lat="46.2324" lon="6.41795">
        <ele>1169.4000244141</ele>
      </trkpt>
      <trkpt lat="46.23233" lon="6.41796">
        <ele>1168.5999755859</ele>
      </trkpt>
      <trkpt lat="46.2323" lon="6.41797">
        <ele>1168</ele>
      </trkpt>
      <trkpt lat="46.23223" lon="6.41798">
        <ele>1167</ele>
      </trkpt>
      <trkpt lat="46.23214" lon="6.418">
        <ele>1166</ele>
      </trkpt>
      <trkpt lat="46.23207" lon="6.41804">
        <ele>1165.4000244141</ele>
      </trkpt>
      <trkpt lat="46.232" lon="6.4181">
        <ele>1165.1999511719</ele>
      </trkpt>
      <trkpt lat="46.23195" lon="6.41816">
        <ele>1165.4000244141</ele>
      </trkpt>
      <trkpt lat="46.23194" lon="6.41817">
        <ele>1165.4000244141</ele>
      </trkpt>
      <trkpt lat="46.23191" lon="6.41823">
        <ele>1165.8000488281</ele>
      </trkpt>
      <trkpt lat="46.23181" lon="6.41836">
        <ele>1165.8000488281</ele>
      </trkpt>
      <trkpt lat="46.23175" lon="6.41842">
        <ele>1165.4000244141</ele>
      </trkpt>
      <trkpt lat="46.23168" lon="6.4185">
        <ele>1164.5999755859</ele>
      </trkpt>
      <trkpt lat="46.23163" lon="6.41854">
        <ele>1164</ele>
      </trkpt>
      <trkpt lat="46.23155" lon="6.41862">
        <ele>1163.1999511719</ele>
      </trkpt>
      <trkpt lat="46.23154" lon="6.41864">
        <ele>1163</ele>
      </trkpt>
      <trkpt lat="46.2315" lon="6.41868">
        <ele>1162.5999755859</ele>
      </trkpt>
      <trkpt lat="46.23142" lon="6.41878">
        <ele>1161.8000488281</ele>
      </trkpt>
      <trkpt lat="46.23132" lon="6.41887">
        <ele>1160.1999511719</ele>
      </trkpt>
      <trkpt lat="46.23128" lon="6.41894">
        <ele>1159.8000488281</ele>
      </trkpt>
      <trkpt lat="46.23122" lon="6.41901">
        <ele>1158.8000488281</ele>
      </trkpt>
      <trkpt lat="46.23116" lon="6.41907">
        <ele>1158</ele>
      </trkpt>
      <trkpt lat="46.23111" lon="6.41916">
        <ele>1157.1999511719</ele>
      </trkpt>
      <trkpt lat="46.2311" lon="6.41918">
        <ele>1156.8000488281</ele>
      </trkpt>
      <trkpt lat="46.23107" lon="6.41928">
        <ele>1155</ele>
      </trkpt>
      <trkpt lat="46.23107" lon="6.41929">
        <ele>1154.8000488281</ele>
      </trkpt>
      <trkpt lat="46.23106" lon="6.41935">
        <ele>1153.8000488281</ele>
      </trkpt>
      <trkpt lat="46.23104" lon="6.41937">
        <ele>1153.1999511719</ele>
      </trkpt>
      <trkpt lat="46.23096" lon="6.41948">
        <ele>1149.8000488281</ele>
      </trkpt>
      <trkpt lat="46.23095" lon="6.41952">
        <ele>1149</ele>
      </trkpt>
      <trkpt lat="46.23098" lon="6.41967">
        <ele>1147.8000488281</ele>
      </trkpt>
      <trkpt lat="46.23101" lon="6.41979">
        <ele>1147.1999511719</ele>
      </trkpt>
      <trkpt lat="46.23101" lon="6.41984">
        <ele>1146.8000488281</ele>
      </trkpt>
      <trkpt lat="46.23104" lon="6.41994">
        <ele>1146.4000244141</ele>
      </trkpt>
      <trkpt lat="46.23107" lon="6.42002">
        <ele>1146.1999511719</ele>
      </trkpt>
      <trkpt lat="46.23107" lon="6.42003">
        <ele>1146.1999511719</ele>
      </trkpt>
      <trkpt lat="46.23111" lon="6.42013">
        <ele>1146.4000244141</ele>
      </trkpt>
      <trkpt lat="46.23114" lon="6.42027">
        <ele>1145.8000488281</ele>
      </trkpt>
      <trkpt lat="46.23117" lon="6.42039">
        <ele>1145.5999755859</ele>
      </trkpt>
      <trkpt lat="46.23118" lon="6.42042">
        <ele>1145.5999755859</ele>
      </trkpt>
      <trkpt lat="46.2312" lon="6.4205">
        <ele>1145.4000244141</ele>
      </trkpt>
      <trkpt lat="46.23124" lon="6.42059">
        <ele>1145.4000244141</ele>
      </trkpt>
      <trkpt lat="46.23128" lon="6.42071">
        <ele>1145.4000244141</ele>
      </trkpt>
      <trkpt lat="46.2313" lon="6.42078">
        <ele>1145.1999511719</ele>
      </trkpt>
      <trkpt lat="46.23131" lon="6.42088">
        <ele>1144.4000244141</ele>
      </trkpt>
      <trkpt lat="46.23132" lon="6.42097">
        <ele>1144</ele>
      </trkpt>
      <trkpt lat="46.23133" lon="6.42101">
        <ele>1143.5999755859</ele>
      </trkpt>
      <trkpt lat="46.23134" lon="6.42104">
        <ele>1143.5999755859</ele>
      </trkpt>
      <trkpt lat="46.23136" lon="6.42116">
        <ele>1142.5999755859</ele>
      </trkpt>
      <trkpt lat="46.23133" lon="6.42124">
        <ele>1141.4000244141</ele>
      </trkpt>
      <trkpt lat="46.23132" lon="6.42143">
        <ele>1139</ele>
      </trkpt>
      <trkpt lat="46.23129" lon="6.42158">
        <ele>1137</ele>
      </trkpt>
      <trkpt lat="46.23127" lon="6.4217">
        <ele>1135.1999511719</ele>
      </trkpt>
      <trkpt lat="46.23121" lon="6.42185">
        <ele>1132.1999511719</ele>
      </trkpt>
      <trkpt lat="46.23115" lon="6.42194">
        <ele>1129.5999755859</ele>
      </trkpt>
      <trkpt lat="46.2311" lon="6.42199">
        <ele>1127.8000488281</ele>
      </trkpt>
      <trkpt lat="46.23107" lon="6.42206">
        <ele>1126.4000244141</ele>
      </trkpt>
      <trkpt lat="46.23101" lon="6.42209">
        <ele>1124.5999755859</ele>
      </trkpt>
      <trkpt lat="46.23097" lon="6.42221">
        <ele>1122</ele>
      </trkpt>
      <trkpt lat="46.23096" lon="6.42237">
        <ele>1119.5999755859</ele>
      </trkpt>
      <trkpt lat="46.23099" lon="6.4225">
        <ele>1118.4000244141</ele>
      </trkpt>
      <trkpt lat="46.23104" lon="6.42262">
        <ele>1117.4000244141</ele>
      </trkpt>
      <trkpt lat="46.2311" lon="6.42268">
        <ele>1117.5999755859</ele>
      </trkpt>
      <trkpt lat="46.23114" lon="6.42272">
        <ele>1118</ele>
      </trkpt>
      <trkpt lat="46.23117" lon="6.42277">
        <ele>1117.4000244141</ele>
      </trkpt>
      <trkpt lat="46.23117" lon="6.4228">
        <ele>1117</ele>
      </trkpt>
      <trkpt lat="46.23122" lon="6.42284">
        <ele>1117.1999511719</ele>
      </trkpt>
      <trkpt lat="46.23121" lon="6.4229">
        <ele>1116</ele>
      </trkpt>
      <trkpt lat="46.23122" lon="6.42291">
        <ele>1115.8000488281</ele>
      </trkpt>
      <trkpt lat="46.23129" lon="6.42292">
        <ele>1117</ele>
      </trkpt>
      <trkpt lat="46.23133" lon="6.42295">
        <ele>1117.4000244141</ele>
      </trkpt>
      <trkpt lat="46.23134" lon="6.42296">
        <ele>1117.4000244141</ele>
      </trkpt>
      <trkpt lat="46.23141" lon="6.423">
        <ele>1118</ele>
      </trkpt>
      <trkpt lat="46.23145" lon="6.42303">
        <ele>1118.1999511719</ele>
      </trkpt>
      <trkpt lat="46.23147" lon="6.42307">
        <ele>1117.8000488281</ele>
      </trkpt>
      <trkpt lat="46.23152" lon="6.4231">
        <ele>1118</ele>
      </trkpt>
      <trkpt lat="46.23153" lon="6.42317">
        <ele>1116.8000488281</ele>
      </trkpt>
      <trkpt lat="46.23152" lon="6.42319">
        <ele>1116.1999511719</ele>
      </trkpt>
      <trkpt lat="46.23152" lon="6.42321">
        <ele>1116</ele>
      </trkpt>
      <trkpt lat="46.23152" lon="6.42319">
        <ele>1116.1999511719</ele>
      </trkpt>
      <trkpt lat="46.23156" lon="6.42318">
        <ele>1117.1999511719</ele>
      </trkpt>
      <trkpt lat="46.23159" lon="6.42324">
        <ele>1116.4000244141</ele>
      </trkpt>
      <trkpt lat="46.23163" lon="6.42332">
        <ele>1115.5999755859</ele>
      </trkpt>
      <trkpt lat="46.23172" lon="6.42341">
        <ele>1116</ele>
      </trkpt>
      <trkpt lat="46.23182" lon="6.42347">
        <ele>1116.5999755859</ele>
      </trkpt>
      <trkpt lat="46.23191" lon="6.42355">
        <ele>1116.8000488281</ele>
      </trkpt>
      <trkpt lat="46.23192" lon="6.42358">
        <ele>1116.8000488281</ele>
      </trkpt>
      <trkpt lat="46.23197" lon="6.42363">
        <ele>1117</ele>
      </trkpt>
      <trkpt lat="46.23196" lon="6.42366">
        <ele>1116.4000244141</ele>
      </trkpt>
      <trkpt lat="46.23195" lon="6.42367">
        <ele>1116.1999511719</ele>
      </trkpt>
      <trkpt lat="46.23184" lon="6.42369">
        <ele>1114.5999755859</ele>
      </trkpt>
      <trkpt lat="46.23182" lon="6.42369">
        <ele>1114.4000244141</ele>
      </trkpt>
      <trkpt lat="46.23173" lon="6.4237">
        <ele>1113.1999511719</ele>
      </trkpt>
      <trkpt lat="46.23165" lon="6.42369">
        <ele>1112.1999511719</ele>
      </trkpt>
      <trkpt lat="46.23164" lon="6.4237">
        <ele>1112</ele>
      </trkpt>
      <trkpt lat="46.23158" lon="6.42371">
        <ele>1110.8000488281</ele>
      </trkpt>
      <trkpt lat="46.23157" lon="6.42372">
        <ele>1110.4000244141</ele>
      </trkpt>
      <trkpt lat="46.23151" lon="6.42375">
        <ele>1109.1999511719</ele>
      </trkpt>
      <trkpt lat="46.23143" lon="6.42377">
        <ele>1107.5999755859</ele>
      </trkpt>
      <trkpt lat="46.23136" lon="6.42379">
        <ele>1106.1999511719</ele>
      </trkpt>
      <trkpt lat="46.23132" lon="6.42382">
        <ele>1105.1999511719</ele>
      </trkpt>
      <trkpt lat="46.23125" lon="6.42387">
        <ele>1103.5999755859</ele>
      </trkpt>
      <trkpt lat="46.2312" lon="6.4239">
        <ele>1102.4000244141</ele>
      </trkpt>
      <trkpt lat="46.23114" lon="6.42394">
        <ele>1101.1999511719</ele>
      </trkpt>
      <trkpt lat="46.23107" lon="6.42398">
        <ele>1099.5999755859</ele>
      </trkpt>
      <trkpt lat="46.23106" lon="6.42398">
        <ele>1099.4000244141</ele>
      </trkpt>
      <trkpt lat="46.23104" lon="6.42398">
        <ele>1099</ele>
      </trkpt>
      <trkpt lat="46.23095" lon="6.42397">
        <ele>1097.5999755859</ele>
      </trkpt>
      <trkpt lat="46.23093" lon="6.42397">
        <ele>1097.1999511719</ele>
      </trkpt>
      <trkpt lat="46.23089" lon="6.42398">
        <ele>1096.5999755859</ele>
      </trkpt>
      <trkpt lat="46.23084" lon="6.42399">
        <ele>1095.5999755859</ele>
      </trkpt>
      <trkpt lat="46.23079" lon="6.42399">
        <ele>1094.5999755859</ele>
      </trkpt>
      <trkpt lat="46.2307" lon="6.42395">
        <ele>1093.4000244141</ele>
      </trkpt>
      <trkpt lat="46.23069" lon="6.42395">
        <ele>1093</ele>
      </trkpt>
      <trkpt lat="46.23061" lon="6.42396">
        <ele>1091.5999755859</ele>
      </trkpt>
      <trkpt lat="46.23054" lon="6.42397">
        <ele>1090.1999511719</ele>
      </trkpt>
      <trkpt lat="46.23049" lon="6.42398">
        <ele>1089.1999511719</ele>
      </trkpt>
      <trkpt lat="46.23044" lon="6.42397">
        <ele>1088.4000244141</ele>
      </trkpt>
      <trkpt lat="46.23041" lon="6.42397">
        <ele>1087.8000488281</ele>
      </trkpt>
      <trkpt lat="46.23033" lon="6.42397">
        <ele>1086.4000244141</ele>
      </trkpt>
      <trkpt lat="46.23032" lon="6.42395">
        <ele>1086.1999511719</ele>
      </trkpt>
      <trkpt lat="46.23026" lon="6.42391">
        <ele>1085.4000244141</ele>
      </trkpt>
      <trkpt lat="46.23017" lon="6.4239">
        <ele>1083.8000488281</ele>
      </trkpt>
      <trkpt lat="46.23008" lon="6.42391">
        <ele>1082</ele>
      </trkpt>
      <trkpt lat="46.23001" lon="6.42389">
        <ele>1080.8000488281</ele>
      </trkpt>
      <trkpt lat="46.22994" lon="6.42386">
        <ele>1079.5999755859</ele>
      </trkpt>
      <trkpt lat="46.22987" lon="6.42381">
        <ele>1078.1999511719</ele>
      </trkpt>
      <trkpt lat="46.22983" lon="6.42379">
        <ele>1077.4000244141</ele>
      </trkpt>
      <trkpt lat="46.22976" lon="6.42374">
        <ele>1076.1999511719</ele>
      </trkpt>
      <trkpt lat="46.22972" lon="6.42374">
        <ele>1075.4000244141</ele>
      </trkpt>
      <trkpt lat="46.22967" lon="6.42375">
        <ele>1074.4000244141</ele>
      </trkpt>
      <trkpt lat="46.22962" lon="6.42375">
        <ele>1073.4000244141</ele>
      </trkpt>
      <trkpt lat="46.22956" lon="6.42372">
        <ele>1072.4000244141</ele>
      </trkpt>
      <trkpt lat="46.22953" lon="6.4237">
        <ele>1071.8000488281</ele>
      </trkpt>
      <trkpt lat="46.22952" lon="6.42369">
        <ele>1071.4000244141</ele>
      </trkpt>
      <trkpt lat="46.22943" lon="6.42366">
        <ele>1069.8000488281</ele>
      </trkpt>
      <trkpt lat="46.22939" lon="6.42362">
        <ele>1069</ele>
      </trkpt>
      <trkpt lat="46.22935" lon="6.42357">
        <ele>1068.1999511719</ele>
      </trkpt>
      <trkpt lat="46.22929" lon="6.42357">
        <ele>1067.1999511719</ele>
      </trkpt>
      <trkpt lat="46.22927" lon="6.42352">
        <ele>1066.5999755859</ele>
      </trkpt>
      <trkpt lat="46.22924" lon="6.42348">
        <ele>1066.1999511719</ele>
      </trkpt>
      <trkpt lat="46.22922" lon="6.42345">
        <ele>1065.8000488281</ele>
      </trkpt>
      <trkpt lat="46.22918" lon="6.42343">
        <ele>1065</ele>
      </trkpt>
      <trkpt lat="46.22912" lon="6.42338">
        <ele>1064.1999511719</ele>
      </trkpt>
      <trkpt lat="46.22905" lon="6.42329">
        <ele>1063</ele>
      </trkpt>
      <trkpt lat="46.22901" lon="6.42327">
        <ele>1062.4000244141</ele>
      </trkpt>
      <trkpt lat="46.22897" lon="6.42322">
        <ele>1061.5999755859</ele>
      </trkpt>
      <trkpt lat="46.22895" lon="6.42314">
        <ele>1061.4000244141</ele>
      </trkpt>
      <trkpt lat="46.22895" lon="6.42312">
        <ele>1061.4000244141</ele>
      </trkpt>
      <trkpt lat="46.22891" lon="6.42305">
        <ele>1060.5999755859</ele>
      </trkpt>
      <trkpt lat="46.22883" lon="6.423">
        <ele>1059.4000244141</ele>
      </trkpt>
      <trkpt lat="46.22879" lon="6.42296">
        <ele>1058.5999755859</ele>
      </trkpt>
      <trkpt lat="46.22878" lon="6.42296">
        <ele>1058.4000244141</ele>
      </trkpt>
      <trkpt lat="46.22876" lon="6.42292">
        <ele>1058</ele>
      </trkpt>
      <trkpt lat="46.22872" lon="6.42288">
        <ele>1057.4000244141</ele>
      </trkpt>
      <trkpt lat="46.22867" lon="6.42285">
        <ele>1056.4000244141</ele>
      </trkpt>
      <trkpt lat="46.22864" lon="6.42284">
        <ele>1056</ele>
      </trkpt>
      <trkpt lat="46.2286" lon="6.4228">
        <ele>1055</ele>
      </trkpt>
      <trkpt lat="46.22855" lon="6.42277">
        <ele>1054.1999511719</ele>
      </trkpt>
      <trkpt lat="46.2285" lon="6.42274">
        <ele>1053.4000244141</ele>
      </trkpt>
      <trkpt lat="46.22845" lon="6.42273">
        <ele>1052.4000244141</ele>
      </trkpt>
      <trkpt lat="46.22843" lon="6.42273">
        <ele>1051.8000488281</ele>
      </trkpt>
      <trkpt lat="46.22837" lon="6.42271">
        <ele>1050.8000488281</ele>
      </trkpt>
      <trkpt lat="46.22833" lon="6.42267">
        <ele>1050</ele>
      </trkpt>
      <trkpt lat="46.22829" lon="6.42264">
        <ele>1048.5999755859</ele>
      </trkpt>
      <trkpt lat="46.22825" lon="6.42264">
        <ele>1047.4000244141</ele>
      </trkpt>
      <trkpt lat="46.22824" lon="6.42262">
        <ele>1047.1999511719</ele>
      </trkpt>
      <trkpt lat="46.2282" lon="6.42268">
        <ele>1046</ele>
      </trkpt>
      <trkpt lat="46.22816" lon="6.42267">
        <ele>1044.8000488281</ele>
      </trkpt>
      <trkpt lat="46.22813" lon="6.42268">
        <ele>1043.5999755859</ele>
      </trkpt>
      <trkpt lat="46.22809" lon="6.42272">
        <ele>1042.4000244141</ele>
      </trkpt>
      <trkpt lat="46.22805" lon="6.42274">
        <ele>1041.1999511719</ele>
      </trkpt>
      <trkpt lat="46.228" lon="6.42278">
        <ele>1039.4000244141</ele>
      </trkpt>
      <trkpt lat="46.22797" lon="6.42281">
        <ele>1038.5999755859</ele>
      </trkpt>
      <trkpt lat="46.22796" lon="6.4228">
        <ele>1038.1999511719</ele>
      </trkpt>
      <trkpt lat="46.2279" lon="6.42279">
        <ele>1036.1999511719</ele>
      </trkpt>
      <trkpt lat="46.22781" lon="6.42276">
        <ele>1033.4000244141</ele>
      </trkpt>
      <trkpt lat="46.2278" lon="6.42274">
        <ele>1033.1999511719</ele>
      </trkpt>
      <trkpt lat="46.22777" lon="6.42268">
        <ele>1032.4000244141</ele>
      </trkpt>
      <trkpt lat="46.22776" lon="6.42265">
        <ele>1032.1999511719</ele>
      </trkpt>
      <trkpt lat="46.22775" lon="6.42261">
        <ele>1032</ele>
      </trkpt>
      <trkpt lat="46.22772" lon="6.42256">
        <ele>1031.4000244141</ele>
      </trkpt>
      <trkpt lat="46.22769" lon="6.42251">
        <ele>1030.5999755859</ele>
      </trkpt>
      <trkpt lat="46.22766" lon="6.42246">
        <ele>1029.4000244141</ele>
      </trkpt>
      <trkpt lat="46.22765" lon="6.42238">
        <ele>1029</ele>
      </trkpt>
      <trkpt lat="46.22761" lon="6.42235">
        <ele>1027.5999755859</ele>
      </trkpt>
      <trkpt lat="46.22757" lon="6.42227">
        <ele>1026.1999511719</ele>
      </trkpt>
      <trkpt lat="46.22755" lon="6.42219">
        <ele>1025.1999511719</ele>
      </trkpt>
      <trkpt lat="46.22753" lon="6.42212">
        <ele>1024</ele>
      </trkpt>
      <trkpt lat="46.2275" lon="6.42206">
        <ele>1023</ele>
      </trkpt>
      <trkpt lat="46.22748" lon="6.42201">
        <ele>1021.799987793</ele>
      </trkpt>
      <trkpt lat="46.22746" lon="6.42193">
        <ele>1020.5999755859</ele>
      </trkpt>
      <trkpt lat="46.22742" lon="6.42184">
        <ele>1018.200012207</ele>
      </trkpt>
      <trkpt lat="46.2274" lon="6.4218">
        <ele>1017.200012207</ele>
      </trkpt>
      <trkpt lat="46.22737" lon="6.42174">
        <ele>1015.799987793</ele>
      </trkpt>
      <trkpt lat="46.22731" lon="6.42171">
        <ele>1013.200012207</ele>
      </trkpt>
      <trkpt lat="46.22731" lon="6.42173">
        <ele>1013</ele>
      </trkpt>
      <trkpt lat="46.22727" lon="6.42176">
        <ele>1011.5999755859</ele>
      </trkpt>
      <trkpt lat="46.22725" lon="6.42177">
        <ele>1011</ele>
      </trkpt>
      <trkpt lat="46.22722" lon="6.42184">
        <ele>1010</ele>
      </trkpt>
      <trkpt lat="46.22723" lon="6.42192">
        <ele>1010.5999755859</ele>
      </trkpt>
      <trkpt lat="46.22727" lon="6.42204">
        <ele>1013</ele>
      </trkpt>
      <trkpt lat="46.22729" lon="6.42208">
        <ele>1014</ele>
      </trkpt>
      <trkpt lat="46.22731" lon="6.42219">
        <ele>1015.200012207</ele>
      </trkpt>
      <trkpt lat="46.22731" lon="6.42223">
        <ele>1015.5999755859</ele>
      </trkpt>
      <trkpt lat="46.22732" lon="6.42233">
        <ele>1016.4000244141</ele>
      </trkpt>
      <trkpt lat="46.2273" lon="6.42243">
        <ele>1016.200012207</ele>
      </trkpt>
      <trkpt lat="46.22727" lon="6.42252">
        <ele>1014.799987793</ele>
      </trkpt>
      <trkpt lat="46.22725" lon="6.42255">
        <ele>1014</ele>
      </trkpt>
      <trkpt lat="46.22725" lon="6.42262">
        <ele>1013.200012207</ele>
      </trkpt>
      <trkpt lat="46.22723" lon="6.42268">
        <ele>1012.200012207</ele>
      </trkpt>
      <trkpt lat="46.22722" lon="6.42282">
        <ele>1010.799987793</ele>
      </trkpt>
      <trkpt lat="46.22723" lon="6.42283">
        <ele>1010.799987793</ele>
      </trkpt>
      <trkpt lat="46.22723" lon="6.42291">
        <ele>1010.200012207</ele>
      </trkpt>
      <trkpt lat="46.22722" lon="6.42296">
        <ele>1009.5999755859</ele>
      </trkpt>
      <trkpt lat="46.22722" lon="6.42299">
        <ele>1009.200012207</ele>
      </trkpt>
      <trkpt lat="46.22718" lon="6.42303">
        <ele>1007.200012207</ele>
      </trkpt>
      <trkpt lat="46.22712" lon="6.42301">
        <ele>1004.5999755859</ele>
      </trkpt>
      <trkpt lat="46.22706" lon="6.42294">
        <ele>1002.4000244141</ele>
      </trkpt>
      <trkpt lat="46.22701" lon="6.42287">
        <ele>1000.799987793</ele>
      </trkpt>
      <trkpt lat="46.22696" lon="6.42278">
        <ele>999.20001220703</ele>
      </trkpt>
      <trkpt lat="46.2269" lon="6.42271">
        <ele>997</ele>
      </trkpt>
      <trkpt lat="46.22684" lon="6.42263">
        <ele>995.20001220703</ele>
      </trkpt>
      <trkpt lat="46.2268" lon="6.42255">
        <ele>994.20001220703</ele>
      </trkpt>
      <trkpt lat="46.22677" lon="6.42243">
        <ele>993.20001220703</ele>
      </trkpt>
      <trkpt lat="46.22677" lon="6.42239">
        <ele>992.79998779297</ele>
      </trkpt>
      <trkpt lat="46.22676" lon="6.42225">
        <ele>992</ele>
      </trkpt>
      <trkpt lat="46.22677" lon="6.42215">
        <ele>992.20001220703</ele>
      </trkpt>
      <trkpt lat="46.22681" lon="6.42206">
        <ele>993.40002441406</ele>
      </trkpt>
      <trkpt lat="46.22683" lon="6.42202">
        <ele>994</ele>
      </trkpt>
      <trkpt lat="46.22685" lon="6.42192">
        <ele>994.59997558594</ele>
      </trkpt>
      <trkpt lat="46.22686" lon="6.42189">
        <ele>995</ele>
      </trkpt>
      <trkpt lat="46.22687" lon="6.42185">
        <ele>995</ele>
      </trkpt>
      <trkpt lat="46.22686" lon="6.42175">
        <ele>994.59997558594</ele>
      </trkpt>
      <trkpt lat="46.22685" lon="6.42164">
        <ele>993.59997558594</ele>
      </trkpt>
      <trkpt lat="46.22682" lon="6.42157">
        <ele>992.40002441406</ele>
      </trkpt>
      <trkpt lat="46.22678" lon="6.42149">
        <ele>991.20001220703</ele>
      </trkpt>
      <trkpt lat="46.22675" lon="6.42143">
        <ele>990</ele>
      </trkpt>
      <trkpt lat="46.22672" lon="6.42138">
        <ele>989</ele>
      </trkpt>
      <trkpt lat="46.22668" lon="6.42126">
        <ele>987.79998779297</ele>
      </trkpt>
      <trkpt lat="46.22664" lon="6.42112">
        <ele>987</ele>
      </trkpt>
      <trkpt lat="46.22663" lon="6.42111">
        <ele>986.79998779297</ele>
      </trkpt>
      <trkpt lat="46.22661" lon="6.42096">
        <ele>986.79998779297</ele>
      </trkpt>
      <trkpt lat="46.22661" lon="6.4208">
        <ele>987.40002441406</ele>
      </trkpt>
      <trkpt lat="46.22656" lon="6.42061">
        <ele>986.59997558594</ele>
      </trkpt>
      <trkpt lat="46.22656" lon="6.42056">
        <ele>986.59997558594</ele>
      </trkpt>
      <trkpt lat="46.22653" lon="6.42047">
        <ele>986</ele>
      </trkpt>
      <trkpt lat="46.22653" lon="6.42044">
        <ele>986</ele>
      </trkpt>
      <trkpt lat="46.2265" lon="6.42034">
        <ele>985.40002441406</ele>
      </trkpt>
      <trkpt lat="46.22648" lon="6.42029">
        <ele>985</ele>
      </trkpt>
      <trkpt lat="46.22648" lon="6.42019">
        <ele>985.40002441406</ele>
      </trkpt>
      <trkpt lat="46.22648" lon="6.42018">
        <ele>985.40002441406</ele>
      </trkpt>
      <trkpt lat="46.22648" lon="6.42005">
        <ele>985.59997558594</ele>
      </trkpt>
      <trkpt lat="46.22647" lon="6.42003">
        <ele>985.59997558594</ele>
      </trkpt>
      <trkpt lat="46.22648" lon="6.41995">
        <ele>986</ele>
      </trkpt>
      <trkpt lat="46.22647" lon="6.41985">
        <ele>986</ele>
      </trkpt>
      <trkpt lat="46.22643" lon="6.4197">
        <ele>985.40002441406</ele>
      </trkpt>
      <trkpt lat="46.22635" lon="6.41967">
        <ele>982.79998779297</ele>
      </trkpt>
      <trkpt lat="46.2263" lon="6.41973">
        <ele>981</ele>
      </trkpt>
      <trkpt lat="46.22629" lon="6.4198">
        <ele>980.20001220703</ele>
      </trkpt>
      <trkpt lat="46.22628" lon="6.41986">
        <ele>979.79998779297</ele>
      </trkpt>
      <trkpt lat="46.22627" lon="6.4199">
        <ele>979.40002441406</ele>
      </trkpt>
      <trkpt lat="46.22626" lon="6.41999">
        <ele>978.59997558594</ele>
      </trkpt>
      <trkpt lat="46.22625" lon="6.42013">
        <ele>978</ele>
      </trkpt>
      <trkpt lat="46.22624" lon="6.42015">
        <ele>977.79998779297</ele>
      </trkpt>
      <trkpt lat="46.22624" lon="6.42028">
        <ele>977.40002441406</ele>
      </trkpt>
      <trkpt lat="46.22625" lon="6.42029">
        <ele>977.59997558594</ele>
      </trkpt>
      <trkpt lat="46.22623" lon="6.42042">
        <ele>976.79998779297</ele>
      </trkpt>
      <trkpt lat="46.22622" lon="6.42057">
        <ele>976.20001220703</ele>
      </trkpt>
      <trkpt lat="46.22622" lon="6.42058">
        <ele>976.20001220703</ele>
      </trkpt>
      <trkpt lat="46.22622" lon="6.42062">
        <ele>976</ele>
      </trkpt>
      <trkpt lat="46.22624" lon="6.42077">
        <ele>976.20001220703</ele>
      </trkpt>
      <trkpt lat="46.22624" lon="6.42084">
        <ele>976</ele>
      </trkpt>
      <trkpt lat="46.22626" lon="6.42096">
        <ele>976.59997558594</ele>
      </trkpt>
      <trkpt lat="46.22628" lon="6.42103">
        <ele>977</ele>
      </trkpt>
      <trkpt lat="46.2263" lon="6.42118">
        <ele>977.20001220703</ele>
      </trkpt>
      <trkpt lat="46.22629" lon="6.42125">
        <ele>977</ele>
      </trkpt>
      <trkpt lat="46.22629" lon="6.42136">
        <ele>976.79998779297</ele>
      </trkpt>
      <trkpt lat="46.22627" lon="6.42149">
        <ele>976</ele>
      </trkpt>
      <trkpt lat="46.22624" lon="6.42161">
        <ele>975.20001220703</ele>
      </trkpt>
      <trkpt lat="46.22618" lon="6.42174">
        <ele>973.40002441406</ele>
      </trkpt>
      <trkpt lat="46.22613" lon="6.42184">
        <ele>972</ele>
      </trkpt>
      <trkpt lat="46.22609" lon="6.42191">
        <ele>970.59997558594</ele>
      </trkpt>
      <trkpt lat="46.22601" lon="6.42201">
        <ele>967.79998779297</ele>
      </trkpt>
      <trkpt lat="46.22598" lon="6.42205">
        <ele>966.79998779297</ele>
      </trkpt>
      <trkpt lat="46.22595" lon="6.42212">
        <ele>965.79998779297</ele>
      </trkpt>
      <trkpt lat="46.22593" lon="6.42223">
        <ele>964.59997558594</ele>
      </trkpt>
      <trkpt lat="46.22592" lon="6.42225">
        <ele>964.20001220703</ele>
      </trkpt>
      <trkpt lat="46.2259" lon="6.42235">
        <ele>963</ele>
      </trkpt>
      <trkpt lat="46.22588" lon="6.42241">
        <ele>962</ele>
      </trkpt>
      <trkpt lat="46.22587" lon="6.42247">
        <ele>961.40002441406</ele>
      </trkpt>
      <trkpt lat="46.22583" lon="6.42259">
        <ele>958.79998779297</ele>
      </trkpt>
      <trkpt lat="46.22581" lon="6.42264">
        <ele>957.59997558594</ele>
      </trkpt>
      <trkpt lat="46.2258" lon="6.42272">
        <ele>956.40002441406</ele>
      </trkpt>
      <trkpt lat="46.22578" lon="6.42284">
        <ele>954.20001220703</ele>
      </trkpt>
      <trkpt lat="46.22576" lon="6.42292">
        <ele>952.79998779297</ele>
      </trkpt>
      <trkpt lat="46.22573" lon="6.42301">
        <ele>951</ele>
      </trkpt>
      <trkpt lat="46.22571" lon="6.42308">
        <ele>950</ele>
      </trkpt>
      <trkpt lat="46.22572" lon="6.42312">
        <ele>949.59997558594</ele>
      </trkpt>
      <trkpt lat="46.2257" lon="6.42324">
        <ele>947.79998779297</ele>
      </trkpt>
      <trkpt lat="46.2257" lon="6.42327">
        <ele>947.40002441406</ele>
      </trkpt>
      <trkpt lat="46.2257" lon="6.42345">
        <ele>946.20001220703</ele>
      </trkpt>
      <trkpt lat="46.22571" lon="6.42363">
        <ele>945.79998779297</ele>
      </trkpt>
      <trkpt lat="46.22572" lon="6.42376">
        <ele>945.40002441406</ele>
      </trkpt>
      <trkpt lat="46.22573" lon="6.42388">
        <ele>945</ele>
      </trkpt>
      <trkpt lat="46.22573" lon="6.42394">
        <ele>944.79998779297</ele>
      </trkpt>
      <trkpt lat="46.22575" lon="6.42405">
        <ele>944.59997558594</ele>
      </trkpt>
      <trkpt lat="46.22576" lon="6.42414">
        <ele>944.40002441406</ele>
      </trkpt>
      <trkpt lat="46.22576" lon="6.42423">
        <ele>944.20001220703</ele>
      </trkpt>
      <trkpt lat="46.22577" lon="6.42439">
        <ele>943.79998779297</ele>
      </trkpt>
      <trkpt lat="46.22571" lon="6.42449">
        <ele>942.59997558594</ele>
      </trkpt>
      <trkpt lat="46.22568" lon="6.4245">
        <ele>942</ele>
      </trkpt>
      <trkpt lat="46.22563" lon="6.42455">
        <ele>941</ele>
      </trkpt>
      <trkpt lat="46.22557" lon="6.42458">
        <ele>940</ele>
      </trkpt>
      <trkpt lat="46.2255" lon="6.42463">
        <ele>938.59997558594</ele>
      </trkpt>
      <trkpt lat="46.22546" lon="6.42466">
        <ele>938.20001220703</ele>
      </trkpt>
      <trkpt lat="46.22542" lon="6.42468">
        <ele>937.59997558594</ele>
      </trkpt>
      <trkpt lat="46.22535" lon="6.4246">
        <ele>936.40002441406</ele>
      </trkpt>
      <trkpt lat="46.2253" lon="6.42447">
        <ele>935.40002441406</ele>
      </trkpt>
      <trkpt lat="46.22526" lon="6.42434">
        <ele>934.40002441406</ele>
      </trkpt>
      <trkpt lat="46.22525" lon="6.42433">
        <ele>934.20001220703</ele>
      </trkpt>
      <trkpt lat="46.2252" lon="6.42434">
        <ele>933.40002441406</ele>
      </trkpt>
      <trkpt lat="46.22521" lon="6.42431">
        <ele>933.40002441406</ele>
      </trkpt>
      <trkpt lat="46.22521" lon="6.42426">
        <ele>933.40002441406</ele>
      </trkpt>
      <trkpt lat="46.22519" lon="6.42418">
        <ele>932.79998779297</ele>
      </trkpt>
      <trkpt lat="46.22515" lon="6.42407">
        <ele>932</ele>
      </trkpt>
      <trkpt lat="46.2251" lon="6.42392">
        <ele>931.40002441406</ele>
      </trkpt>
      <trkpt lat="46.22503" lon="6.42379">
        <ele>930</ele>
      </trkpt>
      <trkpt lat="46.22499" lon="6.42368">
        <ele>929.40002441406</ele>
      </trkpt>
      <trkpt lat="46.22498" lon="6.42366">
        <ele>929</ele>
      </trkpt>
      <trkpt lat="46.22493" lon="6.42359">
        <ele>927.79998779297</ele>
      </trkpt>
      <trkpt lat="46.22492" lon="6.42358">
        <ele>927.59997558594</ele>
      </trkpt>
      <trkpt lat="46.22483" lon="6.42352">
        <ele>925.40002441406</ele>
      </trkpt>
      <trkpt lat="46.22472" lon="6.4235">
        <ele>922.40002441406</ele>
      </trkpt>
      <trkpt lat="46.22465" lon="6.42355">
        <ele>920.79998779297</ele>
      </trkpt>
      <trkpt lat="46.22456" lon="6.42363">
        <ele>918.79998779297</ele>
      </trkpt>
      <trkpt lat="46.22452" lon="6.42378">
        <ele>918.20001220703</ele>
      </trkpt>
      <trkpt lat="46.22451" lon="6.42386">
        <ele>918.40002441406</ele>
      </trkpt>
      <trkpt lat="46.22449" lon="6.42394">
        <ele>918.20001220703</ele>
      </trkpt>
      <trkpt lat="46.22446" lon="6.42397">
        <ele>917.59997558594</ele>
      </trkpt>
      <trkpt lat="46.22441" lon="6.42404">
        <ele>917</ele>
      </trkpt>
      <trkpt lat="46.22439" lon="6.42407">
        <ele>916.59997558594</ele>
      </trkpt>
      <trkpt lat="46.22437" lon="6.4241">
        <ele>916.40002441406</ele>
      </trkpt>
      <trkpt lat="46.22432" lon="6.42415">
        <ele>915.79998779297</ele>
      </trkpt>
      <trkpt lat="46.22427" lon="6.42417">
        <ele>915</ele>
      </trkpt>
      <trkpt lat="46.22425" lon="6.42419">
        <ele>914.40002441406</ele>
      </trkpt>
      <trkpt lat="46.22418" lon="6.42424">
        <ele>913.20001220703</ele>
      </trkpt>
      <trkpt lat="46.22412" lon="6.42429">
        <ele>912</ele>
      </trkpt>
      <trkpt lat="46.22407" lon="6.42432">
        <ele>910.79998779297</ele>
      </trkpt>
      <trkpt lat="46.22399" lon="6.42437">
        <ele>909.40002441406</ele>
      </trkpt>
      <trkpt lat="46.22395" lon="6.42434">
        <ele>908.59997558594</ele>
      </trkpt>
      <trkpt lat="46.22392" lon="6.42426">
        <ele>908.20001220703</ele>
      </trkpt>
      <trkpt lat="46.22388" lon="6.42423">
        <ele>907.40002441406</ele>
      </trkpt>
      <trkpt lat="46.22382" lon="6.42422">
        <ele>906.59997558594</ele>
      </trkpt>
      <trkpt lat="46.22376" lon="6.42421">
        <ele>905.40002441406</ele>
      </trkpt>
      <trkpt lat="46.22371" lon="6.4242">
        <ele>904.40002441406</ele>
      </trkpt>
      <trkpt lat="46.22365" lon="6.42423">
        <ele>903.20001220703</ele>
      </trkpt>
      <trkpt lat="46.2236" lon="6.42426">
        <ele>902.20001220703</ele>
      </trkpt>
      <trkpt lat="46.22353" lon="6.4243">
        <ele>900.40002441406</ele>
      </trkpt>
      <trkpt lat="46.22348" lon="6.4243">
        <ele>899.40002441406</ele>
      </trkpt>
      <trkpt lat="46.22342" lon="6.42431">
        <ele>898.20001220703</ele>
      </trkpt>
      <trkpt lat="46.22337" lon="6.42432">
        <ele>897</ele>
      </trkpt>
      <trkpt lat="46.22331" lon="6.42433">
        <ele>895.79998779297</ele>
      </trkpt>
      <trkpt lat="46.22326" lon="6.42431">
        <ele>894.79998779297</ele>
      </trkpt>
      <trkpt lat="46.2232" lon="6.42433">
        <ele>893</ele>
      </trkpt>
      <trkpt lat="46.22314" lon="6.42433">
        <ele>891.59997558594</ele>
      </trkpt>
      <trkpt lat="46.22306" lon="6.42434">
        <ele>889.59997558594</ele>
      </trkpt>
      <trkpt lat="46.22301" lon="6.42435">
        <ele>888.40002441406</ele>
      </trkpt>
      <trkpt lat="46.22295" lon="6.42436">
        <ele>886.79998779297</ele>
      </trkpt>
      <trkpt lat="46.22291" lon="6.42436">
        <ele>885.79998779297</ele>
      </trkpt>
      <trkpt lat="46.22288" lon="6.42439">
        <ele>884.79998779297</ele>
      </trkpt>
      <trkpt lat="46.22285" lon="6.42438">
        <ele>884</ele>
      </trkpt>
      <trkpt lat="46.2228" lon="6.4244">
        <ele>882.79998779297</ele>
      </trkpt>
      <trkpt lat="46.22278" lon="6.42444">
        <ele>882</ele>
      </trkpt>
      <trkpt lat="46.22276" lon="6.42446">
        <ele>881.40002441406</ele>
      </trkpt>
      <trkpt lat="46.22274" lon="6.42447">
        <ele>880.79998779297</ele>
      </trkpt>
      <trkpt lat="46.22271" lon="6.42449">
        <ele>880</ele>
      </trkpt>
      <trkpt lat="46.22268" lon="6.42451">
        <ele>879.20001220703</ele>
      </trkpt>
      <trkpt lat="46.22266" lon="6.42453">
        <ele>878.40002441406</ele>
      </trkpt>
      <trkpt lat="46.22263" lon="6.42449">
        <ele>878</ele>
      </trkpt>
      <trkpt lat="46.22259" lon="6.42444">
        <ele>877.40002441406</ele>
      </trkpt>
      <trkpt lat="46.22251" lon="6.42435">
        <ele>876</ele>
      </trkpt>
      <trkpt lat="46.22247" lon="6.42431">
        <ele>875.59997558594</ele>
      </trkpt>
      <trkpt lat="46.2224" lon="6.42424">
        <ele>874.79998779297</ele>
      </trkpt>
      <trkpt lat="46.22232" lon="6.42417">
        <ele>873.79998779297</ele>
      </trkpt>
      <trkpt lat="46.22225" lon="6.42414">
        <ele>872.79998779297</ele>
      </trkpt>
      <trkpt lat="46.22216" lon="6.42408">
        <ele>871.40002441406</ele>
      </trkpt>
      <trkpt lat="46.22211" lon="6.42406">
        <ele>870.40002441406</ele>
      </trkpt>
      <trkpt lat="46.22201" lon="6.424">
        <ele>868.79998779297</ele>
      </trkpt>
      <trkpt lat="46.22191" lon="6.42397">
        <ele>867.20001220703</ele>
      </trkpt>
      <trkpt lat="46.22181" lon="6.42394">
        <ele>865.40002441406</ele>
      </trkpt>
      <trkpt lat="46.22172" lon="6.42392">
        <ele>864</ele>
      </trkpt>
      <trkpt lat="46.22164" lon="6.42392">
        <ele>862.79998779297</ele>
      </trkpt>
      <trkpt lat="46.22156" lon="6.42391">
        <ele>861.79998779297</ele>
      </trkpt>
      <trkpt lat="46.22149" lon="6.4239">
        <ele>860.79998779297</ele>
      </trkpt>
      <trkpt lat="46.2214" lon="6.4239">
        <ele>859.59997558594</ele>
      </trkpt>
      <trkpt lat="46.22133" lon="6.42391">
        <ele>858.79998779297</ele>
      </trkpt>
      <trkpt lat="46.22123" lon="6.42396">
        <ele>857.40002441406</ele>
      </trkpt>
      <trkpt lat="46.22115" lon="6.42398">
        <ele>856.20001220703</ele>
      </trkpt>
      <trkpt lat="46.22108" lon="6.42399">
        <ele>855.40002441406</ele>
      </trkpt>
      <trkpt lat="46.22103" lon="6.42403">
        <ele>854.59997558594</ele>
      </trkpt>
      <trkpt lat="46.22099" lon="6.42416">
        <ele>854</ele>
      </trkpt>
    </trkseg>
  </trk>
</gpx>
